PitchNo,Date,Time,UTCDate,UTCTime,PAofInning,PitchofPA,Pitcher,PitcherId,PitcherThrows,PitcherTeam,Batter,BatterId,BatterSide,BatterTeam,PitcherSet,Inning,Top/Bottom,Outs,Balls,Strikes,TaggedPitchType,AutoPitchType,PitchCall,KorBB,TaggedHitType,AutoHitType,PlayResult,OutsOnPlay,RunsScored,Notes,RelSpeed,VertRelAngle,HorzRelAngle,SpinRate,SpinAxis,Tilt,RelHeight,RelSide,Extension,VertBreak,InducedVertBreak,HorzBreak,PlateLocHeight,PlateLocSide,ZoneSpeed,VertApprAngle,HorzApprAngle,ZoneTime,ExitSpeed,Angle,Direction,HitSpinRate,PositionAt110X,PositionAt110Y,PositionAt110Z,Distance,LastTrackedDistance,Bearing,HangTime,pfxx,pfxz,x0,y0,z0,vx0,vy0,vz0,ax0,ay0,az0,HomeTeam,AwayTeam,Stadium,Level,League,GameID,PitchUID,GameUID,System,HomeTeamForeignID,AwayTeamForeignID,GameForeignID,Catcher,CatcherId,CatcherThrows,CatcherTeam,EffectiveVelo,MaxHeight,MeasuredDuration,SpeedDrop,PitchLastMeasuredX,PitchLastMeasuredY,PitchLastMeasuredZ,PitchTrajectoryXc0,PitchTrajectoryXc1,PitchTrajectoryXc2,PitchTrajectoryYc0,PitchTrajectoryYc1,PitchTrajectoryYc2,PitchTrajectoryZc0,PitchTrajectoryZc1,PitchTrajectoryZc2,ContactPositionX,ContactPositionY,ContactPositionZ,HitSpinAxis,HitTrajectoryXc0,HitTrajectoryXc1,HitTrajectoryXc2,HitTrajectoryXc3,HitTrajectoryXc4,HitTrajectoryXc5,HitTrajectoryXc6,HitTrajectoryXc7,HitTrajectoryXc8,HitTrajectoryYc0,HitTrajectoryYc1,HitTrajectoryYc2,HitTrajectoryYc3,HitTrajectoryYc4,HitTrajectoryYc5,HitTrajectoryYc6,HitTrajectoryYc7,HitTrajectoryYc8,HitTrajectoryZc0,HitTrajectoryZc1,HitTrajectoryZc2,HitTrajectoryZc3,HitTrajectoryZc4,HitTrajectoryZc5,HitTrajectoryZc6,HitTrajectoryZc7,HitTrajectoryZc8,ThrowSpeed,PopTime,ExchangeTime,TimeToBase,CatchPositionX,CatchPositionY,CatchPositionZ,ThrowPositionX,ThrowPositionY,ThrowPositionZ,BasePositionX,BasePositionY,BasePositionZ,ThrowTrajectoryXc0,ThrowTrajectoryXc1,ThrowTrajectoryXc2,ThrowTrajectoryYc0,ThrowTrajectoryYc1,ThrowTrajectoryYc2,ThrowTrajectoryZc0,ThrowTrajectoryZc1,ThrowTrajectoryZc2
278,2020/8/10,25:33.6,2020/8/10,25:33.6,1,1,"Takahisa, Hayakawa",1000073877,Left,WAS_EDA,"Kaito, Muramatsu",1000073668,Left,MEI_MEI,Undefined,1,Top,0,0,0,Fastball,Four-Seam,StrikeCalled,Undefined,Undefined,,Undefined,0,0,,150.69943,-3.339482,2.544218,2333.08158,160.677998,11:15,1.721904,-0.375032,1.675263,-28.4898,53.9452,-17.9741,0.482897,0.171063,137.66676,-5.50101,1.285399,0.410025,,,,,,,,,,,,10.8514,30.3632,0.308689,15.24,1.630523,-1.73667,-41.338913,-2.509537,2.427446,8.972182,-3.014467,WAS_EDA,MEI_MEI,JinguStadium,TeamExclusive,Team,20200810-JinguStadium-2,ea130c60-dac9-11ea-b2f9-c9bbca5d2268,e6a1fa76-8fc0-40e4-9e95-fc2e5084e7b8,v3,,,,"Hisashige, Iwamoto",1000074023,Right,WAS_EDA,147.9422,,,13.03267,,,,16.764346,-41.668443,4.486091,1.720661,-2.398822,-1.507233,0.37411,-1.825826,1.213723,,,,,,,,,,,,,,,,,,,,,,,,,,,,,,,,,,,,,,,,,,,,,,,,,,,,,
279,2020/8/10,25:42.6,2020/8/10,25:42.6,1,2,"Takahisa, Hayakawa",1000073877,Left,WAS_EDA,"Kaito, Muramatsu",1000073668,Left,MEI_MEI,Undefined,1,Top,0,0,1,Fastball,Four-Seam,BallCalled,Undefined,Undefined,,Undefined,0,0,,152.97682,-1.985389,3.566718,2436.766359,158.398653,11:15,1.737532,-0.379543,1.688049,-28.2281,51.5706,-19.4093,0.888333,0.443758,139.64195,-4.131208,2.208617,0.403415,,,,,,,,,,,,12.2516,28.1598,0.28674,15.24,1.682765,-2.505916,-41.97282,-1.552294,2.827704,9.177153,-3.307294,WAS_EDA,MEI_MEI,JinguStadium,TeamExclusive,Team,20200810-JinguStadium-2,ef720490-dac9-11ea-b2f9-c9bbca5d2268,e6a1fa76-8fc0-40e4-9e95-fc2e5084e7b8,v3,,,,"Hisashige, Iwamoto",1000074023,Right,WAS_EDA,150.3661,,,13.33488,,,,16.751429,-42.301996,4.588576,1.736317,-1.433665,-1.653647,0.378444,-2.607343,1.413852,,,,,,,,,,,,,,,,,,,,,,,,,,,,,,,,,,,,,,,,,,,,,,,,,,,,,
280,2020/8/10,25:55.7,2020/8/10,25:55.7,1,3,"Takahisa, Hayakawa",1000073877,Left,WAS_EDA,"Kaito, Muramatsu",1000073668,Left,MEI_MEI,Undefined,1,Top,0,1,1,Fastball,Four-Seam,FoulBall,Undefined,Undefined,LineDrive,Undefined,0,0,,151.41565,-2.104082,2.007291,2367.577726,154.062474,11:15,1.731069,-0.37738,1.749367,-30.3975,49.9674,-23.101,0.829304,-0.038472,138.80055,-4.404086,0.380799,0.404844,146.14113,23.372129,-58.139765,4507.69977,15.451884,12.402046,-29.755075,94.721397,,-70.540786,3.728457,13.1492,27.6497,0.328207,15.24,1.675472,-1.334641,-41.629296,-1.634303,2.99385,8.783788,-3.511261,WAS_EDA,MEI_MEI,JinguStadium,TeamExclusive,Team,20200810-JinguStadium-2,f73e7a50-dac9-11ea-b2f9-c9bbca5d2268,e6a1fa76-8fc0-40e4-9e95-fc2e5084e7b8,v3,,,,"Hisashige, Iwamoto",1000074023,Right,WAS_EDA,149.83544,14.729597,,12.6151,,,,16.690575,-41.93425,4.391894,1.730096,-1.512399,-1.755631,0.376347,-1.438581,1.496925,0.344139,0.775983,0.069801,127.359584,0.344128,19.671002,-6.394777,1.7295,-0.396666,0.077202,-0.01193,0.00125,-6.20E-05,0.776,16.10264,-4.838756,0.059779,0.05403,-0.020701,0.004268,-0.000422,1.60E-05,0.069802,-31.649431,3.359929,-0.534009,0.062067,-0.003293,2.00E-06,-7.00E-06,1.00E-06,,,,,,,,,,,,,,,,,,,,,,
281,2020/8/10,26:15.2,2020/8/10,26:15.3,1,4,"Takahisa, Hayakawa",1000073877,Left,WAS_EDA,"Kaito, Muramatsu",1000073668,Left,MEI_MEI,Undefined,1,Top,0,1,2,Fastball,Four-Seam,BallCalled,Undefined,Undefined,,Undefined,0,0,,152.68018,-2.409193,3.327775,2498.579255,167.624754,11:30,1.715688,-0.384744,1.739264,-20.5534,58.8797,-12.3724,0.824422,0.43763,139.68212,-4.01718,2.45929,0.40249,,,,,,,,,,,,8.5321,32.2814,0.30061,15.24,1.652527,-2.368324,-41.910487,-1.815556,1.967485,8.9675,-2.362576,WAS_EDA,MEI_MEI,JinguStadium,TeamExclusive,Team,20200810-JinguStadium-2,02e39660-daca-11ea-b2f9-c9bbca5d2268,e6a1fa76-8fc0-40e4-9e95-fc2e5084e7b8,v3,,,,"Hisashige, Iwamoto",1000074023,Right,WAS_EDA,150.71171,,,12.99806,,,,16.700318,-42.221792,4.48375,1.714131,-1.73354,-1.181288,0.384011,-2.436625,0.983742,,,,,,,,,,,,,,,,,,,,,,,,,,,,,,,,,,,,,,,,,,,,,,,,,,,,,
282,2020/8/10,26:26.9,2020/8/10,26:26.9,1,5,"Takahisa, Hayakawa",1000073877,Left,WAS_EDA,"Kaito, Muramatsu",1000073668,Left,MEI_MEI,Undefined,1,Top,0,2,2,Fastball,Four-Seam,FoulBall,Undefined,Undefined,FlyBall,Undefined,0,0,,152.93495,-3.462095,1.069905,2395.119434,166.663142,11:30,1.719259,-0.341875,1.71841,-23.255,55.6069,-12.6247,0.500898,-0.163861,140.84227,-5.240161,0.182373,0.40104,103.89254,32.322178,-112.648426,5553.008995,-17.016559,10.820389,-28.888808,55.228929,,-129.029713,3.112411,7.1277,31.2477,0.315173,15.24,1.627783,-0.716203,-42.030713,-2.615316,1.661667,8.562547,-2.521901,WAS_EDA,MEI_MEI,JinguStadium,TeamExclusive,Team,20200810-JinguStadium-2,09ce37a0-daca-11ea-b2f9-c9bbca5d2268,e6a1fa76-8fc0-40e4-9e95-fc2e5084e7b8,v3,,,,"Hisashige, Iwamoto",1000074023,Right,WAS_EDA,151.25655,10.975135,,12.09268,,,,16.721759,-42.331502,4.281274,1.718099,-2.526725,-1.26095,0.341357,-0.774575,0.830833,0.236524,0.504655,0.149159,60.255498,0.236525,-9.391022,-0.975222,0.173298,-0.028471,0.005739,-0.000794,6.00E-05,-2.00E-06,0.504655,15.43034,-6.367696,0.578655,-0.087982,0.020864,-0.002876,0.00018,-3.00E-06,0.149158,-22.50681,3.035595,-0.16238,0.040799,-0.003879,-0.000584,0.000139,-8.00E-06,,,,,,,,,,,,,,,,,,,,,,
283,2020/8/10,26:47.5,2020/8/10,26:47.5,1,6,"Takahisa, Hayakawa",1000073877,Left,WAS_EDA,"Kaito, Muramatsu",1000073668,Left,MEI_MEI,Undefined,1,Top,0,2,2,Fastball,Four-Seam,BallCalled,Undefined,Undefined,,Undefined,0,0,,154.65823,-2.570934,3.616858,2445.241794,159.188378,11:15,1.674693,-0.386717,1.689985,-22.7492,54.8607,-19.9631,0.712932,0.445264,142.06544,-4.317118,2.220104,0.397844,,,,,,,,,,,,12.4049,30.0829,0.292753,15.24,1.604908,-2.569552,-42.447906,-1.97844,2.94838,8.771857,-2.656595,WAS_EDA,MEI_MEI,JinguStadium,TeamExclusive,Team,20200810-JinguStadium-2,160fbac0-daca-11ea-b2f9-c9bbca5d2268,e6a1fa76-8fc0-40e4-9e95-fc2e5084e7b8,v3,,,,"Hisashige, Iwamoto",1000074023,Right,WAS_EDA,152.47167,,,12.59279,,,,16.749857,-42.758779,4.385929,1.673356,-1.884291,-1.328298,0.385669,-2.674042,1.47419,,,,,,,,,,,,,,,,,,,,,,,,,,,,,,,,,,,,,,,,,,,,,,,,,,,,,
284,2020/8/10,27:00.9,2020/8/10,27:00.9,1,7,"Takahisa, Hayakawa",1000073877,Left,WAS_EDA,"Kaito, Muramatsu",1000073668,Left,MEI_MEI,Undefined,1,Top,0,3,2,Fastball,Four-Seam,InPlay,Undefined,GroundBall,,Out,1,0,,154.51359,-3.879314,1.960987,2182.465737,153.572787,11:00,1.694157,-0.375478,1.8292,-28.652,47.5085,-22.5062,0.309743,-0.046513,142.6985,-6.037429,0.368329,0.394112,,,,,,,,,,,,12.8463,27.6125,0.329965,15.24,1.599091,-1.335463,-42.458713,-2.977222,3.06245,8.551551,-3.224034,WAS_EDA,MEI_MEI,JinguStadium,TeamExclusive,Team,20200810-JinguStadium-2,1e11e680-daca-11ea-b2f9-c9bbca5d2268,e6a1fa76-8fc0-40e4-9e95-fc2e5084e7b8,v3,,,,"Hisashige, Iwamoto",1000074023,Right,WAS_EDA,153.91568,,,11.81509,,,,16.611042,-42.733961,4.275776,1.693248,-2.873451,-1.612017,0.374536,-1.434034,1.531225,,,,,,,,,,,,,,,,,,,,,,,,,,,,,,,,,,,,,,,,,,,,,,,,,,,,,
285,2020/8/10,27:33.6,2020/8/10,27:33.6,2,1,"Takahisa, Hayakawa",1000073877,Left,WAS_EDA,"Yuki, Suyama",1000073581,Left,MEI_MEI,Undefined,1,Top,1,0,0,Slider,Curveball,BallCalled,Undefined,Undefined,,Undefined,0,0,,125.56237,0.862776,1.937557,2722.438833,340.289634,5:15,1.667314,-0.339415,1.499927,-146.9582,-27.691,11.0438,0.446511,0.329565,117.39163,-9.479016,2.705301,0.493191,,,,,,,,,,,,-4.3171,-13.4178,0.280663,15.24,1.677974,-1.222657,-34.565127,-0.126841,-0.683727,5.521252,-11.93173,WAS_EDA,MEI_MEI,JinguStadium,TeamExclusive,Team,20200810-JinguStadium-2,319a34a0-daca-11ea-b2f9-c9bbca5d2268,e6a1fa76-8fc0-40e4-9e95-fc2e5084e7b8,v3,,,,"Hisashige, Iwamoto",1000074023,Right,WAS_EDA,122.99497,,,8.17074,,,,16.941523,-34.835859,2.760626,1.669849,0.458226,-5.965865,0.339793,-1.18913,-0.341864,,,,,,,,,,,,,,,,,,,,,,,,,,,,,,,,,,,,,,,,,,,,,,,,,,,,,
286,2020/8/10,27:45.7,2020/8/10,27:45.7,2,2,"Takahisa, Hayakawa",1000073877,Left,WAS_EDA,"Yuki, Suyama",1000073581,Left,MEI_MEI,Undefined,1,Top,1,1,0,Fastball,Four-Seam,StrikeSwinging,Undefined,Undefined,,Undefined,0,0,,154.67154,-2.462291,2.448201,2349.109455,157.111418,11:15,1.686263,-0.396502,1.756766,-29.0401,47.356,-19.0817,0.696294,0.107606,142.94124,-4.643952,1.104812,0.394721,,,,,,,,,,,,11.2215,26.3312,0.33611,15.24,1.621931,-1.714114,-42.536951,-1.933768,2.691608,8.358924,-3.490785,WAS_EDA,MEI_MEI,JinguStadium,TeamExclusive,Team,20200810-JinguStadium-2,38c9ce20-daca-11ea-b2f9-c9bbca5d2268,e6a1fa76-8fc0-40e4-9e95-fc2e5084e7b8,v3,,,,"Hisashige, Iwamoto",1000074023,Right,WAS_EDA,153.6781,,,11.7303,,,,16.683329,-42.81964,4.179462,1.685333,-1.815714,-1.745392,0.395618,-1.805141,1.345804,,,,,,,,,,,,,,,,,,,,,,,,,,,,,,,,,,,,,,,,,,,,,,,,,,,,,
287,2020/8/10,27:56.1,2020/8/10,27:56.1,2,3,"Takahisa, Hayakawa",1000073877,Left,WAS_EDA,"Yuki, Suyama",1000073581,Left,MEI_MEI,Undefined,1,Top,1,1,1,Fastball,Four-Seam,StrikeCalled,Undefined,Undefined,,Undefined,0,0,,154.85258,-2.695557,3.001748,2497.39677,164.661129,11:30,1.705236,-0.352581,1.771302,-26.8588,49.3471,-12.9412,0.671045,0.369556,143.05791,-4.724411,2.090795,0.394229,,,,,,,,,,,,8.449,27.5463,0.278482,15.24,1.635848,-2.161261,-42.559738,-2.096693,2.027942,8.405396,-3.194975,WAS_EDA,MEI_MEI,JinguStadium,TeamExclusive,Team,20200810-JinguStadium-2,3eff0210-daca-11ea-b2f9-c9bbca5d2268,e6a1fa76-8fc0-40e4-9e95-fc2e5084e7b8,v3,,,,"Hisashige, Iwamoto",1000074023,Right,WAS_EDA,153.86977,,,11.79467,,,,16.668762,-42.840984,4.202698,1.704215,-1.989789,-1.597487,0.351934,-2.229117,1.013971,,,,,,,,,,,,,,,,,,,,,,,,,,,,,,,,,,,,,,,,,,,,,,,,,,,,,
288,2020/8/10,28:07.9,2020/8/10,28:07.9,2,4,"Takahisa, Hayakawa",1000073877,Left,WAS_EDA,"Yuki, Suyama",1000073581,Left,MEI_MEI,Undefined,1,Top,1,1,2,Fastball,Four-Seam,StrikeCalled,Strikeout,Undefined,,Undefined,0,0,,154.39656,-2.447892,2.975781,2419.534649,160.001123,11:15,1.687922,-0.380448,1.642605,-28.3906,49.5205,-17.2088,0.703353,0.298324,142.4851,-4.574061,1.773754,0.398616,,,,,,,,,,,,10.4752,27.0956,0.300877,15.24,1.618839,-2.10611,-42.416178,-1.921475,2.49669,8.372023,-3.348599,WAS_EDA,MEI_MEI,JinguStadium,TeamExclusive,Team,20200810-JinguStadium-2,4604cc70-daca-11ea-b2f9-c9bbca5d2268,e6a1fa76-8fc0-40e4-9e95-fc2e5084e7b8,v3,,,,"Hisashige, Iwamoto",1000074023,Right,WAS_EDA,152.17669,,,11.91146,,,,16.797378,-42.722464,4.186011,1.686894,-1.798969,-1.674299,0.379598,-2.197451,1.248345,,,,,,,,,,,,,,,,,,,,,,,,,,,,,,,,121.39573,2.318534,1.479936,0.838599,-0.419545,0.634208,-0.324224,0.538595,1.422899,-1.297738,20.035111,2.143548,-17.997347,0.552121,24.529531,-1.537629,1.448416,4.712995,-4.614969,-1.334886,-22.029221,2.551809
289,2020/8/10,28:31.1,2020/8/10,28:31.1,3,1,"Takahisa, Hayakawa",1000073877,Left,WAS_EDA,"Kazuya, Maruyama ",1000073566,Left,MEI_MEI,Undefined,1,Top,2,0,0,ChangeUp,Curveball,BallCalled,Undefined,Undefined,,Undefined,0,0,,128.33029,2.469733,-0.623285,1363.032688,301.698924,4:00,1.684409,-0.402485,1.636975,-132.1645,-19.5949,36.7212,1.069017,-0.213395,118.91911,-6.965441,1.948113,0.479143,,,,,,,,,,,,-18.8281,-10.4092,0.416287,15.24,1.740552,0.208095,-35.325256,0.960854,-3.10725,5.913738,-11.524505,WAS_EDA,MEI_MEI,JinguStadium,TeamExclusive,Team,20200810-JinguStadium-2,53d21fb0-daca-11ea-b2f9-c9bbca5d2268,e6a1fa76-8fc0-40e4-9e95-fc2e5084e7b8,v3,,,,"Hisashige, Iwamoto",1000074023,Right,WAS_EDA,126.60102,,,9.41118,,,,16.804193,-35.586152,2.956869,1.686948,1.469279,-5.762252,0.404083,0.345177,-1.553625,,,,,,,,,,,,,,,,,,,,,,,,,,,,,,,,,,,,,,,,,,,,,,,,,,,,,
290,2020/8/10,28:45.2,2020/8/10,28:45.2,3,2,"Takahisa, Hayakawa",1000073877,Left,WAS_EDA,"Kazuya, Maruyama ",1000073566,Left,MEI_MEI,Undefined,1,Top,2,1,0,Fastball,Four-Seam,StrikeSwinging,Undefined,Undefined,,Undefined,0,0,,153.30125,-2.597895,2.379076,2526.107051,158.05611,11:15,1.672053,-0.402656,1.709997,-26.0605,52.4235,-20.1904,0.671215,0.072664,141.18417,-4.574794,0.96173,0.400078,,,,,,,,,,,,11.713,28.9021,0.342247,15.24,1.602298,-1.637575,-42.133069,-1.998827,2.747754,8.481506,-3.026526,WAS_EDA,MEI_MEI,JinguStadium,TeamExclusive,Team,20200810-JinguStadium-2,5c3cf850-daca-11ea-b2f9-c9bbca5d2268,e6a1fa76-8fc0-40e4-9e95-fc2e5084e7b8,v3,,,,"Hisashige, Iwamoto",1000074023,Right,WAS_EDA,151.62026,,,12.11708,,,,16.729871,-42.431925,4.240753,1.67085,-1.892184,-1.513263,0.401654,-1.734395,1.373877,,,,,,,,,,,,,,,,,,,,,,,,,,,,,,,,,,,,,,,,,,,,,,,,,,,,,
291,2020/8/10,28:56.5,2020/8/10,28:56.5,3,3,"Takahisa, Hayakawa",1000073877,Left,WAS_EDA,"Kazuya, Maruyama ",1000073566,Left,MEI_MEI,Undefined,1,Top,2,1,1,Fastball,Four-Seam,BallCalled,Undefined,Undefined,,Undefined,0,0,,154.42383,-3.770681,3.515729,2404.874447,159.645452,11:15,1.692803,-0.344613,1.750683,-24.0504,53.529,-18.9633,0.378669,0.464718,141.70782,-5.612007,2.183675,0.397766,,,,,,,,,,,,11.9535,30.4563,0.256832,15.24,1.595202,-2.495888,-42.340968,-2.867301,2.820341,8.932272,-2.620715,WAS_EDA,MEI_MEI,JinguStadium,TeamExclusive,Team,20200810-JinguStadium-2,630592a0-daca-11ea-b2f9-c9bbca5d2268,e6a1fa76-8fc0-40e4-9e95-fc2e5084e7b8,v3,,,,"Hisashige, Iwamoto",1000074023,Right,WAS_EDA,152.50162,,,12.71601,,,,16.689045,-42.645563,4.466136,1.691455,-2.777933,-1.310358,0.343583,-2.592063,1.410171,,,,,,,,,,,,,,,,,,,,,,,,,,,,,,,,,,,,,,,,,,,,,,,,,,,,,
292,2020/8/10,29:14.5,2020/8/10,29:14.5,3,4,"Takahisa, Hayakawa",1000073877,Left,WAS_EDA,"Kazuya, Maruyama ",1000073566,Left,MEI_MEI,Undefined,1,Top,2,2,1,Fastball,Four-Seam,InPlay,Undefined,LineDrive,LineDrive,Out,1,0,,153.16207,-2.933045,1.986626,2432.423189,153.706979,11:00,1.67795,-0.406267,1.742015,-28.7917,50.1034,-23.5175,0.556006,-0.07714,140.13195,-5.11666,0.331488,0.401125,131.46798,19.521394,-26.424272,4106.417866,28.818189,8.414448,-17.135848,76.974472,,-36.369441,2.916458,13.3741,28.3117,0.357416,15.24,1.601018,-1.330753,-42.072198,-2.254448,3.102491,9.190675,-3.238949,WAS_EDA,MEI_MEI,JinguStadium,TeamExclusive,Team,20200810-JinguStadium-2,6dbd1a60-daca-11ea-b2f9-c9bbca5d2268,e6a1fa76-8fc0-40e4-9e95-fc2e5084e7b8,v3,,,,"Hisashige, Iwamoto",1000074023,Right,WAS_EDA,151.2247,8.784261,,13.03012,,,,16.697875,-42.389475,4.595337,1.676915,-2.142634,-1.619474,0.405205,-1.437855,1.551246,0.288535,0.543123,0.071698,122.63653,0.288523,30.823877,-5.158609,0.978137,-0.156813,0.009812,0.002979,-0.000857,7.40E-05,0.543136,12.202724,-4.806779,0.255447,-0.050513,0.019411,-0.005643,0.00106,-8.70E-05,0.071677,-15.316623,-0.770334,0.383335,-0.069124,-0.00482,0.006963,-0.001685,0.000144,,,,,,,,,,,,,,,,,,,,,,
293,2020/8/10,31:38.4,2020/8/10,31:38.4,1,1,"Yu, Takeda",1000073601,Right,MEI_MEI,"Ginsuke, Kaneko",1000073884,Right,WAS_EDA,Undefined,1,Bottom,0,0,0,Fastball,Four-Seam,BallCalled,Undefined,Undefined,,Undefined,0,0,,142.98087,-2.852016,-4.602727,2270.843797,213.564793,1:00,1.643822,0.829034,1.887347,-47.6963,40.9602,25.4386,0.361041,-0.214578,131.98889,-6.387862,-2.803332,0.425216,,,,,,,,,,,,-16.1262,23.8679,-0.724701,15.24,1.575162,3.037421,-39.231291,-2.12705,-3.278938,7.375934,-4.953598,WAS_EDA,MEI_MEI,JinguStadium,TeamExclusive,Team,20200810-JinguStadium-2,c37f99f0-daca-11ea-b2f9-c9bbca5d2268,e6a1fa76-8fc0-40e4-9e95-fc2e5084e7b8,v3,,,,"Shota, Shinohara",1000073555,Right,MEI_MEI,142.65676,,,10.99198,,,,16.552754,-39.477332,3.687967,1.643359,-1.961811,-2.476799,-0.827845,3.146798,-1.639469,,,,,,,,,,,,,,,,,,,,,,,,,,,,,,,,,,,,,,,,,,,,,,,,,,,,,
294,2020/8/10,31:50.1,2020/8/10,31:50.1,1,2,"Yu, Takeda",1000073601,Right,MEI_MEI,"Ginsuke, Kaneko",1000073884,Right,WAS_EDA,Undefined,1,Bottom,0,1,0,Fastball,Four-Seam,InPlay,Undefined,GroundBall,GroundBall,Single,0,0,,142.77813,-1.425076,-3.414485,2287.166325,213.875359,1:15,1.637917,0.851099,1.932015,-47.5996,40.2935,25.3632,0.761223,0.145423,131.83949,-4.972956,-1.611367,0.423382,150.02376,-15.636611,-6.390804,,,,,3.592042,,-12.194293,0.06952,-15.4206,22.7087,-0.77673,15.24,1.603498,2.226821,-39.283166,-1.14039,-3.146452,7.329489,-5.173095,WAS_EDA,MEI_MEI,JinguStadium,TeamExclusive,Team,20200810-JinguStadium-2,ca7bc760-daca-11ea-b2f9-c9bbca5d2268,e6a1fa76-8fc0-40e4-9e95-fc2e5084e7b8,v3,,,,"Shota, Shinohara",1000073555,Right,MEI_MEI,143.27502,0.788563,,10.93865,,,,16.50825,-39.519089,3.664744,1.637525,-0.973877,-2.586547,-0.850037,2.328099,-1.573226,0.751682,0.788563,-0.406259,,0.751667,39.884353,-2.778691,,,,,,,0.788567,-11.233182,-1.580256,,,,,,,-0.406246,-4.469299,-8.648147,,,,,,,,,,,,,,,,,,,,,,,,,,,,
295,2020/8/10,32:27.4,2020/8/10,32:27.4,2,1,"Yu, Takeda",1000073601,Right,MEI_MEI,"Takuya, Nakagawa",1000074092,Left,WAS_EDA,Undefined,1,Bottom,0,0,0,Fastball,Sinker,BallCalled,Undefined,Undefined,,Undefined,0,0,,145.29691,-2.609896,-5.069189,2196.809328,223.393365,1:30,1.638199,0.807433,1.880383,-50.5428,35.6484,31.2365,0.394634,-0.31102,133.76482,-6.347537,-2.862501,0.419263,,,,,,,,,,,,-19.4982,20.9679,-0.69207,15.24,1.574575,3.382155,-39.840345,-2.007668,-4.079041,7.793161,-5.420159,WAS_EDA,MEI_MEI,JinguStadium,TeamExclusive,Team,20200810-JinguStadium-2,e0b8ae30-daca-11ea-b2f9-c9bbca5d2268,e6a1fa76-8fc0-40e4-9e95-fc2e5084e7b8,v3,,,,"Shota, Shinohara",1000073555,Right,MEI_MEI,144.68254,,,11.5321,,,,16.559736,-40.097667,3.89658,1.637912,-1.8287,-2.71008,-0.805969,3.516841,-2.03952,,,,,,,,,,,,,,,,,,,,,,,,,,,,,,,,,,,,,,,,,,,,,,,,,,,,,
296,2020/8/10,32:46.7,2020/8/10,32:46.7,2,2,"Yu, Takeda",1000073601,Right,MEI_MEI,"Takuya, Nakagawa",1000074092,Left,WAS_EDA,Undefined,1,Bottom,0,1,0,Fastball,Four-Seam,BallCalled,Undefined,Undefined,,Undefined,0,0,,143.09281,-2.613522,-4.463404,2270.084449,207.512093,1:00,1.634461,0.80671,1.885069,-46.8631,41.0347,20.1225,0.427533,-0.250789,132.95358,-6.075889,-3.040258,0.423393,,,,,,,,,,,,-13.0916,23.5997,-0.705128,15.24,1.571242,2.973747,-39.302848,-1.964851,-2.69013,6.867732,-4.957251,WAS_EDA,MEI_MEI,JinguStadium,TeamExclusive,Team,20200810-JinguStadium-2,ec300380-daca-11ea-b2f9-c9bbca5d2268,e6a1fa76-8fc0-40e4-9e95-fc2e5084e7b8,v3,,,,"Shota, Shinohara",1000073555,Right,MEI_MEI,143.27121,,,10.13923,,,,16.555332,-39.53202,3.433866,1.634048,-1.799431,-2.478626,-0.805858,3.063515,-1.345065,,,,,,,,,,,,,,,,,,,,,,,,,,,,,,,,,,,,,,,,,,,,,,,,,,,,,
297,2020/8/10,33:10.2,2020/8/10,33:10.2,2,3,"Yu, Takeda",1000073601,Right,MEI_MEI,"Takuya, Nakagawa",1000074092,Left,WAS_EDA,Undefined,1,Bottom,0,2,0,Fastball,Four-Seam,BallCalled,Undefined,Undefined,,Undefined,0,0,,142.33721,-2.902758,-3.794564,2162.259558,213.037677,1:00,1.615421,0.818682,1.973784,-49.4965,37.8534,23.1501,0.305519,-0.013436,132.95903,-6.558798,-2.145119,0.422071,,,,,,,,,,,,-14.3299,22.2317,-0.73843,15.24,1.550275,2.495143,-39.15236,-2.157763,-2.934786,6.477103,-5.253568,WAS_EDA,MEI_MEI,JinguStadium,TeamExclusive,Team,20200810-JinguStadium-2,fa3b7130-daca-11ea-b2f9-c9bbca5d2268,e6a1fa76-8fc0-40e4-9e95-fc2e5084e7b8,v3,,,,"Shota, Shinohara",1000073555,Right,MEI_MEI,143.71975,,,9.37818,,,,16.466911,-39.354809,3.238551,1.615152,-1.993558,-2.626784,-0.817851,2.586872,-1.467393,,,,,,,,,,,,,,,,,,,,,,,,,,,,,,,,,,,,,,,,,,,,,,,,,,,,,
298,2020/8/10,33:35.0,2020/8/10,33:35.0,2,4,"Yu, Takeda",1000073601,Right,MEI_MEI,"Takuya, Nakagawa",1000074092,Left,WAS_EDA,Undefined,1,Bottom,0,3,0,Fastball,Four-Seam,StrikeCalled,Undefined,Undefined,,Undefined,0,0,,142.80802,-1.370427,-3.083505,2244.663439,210.675249,1:00,1.654166,0.817559,1.95859,-47.6653,39.2388,21.9194,0.79295,0.172055,132.7997,-4.912888,-1.52189,0.420993,,,,,,,,,,,,-13.2511,22.0664,-0.751705,15.24,1.621678,2.018875,-39.332068,-1.103011,-2.731026,6.760415,-5.258818,WAS_EDA,MEI_MEI,JinguStadium,TeamExclusive,Team,20200810-JinguStadium-2,08f7b850-dacb-11ea-b2f9-c9bbca5d2268,e6a1fa76-8fc0-40e4-9e95-fc2e5084e7b8,v3,,,,"Shota, Shinohara",1000073555,Right,MEI_MEI,144.08792,,,10.00832,,,,16.481734,-39.544922,3.380208,1.6538,-0.937436,-2.629409,-0.816624,2.104862,-1.365513,,,,,,,,,,,,,,,,,,,,,,,,,,,,,,,,,,,,,,,,,,,,,,,,,,,,,
299,2020/8/10,33:52.8,2020/8/10,33:52.8,2,5,"Yu, Takeda",1000073601,Right,MEI_MEI,"Takuya, Nakagawa",1000074092,Left,WAS_EDA,Undefined,1,Bottom,0,3,1,Fastball,Four-Seam,FoulBall,Undefined,Undefined,,Undefined,0,0,,142.2056,-1.946381,-3.541646,2203.144596,214.579544,1:15,1.644411,0.813838,1.912882,-46.4278,42.2327,27.3982,0.632032,0.091512,131.67156,-5.400295,-1.59642,0.425226,126.76565,35.874112,-102.468302,4764.376123,,,,,,,,-16.4367,23.95,-0.735611,15.24,1.597728,2.293656,-39.115287,-1.489418,-3.334844,7.043865,-4.947443,WAS_EDA,MEI_MEI,JinguStadium,TeamExclusive,Team,20200810-JinguStadium-2,139687f0-dacb-11ea-b2f9-c9bbca5d2268,e6a1fa76-8fc0-40e4-9e95-fc2e5084e7b8,v3,,,,"Shota, Shinohara",1000073555,Right,MEI_MEI,142.65355,11.039054,,10.53405,,,,16.527404,-39.346439,3.521933,1.643941,-1.327062,-2.473721,-0.812675,2.403093,-1.667422,0.048496,0.557164,-0.065055,54.917641,0.048496,-6.160273,-2.446854,0.369075,-0.081839,0.014919,-0.003111,0.000561,-4.00E-05,0.557164,20.634852,-6.64591,0.661401,-0.136346,0.029827,-0.006194,0.001637,-0.000348,-0.065055,-27.860128,3.089627,-0.529493,0.1098,-0.022103,0.005423,-0.001794,0.000469,,,,,,,,,,,,,,,,,,,,,,
300,2020/8/10,34:15.4,2020/8/10,34:15.4,2,6,"Yu, Takeda",1000073601,Right,MEI_MEI,"Takuya, Nakagawa",1000074092,Left,WAS_EDA,Undefined,1,Bottom,0,3,2,Fastball,Four-Seam,InPlay,Undefined,GroundBall,GroundBall,Out,1,0,,144.35027,-1.56899,-4.33287,2268.151474,210.893768,1:00,1.629508,0.816942,1.815293,-46.7398,42.0532,23.3795,0.717241,-0.176319,131.25765,-5.061307,-2.686069,0.425544,125.08885,-10.554247,-15.458487,,,,,3.361956,,-13.673141,0.081765,-15.2048,23.6231,-0.713433,15.24,1.588288,2.880787,-39.583856,-1.254059,-3.101906,8.641587,-4.98732,WAS_EDA,MEI_MEI,JinguStadium,TeamExclusive,Team,20200810-JinguStadium-2,2118a160-dacb-11ea-b2f9-c9bbca5d2268,e6a1fa76-8fc0-40e4-9e95-fc2e5084e7b8,v3,,,,"Shota, Shinohara",1000073555,Right,MEI_MEI,142.54708,0.534411,,13.09262,,,,16.624169,-39.88489,4.320794,1.628947,-1.080323,-2.49366,-0.815669,2.988844,-1.550953,0.609559,0.534411,-0.102593,,0.609573,32.921129,-5.190968,,,,,,,0.534408,-6.364037,-2.103143,,,,,,,-0.102659,-9.09413,7.717792,,,,,,,,,,,,,,,,,,,,,,,,,,,,
301,2020/8/10,34:56.1,2020/8/10,34:56.1,3,1,"Yu, Takeda",1000073601,Right,MEI_MEI,"Kotaro, Takizawa",1000073989,Left,WAS_EDA,Undefined,1,Bottom,1,0,0,Curveball,Curveball,BallCalled,Undefined,Undefined,,Undefined,0,0,,114.03021,4.793443,-0.641135,2426.639217,16.41365,6:30,1.704998,0.730746,1.701898,-186.1048,-42.514,-13.8228,1.211614,0.41002,104.61785,-8.534512,-1.611711,0.541151,,,,,,,,,,,,6.4762,-23.2623,-0.712871,15.24,1.816283,0.409579,-31.300732,1.926353,0.829105,5.228919,-12.784781,WAS_EDA,MEI_MEI,JinguStadium,TeamExclusive,Team,20200810-JinguStadium-2,3955ec10-dacb-11ea-b2f9-c9bbca5d2268,e6a1fa76-8fc0-40e4-9e95-fc2e5084e7b8,v3,,,,"Shota, Shinohara",1000073555,Right,MEI_MEI,112.09451,,,9.41236,,,,16.739743,-31.550275,2.61446,1.709791,2.536491,-6.392391,-0.731473,0.370011,0.414553,,,,,,,,,,,,,,,,,,,,,,,,,,,,,,,,,,,,,,,,,,,,,,,,,,,,,
302,2020/8/10,35:16.1,2020/8/10,35:16.1,3,2,"Yu, Takeda",1000073601,Right,MEI_MEI,"Kotaro, Takizawa",1000073989,Left,WAS_EDA,Undefined,1,Bottom,1,1,0,Fastball,Four-Seam,StrikeSwinging,Undefined,Undefined,,Undefined,0,0,,145.64136,-2.579217,-3.10061,2260.901996,213.528928,1:00,1.668495,0.819564,1.897169,-38.2124,47.3253,29.5823,0.559468,0.242557,133.50979,-5.461544,-1.000846,0.41767,,,,,,,,,,,,-17.4011,27.0905,-0.750549,15.24,1.607262,2.0215,-40.015924,-1.926773,-3.657183,8.19474,-4.113042,WAS_EDA,MEI_MEI,JinguStadium,TeamExclusive,Team,20200810-JinguStadium-2,453e0490-dacb-11ea-b2f9-c9bbca5d2268,e6a1fa76-8fc0-40e4-9e95-fc2e5084e7b8,v3,,,,"Shota, Shinohara",1000073555,Right,MEI_MEI,145.23416,,,12.13156,,,,16.542535,-40.281783,4.09737,1.667607,-1.793335,-2.056521,-0.818057,2.140149,-1.828592,,,,,,,,,,,,,,,,,,,,,,,,,,,,,,,,,,,,,,,,,,,,,,,,,,,,,
303,2020/8/10,35:40.8,2020/8/10,35:40.8,3,3,"Yu, Takeda",1000073601,Right,MEI_MEI,"Kotaro, Takizawa",1000073989,Left,WAS_EDA,Undefined,1,Bottom,1,1,1,Fastball,Four-Seam,BallCalled,Undefined,Undefined,,Undefined,0,0,,145.45638,-1.571566,-4.966359,2277.081314,209.380849,1:00,1.648347,0.789755,1.82176,-40.835,46.5131,24.5628,0.794175,-0.371357,132.40634,-4.643206,-3.238509,0.422067,,,,,,,,,,,,-16.14,25.8391,-0.671396,15.24,1.607594,3.337147,-39.857878,-1.235348,-3.34699,8.561591,-4.448322,WAS_EDA,MEI_MEI,JinguStadium,TeamExclusive,Team,20200810-JinguStadium-2,54028910-dacb-11ea-b2f9-c9bbca5d2268,e6a1fa76-8fc0-40e4-9e95-fc2e5084e7b8,v3,,,,"Shota, Shinohara",1000073555,Right,MEI_MEI,143.72124,,,13.05004,,,,16.61756,-40.152692,4.280795,1.647496,-1.082172,-2.224161,-0.788293,3.452399,-1.673495,,,,,,,,,,,,,,,,,,,,,,,,,,,,,,,,,,,,,,,,,,,,,,,,,,,,,
304,2020/8/10,36:04.9,2020/8/10,36:04.9,3,4,"Yu, Takeda",1000073601,Right,MEI_MEI,"Kotaro, Takizawa",1000073989,Left,WAS_EDA,Undefined,1,Bottom,1,2,1,Cutter,Slider,InPlay,Undefined,GroundBall,GroundBall,Out,1,0,,135.93949,-1.073373,-2.949335,1618.648481,160.998064,11:15,1.688623,0.783814,1.831585,-86.7056,12.8855,-3.3234,0.518038,-0.082969,124.37821,-7.389497,-3.184431,0.450677,154.20706,-2.030053,32.391117,,,,,7.826611,,31.816013,0.177136,-0.481,8.3652,-0.712981,15.24,1.657221,1.939843,-37.350719,-1.036167,-0.087303,7.744067,-8.288297,WAS_EDA,MEI_MEI,JinguStadium,TeamExclusive,Team,20200810-JinguStadium-2,6249ee50-dacb-11ea-b2f9-c9bbca5d2268,e6a1fa76-8fc0-40e4-9e95-fc2e5084e7b8,v3,,,,"Shota, Shinohara",1000073555,Right,MEI_MEI,134.59764,0.510326,,11.56127,,,,16.608178,-37.633319,3.872034,1.689514,-0.733707,-4.144149,-0.783829,1.943029,-0.043652,0.47746,0.510326,0.076861,306.968079,0.477729,36.127826,-7.23155,,,,,,,0.510657,-1.542088,-7.579706,,,,,,,0.076732,22.942011,-0.456563,,,,,,,,,,,,,,,,,,,,,,,,,,,,
305,2020/8/10,36:56.5,2020/8/10,36:56.5,4,1,"Yu, Takeda",1000073601,Right,MEI_MEI,"Hisashige, Iwamoto",1000074023,Right,WAS_EDA,Undefined,1,Bottom,2,0,0,Cutter,Slider,InPlay,Undefined,FlyBall,LineDrive,Double,0,1,,135.42286,0.060937,-3.15668,2441.606026,129.860632,10:15,1.700612,0.825385,1.8356,-90.3025,9.8471,-7.9836,0.814815,-0.146493,123.92808,-6.520016,-3.72094,0.451938,164.31493,21.715685,-9.382075,2306.493033,33.014692,12.832078,-5.844389,118.854363,,-11.606104,4.444451,1.8107,5.9343,-0.749494,15.24,1.696165,2.089453,-37.216049,-0.309716,0.326796,7.582199,-8.735616,WAS_EDA,MEI_MEI,JinguStadium,TeamExclusive,Team,20200810-JinguStadium-2,811e6310-dacb-11ea-b2f9-c9bbca5d2268,e6a1fa76-8fc0-40e4-9e95-fc2e5084e7b8,v3,,,,"Shota, Shinohara",1000073555,Right,MEI_MEI,134.2218,18.779903,,11.49479,,,,16.60428,-37.49297,3.791099,1.701651,0.00933,-4.367808,-0.825588,2.077518,0.163398,0.486416,0.790197,0.148849,165.700955,0.486446,41.836432,-7.8592,1.946277,-0.407228,0.072204,-0.010213,0.000976,-4.40E-05,0.790197,16.886904,-3.749997,-0.294454,0.154104,-0.042466,0.007498,-0.000715,2.80E-05,0.14887,-6.912727,0.197603,0.160359,-0.072748,0.018367,-0.00287,0.000262,-1.10E-05,,,,,,,,,,,,,,,,,,,,,,
306,2020/8/10,37:53.4,2020/8/10,37:53.4,5,1,"Yu, Takeda",1000073601,Right,MEI_MEI,"Takuya, Hiruma",1000074108,Left,WAS_EDA,Undefined,1,Bottom,2,0,0,Fastball,Four-Seam,StrikeCalled,Undefined,Undefined,,Undefined,0,0,,144.40712,-1.855021,-2.975697,2104.579809,216.327981,1:15,1.682991,0.77521,1.922003,-47.6746,39.0349,26.7123,0.684479,0.206021,132.34211,-5.417807,-1.076107,0.420521,,,,,,,,,,,,-15.8667,22.3877,-0.710079,15.24,1.638664,1.933452,-39.699443,-1.45005,-3.279292,8.134179,-5.179616,WAS_EDA,MEI_MEI,JinguStadium,TeamExclusive,Team,20200810-JinguStadium-2,a2fe1c00-dacb-11ea-b2f9-c9bbca5d2268,e6a1fa76-8fc0-40e4-9e95-fc2e5084e7b8,v3,,,,"Shota, Shinohara",1000073555,Right,MEI_MEI,144.24957,,,12.06501,,,,16.517532,-39.960344,4.067089,1.68251,-1.283916,-2.589808,-0.773781,2.038635,-1.639646,,,,,,,,,,,,,,,,,,,,,,,,,,,,,,,,,,,,,,,,,,,,,,,,,,,,,
307,2020/8/10,38:12.4,2020/8/10,38:12.4,5,2,"Yu, Takeda",1000073601,Right,MEI_MEI,"Takuya, Hiruma",1000074108,Left,WAS_EDA,Undefined,1,Bottom,2,0,1,Splitter,ChangeUp,FoulBall,Undefined,Undefined,,Undefined,0,0,,135.38057,-0.161376,-2.814908,1438.792936,223.497157,1:30,1.679252,0.781181,1.757972,-86.0445,16.1781,11.8962,0.772976,0.10103,122.41732,-6.449586,-1.977153,0.456592,,,,,,,,,,,,-8.141,9.6945,-0.710924,15.24,1.669211,1.762896,-37.129527,-0.454471,-1.44993,8.128664,-8.080036,WAS_EDA,MEI_MEI,JinguStadium,TeamExclusive,Team,20200810-JinguStadium-2,ae56ecd0-dacb-11ea-b2f9-c9bbca5d2268,e6a1fa76-8fc0-40e4-9e95-fc2e5084e7b8,v3,,,,"Shota, Shinohara",1000073555,Right,MEI_MEI,132.85392,,,12.96325,,,,16.679489,-37.443344,4.064332,1.680735,-0.142531,-4.040018,-0.780063,1.818873,-0.724965,,,,,,,,,,,,,,,,,,,,,,,,,,,,,,,,,,,,,,,,,,,,,,,,,,,,,
308,2020/8/10,38:44.8,2020/8/10,38:44.8,5,3,"Yu, Takeda",1000073601,Right,MEI_MEI,"Takuya, Hiruma",1000074108,Left,WAS_EDA,Undefined,1,Bottom,2,0,2,Fastball,Four-Seam,BallCalled,Undefined,Undefined,,Undefined,0,0,,144.36999,1.446729,-2.707348,2152.211685,202.274224,12:45,1.711797,0.77863,1.93769,-44.3405,42.2488,16.2246,1.674769,0.180842,131.77469,-1.898288,-1.553188,0.42023,,,,,,,,,,,,-10.2301,21.7401,-0.719628,15.24,1.741153,1.797039,-39.697469,0.862028,-2.113141,8.169967,-5.316012,WAS_EDA,MEI_MEI,JinguStadium,TeamExclusive,Team,20200810-JinguStadium-2,c1a8e8b0-dacb-11ea-b2f9-c9bbca5d2268,e6a1fa76-8fc0-40e4-9e95-fc2e5084e7b8,v3,,,,"Shota, Shinohara",1000073555,Right,MEI_MEI,144.34956,,,12.5953,,,,16.501364,-39.956221,4.084983,1.711186,1.030393,-2.658006,-0.777602,1.863964,-1.056571,,,,,,,,,,,,,,,,,,,,,,,,,,,,,,,,,,,,,,,,,,,,,,,,,,,,,
309,2020/8/10,39:12.6,2020/8/10,39:12.6,5,4,"Yu, Takeda",1000073601,Right,MEI_MEI,"Takuya, Hiruma",1000074108,Left,WAS_EDA,Undefined,1,Bottom,2,1,2,Curveball,Curveball,BallCalled,Undefined,Undefined,,Undefined,0,0,,114.43816,4.126909,0.427236,2363.027636,16.368942,6:30,1.695706,0.69553,1.717489,-175.3424,-35.5952,-11.5032,1.117894,0.701991,106.7597,-8.402576,-0.381744,0.533859,,,,,,,,,,,,6.0641,-19.2036,-0.705709,15.24,1.789263,-0.186864,-31.49383,1.623595,0.799732,4.433025,-12.339204,WAS_EDA,MEI_MEI,JinguStadium,TeamExclusive,Team,20200810-JinguStadium-2,d23079f0-dacb-11ea-b2f9-c9bbca5d2268,e6a1fa76-8fc0-40e4-9e95-fc2e5084e7b8,v3,,,,"Shota, Shinohara",1000073555,Right,MEI_MEI,113.62559,,,7.67846,,,,16.724546,-31.702104,2.216513,1.699364,2.20332,-6.169602,-0.696047,-0.224437,0.399866,,,,,,,,,,,,,,,,,,,,,,,,,,,,,,,,,,,,,,,,,,,,,,,,,,,,,
310,2020/8/10,39:33.8,2020/8/10,39:33.8,5,5,"Yu, Takeda",1000073601,Right,MEI_MEI,"Takuya, Hiruma",1000074108,Left,WAS_EDA,Undefined,1,Bottom,2,2,2,Fastball,Four-Seam,StrikeSwinging,Strikeout,Undefined,,Undefined,0,0,,145.04674,-1.715699,-2.997429,2180.738669,212.892971,1:00,1.666333,0.819581,1.878695,-44.7769,40.5188,24.7076,0.734702,0.221958,134.56326,-5.037475,-1.24552,0.417079,,,,,,,,,,,,-14.554,22.7361,-0.751758,15.24,1.623809,1.970561,-39.923154,-1.356416,-3.083974,7.132036,-4.988887,WAS_EDA,MEI_MEI,JinguStadium,TeamExclusive,Team,20200810-JinguStadium-2,ded44150-dacb-11ea-b2f9-c9bbca5d2268,e6a1fa76-8fc0-40e4-9e95-fc2e5084e7b8,v3,,,,"Shota, Shinohara",1000073555,Right,MEI_MEI,145.44013,,,10.48348,,,,16.561497,-40.158538,3.566018,1.665859,-1.191764,-2.494444,-0.818473,2.072344,-1.541987,,,,,,,,,,,,,,,,,,,,,,,,,,,,,,,,93.00676,3.807166,2.561024,1.246143,-0.446795,0.655645,-0.203588,-0.586336,1.833048,-0.932194,22.141317,1.317592,15.891732,-0.546964,20.380755,-1.739561,1.856039,4.762621,-4.16489,-0.918674,14.419517,-0.744232
311,2020/8/10,41:27.5,2020/8/10,41:27.5,1,1,"Takahisa, Hayakawa",1000073877,Left,WAS_EDA,"Hibiki, Kuge",1000073674,Right,MEI_MEI,Undefined,2,Top,0,0,0,Slider,Curveball,BallCalled,Undefined,Undefined,,Undefined,0,0,,125.96147,2.53813,-0.885089,2977.977468,317.460823,4:30,1.680175,-0.426603,1.595198,-150.6561,-32.1578,32.7815,0.901347,-0.352384,115.93928,-8.1858,1.406175,0.491599,,,,,,,,,,,,-16.9339,-16.6235,0.4484,15.24,1.737838,0.375979,-34.637317,0.885317,-2.661424,6.254429,-12.419301,WAS_EDA,MEI_MEI,JinguStadium,TeamExclusive,Team,20200810-JinguStadium-2,229dc550-dacc-11ea-b2f9-c9bbca5d2268,e6a1fa76-8fc0-40e4-9e95-fc2e5084e7b8,v3,,,,"Hisashige, Iwamoto",1000074023,Right,WAS_EDA,123.39336,,,10.02219,,,,16.845991,-34.926106,3.127214,1.683721,1.458759,-6.209651,0.428203,0.498867,-1.330712,,,,,,,,,,,,,,,,,,,,,,,,,,,,,,,,,,,,,,,,,,,,,,,,,,,,,
312,2020/8/10,41:37.2,2020/8/10,41:37.2,1,2,"Takahisa, Hayakawa",1000073877,Left,WAS_EDA,"Hibiki, Kuge",1000073674,Right,MEI_MEI,Undefined,2,Top,0,1,0,Fastball,Four-Seam,InPlay,Undefined,GroundBall,,Single,0,0,,151.08669,-2.755631,2.660605,1971.792801,164.93066,11:30,1.691931,-0.400956,1.77957,-25.2188,55.0587,-14.178,0.657681,0.211504,138.97959,-4.686189,1.661612,0.404624,,,,,,,,,,,,8.9929,30.7203,0.335872,15.24,1.62163,-1.854633,-41.52011,-2.076139,2.0444,8.41843,-2.822893,WAS_EDA,MEI_MEI,JinguStadium,TeamExclusive,Team,20200810-JinguStadium-2,28628430-dacc-11ea-b2f9-c9bbca5d2268,e6a1fa76-8fc0-40e4-9e95-fc2e5084e7b8,v3,,,,"Hisashige, Iwamoto",1000074023,Right,WAS_EDA,149.91695,,,12.1071,,,,16.660488,-41.807129,4.209215,1.690773,-1.979895,-1.411446,0.400292,-1.924335,1.0222,,,,,,,,,,,,,,,,,,,,,,,,,,,,,,,,,,,,,,,,,,,,,,,,,,,,,
313,2020/8/10,42:11.8,2020/8/10,42:11.8,2,1,"Takahisa, Hayakawa",1000073877,Left,WAS_EDA,"Fuma, Shimizu",1000073553,Right,MEI_MEI,Undefined,2,Top,0,0,0,Fastball,Four-Seam,BallCalled,Undefined,Undefined,,Undefined,0,0,,149.53291,-3.520964,3.595706,2463.734354,158.185795,11:15,1.665596,-0.484605,1.69728,-30.1161,53.3973,-20.3002,0.358714,0.337497,136.86968,-5.796344,2.174397,0.412698,,,,,,,,,,,,12.7105,30.2114,0.391673,15.24,1.570517,-2.463784,-40.983507,-2.627497,2.801127,8.625349,-3.148693,WAS_EDA,MEI_MEI,JinguStadium,TeamExclusive,Team,20200810-JinguStadium-2,3d0cbd10-dacc-11ea-b2f9-c9bbca5d2268,e6a1fa76-8fc0-40e4-9e95-fc2e5084e7b8,v3,,,,"Hisashige, Iwamoto",1000074023,Right,WAS_EDA,146.98387,,,12.66323,,,,16.742331,-41.298476,4.312675,1.664365,-2.512517,-1.574346,0.483509,-2.566072,1.400564,,,,,,,,,,,,,,,,,,,,,,,,,,,,,,,,,,,,,,,,,,,,,,,,,,,,,
314,2020/8/10,42:33.6,2020/8/10,42:33.6,2,2,"Takahisa, Hayakawa",1000073877,Left,WAS_EDA,"Fuma, Shimizu",1000073553,Right,MEI_MEI,Undefined,2,Top,0,1,0,Fastball,Four-Seam,FoulBall,Undefined,Undefined,Popup,Undefined,0,0,,148.80969,-2.0252,2.556699,2372.571904,164.696094,11:30,1.65182,-0.468895,1.655844,-26.2235,58.5895,-15.2661,0.810696,0.108713,135.41955,-4.043792,1.489031,0.415897,70.83404,62.093353,163.593143,2644.97724,,,,24.938547,,162.779292,3.091295,9.5888,31.8813,0.401187,15.24,1.59511,-1.740467,-40.851271,-1.527697,2.087475,9.045793,-2.866074,WAS_EDA,MEI_MEI,JinguStadium,TeamExclusive,Team,20200810-JinguStadium-2,4a0c3900-dacc-11ea-b2f9-c9bbca5d2268,e6a1fa76-8fc0-40e4-9e95-fc2e5084e7b8,v3,,,,"Hisashige, Iwamoto",1000074023,Right,WAS_EDA,145.85346,13.122473,,13.39014,,,,16.783938,-41.19173,4.522896,1.650578,-1.419826,-1.433037,0.468172,-1.819034,1.043738,0.792299,0.880593,-0.101419,357.836128,0.792342,-8.83591,-0.123977,0.172178,0.019524,-0.041755,0.017356,-0.002855,0.000163,0.880623,17.386888,-6.839551,0.582712,-0.092611,0.009715,-0.004314,0.001694,-0.000189,-0.101422,2.601313,-0.044345,-0.003583,-0.003736,0.00444,-0.00196,0.000359,-2.40E-05,,,,,,,,,,,,,,,,,,,,,,
315,2020/8/10,43:03.8,2020/8/10,43:03.8,2,3,"Takahisa, Hayakawa",1000073877,Left,WAS_EDA,"Fuma, Shimizu",1000073553,Right,MEI_MEI,Undefined,2,Top,0,1,1,Fastball,Four-Seam,InPlay,Undefined,Bunt,,Sacrifice,1,0,,150.40273,-1.666994,2.400294,2449.654116,150.714697,11:00,1.651919,-0.465189,1.68603,-35.6521,48.3648,-25.3382,0.819898,-0.034296,134.76014,-4.379094,0.62382,0.41394,,,,,,,,,,,,14.9249,26.8022,0.403771,15.24,1.605107,-1.587944,-41.236278,-1.328824,3.253421,10.664379,-3.964153,WAS_EDA,MEI_MEI,JinguStadium,TeamExclusive,Team,20200810-JinguStadium-2,5c09c870-dacc-11ea-b2f9-c9bbca5d2268,e6a1fa76-8fc0-40e4-9e95-fc2e5084e7b8,v3,,,,"Hisashige, Iwamoto",1000074023,Right,WAS_EDA,146.54283,,,15.6426,,,,16.753185,-41.625773,5.332189,1.650996,-1.184042,-1.982076,0.463937,-1.706769,1.626711,,,,,,,,,,,,,,,,,,,,,,,,,,,,,,,,,,,,,,,,,,,,,,,,,,,,,
316,2020/8/10,43:39.5,2020/8/10,43:39.5,3,1,"Takahisa, Hayakawa",1000073877,Left,WAS_EDA,"Shota, Shinohara",1000073555,Right,MEI_MEI,Undefined,2,Top,1,0,0,Cutter,Slider,BallCalled,Undefined,Undefined,,Undefined,0,0,,139.75753,0.820688,1.067863,2795.995046,219.005516,1:15,1.677362,-0.453048,1.603106,-79.7946,14.6078,9.9309,1.114485,-0.04791,130.31625,-4.898788,1.761286,0.438779,,,,,,,,,,,,-4.3986,7.6038,0.422324,15.24,1.693127,-0.769329,-38.501978,0.192745,-0.871201,6.260732,-8.300629,WAS_EDA,MEI_MEI,JinguStadium,TeamExclusive,Team,20200810-JinguStadium-2,71504150-dacc-11ea-b2f9-c9bbca5d2268,e6a1fa76-8fc0-40e4-9e95-fc2e5084e7b8,v3,,,,"Hisashige, Iwamoto",1000074023,Right,WAS_EDA,138.2472,,,9.44129,,,,16.837315,-38.760845,3.130366,1.678062,0.535956,-4.150314,0.453389,-0.733307,-0.435601,,,,,,,,,,,,,,,,,,,,,,,,,,,,,,,,,,,,,,,,,,,,,,,,,,,,,
317,2020/8/10,43:59.8,2020/8/10,43:59.8,3,2,"Takahisa, Hayakawa",1000073877,Left,WAS_EDA,"Shota, Shinohara",1000073555,Right,MEI_MEI,Undefined,2,Top,1,1,0,Fastball,Four-Seam,FoulBall,Undefined,Undefined,Popup,Undefined,0,0,,150.66451,-1.512473,1.845412,2545.829313,159.808689,11:15,1.702556,-0.378452,1.750899,-36.077,45.0749,-15.6599,0.912252,-0.011177,138.04385,-4.215611,0.742592,0.406822,113.30328,50.985718,156.225317,4198.756223,-31.701518,19.772798,10.91484,58.814549,,164.548634,3.637413,9.2788,24.8,0.332885,15.24,1.661622,-1.251846,-41.437199,-1.228157,2.091112,8.786897,-4.217595,WAS_EDA,MEI_MEI,JinguStadium,TeamExclusive,Team,20200810-JinguStadium-2,7d686a80-dacc-11ea-b2f9-c9bbca5d2268,e6a1fa76-8fc0-40e4-9e95-fc2e5084e7b8,v3,,,,"Hisashige, Iwamoto",1000074023,Right,WAS_EDA,149.10712,19.910918,,12.62066,,,,16.689078,-41.74335,4.393449,1.701853,-1.081209,-2.108798,0.37777,-1.324704,1.045556,0.474162,0.906842,0.011156,343.135865,0.474179,-18.13214,-0.15557,0.410617,-0.082854,0.004855,0.002555,-0.000483,2.10E-05,0.9068,24.455658,-9.384522,1.265468,-0.272418,0.059994,-0.013228,0.002159,-0.000152,0.01113,7.988241,-1.358208,0.17156,-0.039619,0.01544,-0.005484,0.000949,-6.10E-05,,,,,,,,,,,,,,,,,,,,,,
318,2020/8/10,44:24.0,2020/8/10,44:24.0,3,3,"Takahisa, Hayakawa",1000073877,Left,WAS_EDA,"Shota, Shinohara",1000073555,Right,MEI_MEI,Undefined,2,Top,1,1,1,ChangeUp,Slider,StrikeCalled,Undefined,Undefined,,Undefined,0,0,,137.15682,0.704762,0.759998,1356.937989,256.752664,2:30,1.68596,-0.368512,1.620389,-94.442,4.6922,7.6489,0.943171,-0.074607,126.38448,-6.075743,1.295001,0.449642,,,,,,,,,,,,-3.3331,2.7934,0.346844,15.24,1.697198,-0.540167,-37.737068,0.04371,-0.62501,7.059394,-9.282834,WAS_EDA,MEI_MEI,JinguStadium,TeamExclusive,Team,20200810-JinguStadium-2,8bd7ca20-dacc-11ea-b2f9-c9bbca5d2268,e6a1fa76-8fc0-40e4-9e95-fc2e5084e7b8,v3,,,,"Hisashige, Iwamoto",1000074023,Right,WAS_EDA,134.90747,,,10.77234,,,,16.819585,-38.03141,3.529697,1.687306,0.430759,-4.641417,0.368823,-0.514107,-0.312505,,,,,,,,,,,,,,,,,,,,,,,,,,,,,,,,,,,,,,,,,,,,,,,,,,,,,
319,2020/8/10,44:47.6,2020/8/10,44:47.6,3,4,"Takahisa, Hayakawa",1000073877,Left,WAS_EDA,"Shota, Shinohara",1000073555,Right,MEI_MEI,Undefined,2,Top,1,1,2,Fastball,Four-Seam,InPlay,Undefined,GroundBall,,Out,1,0,,151.12869,-2.188999,1.195893,2472.225193,158.081458,11:15,1.730274,-0.306608,1.688943,-33.2168,48.7249,-18.5034,0.774103,-0.150929,137.43499,-4.69513,-0.102861,0.408797,,,,,,,,,,,,10.2549,27.0734,0.276547,15.24,1.669895,-0.763737,-41.511015,-1.706951,2.300844,9.501129,-3.732322,WAS_EDA,MEI_MEI,JinguStadium,TeamExclusive,Team,20200810-JinguStadium-2,99e1d840-dacc-11ea-b2f9-c9bbca5d2268,e6a1fa76-8fc0-40e4-9e95-fc2e5084e7b8,v3,,,,"Hisashige, Iwamoto",1000074023,Right,WAS_EDA,148.38672,,,13.69371,,,,16.750578,-41.855332,4.750564,1.729303,-1.571694,-1.866161,0.305735,-0.847119,1.150422,,,,,,,,,,,,,,,,,,,,,,,,,,,,,,,,,,,,,,,,,,,,,,,,,,,,,
320,2020/8/10,45:22.5,2020/8/10,45:22.5,4,1,"Takahisa, Hayakawa",1000073877,Left,WAS_EDA,"Nishikawa, Rei",1000089818,Right,MEI_MEI,Undefined,2,Top,2,0,0,Fastball,Four-Seam,FoulBall,Undefined,Undefined,FlyBall,Undefined,0,0,,151.88208,-2.642398,1.228839,2560.10782,157.749882,11:15,1.703493,-0.348376,1.657838,-28.1491,53.2965,-20.6899,0.667139,-0.204504,138.17171,-4.786683,-0.220453,0.407557,118.29771,25.776395,111.232955,2085.315037,-15.591626,10.093552,29.682048,62.364285,,122.594542,2.910318,11.2953,29.5451,0.317013,15.24,1.630003,-0.776381,-41.697568,-2.018503,2.559869,9.493601,-3.110806,WAS_EDA,MEI_MEI,JinguStadium,TeamExclusive,Team,20200810-JinguStadium-2,aeb962b0-dacc-11ea-b2f9-c9bbca5d2268,e6a1fa76-8fc0-40e4-9e95-fc2e5084e7b8,v3,,,,"Hisashige, Iwamoto",1000074023,Right,WAS_EDA,148.83811,10.103448,,13.71037,,,,16.78153,-42.047075,4.746801,1.702206,-1.903979,-1.555403,0.347331,-0.870622,1.279934,-0.258615,0.667323,0.236391,287.348351,-0.258563,-10.718751,-1.114929,0.515006,-0.127363,0.032563,-0.008993,0.001848,-0.000167,0.667309,14.290276,-5.929163,0.47649,-0.084726,0.013527,-0.000706,-0.0001,1.50E-05,0.236424,27.580729,-5.188058,1.020704,-0.192121,0.037425,-0.009206,0.001791,-0.000153,,,,,,,,,,,,,,,,,,,,,,
321,2020/8/10,45:42.4,2020/8/10,45:42.4,4,2,"Takahisa, Hayakawa",1000073877,Left,WAS_EDA,"Nishikawa, Rei",1000089818,Right,MEI_MEI,Undefined,2,Top,2,0,1,Fastball,Four-Seam,InPlay,Undefined,FlyBall,FlyBall,Single,0,1,,149.82355,-2.070296,1.716789,2536.839584,161.667296,11:30,1.745922,-0.256128,1.646673,-23.2595,60.8154,-19.1908,0.921527,0.042426,135.69898,-3.889085,0.37412,0.414083,114.93663,26.281459,0.922435,2864.629967,33.431659,11.811044,2.539465,71.401678,,7.686653,3.427907,10.9639,33.0063,0.211189,15.24,1.68792,-1.124614,-41.12455,-1.550454,2.407597,9.556529,-2.558679,WAS_EDA,MEI_MEI,JinguStadium,TeamExclusive,Team,20200810-JinguStadium-2,ba8a70c0-dacc-11ea-b2f9-c9bbca5d2268,e6a1fa76-8fc0-40e4-9e95-fc2e5084e7b8,v3,,,,"Hisashige, Iwamoto",1000074023,Right,WAS_EDA,146.49222,12.104704,,14.12457,,,,16.792721,-41.483802,4.778264,1.744397,-1.454267,-1.27934,0.255167,-1.215121,1.203798,0.300434,0.877311,-0.041796,215.606137,0.300454,28.622233,-4.035709,0.81856,-0.149672,0.025843,-0.005015,0.000812,-6.00E-05,0.877267,14.137887,-4.709459,0.186645,-0.01405,-0.005452,0.003681,-0.000692,4.60E-05,-0.041846,0.462379,1.49628,-0.426706,0.097746,-0.022811,0.005148,-0.000813,5.70E-05,,,,,,,,,,,,,,,,,,,,,,
322,2020/8/10,46:37.0,2020/8/10,46:37.0,5,1,"Takahisa, Hayakawa",1000073877,Left,WAS_EDA,"Kotaro, Nishiyama",1000073665,Left,MEI_MEI,Undefined,2,Top,2,0,0,Slider,Curveball,StrikeCalled,Undefined,Undefined,,Undefined,0,0,,128.6493,2.82543,0.449032,3005.908548,316.960127,4:30,1.664492,-0.37606,1.486312,-149.821,-34.7717,35.6465,0.981819,0.109908,118.47568,-7.762661,2.922371,0.484392,,,,,,,,,,,,-17.2364,-17.9895,0.358813,15.24,1.733769,-0.459938,-35.359069,1.054226,-2.826665,6.438434,-12.756816,WAS_EDA,MEI_MEI,JinguStadium,TeamExclusive,Team,20200810-JinguStadium-2,db193fb0-dacc-11ea-b2f9-c9bbca5d2268,e6a1fa76-8fc0-40e4-9e95-fc2e5084e7b8,v3,,,,"Hisashige, Iwamoto",1000074023,Right,WAS_EDA,125.22922,,,10.17362,,,,16.955022,-35.669985,3.219217,1.667985,1.670262,-6.378408,0.377727,-0.323437,-1.413332,,,,,,,,,,,,,,,,,,,,,,,,,,,,,,,,,,,,,,,,,,,,,,,,,,,,,
323,2020/8/10,46:55.2,2020/8/10,46:55.2,5,2,"Takahisa, Hayakawa",1000073877,Left,WAS_EDA,"Kotaro, Nishiyama",1000073665,Left,MEI_MEI,Undefined,2,Top,2,0,1,Slider,Curveball,BallCalled,Undefined,Undefined,,Undefined,0,0,,127.01133,1.251726,-0.813735,2950.109715,308.335943,4:15,1.689286,-0.327923,1.602639,-144.1764,-27.7044,39.511,0.606071,-0.165857,117.081,-9.007865,1.952349,0.487377,,,,,,,,,,,,-20.3767,-13.724,0.346986,15.24,1.711308,0.306305,-34.946906,0.144661,-3.253651,6.485024,-11.998036,WAS_EDA,MEI_MEI,JinguStadium,TeamExclusive,Team,20200810-JinguStadium-2,e5f0d290-dacc-11ea-b2f9-c9bbca5d2268,e6a1fa76-8fc0-40e4-9e95-fc2e5084e7b8,v3,,,,"Hisashige, Iwamoto",1000074023,Right,WAS_EDA,124.46211,,,9.93033,,,,16.838514,-35.242291,3.242512,1.692272,0.691156,-5.999018,0.329659,0.454504,-1.626825,,,,,,,,,,,,,,,,,,,,,,,,,,,,,,,,,,,,,,,,,,,,,,,,,,,,,
324,2020/8/10,47:13.7,2020/8/10,47:13.7,5,3,"Takahisa, Hayakawa",1000073877,Left,WAS_EDA,"Kotaro, Nishiyama",1000073665,Left,MEI_MEI,Undefined,2,Top,2,1,1,Fastball,ChangeUp,BallCalled,Undefined,Undefined,,Undefined,0,0,,151.94642,-0.066434,2.926355,1233.987778,168.674779,11:30,1.705335,-0.373865,1.754067,-26.4126,53.2377,-10.1902,1.422335,0.355238,139.27152,-2.088528,2.209868,0.40304,,,,,,,,,,,,7.0973,27.8347,0.30058,15.24,1.70171,-2.079423,-41.773319,-0.128358,1.630505,8.664759,-3.412006,WAS_EDA,MEI_MEI,JinguStadium,TeamExclusive,Team,20200810-JinguStadium-2,f0f7b2d0-dacc-11ea-b2f9-c9bbca5d2268,e6a1fa76-8fc0-40e4-9e95-fc2e5084e7b8,v3,,,,"Hisashige, Iwamoto",1000074023,Right,WAS_EDA,150.50609,,,12.67491,,,,16.685482,-42.072078,4.332379,1.704107,-0.010713,-1.706003,0.373247,-2.135642,0.815252,,,,,,,,,,,,,,,,,,,,,,,,,,,,,,,,,,,,,,,,,,,,,,,,,,,,,
325,2020/8/10,47:38.4,2020/8/10,47:38.4,5,4,"Takahisa, Hayakawa",1000073877,Left,WAS_EDA,"Kotaro, Nishiyama",1000073665,Left,MEI_MEI,Undefined,2,Top,2,2,1,Fastball,Four-Seam,StrikeCalled,Undefined,Undefined,,Undefined,0,0,,151.25438,-2.799792,2.893326,2498.207189,169.070809,11:45,1.723331,-0.326988,1.709388,-24.1377,56.9535,-10.5133,0.683747,0.391746,138.69824,-4.65312,2.15612,0.406669,,,,,,,,,,,,7.2424,31.4587,0.252369,15.24,1.648414,-2.04049,-41.52436,-2.10362,1.642445,8.646811,-2.672387,WAS_EDA,MEI_MEI,JinguStadium,TeamExclusive,Team,20200810-JinguStadium-2,ffacce00-dacc-11ea-b2f9-c9bbca5d2268,e6a1fa76-8fc0-40e4-9e95-fc2e5084e7b8,v3,,,,"Hisashige, Iwamoto",1000074023,Right,WAS_EDA,149.16293,,,12.55614,,,,16.730253,-41.833531,4.323406,1.721922,-2.008067,-1.336193,0.326378,-2.099217,0.821223,,,,,,,,,,,,,,,,,,,,,,,,,,,,,,,,,,,,,,,,,,,,,,,,,,,,,
326,2020/8/10,48:01.3,2020/8/10,48:01.3,5,5,"Takahisa, Hayakawa",1000073877,Left,WAS_EDA,"Kotaro, Nishiyama",1000073665,Left,MEI_MEI,Undefined,2,Top,2,2,2,Fastball,Four-Seam,FoulBall,Undefined,Undefined,FlyBall,Undefined,0,0,,152.30739,-3.035781,1.654032,1976.785726,166.042221,11:30,1.706216,-0.307511,1.635732,-24.9029,55.48,-13.1881,0.588414,0.033447,140.08032,-4.926863,0.731903,0.40489,115.23939,27.776661,-160.936592,3665.79045,-32.480327,8.463214,-8.315662,55.4806,,-168.558821,2.456482,7.7466,30.6847,0.263467,15.24,1.621154,-1.134701,-41.846519,-2.305344,1.788597,8.564044,-2.721911,WAS_EDA,MEI_MEI,JinguStadium,TeamExclusive,Team,20200810-JinguStadium-2,0d55f770-dacd-11ea-b2f9-c9bbca5d2268,e6a1fa76-8fc0-40e4-9e95-fc2e5084e7b8,v3,,,,"Hisashige, Iwamoto",1000074023,Right,WAS_EDA,149.81863,8.704572,,12.22707,,,,16.80446,-42.165476,4.282022,1.705126,-2.20397,-1.360955,0.306968,-1.201315,0.894298,0.747325,0.591979,-0.024876,52.993531,0.747325,-26.769139,1.631564,0.127356,-0.070567,0.024931,-0.004271,0.000368,-1.60E-05,0.591979,14.91792,-7.688432,0.914867,-0.184982,0.034326,-0.004376,0.000521,-4.40E-05,-0.024876,-9.250486,3.057719,-0.711759,0.157783,-0.029857,0.004907,-0.000713,5.60E-05,,,,,,,,,,,,,,,,,,,,,,
327,2020/8/10,48:26.9,2020/8/10,48:26.9,5,6,"Takahisa, Hayakawa",1000073877,Left,WAS_EDA,"Kotaro, Nishiyama",1000073665,Left,MEI_MEI,Undefined,2,Top,2,2,2,Slider,Curveball,FoulBall,Undefined,Undefined,LineDrive,Undefined,0,0,,128.98107,0.850326,-0.282047,1461.826257,304.885563,4:15,1.664395,-0.394381,1.637569,-138.3583,-24.4988,40.7278,0.523821,-0.0677,117.50769,-9.047149,2.575734,0.48188,145.52429,16.778156,38.860425,2689.799208,25.155373,6.834499,22.165901,72.191457,,47.137787,2.448885,-20.8567,-12.1192,0.398419,15.24,1.675703,-0.020311,-35.451883,-0.060942,-3.380328,7.522757,-11.770857,WAS_EDA,MEI_MEI,JinguStadium,TeamExclusive,Team,20200810-JinguStadium-2,1c9aa870-dacd-11ea-b2f9-c9bbca5d2268,e6a1fa76-8fc0-40e4-9e95-fc2e5084e7b8,v3,,,,"Hisashige, Iwamoto",1000074023,Right,WAS_EDA,125.88188,6.997749,,11.47338,,,,16.803132,-35.782037,3.761379,1.667042,0.45565,-5.885428,0.396055,0.128042,-1.690164,1.024537,0.565223,0.07066,246.217408,1.024538,30.136748,-6.291462,1.274183,-0.28485,0.060663,-0.011594,0.001587,-0.000106,0.565223,11.668874,-5.847825,0.619102,-0.139783,0.031166,-0.005675,0.000784,-5.50E-05,0.07066,24.282963,-1.6932,0.369276,-0.081697,0.017837,-0.003343,0.000448,-3.00E-05,,,,,,,,,,,,,,,,,,,,,,
328,2020/8/10,49:18.4,2020/8/10,49:18.4,5,7,"Takahisa, Hayakawa",1000073877,Left,WAS_EDA,"Kotaro, Nishiyama",1000073665,Left,MEI_MEI,Undefined,2,Top,2,2,2,Fastball,Four-Seam,StrikeSwinging,Strikeout,Undefined,,Undefined,0,0,,151.3133,-2.249159,1.224668,2478.749807,169.369077,11:45,1.74053,-0.259908,1.639416,-25.7374,56.3567,-10.0711,0.840034,-0.010645,137.77105,-4.224161,0.520129,0.409176,,,,,,,,,,,,5.9218,30.6779,0.227376,15.24,1.677094,-0.830433,-41.55241,-1.712257,1.334904,9.288893,-2.891141,WAS_EDA,MEI_MEI,JinguStadium,TeamExclusive,Team,20200810-JinguStadium-2,3b5071a0-dacd-11ea-b2f9-c9bbca5d2268,e6a1fa76-8fc0-40e4-9e95-fc2e5084e7b8,v3,,,,"Hisashige, Iwamoto",1000074023,Right,WAS_EDA,148.24899,,,13.54225,,,,16.799837,-41.899655,4.644446,1.739082,-1.604178,-1.445571,0.259353,-0.880336,0.667452,,,,,,,,,,,,,,,,,,,,,,,,,,,,,,,,81.40247,3.318225,1.94176,1.376465,-0.338834,0.782306,0.003872,-0.08642,1.683613,0.071243,21.225252,1.319418,-16.8079,-0.067651,16.591326,-0.814382,1.711597,5.741579,-4.376239,0.042796,-13.693436,1.053231
329,2020/8/10,51:43.2,2020/8/10,51:43.2,1,1,"Yu, Takeda",1000073601,Right,MEI_MEI,"Kazuto, Yoshizawa",1000074012,Right,WAS_EDA,Undefined,2,Bottom,0,0,0,Cutter,Slider,StrikeCalled,Undefined,Undefined,,Undefined,0,0,,134.60295,0.207287,-3.44832,2275.869313,155.327948,11:15,1.658323,0.809014,1.731563,-95.6068,5.9649,-1.4211,0.761257,-0.186113,124.55028,-6.679892,-3.548092,0.455136,,,,,,,,,,,,-1.4798,3.8297,-0.720293,15.24,1.656434,2.23655,-37.002453,-0.261106,-0.267511,6.603955,-9.114354,WAS_EDA,MEI_MEI,JinguStadium,TeamExclusive,Team,20200810-JinguStadium-2,91958eb0-dacd-11ea-b2f9-c9bbca5d2268,e6a1fa76-8fc0-40e4-9e95-fc2e5084e7b8,v3,,,,"Shota, Shinohara",1000073555,Right,MEI_MEI,133.27894,,,10.05267,,,,16.708481,-37.263617,3.301978,1.659632,0.099335,-4.557177,-0.80895,2.247129,-0.133756,,,,,,,,,,,,,,,,,,,,,,,,,,,,,,,,,,,,,,,,,,,,,,,,,,,,,
330,2020/8/10,51:55.6,2020/8/10,51:55.6,1,2,"Yu, Takeda",1000073601,Right,MEI_MEI,"Kazuto, Yoshizawa",1000074012,Right,WAS_EDA,Undefined,2,Bottom,0,0,1,Fastball,Four-Seam,FoulBall,Undefined,Undefined,,Undefined,0,0,,143.28986,-1.012382,-2.854326,2225.564904,206.674036,1:00,1.61966,0.786707,1.87307,-43.8651,44.8218,21.111,0.895489,0.193234,130.94869,-4.308797,-1.358064,0.425289,150.79648,63.077415,-58.088234,6574.112958,,,,,,,,-12.9596,24.758,-0.721741,15.24,1.59341,1.862332,-39.399087,-0.844334,-2.632183,8.183794,-4.778131,WAS_EDA,MEI_MEI,JinguStadium,TeamExclusive,Team,20200810-JinguStadium-2,98fd7640-dacd-11ea-b2f9-c9bbca5d2268,e6a1fa76-8fc0-40e4-9e95-fc2e5084e7b8,v3,,,,"Shota, Shinohara",1000073555,Right,MEI_MEI,142.63233,31.206929,,12.34118,,,,16.566732,-39.673713,4.091897,1.619053,-0.683994,-2.389065,-0.785718,1.950661,-1.316091,0.323196,1.058002,-0.235327,161.237809,0.323196,10.025809,-6.284875,1.688526,-0.425914,0.111316,-0.028625,0.006168,-0.000769,1.058002,37.348063,-8.308858,1.081249,-0.228922,0.048644,-0.010978,0.0022,-0.000267,-0.235327,-16.099766,3.297493,-0.971567,0.261192,-0.070859,0.018665,-0.0041,0.000517,,,,,,,,,,,,,,,,,,,,,,
331,2020/8/10,52:19.6,2020/8/10,52:19.6,1,3,"Yu, Takeda",1000073601,Right,MEI_MEI,"Kazuto, Yoshizawa",1000074012,Right,WAS_EDA,Undefined,2,Bottom,0,0,2,Cutter,Slider,StrikeCalled,Strikeout,Undefined,,Undefined,0,0,,134.0894,0.018055,-3.858124,2347.580278,49.386758,7:45,1.706946,0.795448,1.721593,-104.6894,-0.8127,-4.8304,0.665197,-0.351352,122.77002,-7.521657,-4.196877,0.460271,,,,,,,,,,,,-0.3981,0.5836,-0.695226,15.24,1.699438,2.505136,-36.79793,-0.424396,-0.070206,7.451472,-9.703741,WAS_EDA,MEI_MEI,JinguStadium,TeamExclusive,Team,20200810-JinguStadium-2,a7535a70-dacd-11ea-b2f9-c9bbca5d2268,e6a1fa76-8fc0-40e4-9e95-fc2e5084e7b8,v3,,,,"Shota, Shinohara",1000073555,Right,MEI_MEI,131.79187,,,11.31938,,,,16.718196,-37.096052,3.725736,1.708651,-0.036163,-4.85187,-0.795509,2.507945,-0.035103,,,,,,,,,,,,,,,,,,,,,,,,,,,,,,,,,,,,,,,,,,,,,,,,,,,,,
332,2020/8/10,52:50.9,2020/8/10,52:50.9,2,1,"Yu, Takeda",1000073601,Right,MEI_MEI,"Moeto, Suzuki",1000074064,Left,WAS_EDA,Undefined,2,Bottom,1,0,0,Curveball,Curveball,StrikeCalled,Undefined,Undefined,,Undefined,0,0,,112.72141,3.083313,-0.755197,2194.958385,23.665978,6:45,1.701715,0.702839,1.877641,-185.26,-41.2405,-20.0846,0.718194,0.289342,103.60509,-10.318862,-2.184302,0.541958,,,,,,,,,,,,9.7332,-21.9755,-0.684228,15.24,1.762061,0.487926,-31.015307,1.040875,1.214831,5.468966,-12.549482,WAS_EDA,MEI_MEI,JinguStadium,TeamExclusive,Team,20200810-JinguStadium-2,b9f36b70-dacd-11ea-b2f9-c9bbca5d2268,e6a1fa76-8fc0-40e4-9e95-fc2e5084e7b8,v3,,,,"Shota, Shinohara",1000073555,Right,MEI_MEI,111.92756,,,9.11632,,,,16.563849,-31.247871,2.734483,1.706452,1.574533,-6.274741,-0.703879,0.436266,0.607415,,,,,,,,,,,,,,,,,,,,,,,,,,,,,,,,,,,,,,,,,,,,,,,,,,,,,
333,2020/8/10,53:02.9,2020/8/10,53:02.9,2,2,"Yu, Takeda",1000073601,Right,MEI_MEI,"Moeto, Suzuki",1000074064,Left,WAS_EDA,Undefined,2,Bottom,1,0,1,Splitter,ChangeUp,BallinDirt,Undefined,Undefined,,Undefined,0,0,,137.16102,-2.280105,-3.701818,1499.173869,199.47253,12:45,1.668017,0.795872,1.8016,-86.1034,13.1429,3.4119,0.16026,-0.218698,124.72386,-8.536069,-3.461055,0.449896,,,,,,,,,,,,-4.7365,9.5855,-0.705493,15.24,1.606287,2.41604,-37.596558,-1.841007,-0.863966,8.411978,-8.058202,WAS_EDA,MEI_MEI,JinguStadium,TeamExclusive,Team,20200810-JinguStadium-2,c1217e50-dacd-11ea-b2f9-c9bbca5d2268,e6a1fa76-8fc0-40e4-9e95-fc2e5084e7b8,v3,,,,"Shota, Shinohara",1000073555,Right,MEI_MEI,134.83128,,,12.43716,,,,16.637769,-37.908009,4.205989,1.668927,-1.542654,-4.029101,-0.795538,2.448028,-0.431983,,,,,,,,,,,,,,,,,,,,,,,,,,,,,,,,,,,,,,,,,,,,,,,,,,,,,
334,2020/8/10,53:22.5,2020/8/10,53:22.5,2,3,"Yu, Takeda",1000073601,Right,MEI_MEI,"Moeto, Suzuki",1000074064,Left,WAS_EDA,Undefined,2,Bottom,1,1,1,Fastball,Four-Seam,FoulBall,Undefined,Undefined,LineDrive,Undefined,0,0,,143.7016,-2.2077,-3.363631,2173.810219,207.64382,1:00,1.646418,0.76359,1.980448,-40.7195,45.974,22.707,0.620192,0.048519,132.14026,-5.27962,-1.744532,0.420483,115.63333,15.272677,-158.036768,1932.995923,-31.539526,3.008086,-11.374616,45.578402,,-160.977288,1.690429,-14.1204,26.3682,-0.69289,15.24,1.59699,2.217126,-39.510232,-1.650118,-2.900991,7.778784,-4.38939,WAS_EDA,MEI_MEI,JinguStadium,TeamExclusive,Team,20200810-JinguStadium-2,ccca6af0-dacd-11ea-b2f9-c9bbca5d2268,e6a1fa76-8fc0-40e4-9e95-fc2e5084e7b8,v3,,,,"Shota, Shinohara",1000073555,Right,MEI_MEI,144.26278,3.821253,,11.56134,,,,16.459438,-39.74959,3.889392,1.645687,-1.515053,-2.194695,-0.762486,2.306391,-1.450495,0.112721,0.558529,-0.025212,81.647704,0.112721,-28.737143,2.469049,-0.463829,0.088116,-0.015386,0.002974,-0.000445,3.20E-05,0.558529,8.460924,-5.804325,0.481091,-0.098408,0.018964,-0.00327,0.000584,-5.70E-05,-0.025212,-11.589113,2.20515,-0.423265,0.080047,-0.014457,0.002671,-0.000384,2.70E-05,,,,,,,,,,,,,,,,,,,,,,
335,2020/8/10,53:44.4,2020/8/10,53:44.4,2,4,"Yu, Takeda",1000073601,Right,MEI_MEI,"Moeto, Suzuki",1000074064,Left,WAS_EDA,Undefined,2,Bottom,1,1,2,Splitter,ChangeUp,FoulBall,Undefined,Undefined,,Undefined,0,0,,136.52239,-1.556585,-2.202279,1632.948544,227.4908,1:30,1.665399,0.792996,1.739098,-91.0096,8.8545,6.0871,0.312818,0.22814,124.95171,-8.136179,-1.773308,0.451294,,,,,,,,,,,,-4.7549,6.6012,-0.7372,15.24,1.618822,1.412707,-37.507042,-1.395031,-0.870054,7.827767,-8.598761,WAS_EDA,MEI_MEI,JinguStadium,TeamExclusive,Team,20200810-JinguStadium-2,d9d5cdc0-dacd-11ea-b2f9-c9bbca5d2268,e6a1fa76-8fc0-40e4-9e95-fc2e5084e7b8,v3,,,,"Shota, Shinohara",1000073555,Right,MEI_MEI,134.41352,,,11.57068,,,,16.700683,-37.81066,3.913883,1.666463,-1.061509,-4.299381,-0.792649,1.446454,-0.435027,,,,,,,,,,,,,,,,,,,,,,,,,,,,,,,,,,,,,,,,,,,,,,,,,,,,,
336,2020/8/10,54:07.4,2020/8/10,54:07.4,2,5,"Yu, Takeda",1000073601,Right,MEI_MEI,"Moeto, Suzuki",1000074064,Left,WAS_EDA,Undefined,2,Bottom,1,1,2,Fastball,Four-Seam,BallCalled,Undefined,Undefined,,Undefined,0,0,,144.72827,-2.064617,-4.712303,2091.976288,201.437012,12:45,1.666892,0.772966,1.933339,-41.3025,46.2267,16.9522,0.672325,-0.382758,131.12654,-5.197388,-3.511031,0.422504,,,,,,,,,,,,-12.4073,26.5053,-0.669245,15.24,1.618582,3.185508,-39.657694,-1.560886,-2.529624,9.009445,-4.402688,WAS_EDA,MEI_MEI,JinguStadium,TeamExclusive,Team,20200810-JinguStadium-2,e78d7620-dacd-11ea-b2f9-c9bbca5d2268,e6a1fa76-8fc0-40e4-9e95-fc2e5084e7b8,v3,,,,"Shota, Shinohara",1000073555,Right,MEI_MEI,143.57244,,,13.60173,,,,16.505607,-39.94418,4.504723,1.66599,-1.420888,-2.201344,-0.771818,3.265946,-1.264812,,,,,,,,,,,,,,,,,,,,,,,,,,,,,,,,,,,,,,,,,,,,,,,,,,,,,
337,2020/8/10,54:22.7,2020/8/10,54:22.7,2,6,"Yu, Takeda",1000073601,Right,MEI_MEI,"Moeto, Suzuki",1000074064,Left,WAS_EDA,Undefined,2,Bottom,1,2,2,Cutter,Slider,InPlay,Undefined,GroundBall,GroundBall,Out,1,0,,135.44742,-1.545276,-2.564117,2298.038697,129.49643,10:15,1.683497,0.779862,1.863439,-85.7594,13.3943,-12.6371,0.389876,-0.069603,125.00001,-7.779476,-3.460347,0.449686,156.18133,1.867505,11.263045,1458.723498,,,,15.232537,,11.881253,0.361327,4.7968,8.8732,-0.71912,15.24,1.641946,1.725627,-37.255154,-1.331138,0.87292,7.175501,-8.191913,WAS_EDA,MEI_MEI,JinguStadium,TeamExclusive,Team,20200810-JinguStadium-2,f0b499e0-dacd-11ea-b2f9-c9bbca5d2268,e6a1fa76-8fc0-40e4-9e95-fc2e5084e7b8,v3,,,,"Shota, Shinohara",1000073555,Right,MEI_MEI,134.89418,0.426876,,10.44741,,,,16.576636,-37.511713,3.58775,1.684304,-1.038238,-4.095957,-0.780261,1.694416,0.43646,0.277162,0.354077,0.074085,325.969352,0.278816,42.464531,-5.498,,,,,,,0.355885,1.347015,-6.467143,,,,,,,0.073791,8.479845,-0.01055,,,,,,,,,,,,,,,,,,,,,,,,,,,,
338,2020/8/10,54:56.8,2020/8/10,54:56.8,3,1,"Yu, Takeda",1000073601,Right,MEI_MEI,"Takahisa, Hayakawa",1000073877,Left,WAS_EDA,Undefined,2,Bottom,2,0,0,Fastball,Four-Seam,FoulBall,Undefined,Undefined,,Undefined,0,0,,142.2579,-1.558528,-3.135411,2177.943379,202.722453,12:45,1.649414,0.789112,1.912148,-43.9084,46.8049,18.2516,0.771671,0.089802,128.55267,-4.891115,-1.839306,0.430121,,,,,,,,,,,,-11.9685,26.4777,-0.719466,15.24,1.611674,2.051176,-39.053928,-1.201015,-2.358161,8.998689,-4.589708,WAS_EDA,MEI_MEI,JinguStadium,TeamExclusive,Team,20200810-JinguStadium-2,04f7d390-dace-11ea-b2f9-c9bbca5d2268,e6a1fa76-8fc0-40e4-9e95-fc2e5084e7b8,v3,,,,"Shota, Shinohara",1000073555,Right,MEI_MEI,141.03024,,,13.70523,,,,16.526974,-39.349351,4.499345,1.64863,-1.050337,-2.294854,-0.788076,2.128593,-1.17908,,,,,,,,,,,,,,,,,,,,,,,,,,,,,,,,,,,,,,,,,,,,,,,,,,,,,
339,2020/8/10,55:13.9,2020/8/10,55:13.9,3,2,"Yu, Takeda",1000073601,Right,MEI_MEI,"Takahisa, Hayakawa",1000073877,Left,WAS_EDA,Undefined,2,Bottom,2,0,1,Fastball,Four-Seam,StrikeSwinging,Undefined,Undefined,,Undefined,0,0,,144.67569,-2.057548,-2.674475,2196.209342,209.318317,1:00,1.654223,0.800278,1.919181,-35.7722,51.5683,27.2535,0.717772,0.321157,131.05579,-4.801756,-0.736638,0.422049,,,,,,,,,,,,-16.0992,29.1824,-0.741765,15.24,1.6059,1.719806,-39.732654,-1.529078,-3.295196,9.033173,-3.83356,WAS_EDA,MEI_MEI,JinguStadium,TeamExclusive,Team,20200810-JinguStadium-2,0f339ba0-dace-11ea-b2f9-c9bbca5d2268,e6a1fa76-8fc0-40e4-9e95-fc2e5084e7b8,v3,,,,"Shota, Shinohara",1000073555,Right,MEI_MEI,143.72747,,,13.6199,,,,16.519749,-40.022546,4.516587,1.652997,-1.406051,-1.91678,-0.798654,1.825556,-1.647598,,,,,,,,,,,,,,,,,,,,,,,,,,,,,,,,,,,,,,,,,,,,,,,,,,,,,
340,2020/8/10,55:27.1,2020/8/10,55:27.1,3,3,"Yu, Takeda",1000073601,Right,MEI_MEI,"Takahisa, Hayakawa",1000073877,Left,WAS_EDA,Undefined,2,Bottom,2,0,2,Fastball,Four-Seam,BallCalled,Undefined,Undefined,,Undefined,0,0,,145.25857,-1.152479,-2.118147,2205.537519,212.12258,1:00,1.653257,0.805266,1.955217,-45.1816,40.5844,23.7008,0.878234,0.448467,132.16157,-4.562663,-0.427897,0.418227,,,,,,,,,,,,-13.8682,22.86,-0.760306,15.24,1.62561,1.361906,-39.950987,-0.950537,-2.881041,8.827882,-5.057632,WAS_EDA,MEI_MEI,JinguStadium,TeamExclusive,Team,20200810-JinguStadium-2,170fefe0-dace-11ea-b2f9-c9bbca5d2268,e6a1fa76-8fc0-40e4-9e95-fc2e5084e7b8,v3,,,,"Shota, Shinohara",1000073555,Right,MEI_MEI,145.04077,,,13.09701,,,,16.483981,-40.224928,4.413941,1.652671,-0.793592,-2.528816,-0.803955,1.451309,-1.44052,,,,,,,,,,,,,,,,,,,,,,,,,,,,,,,,,,,,,,,,,,,,,,,,,,,,,
341,2020/8/10,55:47.5,2020/8/10,55:47.5,3,4,"Yu, Takeda",1000073601,Right,MEI_MEI,"Takahisa, Hayakawa",1000073877,Left,WAS_EDA,Undefined,2,Bottom,2,1,2,Fastball,Four-Seam,StrikeSwinging,Strikeout,Undefined,,Undefined,0,0,,145.2554,-1.687224,-2.740393,2215.485164,219.943955,1:15,1.665544,0.78558,1.933068,-45.6036,40.5065,31.5194,0.735392,0.331228,132.18655,-5.120469,-0.496628,0.419065,,,,,,,,,,,,-18.3708,23.1767,-0.726477,15.24,1.625483,1.756402,-39.92271,-1.328255,-3.811208,8.811629,-4.998412,WAS_EDA,MEI_MEI,JinguStadium,TeamExclusive,Team,20200810-JinguStadium-2,233f4a90-dace-11ea-b2f9-c9bbca5d2268,e6a1fa76-8fc0-40e4-9e95-fc2e5084e7b8,v3,,,,"Shota, Shinohara",1000073555,Right,MEI_MEI,144.75072,,,13.06886,,,,16.506325,-40.201239,4.405815,1.664971,-1.17026,-2.499206,-0.783899,1.876871,-1.905604,,,,,,,,,,,,,,,,,,,,,,,,,,,,,,,,71.28004,3.31313,1.563472,1.749658,-0.266214,0.671768,-0.325772,-1.277526,1.9198,-0.215616,22.786428,1.863978,15.246949,-1.232712,15.081274,-0.773548,1.967437,7.818032,-4.501197,-0.203211,9.318169,-0.278829
342,2020/8/10,58:10.9,2020/8/10,58:10.9,1,1,"Takahisa, Hayakawa",1000073877,Left,WAS_EDA,"Yu, Takeda",1000073601,Right,MEI_MEI,Undefined,3,Top,0,0,0,Curveball,Curveball,StrikeCalled,Undefined,Undefined,,Undefined,0,0,,120.11659,2.085953,1.462286,2711.095519,332.937821,5:00,1.690231,-0.34219,1.653361,-167.4469,-38.2094,21.4547,0.611724,0.289906,111.2567,-9.833309,2.967898,0.513392,,,,,,,,,,,,-9.7804,-19.4787,0.300819,15.24,1.732605,-0.939786,-33.052869,0.53433,-1.400019,5.683848,-12.59495,WAS_EDA,MEI_MEI,JinguStadium,TeamExclusive,Team,20200810-JinguStadium-2,78ab45b0-dace-11ea-b2f9-c9bbca5d2268,e6a1fa76-8fc0-40e4-9e95-fc2e5084e7b8,v3,,,,"Hisashige, Iwamoto",1000074023,Right,WAS_EDA,118.15537,,,8.85989,,,,16.788203,-33.318038,2.841924,1.693971,1.121923,-6.297475,0.343139,-0.874471,-0.70001,,,,,,,,,,,,,,,,,,,,,,,,,,,,,,,,,,,,,,,,,,,,,,,,,,,,,
343,2020/8/10,58:21.2,2020/8/10,58:21.2,1,2,"Takahisa, Hayakawa",1000073877,Left,WAS_EDA,"Yu, Takeda",1000073601,Right,MEI_MEI,Undefined,3,Top,0,0,1,Slider,Curveball,BallCalled,Undefined,Undefined,,Undefined,0,0,,127.5335,1.029569,-0.225416,1496.395826,319.981372,4:45,1.622878,-0.409095,1.481885,-152.5208,-35.7469,32.857,0.394711,-0.145552,118.20918,-9.711311,2.059745,0.488009,,,,,,,,,,,,-16.444,-17.4766,0.412311,15.24,1.637942,-0.025794,-35.096205,-0.061804,-2.658776,6.296672,-12.632382,WAS_EDA,MEI_MEI,JinguStadium,TeamExclusive,Team,20200810-JinguStadium-2,7eccf1a0-dace-11ea-b2f9-c9bbca5d2268,e6a1fa76-8fc0-40e4-9e95-fc2e5084e7b8,v3,,,,"Hisashige, Iwamoto",1000074023,Right,WAS_EDA,124.30107,,,9.32432,,,,16.959652,-35.403387,3.148336,1.625925,0.554464,-6.316191,0.410406,0.103914,-1.329388,,,,,,,,,,,,,,,,,,,,,,,,,,,,,,,,,,,,,,,,,,,,,,,,,,,,,
344,2020/8/10,58:31.9,2020/8/10,58:31.9,1,3,"Takahisa, Hayakawa",1000073877,Left,WAS_EDA,"Yu, Takeda",1000073601,Right,MEI_MEI,Undefined,3,Top,0,1,1,Fastball,Four-Seam,InPlay,Undefined,FlyBall,FlyBall,Single,0,0,,147.14346,-0.805384,2.008037,2473.930127,159.506146,11:15,1.692973,-0.399412,1.816742,-38.9778,45.2725,-15.9727,1.075414,0.008629,134.95547,-3.730732,0.878887,0.414515,108.03411,31.569184,-2.819812,3336.510074,33.526578,14.1742,-0.296046,68.361522,,1.154884,3.651486,9.588,24.6074,0.351927,15.24,1.670875,-1.338913,-40.491721,-0.706538,2.065909,8.288138,-4.504525,WAS_EDA,MEI_MEI,JinguStadium,TeamExclusive,Team,20200810-JinguStadium-2,8539fe70-dace-11ea-b2f9-c9bbca5d2268,e6a1fa76-8fc0-40e4-9e95-fc2e5084e7b8,v3,,,,"Hisashige, Iwamoto",1000074023,Right,WAS_EDA,146.33963,14.323476,,12.18799,,,,16.623219,-40.773866,4.144069,1.692316,-0.553196,-2.252263,0.398704,-1.409241,1.032955,0.520195,1.035309,-0.005524,199.889667,0.520206,25.537021,-3.818394,0.936121,-0.184167,0.031029,-0.005121,0.000708,-4.70E-05,1.035323,15.71036,-4.883499,0.136339,0.016327,-0.014173,0.00431,-0.000526,2.20E-05,-0.005529,-1.25766,1.042323,-0.311545,0.071338,-0.013355,0.002053,-0.000241,1.40E-05,,,,,,,,,,,,,,,,,,,,,,
345,2020/8/10,59:11.3,2020/8/10,59:11.3,2,1,"Takahisa, Hayakawa",1000073877,Left,WAS_EDA,"Kaito, Muramatsu",1000073668,Left,MEI_MEI,Undefined,3,Top,0,0,0,Fastball,Four-Seam,BallCalled,Undefined,Undefined,,Undefined,0,0,,148.67654,-2.948791,3.855476,3065.759661,162.153033,11:30,1.6519,-0.438198,1.718341,-29.0598,54.6041,-16.7773,0.520171,0.491988,136.91288,-5.143541,2.680172,0.41307,,,,,,,,,,,,10.9595,30.3511,0.339514,15.24,1.573106,-2.65911,-40.792939,-2.201563,2.409108,7.982728,-3.134904,WAS_EDA,MEI_MEI,JinguStadium,TeamExclusive,Team,20200810-JinguStadium-2,9cb50a90-dace-11ea-b2f9-c9bbca5d2268,e6a1fa76-8fc0-40e4-9e95-fc2e5084e7b8,v3,,,,"Hisashige, Iwamoto",1000074023,Right,WAS_EDA,146.8516,,,11.76366,,,,16.721566,-41.081842,3.991364,1.65073,-2.088107,-1.567452,0.437327,-2.746298,1.204554,,,,,,,,,,,,,,,,,,,,,,,,,,,,,,,,,,,,,,,,,,,,,,,,,,,,,
346,2020/8/10,59:31.7,2020/8/10,59:31.7,2,2,"Takahisa, Hayakawa",1000073877,Left,WAS_EDA,"Kaito, Muramatsu",1000073668,Left,MEI_MEI,Undefined,3,Top,0,1,0,Curveball,Curveball,StrikeCalled,Undefined,Undefined,,Undefined,0,0,,118.21663,2.758127,0.191003,1363.502054,330.202274,5:00,1.664343,-0.35432,1.620068,-172.079,-38.1639,24.1067,0.73317,-0.058614,109.3521,-9.482585,1.879536,0.5226,,,,,,,,,,,,-11.9432,-19.7886,0.346878,15.24,1.725459,-0.21621,-32.522887,0.879371,-1.656731,5.455646,-12.551684,WAS_EDA,MEI_MEI,JinguStadium,TeamExclusive,Team,20200810-JinguStadium-2,a8db3d80-dace-11ea-b2f9-c9bbca5d2268,e6a1fa76-8fc0-40e4-9e95-fc2e5084e7b8,v3,,,,"Hisashige, Iwamoto",1000074023,Right,WAS_EDA,116.0735,,,8.86453,,,,16.821575,-32.78712,2.727823,1.668147,1.487285,-6.275842,0.355406,-0.13597,-0.828365,,,,,,,,,,,,,,,,,,,,,,,,,,,,,,,,,,,,,,,,,,,,,,,,,,,,,
347,2020/8/10,59:53.1,2020/8/10,59:53.1,2,3,"Takahisa, Hayakawa",1000073877,Left,WAS_EDA,"Kaito, Muramatsu",1000073668,Left,MEI_MEI,Undefined,3,Top,0,1,1,Fastball,Four-Seam,FoulBall,Undefined,Undefined,,Undefined,0,0,,145.9735,-2.249108,2.973422,2454.602121,171.084595,11:45,1.70151,-0.34,1.773639,-29.5154,57.0609,-8.5213,0.767808,0.418165,133.51394,-4.504762,2.373605,0.420198,,,,,,,,,,,,6.4608,31.6582,0.266432,15.24,1.643317,-2.039453,-40.094961,-1.667456,1.360329,8.397029,-3.140944,WAS_EDA,MEI_MEI,JinguStadium,TeamExclusive,Team,20200810-JinguStadium-2,b5935030-dace-11ea-b2f9-c9bbca5d2268,e6a1fa76-8fc0-40e4-9e95-fc2e5084e7b8,v3,,,,"Hisashige, Iwamoto",1000074023,Right,WAS_EDA,144.36052,,,12.45956,,,,16.666373,-40.39258,4.198515,1.700444,-1.556131,-1.570472,0.339571,-2.087667,0.680165,,,,,,,,,,,,,,,,,,,,,,,,,,,,,,,,,,,,,,,,,,,,,,,,,,,,,
348,2020/8/10,00:20.9,2020/8/10,00:20.9,2,4,"Takahisa, Hayakawa",1000073877,Left,WAS_EDA,"Kaito, Muramatsu",1000073668,Left,MEI_MEI,Undefined,3,Top,0,1,2,Slider,Slider,StrikeSwinging,Strikeout,Undefined,,Undefined,0,0,,133.45812,0.848891,2.370303,3287.442462,305.724092,4:15,1.652002,-0.420607,1.610047,-113.1214,-8.5119,15.8513,0.763999,0.416767,123.76217,-7.21271,3.476929,0.461892,,,,,,,,,,,,-6.5028,-4.0752,0.353231,15.24,1.66549,-1.597739,-36.716652,0.048062,-1.1579,6.475201,-10.532292,WAS_EDA,MEI_MEI,JinguStadium,TeamExclusive,Team,20200810-JinguStadium-2,c6332460-dace-11ea-b2f9-c9bbca5d2268,e6a1fa76-8fc0-40e4-9e95-fc2e5084e7b8,v3,,,,"Hisashige, Iwamoto",1000074023,Right,WAS_EDA,131.32944,,,9.69595,,,,16.830738,-36.996124,3.2376,1.653606,0.50264,-5.266146,0.421111,-1.547764,-0.57895,,,,,,,,,,,,,,,,,,,,,,,,,,,,,,,,,,,,,,,,,,,,,,,,,,,,,
349,2020/8/10,00:54.2,2020/8/10,00:54.2,3,1,"Takahisa, Hayakawa",1000073877,Left,WAS_EDA,"Yuki, Suyama",1000073581,Left,MEI_MEI,Undefined,3,Top,1,0,0,Fastball,ChangeUp,FoulBall,Undefined,Undefined,,Undefined,0,0,,148.71304,-2.353315,2.644944,1260.700363,158.905345,11:15,1.665016,-0.390856,1.702851,-25.4594,59.4167,-21.7847,0.739531,0.144635,134.69865,-4.333455,1.11701,0.416052,,,,,,,,,,,,13.0426,32.7243,0.323351,15.24,1.601483,-1.765427,-40.798627,-1.748924,2.818439,9.418341,-2.735101,WAS_EDA,MEI_MEI,JinguStadium,TeamExclusive,Team,20200810-JinguStadium-2,da043b50-dace-11ea-b2f9-c9bbca5d2268,e6a1fa76-8fc0-40e4-9e95-fc2e5084e7b8,v3,,,,"Hisashige, Iwamoto",1000074023,Right,WAS_EDA,145.79911,,,14.01439,,,,16.736529,-41.142649,4.709171,1.663541,-1.64902,-1.36755,0.389717,-1.868376,1.40922,,,,,,,,,,,,,,,,,,,,,,,,,,,,,,,,,,,,,,,,,,,,,,,,,,,,,
350,2020/8/10,01:34.4,2020/8/10,01:34.4,3,2,"Takahisa, Hayakawa",1000073877,Left,WAS_EDA,"Yuki, Suyama",1000073581,Left,MEI_MEI,Undefined,3,Top,1,0,1,Slider,Slider,BallCalled,Undefined,Undefined,,Undefined,0,0,,133.23253,1.866854,2.578038,1355.189383,324.010622,4:45,1.642423,-0.435024,1.577334,-124.3318,-17.7756,15.2873,0.93527,0.457756,122.20489,-6.992246,3.642382,0.46617,,,,,,,,,,,,-5.7726,-9.119,0.36042,15.24,1.684025,-1.72618,-36.587155,0.629322,-1.010399,7.101239,-11.402784,WAS_EDA,MEI_MEI,JinguStadium,TeamExclusive,Team,20200810-JinguStadium-2,f1fa91f0-dace-11ea-b2f9-c9bbca5d2268,e6a1fa76-8fc0-40e4-9e95-fc2e5084e7b8,v3,,,,"Hisashige, Iwamoto",1000074023,Right,WAS_EDA,130.12432,,,11.02764,,,,16.862934,-36.900807,3.550619,1.645106,1.132968,-5.701392,0.435677,-1.681552,-0.505199,,,,,,,,,,,,,,,,,,,,,,,,,,,,,,,,,,,,,,,,,,,,,,,,,,,,,
351,2020/8/10,01:56.5,2020/8/10,01:56.5,3,3,"Takahisa, Hayakawa",1000073877,Left,WAS_EDA,"Yuki, Suyama",1000073581,Left,MEI_MEI,Undefined,3,Top,1,1,1,Fastball,ChangeUp,BallCalled,Undefined,Undefined,,Undefined,0,0,,150.36585,-0.50048,3.021274,1240.857041,152.10371,11:00,1.660817,-0.406074,1.730917,-35.8868,47.164,-23.4069,1.159546,0.219087,135.46822,-3.225816,1.377331,0.411554,,,,,,,,,,,,14.1633,25.0935,0.330156,15.24,1.645295,-2.044819,-41.246753,-0.484126,3.114491,9.990782,-4.288604,WAS_EDA,MEI_MEI,JinguStadium,TeamExclusive,Team,20200810-JinguStadium-2,ff2b3000-dace-11ea-b2f9-c9bbca5d2268,e6a1fa76-8fc0-40e4-9e95-fc2e5084e7b8,v3,,,,"Hisashige, Iwamoto",1000074023,Right,WAS_EDA,147.39261,,,14.89762,,,,16.707682,-41.600736,4.995391,1.659756,-0.332177,-2.144303,0.404561,-2.155168,1.557245,,,,,,,,,,,,,,,,,,,,,,,,,,,,,,,,,,,,,,,,,,,,,,,,,,,,,
352,2020/8/10,02:37.4,2020/8/10,02:37.5,3,4,"Takahisa, Hayakawa",1000073877,Left,WAS_EDA,"Yuki, Suyama",1000073581,Left,MEI_MEI,Undefined,3,Top,1,2,1,Slider,Curveball,FoulBall,Undefined,Undefined,,Undefined,0,0,,126.60377,1.978838,0.074855,2938.486405,311.207258,4:15,1.633486,-0.414243,1.61784,-143.6748,-25.2655,33.4385,0.763115,-0.058441,115.21391,-8.301135,2.415495,0.491414,,,,,,,,,,,,-16.727,-13.1378,0.40912,15.24,1.675615,-0.206145,-34.779676,0.593543,-2.614222,7.126556,-11.859921,WAS_EDA,MEI_MEI,JinguStadium,TeamExclusive,Team,20200810-JinguStadium-2,178c2f50-dacf-11ea-b2f9-c9bbca5d2268,e6a1fa76-8fc0-40e4-9e95-fc2e5084e7b8,v3,,,,"Hisashige, Iwamoto",1000074023,Right,WAS_EDA,123.43967,,,11.38987,,,,16.822685,-35.102479,3.563278,1.636563,1.130748,-5.929961,0.415776,-0.087731,-1.307111,,,,,,,,,,,,,,,,,,,,,,,,,,,,,,,,,,,,,,,,,,,,,,,,,,,,,
353,2020/8/10,03:05.9,2020/8/10,03:05.9,3,5,"Takahisa, Hayakawa",1000073877,Left,WAS_EDA,"Yuki, Suyama",1000073581,Left,MEI_MEI,Undefined,3,Top,1,2,2,Cutter,Slider,InPlay,Undefined,GroundBall,GroundBall,Single,0,0,,137.02038,0.3896,1.51212,1336.644343,290.987023,3:45,1.65622,-0.414176,1.666936,-103.1349,-4.3021,18.674,0.736043,0.203991,126.5161,-7.00471,2.821793,0.448957,135.59021,-25.127531,28.433937,,,,,2.468602,,16.764715,0.053917,-8.4778,-1.6726,0.372045,15.24,1.658098,-1.088198,-37.709396,-0.194575,-1.58535,7.140816,-10.119422,WAS_EDA,MEI_MEI,JinguStadium,TeamExclusive,Team,20200810-JinguStadium-2,288e20b0-dacf-11ea-b2f9-c9bbca5d2268,e6a1fa76-8fc0-40e4-9e95-fc2e5084e7b8,v3,,,,"Hisashige, Iwamoto",1000074023,Right,WAS_EDA,135.11304,0.877492,,10.50428,,,,16.773596,-37.998695,3.570408,1.657676,0.215398,-5.059711,0.414831,-1.02397,-0.792675,0.764173,0.877492,-0.134344,,0.764176,29.985356,-5.926696,,,,,,,0.877506,-15.996735,-5.167496,,,,,,,-0.134323,16.231369,-9.90699,,,,,,,,,,,,,,,,,,,,,,,,,,,,
354,2020/8/10,04:03.7,2020/8/10,04:03.7,4,1,"Takahisa, Hayakawa",1000073877,Left,WAS_EDA,"Kazuya, Maruyama ",1000073566,Left,MEI_MEI,Undefined,3,Top,1,0,0,Cutter,Slider,FoulBall,Undefined,Undefined,,Undefined,0,0,,141.20443,-0.043901,1.314843,2462.963049,213.909279,1:15,1.647256,-0.457162,1.716443,-77.8777,15.1699,8.2428,0.855991,-0.000751,129.26513,-5.701116,1.894525,0.435619,,,,,,,,,,,,-3.2325,8.6481,0.422428,15.24,1.640177,-0.934157,-38.830161,-0.362637,-0.63746,7.979229,-8.10121,WAS_EDA,MEI_MEI,JinguStadium,TeamExclusive,Team,20200810-JinguStadium-2,4afd2150-dacf-11ea-b2f9-c9bbca5d2268,e6a1fa76-8fc0-40e4-9e95-fc2e5084e7b8,v3,,,,"Hisashige, Iwamoto",1000074023,Right,WAS_EDA,139.25001,,,11.9393,,,,16.722948,-39.133706,3.989614,1.64811,-0.054452,-4.050605,0.457504,-0.909907,-0.31873,,,,,,,,,,,,,,,,,,,,,,,,,,,,,,,,,,,,,,,,,,,,,,,,,,,,,
355,2020/8/10,04:30.0,2020/8/10,04:30.0,4,2,"Takahisa, Hayakawa",1000073877,Left,WAS_EDA,"Kazuya, Maruyama ",1000073566,Left,MEI_MEI,Undefined,3,Top,1,0,1,Slider,Curveball,StrikeSwinging,Undefined,Undefined,,Undefined,0,0,,127.83513,-0.13217,1.087541,2916.198238,298.648219,4:00,1.647431,-0.420133,1.603296,-135.3074,-17.8611,40.5493,0.256502,0.296823,115.87052,-9.795025,3.926078,0.489412,,,,,,,,,,,,-19.3567,-7.6073,0.38604,15.24,1.63178,-0.864722,-35.085623,-0.658625,-3.046757,7.873814,-11.004041,WAS_EDA,MEI_MEI,JinguStadium,TeamExclusive,Team,20200810-JinguStadium-2,5aa946b0-dacf-11ea-b2f9-c9bbca5d2268,e6a1fa76-8fc0-40e4-9e95-fc2e5084e7b8,v3,,,,"Hisashige, Iwamoto",1000074023,Right,WAS_EDA,123.94472,,,11.96461,,,,16.836607,-35.442118,3.936907,1.650321,-0.160407,-5.50202,0.422068,-0.726777,-1.523379,,,,,,,,,,,,,,,,,,,,,,,,,,,,,,,,,,,,,,,,,,,,,,,,,,,,,
356,2020/8/10,04:56.4,2020/8/10,04:56.4,4,3,"Takahisa, Hayakawa",1000073877,Left,WAS_EDA,"Kazuya, Maruyama ",1000073566,Left,MEI_MEI,Undefined,3,Top,1,0,2,Fastball,Four-Seam,StrikeSwinging,Strikeout,Undefined,,Undefined,0,0,,148.01688,-2.713722,2.648927,2469.091659,160.685154,11:15,1.708978,-0.308389,1.717285,-28.8305,57.7176,-19.0677,0.647574,0.254741,132.68027,-4.9544,1.310338,0.42013,,,,,,,,,,,,11.8069,32.3432,0.241142,15.24,1.636402,-1.76876,-40.539124,-2.002427,2.490927,10.195856,-2.983138,WAS_EDA,MEI_MEI,JinguStadium,TeamExclusive,Team,20200810-JinguStadium-2,6a5a2700-dacf-11ea-b2f9-c9bbca5d2268,e6a1fa76-8fc0-40e4-9e95-fc2e5084e7b8,v3,,,,"Hisashige, Iwamoto",1000074023,Right,WAS_EDA,144.38397,,,15.33662,,,,16.721027,-40.909916,5.097928,1.707251,-1.89394,-1.491569,0.307113,-1.859348,1.245463,,,,,,,,,,,,,,,,,,,,,,,,,,,,,,,,,,,,,,,,,,,,,,,,,,,,,
357,2020/8/10,05:30.1,2020/8/10,05:30.1,5,1,"Takahisa, Hayakawa",1000073877,Left,WAS_EDA,"Hibiki, Kuge",1000073674,Right,MEI_MEI,Undefined,3,Top,2,0,0,Cutter,Slider,FoulBall,Undefined,Undefined,,Undefined,0,0,,141.86836,-1.762521,1.152737,1317.951085,200.09097,12:45,1.653472,-0.401362,1.7222,-75.2998,16.666,5.0627,0.399162,-0.022988,130.49356,-7.213244,1.509248,0.43308,,,,,,,,,,,,-1.7903,10.501,0.37118,15.24,1.602155,-0.810566,-39.016634,-1.519996,-0.357069,7.924371,-7.712209,WAS_EDA,MEI_MEI,JinguStadium,TeamExclusive,Team,20200810-JinguStadium-2,7e80d800-dacf-11ea-b2f9-c9bbca5d2268,e6a1fa76-8fc0-40e4-9e95-fc2e5084e7b8,v3,,,,"Hisashige, Iwamoto",1000074023,Right,WAS_EDA,140.06662,,,11.3748,,,,16.717849,-39.315643,3.962186,1.654019,-1.228993,-3.856105,0.401511,-0.797093,-0.178534,,,,,,,,,,,,,,,,,,,,,,,,,,,,,,,,,,,,,,,,,,,,,,,,,,,,,
358,2020/8/10,05:55.7,2020/8/10,05:55.7,5,2,"Takahisa, Hayakawa",1000073877,Left,WAS_EDA,"Hibiki, Kuge",1000073674,Right,MEI_MEI,Undefined,3,Top,2,0,1,Fastball,Four-Seam,StrikeSwinging,Undefined,Undefined,,Undefined,0,0,,150.60025,-2.825232,1.324218,2501.579771,156.986957,11:15,1.73031,-0.307135,1.656036,-31.2276,51.5493,-20.7323,0.610739,-0.136411,137.24425,-5.182373,-0.127964,0.410874,,,,,,,,,,,,11.3467,28.749,0.273152,15.24,1.651504,-0.837789,-41.341271,-2.149948,2.531814,9.19664,-3.391805,WAS_EDA,MEI_MEI,JinguStadium,TeamExclusive,Team,20200810-JinguStadium-2,8db33980-dacf-11ea-b2f9-c9bbca5d2268,e6a1fa76-8fc0-40e4-9e95-fc2e5084e7b8,v3,,,,"Hisashige, Iwamoto",1000074023,Right,WAS_EDA,147.63637,,,13.35599,,,,16.783249,-41.683163,4.59832,1.729086,-2.023855,-1.695903,0.306047,-0.931911,1.265907,,,,,,,,,,,,,,,,,,,,,,,,,,,,,,,,,,,,,,,,,,,,,,,,,,,,,
359,2020/8/10,06:22.2,2020/8/10,06:22.2,5,3,"Takahisa, Hayakawa",1000073877,Left,WAS_EDA,"Hibiki, Kuge",1000073674,Right,MEI_MEI,Undefined,3,Top,2,0,2,Fastball,Four-Seam,StrikeSwinging,Strikeout,Undefined,,Undefined,0,0,,151.85615,-2.097069,0.272725,2504.757576,163.79109,11:30,1.721684,-0.306739,1.637063,-29.7562,51.6342,-14.2432,0.824574,-0.371234,138.48423,-4.347584,-0.72397,0.407419,,,,,,,,,,,,7.3225,28.1688,0.300531,15.24,1.661966,-0.116486,-41.719618,-1.632232,1.665906,9.263937,-3.398122,WAS_EDA,MEI_MEI,JinguStadium,TeamExclusive,Team,20200810-JinguStadium-2,9d7d6e30-dacf-11ea-b2f9-c9bbca5d2268,e6a1fa76-8fc0-40e4-9e95-fc2e5084e7b8,v3,,,,"Hisashige, Iwamoto",1000074023,Right,WAS_EDA,148.88851,,,13.37192,,,,16.80224,-42.065086,4.631968,1.720472,-1.50551,-1.699061,0.306034,-0.17861,0.832953,,,,,,,,,,,,,,,,,,,,,,,,,,,,,,,,72.37442,3.547926,1.868288,1.679639,-0.384391,0.761517,0.381902,-0.985348,1.720145,1.172626,23.758073,0.492046,-14.274966,-0.963869,15.607493,-0.533067,1.746989,6.608401,-4.385109,1.147,-10.224303,0.625283
360,2020/8/10,09:12.7,2020/8/10,09:12.7,1,1,"Yu, Takeda",1000073601,Right,MEI_MEI,"Toyo, Kumada",1000089879,Left,WAS_EDA,Undefined,3,Bottom,0,0,0,Fastball,Sinker,BallCalled,Undefined,Undefined,,Undefined,0,0,,144.15085,-2.878803,-3.641301,2258.973473,222.213907,1:30,1.652178,0.795987,1.951397,-48.657,37.3247,31.6624,0.35642,0.090644,133.64199,-6.4859,-1.387253,0.418753,,,,,,,,,,,,-18.7717,22.0299,-0.718053,15.24,1.586395,2.375017,-39.627752,-2.164426,-3.909453,7.221392,-5.218651,WAS_EDA,MEI_MEI,JinguStadium,TeamExclusive,Team,20200810-JinguStadium-2,032c9e90-dad0-11ea-b2f9-c9bbca5d2268,e6a1fa76-8fc0-40e4-9e95-fc2e5084e7b8,v3,,,,"Shota, Shinohara",1000073555,Right,MEI_MEI,144.85879,,,10.50886,,,,16.488925,-39.854694,3.610696,1.651838,-2.000422,-2.609325,-0.794621,2.497877,-1.954727,,,,,,,,,,,,,,,,,,,,,,,,,,,,,,,,,,,,,,,,,,,,,,,,,,,,,
361,2020/8/10,09:24.7,2020/8/10,09:24.7,1,2,"Yu, Takeda",1000073601,Right,MEI_MEI,"Toyo, Kumada",1000089879,Left,WAS_EDA,Undefined,3,Bottom,0,1,0,Fastball,Four-Seam,StrikeCalled,Undefined,Undefined,,Undefined,0,0,,144.76497,-1.265439,-2.566984,2174.874749,211.403906,1:00,1.643633,0.795639,1.896961,-41.5005,44.8828,25.774,0.872331,0.330978,132.62964,-4.389179,-0.736582,0.41973,,,,,,,,,,,,-14.9929,24.8833,-0.738526,15.24,1.61219,1.656345,-39.817228,-1.015195,-3.120617,8.093797,-4.627425,WAS_EDA,MEI_MEI,JinguStadium,TeamExclusive,Team,20200810-JinguStadium-2,0a4e0740-dad0-11ea-b2f9-c9bbca5d2268,e6a1fa76-8fc0-40e4-9e95-fc2e5084e7b8,v3,,,,"Shota, Shinohara",1000073555,Right,MEI_MEI,144.52165,,,12.13533,,,,16.542393,-40.081096,4.046898,1.642828,-0.864336,-2.313713,-0.794184,1.758081,-1.560308,,,,,,,,,,,,,,,,,,,,,,,,,,,,,,,,,,,,,,,,,,,,,,,,,,,,,
362,2020/8/10,09:39.0,2020/8/10,09:39.1,1,3,"Yu, Takeda",1000073601,Right,MEI_MEI,"Toyo, Kumada",1000089879,Left,WAS_EDA,Undefined,3,Bottom,0,1,1,Slider,Slider,InPlay,Undefined,GroundBall,,Out,1,0,,133.075,-0.589346,-2.996609,2204.768776,250.043435,2:15,1.667957,0.778787,1.765944,-97.6369,5.1443,6.6486,0.524264,-0.005097,124.04472,-7.614042,-2.528005,0.457838,,,,,,,,,,,,-5.2118,3.7553,-0.704099,15.24,1.646015,1.887171,-36.631142,-0.76747,-0.928558,6.09214,-9.137601,WAS_EDA,MEI_MEI,JinguStadium,TeamExclusive,Team,20200810-JinguStadium-2,12dce2a0-dad0-11ea-b2f9-c9bbca5d2268,e6a1fa76-8fc0-40e4-9e95-fc2e5084e7b8,v3,,,,"Shota, Shinohara",1000073555,Right,MEI_MEI,132.49239,,,9.03027,,,,16.674699,-36.868975,3.04607,1.669014,-0.410743,-4.568801,-0.778481,1.923421,-0.464279,,,,,,,,,,,,,,,,,,,,,,,,,,,,,,,,,,,,,,,,,,,,,,,,,,,,,
363,2020/8/10,10:17.2,2020/8/10,10:17.2,2,1,"Yu, Takeda",1000073601,Right,MEI_MEI,"Ginsuke, Kaneko",1000073884,Right,WAS_EDA,Undefined,3,Bottom,1,0,0,Fastball,Four-Seam,StrikeSwinging,Undefined,Undefined,,Undefined,0,0,,144.67868,-1.082493,-4.672363,2245.42039,203.954259,12:45,1.652809,0.826428,1.895624,-41.144,46.121,19.2366,0.935861,-0.298252,131.88266,-4.18813,-3.312331,0.421866,,,,,,,,,,,,-13.2482,25.4761,-0.720721,15.24,1.625502,3.148055,-39.687094,-0.883709,-2.726772,8.404189,-4.563104,WAS_EDA,MEI_MEI,JinguStadium,TeamExclusive,Team,20200810-JinguStadium-2,299ae050-dad0-11ea-b2f9-c9bbca5d2268,e6a1fa76-8fc0-40e4-9e95-fc2e5084e7b8,v3,,,,"Shota, Shinohara",1000073555,Right,MEI_MEI,143.78966,,,12.79603,,,,16.543652,-39.962203,4.202094,1.651985,-0.734336,-2.281552,-0.825233,3.237316,-1.363386,,,,,,,,,,,,,,,,,,,,,,,,,,,,,,,,,,,,,,,,,,,,,,,,,,,,,
364,2020/8/10,10:27.3,2020/8/10,10:27.3,2,2,"Yu, Takeda",1000073601,Right,MEI_MEI,"Ginsuke, Kaneko",1000073884,Right,WAS_EDA,Undefined,3,Bottom,1,0,1,Fastball,Four-Seam,FoulBall,Undefined,Undefined,,Undefined,0,0,,143.66836,-1.218808,-4.086375,2230.824468,204.147693,12:45,1.634836,0.788135,1.894724,-44.3221,44.4646,18.5917,0.847875,-0.177279,130.46268,-4.561472,-2.770051,0.425528,,,,,,,,,,,,-12.7077,24.8435,-0.695808,15.24,1.604267,2.725934,-39.425077,-0.985876,-2.567348,8.702509,-4.78749,WAS_EDA,MEI_MEI,JinguStadium,TeamExclusive,Team,20200810-JinguStadium-2,2fa1ff60-dad0-11ea-b2f9-c9bbca5d2268,e6a1fa76-8fc0-40e4-9e95-fc2e5084e7b8,v3,,,,"Shota, Shinohara",1000073555,Right,MEI_MEI,142.55218,,,13.20568,,,,16.54466,-39.712018,4.351254,1.634171,-0.828022,-2.393745,-0.787083,2.810585,-1.283674,,,,,,,,,,,,,,,,,,,,,,,,,,,,,,,,,,,,,,,,,,,,,,,,,,,,,
365,2020/8/10,10:46.6,2020/8/10,10:46.6,2,3,"Yu, Takeda",1000073601,Right,MEI_MEI,"Ginsuke, Kaneko",1000073884,Right,WAS_EDA,Undefined,3,Bottom,1,0,2,Slider,Slider,BallCalled,Undefined,Undefined,,Undefined,0,0,,135.27838,-1.149256,-4.206088,2349.472384,118.005703,10:00,1.645271,0.780629,1.763063,-95.4802,6.2571,-5.5743,0.363652,-0.469976,123.93722,-8.040757,-4.597815,0.455507,,,,,,,,,,,,-0.2858,5.0298,-0.674388,15.24,1.609448,2.755458,-37.10388,-1.133642,-0.051199,7.635425,-8.905645,WAS_EDA,MEI_MEI,JinguStadium,TeamExclusive,Team,20200810-JinguStadium-2,3b267410-dad0-11ea-b2f9-c9bbca5d2268,e6a1fa76-8fc0-40e4-9e95-fc2e5084e7b8,v3,,,,"Shota, Shinohara",1000073555,Right,MEI_MEI,133.17039,,,11.34116,,,,16.676648,-37.398352,3.817712,1.646545,-0.790182,-4.452823,-0.780695,2.757432,-0.025599,,,,,,,,,,,,,,,,,,,,,,,,,,,,,,,,,,,,,,,,,,,,,,,,,,,,,
366,2020/8/10,11:01.7,2020/8/10,11:01.6,2,4,"Yu, Takeda",1000073601,Right,MEI_MEI,"Ginsuke, Kaneko",1000073884,Right,WAS_EDA,Undefined,3,Bottom,1,1,2,Cutter,Slider,InPlay,Undefined,FlyBall,LineDrive,Out,1,0,,136.85463,-0.337436,-3.033286,2348.966637,209.444025,1:00,1.674806,0.795811,1.791157,-88.7183,8.8918,3.4267,0.691967,-0.029382,126.43006,-6.762315,-2.791545,0.446172,141.99682,20.060178,-5.029704,1567.294234,33.467641,9.838528,-2.010611,87.206868,,-2.428899,3.30354,-3.7533,5.5853,-0.721287,15.24,1.660252,1.978655,-37.64435,-0.578793,-0.700585,7.000983,-8.764102,WAS_EDA,MEI_MEI,JinguStadium,TeamExclusive,Team,20200810-JinguStadium-2,44128aa0-dad0-11ea-b2f9-c9bbca5d2268,e6a1fa76-8fc0-40e4-9e95-fc2e5084e7b8,v3,,,,"Shota, Shinohara",1000073555,Right,MEI_MEI,135.95663,11.081393,,10.42457,,,,16.649131,-37.90551,3.500491,1.675745,-0.251862,-4.382051,-0.795585,2.004789,-0.350292,0.467304,0.657264,0.03769,207.653631,0.467304,36.907945,-5.610198,1.21026,-0.234461,0.039427,-0.005849,0.000673,-3.90E-05,0.657264,13.529427,-4.574456,0.095651,0.027917,-0.012821,0.003303,-0.000398,1.80E-05,0.037685,-3.248119,1.740509,-0.657731,0.1797,-0.040126,0.006736,-0.000753,4.10E-05,,,,,,,,,,,,,,,,,,,,,,
367,2020/8/10,11:35.8,2020/8/10,11:35.8,3,1,"Yu, Takeda",1000073601,Right,MEI_MEI,"Takuya, Nakagawa",1000074092,Left,WAS_EDA,Undefined,3,Bottom,2,0,0,Curveball,Curveball,InPlay,Undefined,GroundBall,GroundBall,Out,1,0,,114.66289,3.016648,-1.31905,2085.181236,24.795597,6:45,1.69556,0.712875,1.774419,-183.0858,-41.1449,-21.2256,0.720549,0.126773,104.69446,-10.163156,-2.818931,0.538032,153.11544,5.969546,-10.69334,1112.419237,,,,29.949268,,-12.713809,0.774494,9.7322,-21.9191,-0.678493,15.24,1.757911,0.813595,-31.505972,0.998147,1.245518,5.950359,-12.611842,WAS_EDA,MEI_MEI,JinguStadium,TeamExclusive,Team,20200810-JinguStadium-2,5871b0c0-dad0-11ea-b2f9-c9bbca5d2268,e6a1fa76-8fc0-40e4-9e95-fc2e5084e7b8,v3,,,,"Shota, Shinohara",1000073555,Right,MEI_MEI,112.74416,1.336877,,9.96844,,,,16.666752,-31.774292,2.97518,1.700079,1.566854,-6.305921,-0.713914,0.757431,0.622759,0.154783,0.657335,-0.10579,42.247875,0.154783,41.566822,-5.694664,0.712108,-0.163462,0.06851,-0.068379,0.051176,-0.016128,0.657337,4.422939,-7.466998,0.82653,0.39509,-0.97033,0.986521,-0.519997,0.111743,-0.10579,-7.849089,-0.718642,0.081143,-0.086152,0.129893,-0.129723,0.070901,-0.016145,,,,,,,,,,,,,,,,,,,,,,
368,2020/8/10,13:29.1,2020/8/10,13:29.1,1,1,"Takahisa, Hayakawa",1000073877,Left,WAS_EDA,"Fuma, Shimizu",1000073553,Right,MEI_MEI,Undefined,4,Top,0,0,0,Fastball,Four-Seam,BallCalled,Undefined,Undefined,,Undefined,0,0,,147.18297,-1.100201,1.176127,2488.453164,155.288331,11:15,1.678056,-0.39176,1.665315,-34.5286,52.0502,-22.6289,1.018805,-0.282482,133.71181,-3.711015,-0.409764,0.420204,,,,,,,,,,,,12.2308,27.8468,0.362107,15.24,1.64582,-0.704759,-40.438415,-0.8969,2.604674,9.000558,-3.876377,WAS_EDA,MEI_MEI,JinguStadium,TeamExclusive,Team,20200810-JinguStadium-2,9bf7c320-dad0-11ea-b2f9-c9bbca5d2268,e6a1fa76-8fc0-40e4-9e95-fc2e5084e7b8,v3,,,,"Hisashige, Iwamoto",1000074023,Right,WAS_EDA,144.35839,,,13.47116,,,,16.773885,-40.778389,4.500279,1.676932,-0.750479,-1.938188,0.390585,-0.803144,1.302337,,,,,,,,,,,,,,,,,,,,,,,,,,,,,,,,,,,,,,,,,,,,,,,,,,,,,
369,2020/8/10,13:40.1,2020/8/10,13:40.1,1,2,"Takahisa, Hayakawa",1000073877,Left,WAS_EDA,"Fuma, Shimizu",1000073553,Right,MEI_MEI,Undefined,4,Top,0,1,0,ChangeUp,ChangeUp,BallCalled,Undefined,Undefined,,Undefined,0,0,,138.029,0.0921,1.205131,1466.131068,148.220785,11:00,1.675382,-0.364272,1.665005,-60.8074,37.2866,-21.1607,1.093588,-0.232028,125.93133,-4.375748,-0.277978,0.447276,,,,,,,,,,,,11.5132,19.6555,0.333725,15.24,1.672943,-0.689147,-37.943368,-0.180124,2.165933,7.684355,-6.108925,WAS_EDA,MEI_MEI,JinguStadium,TeamExclusive,Team,20200810-JinguStadium-2,a28aa770-dad0-11ea-b2f9-c9bbca5d2268,e6a1fa76-8fc0-40e4-9e95-fc2e5084e7b8,v3,,,,"Hisashige, Iwamoto",1000074023,Right,WAS_EDA,135.62088,,,12.09767,,,,16.774374,-38.25285,3.842178,1.675243,0.065909,-3.054462,0.363236,-0.776379,1.082966,,,,,,,,,,,,,,,,,,,,,,,,,,,,,,,,,,,,,,,,,,,,,,,,,,,,,
370,2020/8/10,13:52.8,2020/8/10,13:52.7,1,3,"Takahisa, Hayakawa",1000073877,Left,WAS_EDA,"Fuma, Shimizu",1000073553,Right,MEI_MEI,Undefined,4,Top,0,2,0,Slider,Curveball,BallCalled,Undefined,Undefined,,Undefined,0,0,,127.87402,2.887142,0.523263,2787.41368,286.929488,3:30,1.632607,-0.402249,1.517466,-127.2882,-8.2027,41.683,1.191541,0.16521,114.56461,-6.245751,3.417289,0.492815,,,,,,,,,,,,-19.9555,-5.1111,0.382617,15.24,1.705248,-0.537055,-35.018006,1.203429,-3.128291,7.854725,-10.607887,WAS_EDA,MEI_MEI,JinguStadium,TeamExclusive,Team,20200810-JinguStadium-2,aa0e7b70-dad0-11ea-b2f9-c9bbca5d2268,e6a1fa76-8fc0-40e4-9e95-fc2e5084e7b8,v3,,,,"Hisashige, Iwamoto",1000074023,Right,WAS_EDA,123.08869,,,13.30941,,,,16.921559,-35.393179,3.927362,1.635667,1.710104,-5.303944,0.404701,-0.387635,-1.564146,,,,,,,,,,,,,,,,,,,,,,,,,,,,,,,,,,,,,,,,,,,,,,,,,,,,,
371,2020/8/10,14:08.1,2020/8/10,14:08.1,1,4,"Takahisa, Hayakawa",1000073877,Left,WAS_EDA,"Fuma, Shimizu",1000073553,Right,MEI_MEI,Undefined,4,Top,0,3,0,Fastball,Four-Seam,StrikeCalled,Undefined,Undefined,,Undefined,0,0,,149.76609,-3.035423,2.1104,2463.457836,155.475964,11:15,1.6692,-0.411897,1.753304,-22.8085,60.2828,-26.1947,0.578456,-0.07477,135.85977,-4.826602,0.26619,0.411654,,,,,,,,,,,,14.8807,33.7677,0.36043,15.24,1.590701,-1.371556,-41.095638,-2.234563,3.266656,9.452946,-2.393877,WAS_EDA,MEI_MEI,JinguStadium,TeamExclusive,Team,20200810-JinguStadium-2,b33b1d70-dad0-11ea-b2f9-c9bbca5d2268,e6a1fa76-8fc0-40e4-9e95-fc2e5084e7b8,v3,,,,"Hisashige, Iwamoto",1000074023,Right,WAS_EDA,147.35675,,,13.90632,,,,16.686019,-41.42692,4.726473,1.667542,-2.150669,-1.196939,0.410503,-1.486037,1.633328,,,,,,,,,,,,,,,,,,,,,,,,,,,,,,,,,,,,,,,,,,,,,,,,,,,,,
372,2020/8/10,14:18.7,2020/8/10,14:18.7,1,5,"Takahisa, Hayakawa",1000073877,Left,WAS_EDA,"Fuma, Shimizu",1000073553,Right,MEI_MEI,Undefined,4,Top,0,3,1,Fastball,Four-Seam,BallCalled,Walk,Undefined,,Undefined,0,0,,150.15492,-2.335892,3.509487,1632.229827,158.004916,11:15,1.650427,-0.387413,1.757424,-21.1918,62.295,-23.9045,0.774281,0.370315,134.83167,-4.037302,1.829614,0.412632,,,,,,,,,,,,14.9097,34.327,0.300495,15.24,1.589845,-2.388138,-41.129001,-1.717866,3.248596,10.220721,-2.327344,WAS_EDA,MEI_MEI,JinguStadium,TeamExclusive,Team,20200810-JinguStadium-2,b98734c0-dad0-11ea-b2f9-c9bbca5d2268,e6a1fa76-8fc0-40e4-9e95-fc2e5084e7b8,v3,,,,"Hisashige, Iwamoto",1000074023,Right,WAS_EDA,147.00732,,,15.32325,,,,16.681049,-41.485562,5.11036,1.648358,-1.636674,-1.163672,0.385784,-2.501469,1.624298,,,,,,,,,,,,,,,,,,,,,,,,,,,,,,,,,,,,,,,,,,,,,,,,,,,,,
373,2020/8/10,15:09.8,2020/8/10,15:09.8,2,1,"Takahisa, Hayakawa",1000073877,Left,WAS_EDA,"Shota, Shinohara",1000073555,Right,MEI_MEI,Undefined,4,Top,0,0,0,Fastball,Four-Seam,InPlay,Undefined,Bunt,,Sacrifice,1,0,,149.00627,-1.255645,2.536415,2319.038134,156.080946,11:15,1.66146,-0.439338,1.718919,-27.2475,57.5031,-24.1487,1.031549,0.040848,134.12682,-3.378113,0.840599,0.415744,,,,,,,,,,,,14.4201,31.1846,0.375589,15.24,1.627035,-1.681919,-40.892574,-0.977495,3.108725,10.029586,-3.083782,WAS_EDA,MEI_MEI,JinguStadium,TeamExclusive,Team,20200810-JinguStadium-2,d7f98c50-dad0-11ea-b2f9-c9bbca5d2268,e6a1fa76-8fc0-40e4-9e95-fc2e5084e7b8,v3,,,,"Hisashige, Iwamoto",1000074023,Right,WAS_EDA,145.90711,,,14.87945,,,,16.720689,-41.25414,5.014793,1.66027,-0.866325,-1.541891,0.438242,-1.793988,1.554362,,,,,,,,,,,,,,,,,,,,,,,,,,,,,,,,,,,,,,,,,,,,,,,,,,,,,
374,2020/8/10,15:48.5,2020/8/10,15:48.5,3,1,"Takahisa, Hayakawa",1000073877,Left,WAS_EDA,"Nishikawa, Rei",1000089818,Right,MEI_MEI,Undefined,4,Top,1,0,0,Fastball,Four-Seam,FoulBall,Undefined,Undefined,,Undefined,0,0,,149.26338,-1.342968,1.866313,2508.792706,156.536106,11:15,1.669142,-0.391147,1.734364,-29.983,53.4935,-22.0176,0.987543,-0.080973,135.63306,-3.637676,0.317506,0.412607,,,,,,,,,,,,12.4443,28.8593,0.344935,15.24,1.632469,-1.213672,-41.006174,-1.053537,2.727318,9.187346,-3.481792,WAS_EDA,MEI_MEI,JinguStadium,TeamExclusive,Team,20200810-JinguStadium-2,ef0f1fe0-dad0-11ea-b2f9-c9bbca5d2268,e6a1fa76-8fc0-40e4-9e95-fc2e5084e7b8,v3,,,,"Hisashige, Iwamoto",1000074023,Right,WAS_EDA,147.01641,,,13.63032,,,,16.704571,-41.333006,4.593673,1.667744,-0.929675,-1.740896,0.389836,-1.310694,1.363659,,,,,,,,,,,,,,,,,,,,,,,,,,,,,,,,,,,,,,,,,,,,,,,,,,,,,
375,2020/8/10,16:11.8,2020/8/10,16:11.8,3,2,"Takahisa, Hayakawa",1000073877,Left,WAS_EDA,"Nishikawa, Rei",1000089818,Right,MEI_MEI,Undefined,4,Top,1,0,1,ChangeUp,ChangeUp,BallCalled,Undefined,Undefined,,Undefined,0,0,,132.20919,-1.854932,1.408413,1774.767328,124.715001,10:15,1.60887,-0.424298,1.918677,-75.5101,27.2007,-34.9436,0.332467,-0.378098,122.39688,-7.391783,-1.082519,0.457681,,,,,,,,,,,,19.1703,16.2953,0.39472,15.24,1.562882,-0.744661,-36.411859,-1.441805,3.350194,6.503593,-6.958883,WAS_EDA,MEI_MEI,JinguStadium,TeamExclusive,Team,20200810-JinguStadium-2,fcf8adb0-dad0-11ea-b2f9-c9bbca5d2268,e6a1fa76-8fc0-40e4-9e95-fc2e5084e7b8,v3,,,,"Hisashige, Iwamoto",1000074023,Right,WAS_EDA,132.53777,,,9.8123,,,,16.521576,-36.640049,3.251797,1.609187,-1.19764,-3.479442,0.42291,-0.862208,1.675097,,,,,,,,,,,,,,,,,,,,,,,,,,,,,,,,,,,,,,,,,,,,,,,,,,,,,
376,2020/8/10,16:30.5,2020/8/10,16:30.5,3,3,"Takahisa, Hayakawa",1000073877,Left,WAS_EDA,"Nishikawa, Rei",1000089818,Right,MEI_MEI,Undefined,4,Top,1,1,1,Cutter,Slider,StrikeSwinging,Undefined,Undefined,,Undefined,0,0,,139.82529,-1.392797,0.993344,2501.336194,233.202426,1:45,1.638433,-0.38419,1.723719,-79.8589,13.5953,14.8426,0.443797,0.046628,130.22127,-7.141339,2.038653,0.43657,,,,,,,,,,,,-6.9912,8.5056,0.357388,15.24,1.596329,-0.740889,-38.513984,-1.27477,-1.376691,6.746249,-8.131737,WAS_EDA,MEI_MEI,JinguStadium,TeamExclusive,Team,20200810-JinguStadium-2,0815d510-dad1-11ea-b2f9-c9bbca5d2268,e6a1fa76-8fc0-40e4-9e95-fc2e5084e7b8,v3,,,,"Hisashige, Iwamoto",1000074023,Right,WAS_EDA,138.94674,,,9.60402,,,,16.716715,-38.771788,3.373124,1.639106,-0.964021,-4.065868,0.384695,-0.68828,-0.688346,,,,,,,,,,,,,,,,,,,,,,,,,,,,,,,,,,,,,,,,,,,,,,,,,,,,,
377,2020/8/10,16:55.4,2020/8/10,16:55.3,3,4,"Takahisa, Hayakawa",1000073877,Left,WAS_EDA,"Nishikawa, Rei",1000089818,Right,MEI_MEI,Undefined,4,Top,1,1,2,Cutter,Slider,StrikeSwinging,Strikeout,Undefined,,Undefined,0,0,,138.01108,-1.405292,1.202451,1282.212371,261.679067,2:45,1.635685,-0.416061,1.689048,-91.7305,4.9587,15.6691,0.317899,0.08321,128.31994,-7.97531,2.304133,0.444062,,,,,,,,,,,,-7.2293,4.1567,0.383003,15.24,1.591161,-0.87476,-37.995948,-1.327925,-1.380251,6.844343,-9.013022,WAS_EDA,MEI_MEI,JinguStadium,TeamExclusive,Team,20200810-JinguStadium-2,16ebe5c0-dad1-11ea-b2f9-c9bbca5d2268,e6a1fa76-8fc0-40e4-9e95-fc2e5084e7b8,v3,,,,"Hisashige, Iwamoto",1000074023,Right,WAS_EDA,136.60259,,,9.69114,,,,16.751446,-38.267241,3.422172,1.636716,-0.970671,-4.506511,0.416592,-0.82005,-0.690126,,,,,,,,,,,,,,,,,,,,,,,,,,,,,,,,,,,,,,,,,,,,,,,,,,,,,
378,2020/8/10,17:33.1,2020/8/10,17:33.1,4,1,"Takahisa, Hayakawa",1000073877,Left,WAS_EDA,"Kotaro, Nishiyama",1000073665,Left,MEI_MEI,Undefined,4,Top,2,0,0,Cutter,Slider,FoulBall,Undefined,Undefined,Popup,Undefined,0,0,,137.60324,-0.81104,1.84685,1333.693061,249.430785,2:15,1.631424,-0.379306,1.65416,-89.8817,7.5442,13.1715,0.500944,0.279811,128.12264,-7.24256,2.769811,0.445751,97.35393,38.82422,-41.835756,5155.466953,22.782782,14.267111,-24.598128,56.326297,,-51.270438,3.569431,-5.5768,5.0307,0.32824,15.24,1.601909,-1.286932,-37.884902,-0.927845,-1.06188,6.576061,-8.84875,WAS_EDA,MEI_MEI,JinguStadium,TeamExclusive,Team,20200810-JinguStadium-2,2d64eb30-dad1-11ea-b2f9-c9bbca5d2268,e6a1fa76-8fc0-40e4-9e95-fc2e5084e7b8,v3,,,,"Hisashige, Iwamoto",1000074023,Right,WAS_EDA,136.08507,14.388145,,9.4806,,,,16.786414,-38.152385,3.28803,1.632329,-0.567921,-4.424375,0.379707,-1.24374,-0.53094,0.657059,0.484219,-0.258994,141.585934,0.657098,15.695123,-2.844162,0.510208,-0.048683,-0.009193,0.003869,-0.000525,2.70E-05,0.484162,16.956596,-5.733538,0.496145,-0.147098,0.043973,-0.009776,0.001442,-9.70E-05,-0.258949,-14.054486,0.771261,-0.174178,0.06836,-0.026134,0.0073,-0.001145,7.50E-05,,,,,,,,,,,,,,,,,,,,,,
379,2020/8/10,18:37.2,2020/8/10,18:37.2,4,2,"Takahisa, Hayakawa",1000073877,Left,WAS_EDA,"Kotaro, Nishiyama",1000073665,Left,MEI_MEI,Undefined,4,Top,2,0,1,Slider,Curveball,InPlay,Undefined,FlyBall,LineDrive,Out,1,0,,128.26972,1.916082,0.512462,2913.002097,310.711326,4:15,1.637614,-0.398997,1.504022,-142.6594,-25.664,34.4375,0.763252,0.093018,116.71776,-8.218734,2.905993,0.488471,132.08961,28.057362,-1.78387,3009.458747,33.372701,15.237353,-3.22303,90.97591,,-10.92833,4.232094,-16.6728,-13.1746,0.380161,15.24,1.680069,-0.488996,-35.215334,0.537064,-2.672352,7.285794,-11.918302,WAS_EDA,MEI_MEI,JinguStadium,TeamExclusive,Team,20200810-JinguStadium-2,53953990-dad1-11ea-b2f9-c9bbca5d2268,e6a1fa76-8fc0-40e4-9e95-fc2e5084e7b8,v3,,,,"Hisashige, Iwamoto",1000074023,Right,WAS_EDA,124.18336,17.934355,,11.55196,,,,16.936511,-35.564597,3.642897,1.64063,1.108399,-5.959151,0.400532,-0.36089,-1.336176,0.567478,0.773473,-0.085313,150.518217,0.56744,32.364178,-5.694521,1.327269,-0.241845,0.034053,-0.003856,0.000342,-1.60E-05,0.773603,17.255771,-4.463049,0.042886,0.009413,0.001901,-0.001443,0.000339,-2.60E-05,-0.085349,-1.007541,-1.783338,0.499179,-0.098128,0.012473,-0.000743,-1.20E-05,3.00E-06,,,,,,,,,,,,,,,,,,,,,,
380,2020/8/10,21:01.9,2020/8/10,21:01.9,1,1,"Yu, Takeda",1000073601,Right,MEI_MEI,"Kotaro, Takizawa",1000073989,Left,WAS_EDA,Undefined,4,Bottom,0,0,0,Splitter,ChangeUp,StrikeCalled,Undefined,Undefined,,Undefined,0,0,,133.92796,0.739728,-3.553645,1411.632089,259.2729,2:45,1.679773,0.791858,1.775635,-97.8897,5.2019,10.2681,0.910892,-0.113677,122.53821,-6.361692,-2.83082,0.458529,,,,,,,,,,,,-7.7683,3.1695,-0.70399,15.24,1.691325,2.234643,-36.778676,0.081763,-1.372701,7.238054,-9.246578,WAS_EDA,MEI_MEI,JinguStadium,TeamExclusive,Team,20200810-JinguStadium-2,a9da0880-dad1-11ea-b2f9-c9bbca5d2268,e6a1fa76-8fc0-40e4-9e95-fc2e5084e7b8,v3,,,,"Shota, Shinohara",1000073555,Right,MEI_MEI,132.29274,,,11.38975,,,,16.663997,-37.057859,3.619027,1.681293,0.438418,-4.623289,-0.791205,2.28759,-0.686351,,,,,,,,,,,,,,,,,,,,,,,,,,,,,,,,,,,,,,,,,,,,,,,,,,,,,
381,2020/8/10,21:14.4,2020/8/10,21:14.4,1,2,"Yu, Takeda",1000073601,Right,MEI_MEI,"Kotaro, Takizawa",1000073989,Left,WAS_EDA,Undefined,4,Bottom,0,0,1,Fastball,Four-Seam,StrikeSwinging,Undefined,Undefined,,Undefined,0,0,,144.92074,-1.671282,-3.144731,2307.944658,203.987275,12:45,1.660551,0.760098,1.915657,-37.9867,48.8739,20.4446,0.810371,0.080284,131.64773,-4.565218,-1.692574,0.420887,,,,,,,,,,,,-12.8547,27.4058,-0.690472,15.24,1.620632,2.08391,-39.799451,-1.275306,-2.649031,8.797349,-4.158996,WAS_EDA,MEI_MEI,JinguStadium,TeamExclusive,Team,20200810-JinguStadium-2,b14bb410-dad1-11ea-b2f9-c9bbca5d2268,e6a1fa76-8fc0-40e4-9e95-fc2e5084e7b8,v3,,,,"Shota, Shinohara",1000073555,Right,MEI_MEI,144.12404,,,13.27301,,,,16.523212,-40.082091,4.398675,1.659458,-1.141686,-2.079498,-0.758791,2.169018,-1.324515,,,,,,,,,,,,,,,,,,,,,,,,,,,,,,,,,,,,,,,,,,,,,,,,,,,,,
382,2020/8/10,21:29.7,2020/8/10,21:29.7,1,3,"Yu, Takeda",1000073601,Right,MEI_MEI,"Kotaro, Takizawa",1000073989,Left,WAS_EDA,Undefined,4,Bottom,0,0,2,Fastball,Four-Seam,FoulBall,Undefined,Undefined,,Undefined,0,0,,147.03415,-1.070282,-3.620956,2309.921342,202.55363,12:45,1.670202,0.770266,1.901487,-36.1008,48.4462,18.9455,1.007645,-0.059678,133.4935,-3.825047,-2.277854,0.415244,,,,,,,,,,,,-12.4846,26.7176,-0.689013,15.24,1.643642,2.459508,-40.373932,-0.86489,-2.647371,9.059494,-4.141182,WAS_EDA,MEI_MEI,JinguStadium,TeamExclusive,Team,20200810-JinguStadium-2,ba715130-dad1-11ea-b2f9-c9bbca5d2268,e6a1fa76-8fc0-40e4-9e95-fc2e5084e7b8,v3,,,,"Shota, Shinohara",1000073555,Right,MEI_MEI,146.08271,,,13.54065,,,,16.537736,-40.664087,4.529747,1.669219,-0.732257,-2.070591,-0.769143,2.544297,-1.323685,,,,,,,,,,,,,,,,,,,,,,,,,,,,,,,,,,,,,,,,,,,,,,,,,,,,,
383,2020/8/10,21:48.3,2020/8/10,21:48.3,1,4,"Yu, Takeda",1000073601,Right,MEI_MEI,"Kotaro, Takizawa",1000073989,Left,WAS_EDA,Undefined,4,Bottom,0,0,2,Curveball,Curveball,InPlay,Undefined,GroundBall,,Out,1,0,,115.52674,2.298774,-0.47102,2345.13819,16.068038,6:30,1.683992,0.68801,1.829047,-182.9534,-44.4399,-14.1356,0.504041,0.413626,105.8232,-10.895173,-1.475317,0.531497,,,,,,,,,,,,6.8776,-23.2678,-0.675804,15.24,1.727208,0.318721,-31.78479,0.625634,0.896364,6.027077,-12.839175,WAS_EDA,MEI_MEI,JinguStadium,TeamExclusive,Team,20200810-JinguStadium-2,c583ca30-dad1-11ea-b2f9-c9bbca5d2268,e6a1fa76-8fc0-40e4-9e95-fc2e5084e7b8,v3,,,,"Shota, Shinohara",1000073555,Right,MEI_MEI,114.13053,,,9.70354,,,,16.612304,-32.043952,3.013539,1.688437,1.177713,-6.419588,-0.68868,0.280177,0.448182,,,,,,,,,,,,,,,,,,,,,,,,,,,,,,,,,,,,,,,,,,,,,,,,,,,,,
384,2020/8/10,22:25.1,2020/8/10,22:25.1,2,1,"Yu, Takeda",1000073601,Right,MEI_MEI,"Hisashige, Iwamoto",1000074023,Right,WAS_EDA,Undefined,4,Bottom,1,0,0,Fastball,Splitter,BallCalled,Undefined,Undefined,,Undefined,0,0,,146.6625,-0.376784,-3.908134,1126.278783,212.136235,1:00,1.651881,0.783258,1.920732,-40.4331,44.1024,25.9831,1.141494,-0.056086,133.46279,-3.439194,-2.064559,0.415216,,,,,,,,,,,,-16.2523,23.9718,-0.697096,15.24,1.64102,2.622189,-40.281603,-0.394349,-3.441814,8.756641,-4.730066,WAS_EDA,MEI_MEI,JinguStadium,TeamExclusive,Team,20200810-JinguStadium-2,db73c980-dad1-11ea-b2f9-c9bbca5d2268,e6a1fa76-8fc0-40e4-9e95-fc2e5084e7b8,v3,,,,"Shota, Shinohara",1000073555,Right,MEI_MEI,146.0926,,,13.19971,,,,16.518607,-40.558602,4.37832,1.651128,-0.244723,-2.365033,-0.781766,2.731063,-1.720907,,,,,,,,,,,,,,,,,,,,,,,,,,,,,,,,,,,,,,,,,,,,,,,,,,,,,
385,2020/8/10,22:37.1,2020/8/10,22:37.1,2,2,"Yu, Takeda",1000073601,Right,MEI_MEI,"Hisashige, Iwamoto",1000074023,Right,WAS_EDA,Undefined,4,Bottom,1,1,0,Cutter,Slider,InPlay,Undefined,Popup,,Out,1,0,,129.34365,0.505607,-2.040645,2271.311126,164.334323,11:30,1.668227,0.78747,1.869766,-99.9014,8.2377,-1.4301,0.811739,0.198062,119.43446,-6.770932,-2.142137,0.469619,90.28709,79.392696,71.864924,2921.254024,,,,,,,,-0.611,4.8126,-0.739906,15.24,1.673723,1.275162,-35.615416,-0.049822,-0.101953,6.346946,-9.003579,WAS_EDA,MEI_MEI,JinguStadium,TeamExclusive,Team,20200810-JinguStadium-2,e29bc1e0-dad1-11ea-b2f9-c9bbca5d2268,e6a1fa76-8fc0-40e4-9e95-fc2e5084e7b8,v3,,,,"Shota, Shinohara",1000073555,Right,MEI_MEI,129.16842,8.057816,,9.90919,,,,16.570541,-35.851744,3.173473,1.669336,0.285426,-4.501789,-0.787457,1.278958,-0.050977,0.459377,0.746817,-0.197258,189.379479,0.459377,1.436954,-2.178043,0.923473,-0.246303,0.055995,-0.009621,-0.00287,0.003749,0.746817,24.651182,-7.305043,0.788184,-0.120303,0.003647,0.025057,-0.046623,0.035089,-0.197258,4.387268,-0.875304,0.305805,-0.073515,0.014107,0.002416,-0.009871,0.007845,,,,,,,,,,,,,,,,,,,,,,
386,2020/8/10,23:16.7,2020/8/10,23:16.7,3,1,"Yu, Takeda",1000073601,Right,MEI_MEI,"Takuya, Hiruma",1000074108,Left,WAS_EDA,Undefined,4,Bottom,2,0,0,Splitter,ChangeUp,StrikeSwinging,Undefined,Undefined,,Undefined,0,0,,137.18307,-1.89734,-3.26696,1521.338908,246.274441,2:15,1.665566,0.818962,1.87245,-91.2194,6.515,7.3577,0.217902,-0.02863,125.32656,-8.53562,-2.744855,0.446456,,,,,,,,,,,,-6.3409,5.7807,-0.743511,15.24,1.615834,2.115873,-37.665708,-1.602786,-1.16612,8.131101,-8.743556,WAS_EDA,MEI_MEI,JinguStadium,TeamExclusive,Team,20200810-JinguStadium-2,fa30e5b0-dad1-11ea-b2f9-c9bbca5d2268,e6a1fa76-8fc0-40e4-9e95-fc2e5084e7b8,v3,,,,"Shota, Shinohara",1000073555,Right,MEI_MEI,135.87012,,,11.85651,,,,16.567282,-37.951154,4.065551,1.666712,-1.29584,-4.371778,-0.818508,2.15681,-0.58306,,,,,,,,,,,,,,,,,,,,,,,,,,,,,,,,,,,,,,,,,,,,,,,,,,,,,
387,2020/8/10,23:31.9,2020/8/10,23:31.9,3,2,"Yu, Takeda",1000073601,Right,MEI_MEI,"Takuya, Hiruma",1000074108,Left,WAS_EDA,Undefined,4,Bottom,2,0,1,Fastball,Four-Seam,BallCalled,Undefined,Undefined,,Undefined,0,0,,144.27146,-1.591804,-2.123933,2259.436751,212.033803,1:00,1.635084,0.762574,1.906606,-42.0372,45.5965,26.6807,0.766892,0.432147,131.08215,-4.774055,-0.226885,0.422756,,,,,,,,,,,,-15.2982,25.6557,-0.715936,15.24,1.596494,1.336705,-39.653352,-1.235098,-3.127707,8.77668,-4.561374,WAS_EDA,MEI_MEI,JinguStadium,TeamExclusive,Team,20200810-JinguStadium-2,033edc20-dad2-11ea-b2f9-c9bbca5d2268,e6a1fa76-8fc0-40e4-9e95-fc2e5084e7b8,v3,,,,"Shota, Shinohara",1000073555,Right,MEI_MEI,143.48686,,,13.18931,,,,16.53232,-39.938363,4.38834,1.634198,-1.086973,-2.280687,-0.760993,1.438274,-1.563853,,,,,,,,,,,,,,,,,,,,,,,,,,,,,,,,,,,,,,,,,,,,,,,,,,,,,
388,2020/8/10,23:44.9,2020/8/10,23:44.9,3,3,"Yu, Takeda",1000073601,Right,MEI_MEI,"Takuya, Hiruma",1000074108,Left,WAS_EDA,Undefined,4,Bottom,2,1,1,Curveball,Curveball,InPlay,Undefined,LineDrive,LineDrive,Single,0,0,,112.74975,2.077415,-1.737554,2272.405028,16.507523,6:30,1.685978,0.711433,1.847215,-193.0365,-47.8284,-15.6008,0.342179,0.065111,103.61829,-11.826417,-2.846979,0.544189,163.02995,16.033347,21.410639,1757.751896,30.482157,6.672629,13.962341,80.665656,,29.89943,2.414096,6.6554,-25.0819,-0.669329,15.24,1.722808,1.001447,-31.020886,0.467636,0.825532,5.779861,-12.917782,WAS_EDA,MEI_MEI,JinguStadium,TeamExclusive,Team,20200810-JinguStadium-2,0b0362a0-dad2-11ea-b2f9-c9bbca5d2268,e6a1fa76-8fc0-40e4-9e95-fc2e5084e7b8,v3,,,,"Shota, Shinohara",1000073555,Right,MEI_MEI,111.46855,7.106904,,9.13146,,,,16.594454,-31.272232,2.889931,1.690258,1.029385,-6.458891,-0.712098,0.965547,0.412766,0.607074,0.314904,-0.083371,261.176048,0.60707,40.520789,-6.935989,1.233459,-0.200855,0.008788,0.007823,-0.00245,0.000254,0.314905,12.507829,-6.396813,0.699793,-0.139465,0.027998,-0.0042,0.000492,-3.30E-05,-0.08336,15.888352,1.426698,-0.711007,0.11851,0.022109,-0.022227,0.006044,-0.000607,,,,,,,,,,,,,,,,,,,,,,
389,2020/8/10,24:26.8,2020/8/10,24:26.8,4,1,"Yu, Takeda",1000073601,Right,MEI_MEI,"Kazuto, Yoshizawa",1000074012,Right,WAS_EDA,Undefined,4,Bottom,2,0,0,Cutter,Slider,StrikeCalled,Undefined,Undefined,,Undefined,0,0,,135.03177,-0.749106,-2.665174,2198.680657,183.17477,12:00,1.667874,0.764342,1.799172,-84.3747,15.7617,0.7129,0.611934,0.016846,124.77788,-6.873552,-2.614834,0.451909,,,,,,,,,,,,-2.1099,9.4665,-0.699083,15.24,1.643681,1.725873,-37.147615,-0.816295,-0.383552,6.809085,-8.085751,WAS_EDA,MEI_MEI,JinguStadium,TeamExclusive,Team,20200810-JinguStadium-2,24036110-dad2-11ea-b2f9-c9bbca5d2268,e6a1fa76-8fc0-40e4-9e95-fc2e5084e7b8,v3,,,,"Shota, Shinohara",1000073555,Right,MEI_MEI,134.23069,,,10.25389,,,,16.640834,-37.403504,3.404543,1.668648,-0.512428,-4.042875,-0.764213,1.740288,-0.191776,,,,,,,,,,,,,,,,,,,,,,,,,,,,,,,,,,,,,,,,,,,,,,,,,,,,,
390,2020/8/10,24:43.3,2020/8/10,24:43.3,4,2,"Yu, Takeda",1000073601,Right,MEI_MEI,"Kazuto, Yoshizawa",1000074012,Right,WAS_EDA,Undefined,4,Bottom,2,0,1,Fastball,Four-Seam,BallCalled,Undefined,Undefined,,Undefined,0,0,,144.03564,-2.933625,-4.41513,2240.401605,200.207854,12:45,1.640442,0.771035,1.868225,-41.0321,46.9027,16.2653,0.400437,-0.312668,132.3675,-6.002014,-3.266188,0.423482,,,,,,,,,,,,-11.3576,27.043,-0.669036,15.24,1.569278,2.970923,-39.504044,-2.166901,-2.330941,7.833332,-4.256564,WAS_EDA,MEI_MEI,JinguStadium,TeamExclusive,Team,20200810-JinguStadium-2,2dd7dbd0-dad2-11ea-b2f9-c9bbca5d2268,e6a1fa76-8fc0-40e4-9e95-fc2e5084e7b8,v3,,,,"Shota, Shinohara",1000073555,Right,MEI_MEI,143.24099,,,11.66813,,,,16.571577,-39.767209,3.916666,1.639674,-2.0239,-2.128282,-0.770161,3.049232,-1.16547,,,,,,,,,,,,,,,,,,,,,,,,,,,,,,,,,,,,,,,,,,,,,,,,,,,,,
391,2020/8/10,25:05.9,2020/8/10,25:05.9,4,3,"Yu, Takeda",1000073601,Right,MEI_MEI,"Kazuto, Yoshizawa",1000074012,Right,WAS_EDA,Undefined,4,Bottom,2,1,1,Fastball,Four-Seam,InPlay,Undefined,Popup,,Out,1,0,,143.61007,-1.808539,-2.928783,2348.946889,203.424149,12:45,1.676271,0.788498,1.945966,-42.8422,44.6469,18.1487,0.739944,0.148107,131.45768,-5.037263,-1.636744,0.422408,113.36834,86.896579,55.686618,1934.308197,,,,,,,,-11.5145,25.4005,-0.725181,15.24,1.634105,1.934511,-39.48575,-1.384302,-2.350809,8.159236,-4.620847,WAS_EDA,MEI_MEI,JinguStadium,TeamExclusive,Team,20200810-JinguStadium-2,3b4f1fd0-dad2-11ea-b2f9-c9bbca5d2268,e6a1fa76-8fc0-40e4-9e95-fc2e5084e7b8,v3,,,,"Shota, Shinohara",1000073555,Right,MEI_MEI,143.60535,12.673945,,12.1524,,,,16.493723,-39.743971,4.079618,1.675601,-1.238063,-2.310423,-0.787582,2.008909,-1.175405,0.246124,0.665696,-0.136618,182.753137,0.246124,0.961076,-2.708062,1.141501,-0.321616,0.080186,-0.019791,0.004885,-0.000999,0.665696,31.445022,-8.644736,1.069554,-0.18235,0.02339,-0.002048,-0.000458,0.000316,-0.136618,1.408178,0.112846,-0.062835,0.019613,-0.005105,0.001133,-6.00E-05,-8.90E-05,,,,,,,,,,,,,,,,,,,,,,
392,2020/8/10,27:10.3,2020/8/10,27:10.3,1,1,"Takahisa, Hayakawa",1000073877,Left,WAS_EDA,"Yu, Takeda",1000073601,Right,MEI_MEI,Undefined,5,Top,0,0,0,Fastball,Four-Seam,StrikeCalled,Undefined,Undefined,,Undefined,0,0,,140.18824,-1.512808,1.520123,1826.354044,155.063251,11:15,1.675457,-0.406709,1.766472,-49.6748,43.9478,-19.0807,0.749563,-0.166446,128.51343,-5.197629,0.174409,0.436963,,,,,,,,,,,,10.724,24.3202,0.36996,15.24,1.633957,-0.92639,-38.550546,-1.198311,2.091157,7.628817,-5.064264,WAS_EDA,MEI_MEI,JinguStadium,TeamExclusive,Team,20200810-JinguStadium-2,85724fb0-dad2-11ea-b2f9-c9bbca5d2268,e6a1fa76-8fc0-40e4-9e95-fc2e5084e7b8,v3,,,,"Hisashige, Iwamoto",1000074023,Right,WAS_EDA,138.82171,,,11.67481,,,,16.672836,-38.833057,3.814409,1.674861,-1.010771,-2.532132,0.4057,-1.003829,1.045579,,,,,,,,,,,,,,,,,,,,,,,,,,,,,,,,,,,,,,,,,,,,,,,,,,,,,
393,2020/8/10,27:20.3,2020/8/10,27:20.3,1,2,"Takahisa, Hayakawa",1000073877,Left,WAS_EDA,"Yu, Takeda",1000073601,Right,MEI_MEI,Undefined,5,Top,0,0,1,ChangeUp,ChangeUp,InPlay,Undefined,FlyBall,FlyBall,Out,1,0,,127.82448,0.403885,1.795625,1496.165505,124.751806,10:15,1.612744,-0.428833,1.895935,-83.233,27.2161,-34.4884,0.894064,-0.268533,117.63013,-5.721475,-0.6564,0.474609,119.02276,43.53438,-10.53966,3901.768458,33.053738,25.045632,-5.619352,76.629508,,-9.796053,4.989755,19.209,14.8253,0.389955,15.24,1.61693,-0.958344,-35.201675,-0.03494,3.127554,6.275055,-7.392837,WAS_EDA,MEI_MEI,JinguStadium,TeamExclusive,Team,20200810-JinguStadium-2,8b60ddb0-dad2-11ea-b2f9-c9bbca5d2268,e6a1fa76-8fc0-40e4-9e95-fc2e5084e7b8,v3,,,,"Hisashige, Iwamoto",1000074023,Right,WAS_EDA,127.81052,26.610107,,10.19434,,,,16.544283,-35.433413,3.137528,1.613179,0.238078,-3.696418,0.427479,-1.073845,1.563777,0.694209,0.884045,0.27002,181.021139,0.694546,23.556903,-4.36218,1.046854,-0.157616,0.011984,-0.000359,6.80E-05,-8.00E-06,0.884229,22.76867,-5.585391,0.311349,-0.027585,-0.007686,0.003307,-0.00039,1.50E-05,0.269953,-4.382776,0.874281,-0.209854,0.031596,-0.0024,7.10E-05,-1.40E-05,2.00E-06,,,,,,,,,,,,,,,,,,,,,,
394,2020/8/10,27:49.5,2020/8/10,27:49.5,2,1,"Takahisa, Hayakawa",1000073877,Left,WAS_EDA,"Kaito, Muramatsu",1000073668,Left,MEI_MEI,Undefined,5,Top,1,0,0,Curveball,Curveball,BallCalled,Undefined,Undefined,,Undefined,0,0,,119.47164,1.44692,1.405264,2613.322259,328.963846,5:00,1.667251,-0.343194,1.51502,-172.8683,-40.3326,26.5343,0.355348,0.326803,111.20176,-10.725337,3.253531,0.519901,,,,,,,,,,,,-12.2278,-19.8908,0.299068,15.24,1.692631,-0.92947,-32.87688,0.103775,-1.73557,5.505901,-12.629874,WAS_EDA,MEI_MEI,JinguStadium,TeamExclusive,Team,20200810-JinguStadium-2,9ccb06c0-dad2-11ea-b2f9-c9bbca5d2268,e6a1fa76-8fc0-40e4-9e95-fc2e5084e7b8,v3,,,,"Hisashige, Iwamoto",1000074023,Right,WAS_EDA,116.67597,,,8.26989,,,,16.926822,-33.158169,2.75295,1.670847,0.749019,-6.314937,0.344288,-0.840802,-0.867785,,,,,,,,,,,,,,,,,,,,,,,,,,,,,,,,,,,,,,,,,,,,,,,,,,,,,
395,2020/8/10,28:00.1,2020/8/10,28:00.1,2,2,"Takahisa, Hayakawa",1000073877,Left,WAS_EDA,"Kaito, Muramatsu",1000073668,Left,MEI_MEI,Undefined,5,Top,1,1,0,Cutter,ChangeUp,BallCalled,Undefined,Undefined,,Undefined,0,0,,139.84577,-2.575451,1.599003,1727.455695,142.999149,10:45,1.625518,-0.388366,1.682176,-58.3044,36.814,-25.5165,0.307741,-0.187729,128.57884,-6.830369,-0.192456,0.44044,,,,,,,,,,,,14.0062,21.2578,0.348056,15.24,1.552487,-0.942294,-38.425676,-1.962786,2.715275,7.532035,-5.685575,WAS_EDA,MEI_MEI,JinguStadium,TeamExclusive,Team,20200810-JinguStadium-2,a31a0440-dad2-11ea-b2f9-c9bbca5d2268,e6a1fa76-8fc0-40e4-9e95-fc2e5084e7b8,v3,,,,"Hisashige, Iwamoto",1000074023,Right,WAS_EDA,137.72587,,,11.26692,,,,16.757619,-38.722011,3.766018,1.625309,-1.739097,-2.842788,0.38723,-1.049122,1.357637,,,,,,,,,,,,,,,,,,,,,,,,,,,,,,,,,,,,,,,,,,,,,,,,,,,,,
396,2020/8/10,28:11.5,2020/8/10,28:11.5,2,3,"Takahisa, Hayakawa",1000073877,Left,WAS_EDA,"Kaito, Muramatsu",1000073668,Left,MEI_MEI,Undefined,5,Top,1,2,0,Cutter,Slider,InPlay,Undefined,GroundBall,,Out,1,0,,136.11762,-0.579739,1.929198,1352.492312,254.768611,2:30,1.627378,-0.434938,1.648843,-90.9934,8.0655,20.6177,0.551793,0.322354,127.47967,-7.076303,3.372856,0.449471,,,,,,,,,,,,-9.4209,5.0637,0.380789,15.24,1.603874,-1.363225,-37.500669,-0.771899,-1.768061,6.022426,-8.856326,WAS_EDA,MEI_MEI,JinguStadium,TeamExclusive,Team,20200810-JinguStadium-2,a9e78090-dad2-11ea-b2f9-c9bbca5d2268,e6a1fa76-8fc0-40e4-9e95-fc2e5084e7b8,v3,,,,"Hisashige, Iwamoto",1000074023,Right,WAS_EDA,134.95873,,,8.63795,,,,16.792045,-37.749097,3.011213,1.62818,-0.406571,-4.428163,0.435518,-1.290291,-0.884031,,,,,,,,,,,,,,,,,,,,,,,,,,,,,,,,,,,,,,,,,,,,,,,,,,,,,
397,2020/8/10,28:43.4,2020/8/10,28:43.4,3,1,"Takahisa, Hayakawa",1000073877,Left,WAS_EDA,"Yuki, Suyama",1000073581,Left,MEI_MEI,Undefined,5,Top,2,0,0,Fastball,Four-Seam,StrikeCalled,Undefined,Undefined,,Undefined,0,0,,150.64017,-2.435024,2.545046,1657.031088,162.769214,11:30,1.670881,-0.395182,1.713433,-26.739,55.5471,-16.376,0.709784,0.165434,137.0215,-4.490958,1.395596,0.409655,,,,,,,,,,,,10.0907,30.6386,0.33027,15.24,1.605491,-1.745623,-41.340487,-1.838217,2.249351,9.276239,-2.976907,WAS_EDA,MEI_MEI,JinguStadium,TeamExclusive,Team,20200810-JinguStadium-2,bcf1ec20-dad2-11ea-b2f9-c9bbca5d2268,e6a1fa76-8fc0-40e4-9e95-fc2e5084e7b8,v3,,,,"Hisashige, Iwamoto",1000074023,Right,WAS_EDA,148.07589,,,13.61867,,,,16.725663,-41.672516,4.63812,1.66938,-1.731663,-1.488454,0.394193,-1.826135,1.124676,,,,,,,,,,,,,,,,,,,,,,,,,,,,,,,,,,,,,,,,,,,,,,,,,,,,,
398,2020/8/10,28:56.3,2020/8/10,28:56.3,3,2,"Takahisa, Hayakawa",1000073877,Left,WAS_EDA,"Yuki, Suyama",1000073581,Left,MEI_MEI,Undefined,5,Top,2,0,1,Slider,Curveball,BallCalled,Undefined,Undefined,,Undefined,0,0,,126.60168,2.576357,-1.460913,1388.150608,318.176162,4:30,1.615749,-0.401383,1.584693,-147.964,-29.3819,29.8043,0.875442,-0.522248,115.39469,-7.980068,0.620016,0.491772,,,,,,,,,,,,-15.8307,-15.1347,0.43988,15.24,1.675202,0.737378,-34.760938,0.916484,-2.483451,6.833689,-12.180903,WAS_EDA,MEI_MEI,JinguStadium,TeamExclusive,Team,20200810-JinguStadium-2,c4a2eaa0-dad2-11ea-b2f9-c9bbca5d2268,e6a1fa76-8fc0-40e4-9e95-fc2e5084e7b8,v3,,,,"Hisashige, Iwamoto",1000074023,Right,WAS_EDA,123.34975,,,11.20699,,,,16.855749,-35.077141,3.416844,1.619755,1.48011,-6.090451,0.403102,0.85229,-1.241725,,,,,,,,,,,,,,,,,,,,,,,,,,,,,,,,,,,,,,,,,,,,,,,,,,,,,
399,2020/8/10,29:09.6,2020/8/10,29:09.6,3,3,"Takahisa, Hayakawa",1000073877,Left,WAS_EDA,"Yuki, Suyama",1000073581,Left,MEI_MEI,Undefined,5,Top,2,1,1,Fastball,Four-Seam,StrikeCalled,Undefined,Undefined,,Undefined,0,0,,152.58564,-2.003095,3.509001,2473.56972,151.861131,11:00,1.670322,-0.389289,1.787021,-25.6428,53.8165,-27.3785,0.845419,0.331746,138.80836,-3.987207,1.580989,0.402557,,,,,,,,,,,,16.4169,29.6347,0.304369,15.24,1.618907,-2.416263,-41.873767,-1.537781,3.758127,9.434852,-3.02273,WAS_EDA,MEI_MEI,JinguStadium,TeamExclusive,Team,20200810-JinguStadium-2,cc911930-dad2-11ea-b2f9-c9bbca5d2268,e6a1fa76-8fc0-40e4-9e95-fc2e5084e7b8,v3,,,,"Hisashige, Iwamoto",1000074023,Right,WAS_EDA,150.68686,,,13.77728,,,,16.652249,-42.19077,4.717426,1.668869,-1.436219,-1.511365,0.387675,-2.542533,1.879064,,,,,,,,,,,,,,,,,,,,,,,,,,,,,,,,,,,,,,,,,,,,,,,,,,,,,
400,2020/8/10,29:25.9,2020/8/10,29:25.9,3,4,"Takahisa, Hayakawa",1000073877,Left,WAS_EDA,"Yuki, Suyama",1000073581,Left,MEI_MEI,Undefined,5,Top,2,1,2,Slider,Slider,StrikeSwinging,Strikeout,Undefined,,Undefined,0,0,,131.87721,0.414771,2.347824,2820.938263,300.718063,4:00,1.606112,-0.362266,1.609124,-128.1302,-18.5855,37.5255,0.443642,0.685443,120.22337,-8.725235,4.968794,0.472662,,,,,,,,,,,,-16.8171,-8.4297,0.293572,15.24,1.606443,-1.674707,-36.20043,-0.305238,-2.842717,7.826164,-11.231593,WAS_EDA,MEI_MEI,JinguStadium,TeamExclusive,Team,20200810-JinguStadium-2,d63eab00-dad2-11ea-b2f9-c9bbca5d2268,e6a1fa76-8fc0-40e4-9e95-fc2e5084e7b8,v3,,,,"Hisashige, Iwamoto",1000074023,Right,WAS_EDA,128.33704,,,11.65384,,,,16.830873,-36.542742,3.913082,1.609051,0.186025,-5.615796,0.364103,-1.550368,-1.421359,,,,,,,,,,,,,,,,,,,,,,,,,,,,,,,,,,,,,,,,,,,,,,,,,,,,,
401,2020/8/10,31:39.4,2020/8/10,31:39.4,1,1,"Yu, Takeda",1000073601,Right,MEI_MEI,"Moeto, Suzuki",1000074064,Left,WAS_EDA,Undefined,5,Bottom,0,0,0,Fastball,Four-Seam,StrikeSwinging,Undefined,Undefined,,Undefined,0,0,,142.70242,-2.353269,-2.913463,2261.034911,199.515643,12:45,1.633849,0.72761,1.892622,-38.9901,50.5871,16.8868,0.580725,0.076192,130.184,-5.307522,-1.715301,0.427419,,,,,,,,,,,,-10.8058,28.7457,-0.661915,15.24,1.57754,1.911997,-39.194051,-1.730976,-2.166848,8.277581,-4.042392,WAS_EDA,MEI_MEI,JinguStadium,TeamExclusive,Team,20200810-JinguStadium-2,25d98b30-dad3-11ea-b2f9-c9bbca5d2268,e6a1fa76-8fc0-40e4-9e95-fc2e5084e7b8,v3,,,,"Shota, Shinohara",1000073555,Right,MEI_MEI,141.92171,,,12.51842,,,,16.546618,-39.469037,4.138791,1.632814,-1.596686,-2.021196,-0.726629,1.983981,-1.083424,,,,,,,,,,,,,,,,,,,,,,,,,,,,,,,,,,,,,,,,,,,,,,,,,,,,,
402,2020/8/10,31:50.7,2020/8/10,31:50.7,1,2,"Yu, Takeda",1000073601,Right,MEI_MEI,"Moeto, Suzuki",1000074064,Left,WAS_EDA,Undefined,5,Bottom,0,0,1,Fastball,Four-Seam,StrikeSwinging,Undefined,Undefined,,Undefined,0,0,,143.92782,-1.118788,-3.310929,2210.250669,219.0072,1:15,1.641229,0.817675,2.002945,-45.2116,41.4216,31.3058,0.875981,0.204688,131.38765,-4.535744,-1.074874,0.420336,,,,,,,,,,,,-18.6792,23.3511,-0.749656,15.24,1.615364,2.141469,-39.573784,-0.913851,-3.823954,8.330233,-5.026273,WAS_EDA,MEI_MEI,JinguStadium,TeamExclusive,Team,20200810-JinguStadium-2,2c986180-dad3-11ea-b2f9-c9bbca5d2268,e6a1fa76-8fc0-40e4-9e95-fc2e5084e7b8,v3,,,,"Shota, Shinohara",1000073555,Right,MEI_MEI,144.31299,,,12.54017,,,,16.43648,-39.824845,4.165117,1.640624,-0.762366,-2.513137,-0.815934,2.256718,-1.911977,,,,,,,,,,,,,,,,,,,,,,,,,,,,,,,,,,,,,,,,,,,,,,,,,,,,,
403,2020/8/10,32:05.5,2020/8/10,32:05.5,1,3,"Yu, Takeda",1000073601,Right,MEI_MEI,"Moeto, Suzuki",1000074064,Left,WAS_EDA,Undefined,5,Bottom,0,0,2,Fastball,Four-Seam,BallCalled,Undefined,Undefined,,Undefined,0,0,,145.45922,-0.852529,-1.997116,2213.045692,214.765168,1:15,1.639734,0.782789,1.937016,-43.3095,42.0339,27.2982,0.967313,0.495287,132.81593,-4.119288,-0.052392,0.417196,,,,,,,,,,,,-15.5469,23.2847,-0.740059,15.24,1.618372,1.261537,-40.025922,-0.736441,-3.2564,8.508357,-4.929502,WAS_EDA,MEI_MEI,JinguStadium,TeamExclusive,Team,20200810-JinguStadium-2,35635b80-dad3-11ea-b2f9-c9bbca5d2268,e6a1fa76-8fc0-40e4-9e95-fc2e5084e7b8,v3,,,,"Shota, Shinohara",1000073555,Right,MEI_MEI,145.39941,,,12.64328,,,,16.502359,-40.29337,4.254178,1.639085,-0.58149,-2.464751,-0.781323,1.363897,-1.6282,,,,,,,,,,,,,,,,,,,,,,,,,,,,,,,,,,,,,,,,,,,,,,,,,,,,,
404,2020/8/10,32:20.9,2020/8/10,32:20.9,1,4,"Yu, Takeda",1000073601,Right,MEI_MEI,"Moeto, Suzuki",1000074064,Left,WAS_EDA,Undefined,5,Bottom,0,1,2,Cutter,Slider,BallCalled,Undefined,Undefined,,Undefined,0,0,,136.52296,-0.95291,-4.226998,2238.674239,180.892024,12:00,1.656924,0.774069,1.810837,-85.9621,12.8297,0.152,0.527123,-0.421703,125.42311,-7.191605,-4.21629,0.448864,,,,,,,,,,,,-3.0568,8.2197,-0.671248,15.24,1.627933,2.768653,-37.470036,-0.964579,-0.561525,7.403892,-8.296695,WAS_EDA,MEI_MEI,JinguStadium,TeamExclusive,Team,20200810-JinguStadium-2,3e88f8a0-dad3-11ea-b2f9-c9bbca5d2268,e6a1fa76-8fc0-40e4-9e95-fc2e5084e7b8,v3,,,,"Shota, Shinohara",1000073555,Right,MEI_MEI,135.14103,,,11.09986,,,,16.628813,-37.743461,3.701946,1.657897,-0.658183,-4.148347,-0.773877,2.78939,-0.280763,,,,,,,,,,,,,,,,,,,,,,,,,,,,,,,,,,,,,,,,,,,,,,,,,,,,,
405,2020/8/10,32:35.3,2020/8/10,32:35.3,1,5,"Yu, Takeda",1000073601,Right,MEI_MEI,"Moeto, Suzuki",1000074064,Left,WAS_EDA,Undefined,5,Bottom,0,2,2,Fastball,Four-Seam,BallCalled,Undefined,Undefined,,Undefined,0,0,,143.20723,-2.765874,-2.73664,2183.305325,220.545407,1:15,1.638893,0.79622,1.96576,-44.7719,42.6417,34.2108,0.415157,0.3714,131.83393,-6.119545,-0.295791,0.422225,,,,,,,,,,,,-19.6689,24.9517,-0.738814,15.24,1.576589,1.722797,-39.380861,-2.048491,-4.014986,7.71841,-4.713297,WAS_EDA,MEI_MEI,JinguStadium,TeamExclusive,Team,20200810-JinguStadium-2,4726c820-dad3-11ea-b2f9-c9bbca5d2268,e6a1fa76-8fc0-40e4-9e95-fc2e5084e7b8,v3,,,,"Shota, Shinohara",1000073555,Right,MEI_MEI,143.66745,,,11.3733,,,,16.474188,-39.622016,3.859205,1.638292,-1.901228,-2.356649,-0.794601,1.848241,-2.007493,,,,,,,,,,,,,,,,,,,,,,,,,,,,,,,,,,,,,,,,,,,,,,,,,,,,,
406,2020/8/10,32:53.3,2020/8/10,32:53.3,1,6,"Yu, Takeda",1000073601,Right,MEI_MEI,"Moeto, Suzuki",1000074064,Left,WAS_EDA,Undefined,5,Bottom,0,3,2,Fastball,Four-Seam,StrikeCalled,Strikeout,Undefined,,Undefined,0,0,,140.85177,-2.446856,-2.965829,2224.67174,203.33969,12:45,1.629869,0.787814,1.941007,-41.9562,49.0996,19.9411,0.522716,0.154676,129.03597,-5.613941,-1.54657,0.430932,,,,,,,,,,,,-12.4225,28.1558,-0.723507,15.24,1.573461,1.9121,-38.707483,-1.782951,-2.438768,7.793018,-4.279134,WAS_EDA,MEI_MEI,JinguStadium,TeamExclusive,Team,20200810-JinguStadium-2,51e49170-dad3-11ea-b2f9-c9bbca5d2268,e6a1fa76-8fc0-40e4-9e95-fc2e5084e7b8,v3,,,,"Shota, Shinohara",1000073555,Right,MEI_MEI,140.76476,,,11.81579,,,,16.498518,-38.960038,3.896509,1.628996,-1.644273,-2.139567,-0.786755,1.991135,-1.219384,,,,,,,,,,,,,,,,,,,,,,,,,,,,,,,,116.62445,2.993663,2.078208,0.915454,-0.306747,0.448972,-0.135157,0.20754,1.525544,-0.471565,21.841256,2.132563,-16.191171,0.226182,24.894829,-1.391828,1.538242,4.139135,-3.804894,-0.526484,-19.505916,2.586101
407,2020/8/10,33:19.9,2020/8/10,33:19.9,2,1,"Yu, Takeda",1000073601,Right,MEI_MEI,"Takahisa, Hayakawa",1000073877,Left,WAS_EDA,Undefined,5,Bottom,1,0,0,Cutter,Slider,StrikeCalled,Undefined,Undefined,,Undefined,0,0,,133.25279,0.102486,-1.945873,2291.797976,194.62878,12:30,1.65777,0.847386,1.808286,-88.1851,14.0015,2.9148,0.804917,0.326069,123.47271,-6.301497,-1.739782,0.456511,,,,,,,,,,,,-2.7049,8.0432,-0.800225,15.24,1.654261,1.233161,-36.693956,-0.276142,-0.481884,6.348759,-8.373725,WAS_EDA,MEI_MEI,JinguStadium,TeamExclusive,Team,20200810-JinguStadium-2,61c3d4c0-dad3-11ea-b2f9-c9bbca5d2268,e6a1fa76-8fc0-40e4-9e95-fc2e5084e7b8,v3,,,,"Shota, Shinohara",1000073555,Right,MEI_MEI,132.87732,,,9.78007,,,,16.631707,-36.933963,3.174379,1.658717,0.040416,-4.186863,-0.847187,1.251378,-0.240942,,,,,,,,,,,,,,,,,,,,,,,,,,,,,,,,,,,,,,,,,,,,,,,,,,,,,
408,2020/8/10,33:31.7,2020/8/10,33:31.7,2,2,"Yu, Takeda",1000073601,Right,MEI_MEI,"Takahisa, Hayakawa",1000073877,Left,WAS_EDA,Undefined,5,Bottom,1,0,1,Fastball,Four-Seam,FoulBall,Undefined,Undefined,Popup,Undefined,0,0,,142.69873,-1.192822,-2.564868,2261.83206,202.241406,12:45,1.657958,0.763927,1.949834,-38.6063,50.0317,19.3023,0.937153,0.237514,130.25879,-4.133183,-1.189869,0.425172,125.16942,52.757263,-45.818378,4509.685498,19.584918,31.462828,-27.213185,67.126927,,-57.002877,5.175931,-11.9367,27.8516,-0.708852,15.24,1.629659,1.668496,-39.253641,-0.931931,-2.402824,8.241617,-4.200188,WAS_EDA,MEI_MEI,JinguStadium,TeamExclusive,Team,20200810-JinguStadium-2,68cc3730-dad3-11ea-b2f9-c9bbca5d2268,e6a1fa76-8fc0-40e4-9e95-fc2e5084e7b8,v3,,,,"Shota, Shinohara",1000073555,Right,MEI_MEI,142.67169,31.887457,,12.43994,,,,16.489917,-39.5152,4.120809,1.65712,-0.798632,-2.100094,-0.763014,1.744752,-1.201412,0.574985,0.889181,-0.222701,152.572705,0.575575,14.653957,-4.688121,1.408681,-0.290761,0.042931,-0.004838,0.000439,-2.10E-05,0.889762,27.666245,-7.280643,0.579447,-0.010681,-0.028315,0.007682,-0.000805,3.10E-05,-0.222726,-15.090065,1.502431,-0.232504,0.031237,-0.008673,0.002852,-0.000434,2.40E-05,,,,,,,,,,,,,,,,,,,,,,
409,2020/8/10,34:00.5,2020/8/10,34:00.5,2,3,"Yu, Takeda",1000073601,Right,MEI_MEI,"Takahisa, Hayakawa",1000073877,Left,WAS_EDA,Undefined,5,Bottom,1,0,2,Fastball,Four-Seam,BallinDirt,Undefined,Undefined,,Undefined,0,0,,144.84782,-3.750492,-3.539229,2226.131162,209.69499,1:00,1.612472,0.807272,1.932892,-42.8981,44.0179,23.4373,0.127567,0.047256,132.18587,-6.9725,-1.872898,0.421022,,,,,,,,,,,,-14.8513,26.5902,-0.730056,15.24,1.526647,2.345366,-39.721479,-2.747866,-3.052873,8.651799,-4.340715,WAS_EDA,MEI_MEI,JinguStadium,TeamExclusive,Team,20200810-JinguStadium-2,79ecfb30-dad3-11ea-b2f9-c9bbca5d2268,e6a1fa76-8fc0-40e4-9e95-fc2e5084e7b8,v3,,,,"Shota, Shinohara",1000073555,Right,MEI_MEI,144.07808,,,12.66195,,,,16.50686,-39.996464,4.3259,1.611791,-2.609903,-2.170358,-0.806142,2.442397,-1.526436,,,,,,,,,,,,,,,,,,,,,,,,,,,,,,,,,,,,,,,,,,,,,,,,,,,,,
410,2020/8/10,34:18.6,2020/8/10,34:18.6,2,4,"Yu, Takeda",1000073601,Right,MEI_MEI,"Takahisa, Hayakawa",1000073877,Left,WAS_EDA,Undefined,5,Bottom,1,1,2,Fastball,Four-Seam,InPlay,Undefined,GroundBall,,Out,1,0,,142.79809,-1.761916,-2.549393,2097.138842,208.740631,1:00,1.633176,0.751751,1.94291,-40.0776,49.9561,25.5673,0.737661,0.292026,128.42228,-4.838413,-0.728405,0.428506,,,,,,,,,,,,-15.4288,28.4468,-0.697011,15.24,1.592122,1.622522,-39.207729,-1.322113,-3.04787,9.461925,-4.187165,WAS_EDA,MEI_MEI,JinguStadium,TeamExclusive,Team,20200810-JinguStadium-2,84bf8500-dad3-11ea-b2f9-c9bbca5d2268,e6a1fa76-8fc0-40e4-9e95-fc2e5084e7b8,v3,,,,"Shota, Shinohara",1000073555,Right,MEI_MEI,141.56152,,,14.37581,,,,16.496053,-39.509688,4.730962,1.632183,-1.188488,-2.093582,-0.750343,1.719789,-1.523935,,,,,,,,,,,,,,,,,,,,,,,,,,,,,,,,,,,,,,,,,,,,,,,,,,,,,
411,2020/8/10,34:50.5,2020/8/10,34:50.4,3,1,"Yu, Takeda",1000073601,Right,MEI_MEI,"Toyo, Kumada",1000089879,Left,WAS_EDA,Undefined,5,Bottom,2,0,0,Fastball,Four-Seam,BallCalled,Undefined,Undefined,,Undefined,0,0,,145.10625,-0.941172,-2.103581,2130.721361,222.50151,1:30,1.62007,0.793227,1.937824,-45.7865,41.2925,34.9268,0.897986,0.552137,130.55532,-4.418038,0.384947,0.421416,,,,,,,,,,,,-19.6998,23.1246,-0.748478,15.24,1.596654,1.287466,-39.862938,-0.80139,-4.028061,9.678129,-5.07832,WAS_EDA,MEI_MEI,JinguStadium,TeamExclusive,Team,20200810-JinguStadium-2,97bbe6d0-dad3-11ea-b2f9-c9bbca5d2268,e6a1fa76-8fc0-40e4-9e95-fc2e5084e7b8,v3,,,,"Shota, Shinohara",1000073555,Right,MEI_MEI,143.94315,,,14.55093,,,,16.500707,-40.167853,4.839065,1.619382,-0.641395,-2.53916,-0.79104,1.414372,-2.01403,,,,,,,,,,,,,,,,,,,,,,,,,,,,,,,,,,,,,,,,,,,,,,,,,,,,,
412,2020/8/10,35:02.6,2020/8/10,35:02.6,3,2,"Yu, Takeda",1000073601,Right,MEI_MEI,"Toyo, Kumada",1000089879,Left,WAS_EDA,Undefined,5,Bottom,2,1,0,Fastball,Four-Seam,StrikeCalled,Undefined,Undefined,,Undefined,0,0,,141.65573,-1.881983,-2.147617,2142.183058,194.935643,12:30,1.617938,0.795604,1.995246,-35.5773,55.2251,13.8399,0.735561,0.333428,127.49382,-4.647011,-1.158551,0.430332,,,,,,,,,,,,-8.9456,31.3381,-0.750925,15.24,1.576224,1.39239,-38.904501,-1.363404,-1.742154,9.221574,-3.703565,WAS_EDA,MEI_MEI,JinguStadium,TeamExclusive,Team,20200810-JinguStadium-2,9eea6ee0-dad3-11ea-b2f9-c9bbca5d2268,e6a1fa76-8fc0-40e4-9e95-fc2e5084e7b8,v3,,,,"Shota, Shinohara",1000073555,Right,MEI_MEI,140.96103,,,14.16191,,,,16.443061,-39.188626,4.610787,1.616474,-1.249294,-1.851783,-0.794653,1.446067,-0.871077,,,,,,,,,,,,,,,,,,,,,,,,,,,,,,,,,,,,,,,,,,,,,,,,,,,,,
413,2020/8/10,35:20.1,2020/8/10,35:20.1,3,3,"Yu, Takeda",1000073601,Right,MEI_MEI,"Toyo, Kumada",1000089879,Left,WAS_EDA,Undefined,5,Bottom,2,1,1,Cutter,Slider,InPlay,Undefined,LineDrive,LineDrive,Single,0,0,,135.6829,-0.472628,-3.385621,2209.327355,144.174817,10:45,1.650173,0.832204,1.837417,-86.8187,12.8994,-7.0368,0.648341,-0.194941,124.33045,-6.798793,-3.882889,0.450964,155.88146,9.474195,22.961836,1220.396089,30.648306,2.340085,13.594138,49.821244,,24.390273,1.317544,1.1763,7.8995,-0.751006,15.24,1.633235,2.238016,-37.27991,-0.642078,0.213226,7.547075,-8.374764,WAS_EDA,MEI_MEI,JinguStadium,TeamExclusive,Team,20200810-JinguStadium-2,a95d9aa0-dad3-11ea-b2f9-c9bbca5d2268,e6a1fa76-8fc0-40e4-9e95-fc2e5084e7b8,v3,,,,"Shota, Shinohara",1000073555,Right,MEI_MEI,134.51197,2.649705,,11.35245,,,,16.602445,-37.554715,3.773537,1.651063,-0.337134,-4.187382,-0.832355,2.230252,0.106613,0.470048,0.553599,0.170053,299.097577,0.470048,39.325574,-4.88696,0.849333,-0.062927,-0.215828,0.266472,-0.141302,0.028518,0.553599,7.127384,-6.398735,0.646013,-0.131474,0.019496,0.004812,-0.004106,0.000864,0.170054,16.66194,-0.973873,0.122791,-0.169124,0.317846,-0.346408,0.182143,-0.0369,,,,,,,,,,,,,,,,,,,,,,
414,2020/8/10,36:00.9,2020/8/10,36:00.9,4,1,"Yu, Takeda",1000073601,Right,MEI_MEI,"Ginsuke, Kaneko",1000073884,Right,WAS_EDA,Undefined,5,Bottom,2,0,0,Cutter,Slider,StrikeCalled,Undefined,Undefined,,Undefined,0,0,,136.84772,-0.659725,-3.135552,2273.617331,141.862607,10:45,1.638968,0.828655,1.743793,-83.9006,16.4147,-10.1055,0.612373,-0.163489,123.95032,-6.77294,-3.845816,0.452312,,,,,,,,,,,,2.5724,9.9681,-0.748021,15.24,1.616035,2.106982,-37.534464,-0.773167,0.467312,8.436231,-7.995783,WAS_EDA,MEI_MEI,JinguStadium,TeamExclusive,Team,20200810-JinguStadium-2,c1abfc50-dad3-11ea-b2f9-c9bbca5d2268,e6a1fa76-8fc0-40e4-9e95-fc2e5084e7b8,v3,,,,"Shota, Shinohara",1000073555,Right,MEI_MEI,134.11092,,,12.8974,,,,16.695055,-37.860089,4.218115,1.639922,-0.464543,-3.997891,-0.828999,2.088944,0.233656,,,,,,,,,,,,,,,,,,,,,,,,,,,,,,,,,,,,,,,,,,,,,,,,,,,,,
415,2020/8/10,36:21.3,2020/8/10,36:21.3,4,2,"Yu, Takeda",1000073601,Right,MEI_MEI,"Ginsuke, Kaneko",1000073884,Right,WAS_EDA,Undefined,5,Bottom,2,0,1,Fastball,Four-Seam,StrikeCalled,Undefined,Undefined,,Undefined,0,0,,142.63818,-1.410641,-3.631089,2099.829081,184.646378,12:15,1.623143,0.803045,1.953741,-35.474,54.1154,4.1479,0.872209,-0.17442,129.22789,-4.142032,-3.336273,0.427448,,,,,,,,,,,,-4.9894,30.2588,-0.724035,15.24,1.590316,2.465539,-39.160397,-1.061092,-0.991171,8.840467,-3.795593,WAS_EDA,MEI_MEI,JinguStadium,TeamExclusive,Team,20200810-JinguStadium-2,cddc6870-dad3-11ea-b2f9-c9bbca5d2268,e6a1fa76-8fc0-40e4-9e95-fc2e5084e7b8,v3,,,,"Shota, Shinohara",1000073555,Right,MEI_MEI,141.9121,,,13.41028,,,,16.485514,-39.44057,4.420234,1.622038,-0.940802,-1.897797,-0.802671,2.496951,-0.495585,,,,,,,,,,,,,,,,,,,,,,,,,,,,,,,,,,,,,,,,,,,,,,,,,,,,,
416,2020/8/10,36:48.7,2020/8/10,36:48.7,4,3,"Yu, Takeda",1000073601,Right,MEI_MEI,"Ginsuke, Kaneko",1000073884,Right,WAS_EDA,Undefined,5,Bottom,2,0,2,Fastball,Four-Seam,InPlay,Undefined,LineDrive,LineDrive,Single,0,0,,144.52177,-1.308861,-4.168358,2158.100075,213.146725,1:00,1.61757,0.77881,1.952607,-37.3666,50.7733,30.9934,0.876045,-0.081547,129.59345,-4.196555,-1.965657,0.423976,155.02971,8.355325,21.679868,2943.814449,30.371103,2.740455,14.202759,53.411316,,27.060745,1.501089,-19.6048,28.4777,-0.689287,15.24,1.586816,2.735456,-39.620874,-1.009642,-3.950648,9.742413,-4.067976,WAS_EDA,MEI_MEI,JinguStadium,TeamExclusive,Team,20200810-JinguStadium-2,de2f7c30-dad3-11ea-b2f9-c9bbca5d2268,e6a1fa76-8fc0-40e4-9e95-fc2e5084e7b8,v3,,,,"Shota, Shinohara",1000073555,Right,MEI_MEI,143.07428,2.916727,,14.92832,,,,16.486226,-39.926133,4.871206,1.616454,-0.88218,-2.033988,-0.776937,2.859242,-1.975324,0.193444,0.818563,0.078867,250.076802,0.193444,39.592827,-7.199126,1.636013,-0.358715,0.07801,-0.016418,0.002754,-0.00025,0.818563,6.257672,-4.783101,0.176925,0.000342,-0.007803,0.002915,-0.000572,5.80E-05,0.078867,15.73979,0.599299,-0.340639,0.112272,-0.031729,0.007598,-0.001387,0.000134,,,,,,,,,,,,,,,,,,,,,,
417,2020/8/10,37:50.8,2020/8/10,37:50.8,5,1,"Yu, Takeda",1000073601,Right,MEI_MEI,"Takuya, Nakagawa",1000074092,Left,WAS_EDA,Undefined,5,Bottom,2,0,0,Fastball,Four-Seam,FoulBall,Undefined,Undefined,,Undefined,0,0,,142.7493,-1.213362,-4.013701,2096.261665,205.296601,12:45,1.644552,0.772483,1.921262,-55.1089,33.8012,14.6703,0.751852,-0.209739,130.82717,-5.305302,-2.972963,0.425824,,,,,,,,,,,,-10.4555,19.2799,-0.68344,15.24,1.614148,2.683209,-39.216543,-1.027413,-2.106858,8.002998,-5.921622,WAS_EDA,MEI_MEI,JinguStadium,TeamExclusive,Team,20200810-JinguStadium-2,0331d1e0-dad4-11ea-b2f9-c9bbca5d2268,e6a1fa76-8fc0-40e4-9e95-fc2e5084e7b8,v3,,,,"Shota, Shinohara",1000073555,Right,MEI_MEI,142.45319,,,11.92213,,,,16.518674,-39.476622,4.001499,1.64441,-0.834974,-2.960811,-0.77175,2.751677,-1.053429,,,,,,,,,,,,,,,,,,,,,,,,,,,,,,,,,,,,,,,,,,,,,,,,,,,,,
418,2020/8/10,38:17.6,2020/8/10,38:17.6,5,2,"Yu, Takeda",1000073601,Right,MEI_MEI,"Takuya, Nakagawa",1000074092,Left,WAS_EDA,Undefined,5,Bottom,2,0,1,Fastball,Four-Seam,StrikeCalled,Undefined,Undefined,,Undefined,0,0,,145.32887,-2.57689,-2.922184,2108.151012,207.650793,1:00,1.632203,0.764165,1.919781,-39.1165,46.9311,23.1132,0.51593,0.173937,132.65939,-5.536008,-1.27909,0.418913,,,,,,,,,,,,-14.0866,27.0824,-0.69996,15.24,1.572083,1.924821,-39.920971,-1.921094,-2.9313,8.565502,-4.171038,WAS_EDA,MEI_MEI,JinguStadium,TeamExclusive,Team,20200810-JinguStadium-2,132f4b90-dad4-11ea-b2f9-c9bbca5d2268,e6a1fa76-8fc0-40e4-9e95-fc2e5084e7b8,v3,,,,"Shota, Shinohara",1000073555,Right,MEI_MEI,144.80326,,,12.66948,,,,16.519714,-40.19461,4.282751,1.631328,-1.787844,-2.085519,-0.762947,2.018467,-1.46565,,,,,,,,,,,,,,,,,,,,,,,,,,,,,,,,,,,,,,,,,,,,,,,,,,,,,
419,2020/8/10,38:42.2,2020/8/10,38:42.2,5,3,"Yu, Takeda",1000073601,Right,MEI_MEI,"Takuya, Nakagawa",1000074092,Left,WAS_EDA,Undefined,5,Bottom,2,0,2,Fastball,Four-Seam,BallCalled,Undefined,Undefined,,Undefined,0,0,,145.67939,-0.891951,-1.661076,2319.892967,210.994305,1:00,1.676417,0.794093,1.970842,-34.6784,50.7155,28.7095,1.079813,0.616052,131.8888,-3.568268,0.388793,0.417319,,,,,,,,,,,,-16.1569,27.9723,-0.7597,15.24,1.655227,1.020283,-40.066668,-0.715847,-3.361449,9.2181,-3.986993,WAS_EDA,MEI_MEI,JinguStadium,TeamExclusive,Team,20200810-JinguStadium-2,21d52480-dad4-11ea-b2f9-c9bbca5d2268,e6a1fa76-8fc0-40e4-9e95-fc2e5084e7b8,v3,,,,"Shota, Shinohara",1000073555,Right,MEI_MEI,145.35643,,,13.7906,,,,16.468081,-40.348222,4.60905,1.675232,-0.59407,-1.993497,-0.792431,1.122954,-1.680725,,,,,,,,,,,,,,,,,,,,,,,,,,,,,,,,,,,,,,,,,,,,,,,,,,,,,
420,2020/8/10,39:17.7,2020/8/10,39:17.7,5,4,"Yu, Takeda",1000073601,Right,MEI_MEI,"Takuya, Nakagawa",1000074092,Left,WAS_EDA,Undefined,5,Bottom,2,1,2,Fastball,Four-Seam,StrikeSwinging,Strikeout,Undefined,,Undefined,0,0,,145.9769,-1.294776,-4.46304,2254.907451,211.136779,1:00,1.64643,0.769152,1.89985,-37.9048,47.6824,27.1323,0.902146,-0.216993,133.06415,-4.170176,-2.542601,0.417791,,,,,,,,,,,,-17.1669,26.4266,-0.669014,15.24,1.614569,2.991083,-40.058015,-1.025718,-3.601182,8.528847,-4.263016,WAS_EDA,MEI_MEI,JinguStadium,TeamExclusive,Team,20200810-JinguStadium-2,3703cfa0-dad4-11ea-b2f9-c9bbca5d2268,e6a1fa76-8fc0-40e4-9e95-fc2e5084e7b8,v3,,,,"Shota, Shinohara",1000073555,Right,MEI_MEI,145.19222,,,12.91276,,,,16.53958,-40.333762,4.264424,1.645503,-0.887889,-2.131508,-0.767601,3.107513,-1.800591,,,,,,,,,,,,,,,,,,,,,,,,,,,,,,,,,,,,,,,,,,,,,,,,,,,,,
421,2020/8/10,44:39.3,2020/8/10,44:39.3,1,1,"Takahisa, Hayakawa",1000073877,Left,WAS_EDA,"Kazuya, Maruyama ",1000073566,Left,MEI_MEI,Undefined,6,Top,0,0,0,Fastball,Four-Seam,StrikeCalled,Undefined,Undefined,,Undefined,0,0,,149.37104,-2.534733,3.299707,2532.632573,158.199585,11:15,1.673587,-0.36692,1.757806,-28.637,56.0199,-21.1081,0.666549,0.359031,133.79824,-4.764804,1.815583,0.415514,,,,,,,,,,,,13.3901,31.4001,0.285117,15.24,1.607471,-2.239004,-40.896687,-1.888902,2.874503,10.39052,-3.065884,WAS_EDA,MEI_MEI,JinguStadium,TeamExclusive,Team,20200810-JinguStadium-2,f6af7fc0-dad4-11ea-b2f9-c9bbca5d2268,e6a1fa76-8fc0-40e4-9e95-fc2e5084e7b8,v3,,,,"Hisashige, Iwamoto",1000074023,Right,WAS_EDA,145.98783,,,15.5728,,,,16.680271,-41.26099,5.19526,1.671813,-1.781409,-1.532942,0.365385,-2.339787,1.437251,,,,,,,,,,,,,,,,,,,,,,,,,,,,,,,,,,,,,,,,,,,,,,,,,,,,,
422,2020/8/10,44:49.9,2020/8/10,44:49.9,1,2,"Takahisa, Hayakawa",1000073877,Left,WAS_EDA,"Kazuya, Maruyama ",1000073566,Left,MEI_MEI,Undefined,6,Top,0,0,1,Slider,Curveball,BallinDirt,Undefined,Undefined,,Undefined,0,0,,126.57219,-0.573051,2.174529,2802.848435,323.132494,4:45,1.625677,-0.414969,1.584287,-152.9472,-33.5554,28.2019,-0.068207,0.490763,116.01332,-11.394803,4.147932,0.493449,,,,,,,,,,,,-12.3906,-15.3322,0.350847,15.24,1.595475,-1.454361,-34.754,-1.003308,-1.926191,7.342422,-12.190145,WAS_EDA,MEI_MEI,JinguStadium,TeamExclusive,Team,20200810-JinguStadium-2,fd090490-dad4-11ea-b2f9-c9bbca5d2268,e6a1fa76-8fc0-40e4-9e95-fc2e5084e7b8,v3,,,,"Hisashige, Iwamoto",1000074023,Right,WAS_EDA,122.93074,,,10.55888,,,,16.856484,-35.09385,3.671211,1.628856,-0.439076,-6.095072,0.4161,-1.365205,-0.963095,,,,,,,,,,,,,,,,,,,,,,,,,,,,,,,,,,,,,,,,,,,,,,,,,,,,,
423,2020/8/10,45:09.2,2020/8/10,45:09.1,1,3,"Takahisa, Hayakawa",1000073877,Left,WAS_EDA,"Kazuya, Maruyama ",1000073566,Left,MEI_MEI,Undefined,6,Top,0,1,1,Cutter,Slider,StrikeSwinging,Undefined,Undefined,,Undefined,0,0,,138.8785,-1.297599,2.273978,1326.914206,225.800939,1:30,1.626395,-0.425241,1.694683,-82.8324,13.0768,10.5871,0.428209,0.328513,128.42952,-7.259456,3.017253,0.442267,,,,,,,,,,,,-3.8821,8.3296,0.364522,15.24,1.585653,-1.569848,-38.192083,-1.219685,-0.745984,7.195277,-8.206043,WAS_EDA,MEI_MEI,JinguStadium,TeamExclusive,Team,20200810-JinguStadium-2,087efa50-dad5-11ea-b2f9-c9bbca5d2268,e6a1fa76-8fc0-40e4-9e95-fc2e5084e7b8,v3,,,,"Hisashige, Iwamoto",1000074023,Right,WAS_EDA,137.15691,,,10.44897,,,,16.745317,-38.474635,3.597638,1.627222,-0.897441,-4.103021,0.425593,-1.540554,-0.372992,,,,,,,,,,,,,,,,,,,,,,,,,,,,,,,,,,,,,,,,,,,,,,,,,,,,,
424,2020/8/10,45:25.2,2020/8/10,45:25.2,1,4,"Takahisa, Hayakawa",1000073877,Left,WAS_EDA,"Kazuya, Maruyama ",1000073566,Left,MEI_MEI,Undefined,6,Top,0,1,2,Fastball,ChangeUp,BallCalled,Undefined,Undefined,,Undefined,0,0,,150.31217,-3.571746,2.467279,1286.459281,168.641964,11:30,1.698847,-0.299282,1.692566,-18.3965,65.1997,-12.4915,0.495388,0.278917,135.78279,-5.054783,1.591868,0.412903,,,,,,,,,,,,8.1989,36.4954,0.235235,15.24,1.603185,-1.703544,-41.176195,-2.602235,1.799956,9.810253,-1.794613,WAS_EDA,MEI_MEI,JinguStadium,TeamExclusive,Team,20200810-JinguStadium-2,12102a80-dad5-11ea-b2f9-c9bbca5d2268,e6a1fa76-8fc0-40e4-9e95-fc2e5084e7b8,v3,,,,"Hisashige, Iwamoto",1000074023,Right,WAS_EDA,146.91107,,,14.52938,,,,16.746333,-41.533529,4.905127,1.69678,-2.536867,-0.897307,0.29848,-1.769107,0.899978,,,,,,,,,,,,,,,,,,,,,,,,,,,,,,,,,,,,,,,,,,,,,,,,,,,,,
425,2020/8/10,45:39.9,2020/8/10,45:39.9,1,5,"Takahisa, Hayakawa",1000073877,Left,WAS_EDA,"Kazuya, Maruyama ",1000073566,Left,MEI_MEI,Undefined,6,Top,0,2,2,Cutter,Slider,BallinDirt,Undefined,Undefined,,Undefined,0,0,,137.71598,-2.101389,2.929656,1389.930387,249.193816,2:15,1.643101,-0.387333,1.691087,-91.4673,6.6861,9.8136,0.128849,0.545969,127.22017,-8.651785,3.618438,0.447412,,,,,,,,,,,,-2.9734,5.7031,0.309198,15.24,1.580289,-1.984481,-37.824302,-1.781447,-0.557883,7.379266,-8.736605,WAS_EDA,MEI_MEI,JinguStadium,TeamExclusive,Team,20200810-JinguStadium-2,1ad50a00-dad5-11ea-b2f9-c9bbca5d2268,e6a1fa76-8fc0-40e4-9e95-fc2e5084e7b8,v3,,,,"Hisashige, Iwamoto",1000074023,Right,WAS_EDA,135.57988,,,10.49581,,,,16.748972,-38.117556,3.689633,1.644185,-1.434253,-4.368302,0.387621,-1.96231,-0.278942,,,,,,,,,,,,,,,,,,,,,,,,,,,,,,,,,,,,,,,,,,,,,,,,,,,,,
426,2020/8/10,45:59.7,2020/8/10,45:59.7,1,6,"Takahisa, Hayakawa",1000073877,Left,WAS_EDA,"Kazuya, Maruyama ",1000073566,Left,MEI_MEI,Undefined,6,Top,0,3,2,Cutter,Slider,StrikeSwinging,Strikeout,Undefined,,Undefined,0,0,,139.66734,-1.057679,2.0128,1373.951023,259.459835,2:45,1.628357,-0.394374,1.672168,-89.3304,5.2355,14.3066,0.43323,0.322889,129.86616,-7.452204,3.016376,0.439159,,,,,,,,,,,,-6.0064,4.0879,0.339403,15.24,1.592759,-1.423456,-38.440228,-1.104216,-1.175292,6.907053,-9.006764,WAS_EDA,MEI_MEI,JinguStadium,TeamExclusive,Team,20200810-JinguStadium-2,269d3e70-dad5-11ea-b2f9-c9bbca5d2268,e6a1fa76-8fc0-40e4-9e95-fc2e5084e7b8,v3,,,,"Hisashige, Iwamoto",1000074023,Right,WAS_EDA,138.12765,,,9.80118,,,,16.768196,-38.713845,3.453526,1.629435,-0.747421,-4.503382,0.39487,-1.376898,-0.587646,,,,,,,,,,,,,,,,,,,,,,,,,,,,,,,,114.0454,2.749739,1.8368,0.912939,-0.22126,0.346089,-0.357532,0.713628,1.413011,-0.894321,20.163021,1.664376,-17.869287,0.723019,22.429404,-1.238031,1.42837,3.936417,-4.018851,-0.946008,-21.320752,3.018529
427,2020/8/10,46:23.0,2020/8/10,46:23.0,2,1,"Takahisa, Hayakawa",1000073877,Left,WAS_EDA,"Hibiki, Kuge",1000073674,Right,MEI_MEI,Undefined,6,Top,1,0,0,Curveball,Curveball,InPlay,Undefined,GroundBall,GroundBall,Out,1,0,,120.41806,2.353063,0.663015,1351.294539,328.448437,5:00,1.636742,-0.322382,1.698947,-170.4156,-42.3477,28.3482,0.602897,0.149861,111.29306,-9.817119,2.658878,0.511063,101.66236,-2.753292,-43.494891,,,,,7.461131,,-41.849155,0.255103,-13.9695,-22.2162,0.302656,15.24,1.684867,-0.50651,-33.145426,0.697482,-2.006007,5.847954,-12.996877,WAS_EDA,MEI_MEI,JinguStadium,TeamExclusive,Team,20200810-JinguStadium-2,348852e0-dad5-11ea-b2f9-c9bbca5d2268,e6a1fa76-8fc0-40e4-9e95-fc2e5084e7b8,v3,,,,"Hisashige, Iwamoto",1000074023,Right,WAS_EDA,118.69369,0.616965,,9.125,,,,16.742848,-33.409526,2.923977,1.640114,1.284436,-6.498439,0.323485,-0.415917,-1.003003,0.528435,0.616965,-0.109248,105.423651,0.528435,20.462326,-3.016202,0.356348,-0.060969,0.009641,0.008662,-0.021974,0.019977,0.616965,-1.356501,-4.266188,0.415604,-0.047059,0.012972,-0.004938,0.005294,-0.004752,-0.109248,-19.414555,1.289861,0.011427,-0.004635,-0.004705,0.034218,-0.085304,0.083882,,,,,,,,,,,,,,,,,,,,,,
428,2020/8/10,46:55.9,2020/8/10,46:55.8,3,1,"Takahisa, Hayakawa",1000073877,Left,WAS_EDA,"Fuma, Shimizu",1000073553,Right,MEI_MEI,Undefined,6,Top,2,0,0,Sinker,Sinker,BallCalled,Undefined,Undefined,,Undefined,0,0,,142.41785,-2.967028,2.264937,2084.279313,137.289431,10:30,1.641578,-0.395404,1.739116,-55.4455,35.5231,-30.2358,0.243114,-0.054214,131.22688,-7.021377,0.135735,0.430725,,,,,,,,,,,,17.0175,20.9195,0.339898,15.24,1.561567,-1.396793,-39.131718,-2.249433,3.42806,7.663154,-5.592565,WAS_EDA,MEI_MEI,JinguStadium,TeamExclusive,Team,20200810-JinguStadium-2,48120090-dad5-11ea-b2f9-c9bbca5d2268,e6a1fa76-8fc0-40e4-9e95-fc2e5084e7b8,v3,,,,"Hisashige, Iwamoto",1000074023,Right,WAS_EDA,140.83223,,,11.19096,,,,16.70114,-39.416814,3.831577,1.641384,-2.04137,-2.796283,0.394236,-1.524329,1.71403,,,,,,,,,,,,,,,,,,,,,,,,,,,,,,,,,,,,,,,,,,,,,,,,,,,,,
429,2020/8/10,47:06.5,2020/8/10,47:06.5,3,2,"Takahisa, Hayakawa",1000073877,Left,WAS_EDA,"Fuma, Shimizu",1000073553,Right,MEI_MEI,Undefined,6,Top,2,1,0,Fastball,Four-Seam,FoulBall,Undefined,Undefined,Popup,Undefined,0,0,,150.9457,-1.554856,2.081811,2444.072544,161.571314,11:30,1.686929,-0.369271,1.773883,-22.622,59.1163,-18.7431,1.019694,0.033501,136.31757,-3.344519,0.760616,0.408289,109.49965,74.708946,141.535202,4542.122424,,,,34.936045,,155.403027,4.927312,11.2676,32.3321,0.318734,15.24,1.646649,-1.406906,-41.45644,-1.181413,2.504802,10.031838,-2.619165,WAS_EDA,MEI_MEI,JinguStadium,TeamExclusive,Team,20200810-JinguStadium-2,4e6e1d70-dad5-11ea-b2f9-c9bbca5d2268,e6a1fa76-8fc0-40e4-9e95-fc2e5084e7b8,v3,,,,"Hisashige, Iwamoto",1000074023,Right,WAS_EDA,148.57126,30.878094,,14.62813,,,,16.665703,-41.800015,5.015919,1.685574,-1.091711,-1.309582,0.368387,-1.492692,1.252401,0.851159,1.045876,-0.026893,353.278439,0.851241,-6.284828,-1.961679,0.902861,-0.196755,0.012826,0.004918,-0.001082,6.50E-05,1.046695,29.319883,-8.940417,1.034994,-0.053961,-0.050694,0.016903,-0.002113,9.80E-05,-0.026658,4.985697,0.009478,-0.256485,0.087078,-0.012637,-0.000948,0.000426,-3.10E-05,,,,,,,,,,,,,,,,,,,,,,
430,2020/8/10,47:30.7,2020/8/10,47:30.7,3,3,"Takahisa, Hayakawa",1000073877,Left,WAS_EDA,"Fuma, Shimizu",1000073553,Right,MEI_MEI,Undefined,6,Top,2,1,1,ChangeUp,ChangeUp,BallCalled,Undefined,Undefined,,Undefined,0,0,,133.48222,-1.859106,2.04519,1470.45843,145.621394,10:45,1.622958,-0.367103,1.839335,-70.1486,33.8934,-20.6246,0.396243,0.004125,120.8682,-7.048412,0.583614,0.460637,,,,,,,,,,,,12.27,20.0478,0.319757,15.24,1.574192,-1.212463,-36.648595,-1.438485,2.125057,8.04389,-6.334549,WAS_EDA,MEI_MEI,JinguStadium,TeamExclusive,Team,20200810-JinguStadium-2,5cd40730-dad5-11ea-b2f9-c9bbca5d2268,e6a1fa76-8fc0-40e4-9e95-fc2e5084e7b8,v3,,,,"Hisashige, Iwamoto",1000074023,Right,WAS_EDA,131.68716,,,12.61402,,,,16.599705,-36.945827,4.021945,1.623021,-1.204415,-3.167275,0.36601,-1.290987,1.062529,,,,,,,,,,,,,,,,,,,,,,,,,,,,,,,,,,,,,,,,,,,,,,,,,,,,,
431,2020/8/10,47:45.7,2020/8/10,47:45.7,3,4,"Takahisa, Hayakawa",1000073877,Left,WAS_EDA,"Fuma, Shimizu",1000073553,Right,MEI_MEI,Undefined,6,Top,2,2,1,Cutter,Slider,BallCalled,Undefined,Undefined,,Undefined,0,0,,139.37307,2.095206,0.837754,1327.977858,291.752991,3:45,1.641258,-0.425927,1.67726,-98.1828,-3.3476,14.8112,1.257032,-0.038982,128.94752,-4.958521,1.876461,0.439784,,,,,,,,,,,,-6.97,-2.1733,0.402397,15.24,1.689034,-0.63664,-38.365682,0.966154,-1.359417,6.833513,-10.230516,WAS_EDA,MEI_MEI,JinguStadium,TeamExclusive,Team,20200810-JinguStadium-2,65c797d0-dad5-11ea-b2f9-c9bbca5d2268,e6a1fa76-8fc0-40e4-9e95-fc2e5084e7b8,v3,,,,"Hisashige, Iwamoto",1000074023,Right,WAS_EDA,137.93131,,,10.42555,,,,16.763205,-38.636036,3.416756,1.642803,1.370902,-5.115258,0.42652,-0.582857,-0.679708,,,,,,,,,,,,,,,,,,,,,,,,,,,,,,,,,,,,,,,,,,,,,,,,,,,,,
432,2020/8/10,48:02.1,2020/8/10,48:02.1,3,5,"Takahisa, Hayakawa",1000073877,Left,WAS_EDA,"Fuma, Shimizu",1000073553,Right,MEI_MEI,Undefined,6,Top,2,3,1,Fastball,Four-Seam,StrikeCalled,Undefined,Undefined,,Undefined,0,0,,149.97153,-1.510349,1.497844,2512.348253,156.887099,11:15,1.661941,-0.355387,1.697077,-34.1299,48.995,-19.7261,0.890368,-0.126084,136.24532,-4.089133,0.112877,0.411737,,,,,,,,,,,,11.0457,26.677,0.317606,15.24,1.619636,-0.967019,-41.197992,-1.206939,2.4408,9.3654,-3.911726,WAS_EDA,MEI_MEI,JinguStadium,TeamExclusive,Team,20200810-JinguStadium-2,6f90ef00-dad5-11ea-b2f9-c9bbca5d2268,e6a1fa76-8fc0-40e4-9e95-fc2e5084e7b8,v3,,,,"Hisashige, Iwamoto",1000074023,Right,WAS_EDA,147.32697,,,13.72621,,,,16.742097,-41.538055,4.6827,1.660882,-1.064902,-1.955863,0.354328,-1.055646,1.2204,,,,,,,,,,,,,,,,,,,,,,,,,,,,,,,,,,,,,,,,,,,,,,,,,,,,,
433,2020/8/10,48:18.3,2020/8/10,48:18.3,3,6,"Takahisa, Hayakawa",1000073877,Left,WAS_EDA,"Fuma, Shimizu",1000073553,Right,MEI_MEI,Undefined,6,Top,2,3,2,Fastball,Four-Seam,InPlay,Undefined,GroundBall,GroundBall,Single,0,0,,151.13669,-2.467863,2.092994,1461.305313,158.40526,11:15,1.666004,-0.322417,1.725649,-29.22,52.5446,-19.6968,0.671482,0.075754,137.20787,-4.701761,0.708447,0.408354,154.92563,-2.468786,-1.205952,,,,,11.920516,,-0.4998,0.267533,11.6417,29.4307,0.270022,15.24,1.600241,-1.40969,-41.493401,-1.8857,2.604996,9.647342,-3.221091,WAS_EDA,MEI_MEI,JinguStadium,TeamExclusive,Team,20200810-JinguStadium-2,7933f980-dad5-11ea-b2f9-c9bbca5d2268,e6a1fa76-8fc0-40e4-9e95-fc2e5084e7b8,v3,,,,"Hisashige, Iwamoto",1000074023,Right,WAS_EDA,148.54742,0.687576,,13.92882,,,,16.714093,-41.834728,4.823671,1.664942,-1.771736,-1.610546,0.321528,-1.501856,1.302498,0.822121,0.687576,-0.061415,235.073571,0.822931,42.94524,-5.489849,,,,,,,0.687481,-1.848965,-2.692778,,,,,,,-0.062032,-0.874207,2.689861,,,,,,,,,,,,,,,,,,,,,,,,,,,,
434,2020/8/10,52:39.3,2020/8/10,52:39.3,4,1,"Takahisa, Hayakawa",1000073877,Left,WAS_EDA,"Shota, Shinohara",1000073555,Right,MEI_MEI,Undefined,6,Top,2,0,0,Cutter,Slider,BallCalled,Undefined,Undefined,,Undefined,0,0,,137.1497,-0.946778,1.665922,1289.588647,247.939593,2:15,1.65576,-0.395346,1.77003,-87.6894,9.7171,16.9903,0.510367,0.246891,126.78473,-7.285149,2.865127,0.445706,,,,,,,,,,,,-7.5908,6.4688,0.352467,15.24,1.625789,-1.179757,-37.747356,-0.982582,-1.423113,7.116477,-8.593877,WAS_EDA,MEI_MEI,JinguStadium,TeamExclusive,Team,20200810-JinguStadium-2,14c8ec70-dad6-11ea-b2f9-c9bbca5d2268,e6a1fa76-8fc0-40e4-9e95-fc2e5084e7b8,v3,,,,"Hisashige, Iwamoto",1000074023,Right,WAS_EDA,136.09867,,,10.36497,,,,16.670048,-38.016006,3.558238,1.656759,-0.65816,-4.296939,0.395989,-1.126034,-0.711557,,,,,,,,,,,,,,,,,,,,,,,,,,,,,,,,,,,,,,,,,,,,,,,,,,,,,
435,2020/8/10,53:00.6,2020/8/10,53:00.6,4,2,"Takahisa, Hayakawa",1000073877,Left,WAS_EDA,"Shota, Shinohara",1000073555,Right,MEI_MEI,Undefined,6,Top,2,1,0,Cutter,Slider,StrikeCalled,Undefined,Undefined,,Undefined,0,0,,138.22767,0.511001,0.731082,2603.483299,238.81753,2:00,1.641238,-0.407689,1.723458,-85.1621,11.008,13.6583,0.934889,-0.063278,127.58114,-5.651427,1.692304,0.442869,,,,,,,,,,,,-6.4591,6.1316,0.387767,15.24,1.647927,-0.5539,-38.057328,-0.019785,-1.234088,7.048133,-8.635149,WAS_EDA,MEI_MEI,JinguStadium,TeamExclusive,Team,20200810-JinguStadium-2,2184cfb0-dad6-11ea-b2f9-c9bbca5d2268,e6a1fa76-8fc0-40e4-9e95-fc2e5084e7b8,v3,,,,"Hisashige, Iwamoto",1000074023,Right,WAS_EDA,136.97067,,,10.64653,,,,16.716516,-38.3298,3.524067,1.642239,0.314039,-4.317575,0.408258,-0.506192,-0.617044,,,,,,,,,,,,,,,,,,,,,,,,,,,,,,,,,,,,,,,,,,,,,,,,,,,,,
436,2020/8/10,53:17.7,2020/8/10,53:17.7,4,3,"Takahisa, Hayakawa",1000073877,Left,WAS_EDA,"Shota, Shinohara",1000073555,Right,MEI_MEI,Undefined,6,Top,2,1,1,ChangeUp,ChangeUp,BallCalled,Undefined,Undefined,,Undefined,0,0,,130.07043,-0.694237,1.318123,1363.727827,102.992298,9:30,1.600479,-0.425555,1.875071,-94.9604,12.132,-38.578,0.455307,-0.440068,119.95252,-7.617172,-1.425447,0.467341,,,,,,,,,,,,20.8536,7.7709,0.397324,15.24,1.578559,-0.654068,-35.819905,-0.781381,3.509493,6.608814,-8.49887,WAS_EDA,MEI_MEI,JinguStadium,TeamExclusive,Team,20200810-JinguStadium-2,2baac5d0-dad6-11ea-b2f9-c9bbca5d2268,e6a1fa76-8fc0-40e4-9e95-fc2e5084e7b8,v3,,,,"Hisashige, Iwamoto",1000074023,Right,WAS_EDA,129.79815,,,10.11791,,,,16.565075,-36.063555,3.304407,1.601591,-0.46805,-4.249435,0.423823,-0.783454,1.754747,,,,,,,,,,,,,,,,,,,,,,,,,,,,,,,,,,,,,,,,,,,,,,,,,,,,,
437,2020/8/10,53:36.1,2020/8/10,53:36.1,4,4,"Takahisa, Hayakawa",1000073877,Left,WAS_EDA,"Shota, Shinohara",1000073555,Right,MEI_MEI,Undefined,6,Top,2,2,1,Fastball,Four-Seam,InPlay,Undefined,FlyBall,FlyBall,Out,1,0,,149.71662,-3.145246,1.82907,2618.204528,159.153351,11:15,1.674576,-0.357234,1.739301,-27.0195,55.8619,-20.233,0.509828,-0.039962,136.5596,-5.217345,0.405378,0.411134,162.73258,24.993105,-4.438595,1741.509413,33.411201,14.582315,-2.795775,114.170654,,-6.179344,4.564105,11.632,31.5198,0.312075,15.24,1.592227,-1.204165,-41.105997,-2.342115,2.567099,9.057277,-2.85046,WAS_EDA,MEI_MEI,JinguStadium,TeamExclusive,Team,20200810-JinguStadium-2,36ac00c0-dad6-11ea-b2f9-c9bbca5d2268,e6a1fa76-8fc0-40e4-9e95-fc2e5084e7b8,v3,,,,"Hisashige, Iwamoto",1000074023,Right,WAS_EDA,147.54315,21.172307,,13.15702,,,,16.700446,-41.426541,4.528638,1.673331,-2.241235,-1.42523,0.356299,-1.295016,1.283549,0.507349,0.497253,0.036872,174.77561,0.507447,40.845299,-8.0867,1.997106,-0.404877,0.072415,-0.01096,0.001125,-5.30E-05,0.497185,19.099979,-4.510436,-0.005811,0.045753,-0.015742,0.003183,-0.000316,1.30E-05,0.036868,-3.170645,0.245731,-0.063689,0.013335,-0.002434,0.000371,-3.80E-05,2.00E-06,,,,,,,,,,,,,,,,,,,,,,
438,2020/8/10,55:51.7,2020/8/10,55:51.7,1,1,"Yu, Takeda",1000073601,Right,MEI_MEI,"Kotaro, Takizawa",1000073989,Left,WAS_EDA,Undefined,6,Bottom,0,0,0,Splitter,ChangeUp,FoulBall,Undefined,Undefined,LineDrive,Undefined,0,0,,136.11006,0.052275,-2.632453,1588.659292,261.65359,2:45,1.655915,0.796045,1.730912,-93.6372,4.5497,14.0784,0.734412,0.188344,127.11364,-6.676354,-1.642104,0.447488,111.2928,22.361869,-136.939948,4383.482124,-26.480306,5.140657,-20.564746,48.583873,,-145.588043,2.010384,-8.6697,3.0464,-0.729494,15.24,1.650085,1.656237,-37.489869,-0.357598,-1.625669,6.039807,-9.235412,WAS_EDA,MEI_MEI,JinguStadium,TeamExclusive,Team,20200810-JinguStadium-2,877a7ef0-dad6-11ea-b2f9-c9bbca5d2268,e6a1fa76-8fc0-40e4-9e95-fc2e5084e7b8,v3,,,,"Shota, Shinohara",1000073555,Right,MEI_MEI,135.55673,5.888349,,8.99643,,,,16.709755,-37.725911,3.019904,1.657007,0.003332,-4.617706,-0.795463,1.71977,-0.812834,-0.124885,0.675305,-0.168035,50.630884,-0.124885,-20.888858,0.470576,0.016573,-0.001354,0.001539,-0.000523,6.10E-05,-2.00E-06,0.675305,11.761622,-7.261224,0.788125,-0.129806,0.029173,-0.003438,5.50E-05,1.90E-05,-0.168035,-19.520141,2.99499,-0.051802,0.016716,0.003031,-0.002094,0.000299,-1.30E-05,,,,,,,,,,,,,,,,,,,,,,
439,2020/8/10,56:05.7,2020/8/10,56:05.7,1,2,"Yu, Takeda",1000073601,Right,MEI_MEI,"Kotaro, Takizawa",1000073989,Left,WAS_EDA,Undefined,6,Bottom,0,0,1,Fastball,Sinker,InPlay,Undefined,LineDrive,LineDrive,Double,0,0,,144.73601,-2.584101,-3.893617,2190.297707,222.248238,1:30,1.649506,0.780942,1.945123,-49.9619,36.083,30.3818,0.423159,-0.00866,133.10354,-6.300116,-1.732694,0.418907,157.80022,11.726935,6.43294,1166.051263,33.186858,3.536288,4.770508,56.66821,,9.4604,1.610713,-18.4855,21.3787,-0.697006,15.24,1.589813,2.562885,-39.755929,-1.971579,-3.841741,7.945973,-5.363635,WAS_EDA,MEI_MEI,JinguStadium,TeamExclusive,Team,20200810-JinguStadium-2,8fcb3fe0-dad6-11ea-b2f9-c9bbca5d2268,e6a1fa76-8fc0-40e4-9e95-fc2e5084e7b8,v3,,,,"Shota, Shinohara",1000073555,Right,MEI_MEI,144.80556,3.600601,,11.63246,,,,16.494949,-40.005968,3.972986,1.649198,-1.802799,-2.681817,-0.779555,2.683775,-1.92087,0.321555,0.376709,0.005493,284.891366,0.321555,42.648246,-6.240184,0.991715,-0.211501,0.042773,-0.008369,0.001376,-0.000122,0.376709,8.90903,-6.676825,0.827972,-0.180454,0.043187,-0.008691,0.001411,-0.000128,0.005493,4.808598,1.07699,-0.409601,0.102567,-0.026613,0.005892,-0.000984,8.90E-05,,,,,,,,,,,,,,,,,,,,,,
440,2020/8/10,59:08.3,2020/8/10,59:08.3,2,1,"Yu, Takeda",1000073601,Right,MEI_MEI,"Hisashige, Iwamoto",1000074023,Right,WAS_EDA,Undefined,6,Bottom,0,0,0,Cutter,ChangeUp,BallCalled,Undefined,Undefined,,Undefined,0,0,,137.27053,-2.316437,-3.717443,2146.042964,222.833649,1:30,1.668375,0.803064,1.89349,-79.5541,17.1812,13.0991,0.219509,-0.113102,126.18887,-8.121373,-2.787784,0.444168,,,,,,,,,,,,-9.4675,11.4616,-0.718816,15.24,1.610541,2.389471,-37.692388,-1.824828,-1.758336,7.553779,-7.677972,WAS_EDA,MEI_MEI,JinguStadium,TeamExclusive,Team,20200810-JinguStadium-2,fc9e9810-dad6-11ea-b2f9-c9bbca5d2268,e6a1fa76-8fc0-40e4-9e95-fc2e5084e7b8,v3,,,,"Shota, Shinohara",1000073555,Right,MEI_MEI,136.56998,,,11.08166,,,,16.546466,-37.953309,3.77689,1.668994,-1.559617,-3.838986,-0.802401,2.450207,-0.879168,,,,,,,,,,,,,,,,,,,,,,,,,,,,,,,,,,,,,,,,,,,,,,,,,,,,,
441,2020/8/10,59:31.9,2020/8/10,59:31.9,2,2,"Yu, Takeda",1000073601,Right,MEI_MEI,"Hisashige, Iwamoto",1000074023,Right,WAS_EDA,Undefined,6,Bottom,0,1,0,Fastball,Four-Seam,FoulBall,Undefined,Undefined,Popup,Undefined,0,0,,141.65905,-1.993633,-3.053926,2086.917869,203.57835,12:45,1.661027,0.770348,1.906984,-42.1907,50.1352,20.3397,0.677772,0.114604,127.01097,-5.222719,-1.609689,0.433927,103.26078,72.007024,144.396143,5506.123567,,,,31.936588,,157.675011,4.268477,-13.2123,28.7553,-0.702412,15.24,1.61341,1.97489,-38.853293,-1.480052,-2.553363,9.566302,-4.249485,WAS_EDA,MEI_MEI,JinguStadium,TeamExclusive,Team,20200810-JinguStadium-2,0ab131b0-dad7-11ea-b2f9-c9bbca5d2268,e6a1fa76-8fc0-40e4-9e95-fc2e5084e7b8,v3,,,,"Shota, Shinohara",1000073555,Right,MEI_MEI,139.79312,25.359812,,14.64808,,,,16.531979,-39.170107,4.783151,1.660096,-1.339319,-2.124743,-0.769216,2.059452,-1.276682,0.509434,0.694765,-0.124227,349.105463,0.509678,-7.21098,-1.555558,0.834402,-0.188699,0.014429,0.003792,-0.00085,4.90E-05,0.694991,27.275041,-9.239307,1.211417,-0.195789,0.018037,-0.001771,0.000472,-4.60E-05,-0.124254,5.159263,-0.867344,0.14319,-0.030594,0.012257,-0.00421,0.000687,-4.20E-05,,,,,,,,,,,,,,,,,,,,,,
442,2020/8/10,00:00.2,2020/8/10,00:00.2,2,3,"Yu, Takeda",1000073601,Right,MEI_MEI,"Hisashige, Iwamoto",1000074023,Right,WAS_EDA,Undefined,6,Bottom,0,1,1,Cutter,Slider,InPlay,Undefined,GroundBall,GroundBall,Single,0,0,,138.15127,-1.758581,-2.69253,2284.743878,190.575825,12:15,1.683098,0.775504,1.783143,-73.0425,21.8213,3.6173,0.453904,0.048541,129.06738,-7.039407,-2.437324,0.43985,158.99388,-5.989368,-25.451634,,,,,6.3684,,-24.90417,0.076733,-3.4046,12.9297,-0.709036,15.24,1.634253,1.771823,-38.0343,-1.459531,-0.656433,6.287992,-7.313673,WAS_EDA,MEI_MEI,JinguStadium,TeamExclusive,Team,20200810-JinguStadium-2,1b982100-dad7-11ea-b2f9-c9bbca5d2268,e6a1fa76-8fc0-40e4-9e95-fc2e5084e7b8,v3,,,,"Shota, Shinohara",1000073555,Right,MEI_MEI,137.91054,0.377516,,9.08389,,,,16.657478,-38.267926,3.143996,1.683433,-1.187796,-3.656837,-0.77532,1.796212,-0.328217,2.764835,0.377516,-1.190344,,2.76482,39.663515,-5.451485,,,,,,,0.37752,-4.609042,-4.051648,,,,,,,-1.190324,-18.879674,-7.258667,,,,,,,,,,,,,,,,,,,,,,,,,,,,
443,2020/8/10,00:53.0,2020/8/10,00:53.0,3,1,"Yu, Takeda",1000073601,Right,MEI_MEI,"Takuya, Hiruma",1000074108,Left,WAS_EDA,Undefined,6,Bottom,0,0,0,Fastball,Four-Seam,FoulBall,Undefined,Undefined,FlyBall,Undefined,0,0,,140.92817,-1.248647,-3.029087,2117.990852,210.673172,1:00,1.639895,0.722899,1.90767,-53.409,37.985,20.8049,0.754333,0.078845,128.86056,-5.23088,-1.551347,0.431731,153.09621,30.229746,-36.859388,4258.291807,24.980248,17.447933,-22.363006,103.768454,,-49.700193,4.37626,-12.9454,21.4899,-0.655574,15.24,1.608467,1.951733,-38.741758,-1.029309,-2.540701,7.95948,-5.588972,WAS_EDA,MEI_MEI,JinguStadium,TeamExclusive,Team,20200810-JinguStadium-2,3b074f20-dad7-11ea-b2f9-c9bbca5d2268,e6a1fa76-8fc0-40e4-9e95-fc2e5084e7b8,v3,,,,"Shota, Shinohara",1000073555,Right,MEI_MEI,140.50402,22.136322,,12.06761,,,,16.531941,-39.006284,3.97974,1.639589,-0.843565,-2.794486,-0.721841,2.036171,-1.270351,0.015059,0.753437,-0.088299,139.033447,0.01489,29.401753,-7.769395,2.119323,-0.446187,0.074805,-0.009669,0.000829,-3.30E-05,0.753614,21.407744,-5.804746,0.230232,-0.007072,0.004999,-0.003271,0.000701,-4.90E-05,-0.088299,-22.040917,1.70263,-0.309811,0.048534,-0.008743,0.001703,-0.000205,1.00E-05,,,,,,,,,,,,,,,,,,,,,,
444,2020/8/10,01:27.6,2020/8/10,01:27.5,3,2,"Yu, Takeda",1000073601,Right,MEI_MEI,"Takuya, Hiruma",1000074108,Left,WAS_EDA,Undefined,6,Bottom,0,0,1,Fastball,Four-Seam,StrikeSwinging,Undefined,Undefined,,Undefined,0,0,,144.06424,-1.34787,-3.867059,2058.573635,218.751087,1:15,1.69727,0.78462,2.006076,-49.5806,37.211,27.5723,0.824039,-0.021476,131.22712,-5.078876,-1.899267,0.42072,,,,,,,,,,,,-17.2071,21.3699,-0.70495,15.24,1.666487,2.54432,-39.573023,-1.092644,-3.512408,8.550661,-5.444515,WAS_EDA,MEI_MEI,JinguStadium,TeamExclusive,Team,20200810-JinguStadium-2,4fa3f370-dad7-11ea-b2f9-c9bbca5d2268,e6a1fa76-8fc0-40e4-9e95-fc2e5084e7b8,v3,,,,"Shota, Shinohara",1000073555,Right,MEI_MEI,144.1813,,,12.83712,,,,16.433191,-39.830005,4.27533,1.696866,-0.929014,-2.722258,-0.783004,2.649882,-1.756204,,,,,,,,,,,,,,,,,,,,,,,,,,,,,,,,,,,,,,,,,,,,,,,,,,,,,
445,2020/8/10,01:54.7,2020/8/10,01:54.6,3,3,"Yu, Takeda",1000073601,Right,MEI_MEI,"Takuya, Hiruma",1000074108,Left,WAS_EDA,Undefined,6,Bottom,0,0,2,Splitter,Splitter,BallinDirt,Undefined,Undefined,,Undefined,0,0,,134.42371,-2.492071,-3.230408,1413.682192,290.766661,3:45,1.660152,0.816996,1.79709,-101.8597,0.4706,7.3774,-0.065206,-0.024323,123.7539,-9.820705,-2.708765,0.456832,,,,,,,,,,,,-6.2117,2.8628,-0.738224,15.24,1.59179,2.049489,-36.906987,-2.01222,-1.102019,7.489414,-9.298765,WAS_EDA,MEI_MEI,JinguStadium,TeamExclusive,Team,20200810-JinguStadium-2,5fd01e40-dad7-11ea-b2f9-c9bbca5d2268,e6a1fa76-8fc0-40e4-9e95-fc2e5084e7b8,v3,,,,"Shota, Shinohara",1000073555,Right,MEI_MEI,132.78398,,,10.66981,,,,16.64329,-37.190662,3.744707,1.661336,-1.660012,-4.649383,-0.816643,2.09123,-0.551009,,,,,,,,,,,,,,,,,,,,,,,,,,,,,,,,,,,,,,,,,,,,,,,,,,,,,
446,2020/8/10,02:22.9,2020/8/10,02:22.9,3,4,"Yu, Takeda",1000073601,Right,MEI_MEI,"Takuya, Hiruma",1000074108,Left,WAS_EDA,Undefined,6,Bottom,0,1,2,Fastball,Four-Seam,InPlay,Undefined,FlyBall,FlyBall,HomeRun,0,3,,144.37575,-1.675125,-3.661595,2175.491773,202.404941,12:45,1.651912,0.742771,1.910757,-40.9106,47.2751,18.1971,0.771014,-0.105536,130.42161,-4.7884,-2.37075,0.424086,169.79331,33.064521,21.603355,2810.182019,30.695164,21.089688,13.48826,126.650961,,26.699656,5.807281,-12.382,26.8038,-0.66116,15.24,1.611658,2.446388,-39.613885,-1.287687,-2.509837,9.265681,-4.373519,WAS_EDA,MEI_MEI,JinguStadium,TeamExclusive,Team,20200810-JinguStadium-2,70a1b0d0-dad7-11ea-b2f9-c9bbca5d2268,e6a1fa76-8fc0-40e4-9e95-fc2e5084e7b8,v3,,,,"Shota, Shinohara",1000073555,Right,MEI_MEI,143.03706,33.935232,,13.95414,,,,16.528501,-39.914127,4.63284,1.651087,-1.145969,-2.186759,-0.741749,2.527716,-1.254918,0.420201,0.737594,0.105618,201.963403,0.421078,36.733183,-7.989887,1.939283,-0.356047,0.048569,-0.004919,0.000354,-1.30E-05,0.737742,25.729601,-5.572664,0.269145,-0.011155,-0.006698,0.002109,-0.000222,8.00E-06,0.105571,14.554212,-1.198645,0.065996,0.010907,-0.002883,4.60E-05,3.60E-05,-3.00E-06,,,,,,,,,,,,,,,,,,,,,,
447,2020/8/10,05:12.6,2020/8/10,05:12.5,4,1,"Rikito, Ishige",1000073591,Left,MEI_MEI,"Kazuto, Yoshizawa",1000074012,Right,WAS_EDA,Undefined,6,Bottom,0,0,0,Slider,Curveball,BallinDirt,Undefined,Undefined,,Undefined,0,0,,123.88697,-0.534511,0.712433,2809.988456,278.310993,3:15,1.5771,-0.554363,1.63338,-123.5965,3.1435,15.4866,0.188338,-0.195851,110.22843,-9.479564,1.798611,0.508407,,,,,,,,,,,,-7.059,3.5916,0.533477,15.24,1.552101,-0.495704,-33.925376,-0.806222,-1.021149,8.300198,-9.287082,WAS_EDA,MEI_MEI,JinguStadium,TeamExclusive,Team,20200810-JinguStadium-2,d5bc1b40-dad7-11ea-b2f9-c9bbca5d2268,e6a1fa76-8fc0-40e4-9e95-fc2e5084e7b8,v3,,,,"Shota, Shinohara",1000073555,Right,MEI_MEI,119.31387,,,13.65854,,,,16.804946,-34.30612,4.150099,1.579313,-0.380208,-4.643541,0.555142,-0.448863,-0.510575,,,,,,,,,,,,,,,,,,,,,,,,,,,,,,,,,,,,,,,,,,,,,,,,,,,,,
448,2020/8/10,05:28.4,2020/8/10,05:28.4,4,2,"Rikito, Ishige",1000073591,Left,MEI_MEI,"Kazuto, Yoshizawa",1000074012,Right,WAS_EDA,Undefined,6,Bottom,0,1,0,Fastball,Four-Seam,StrikeCalled,Undefined,Undefined,,Undefined,0,0,,140.39936,-1.742159,2.639814,2234.945937,146.534691,11:00,1.557538,-0.58816,1.705565,-41.4761,54.2697,-33.5544,0.646328,-0.171955,126.47578,-4.882706,0.28479,0.44189,,,,,,,,,,,,18.9303,29.7599,0.521744,15.24,1.508829,-1.595817,-38.49648,-1.307915,3.619953,8.825966,-4.1158,WAS_EDA,MEI_MEI,JinguStadium,TeamExclusive,Team,20200810-JinguStadium-2,df349350-dad7-11ea-b2f9-c9bbca5d2268,e6a1fa76-8fc0-40e4-9e95-fc2e5084e7b8,v3,,,,"Shota, Shinohara",1000073555,Right,MEI_MEI,137.27385,,,13.92357,,,,16.732935,-38.837252,4.412983,1.55626,-1.149003,-2.0579,0.586057,-1.735584,1.809977,,,,,,,,,,,,,,,,,,,,,,,,,,,,,,,,,,,,,,,,,,,,,,,,,,,,,
449,2020/8/10,05:41.0,2020/8/10,05:41.0,4,3,"Rikito, Ishige",1000073591,Left,MEI_MEI,"Kazuto, Yoshizawa",1000074012,Right,WAS_EDA,Undefined,6,Bottom,0,1,1,Cutter,Cutter,FoulBall,Undefined,Undefined,,Undefined,0,0,,134.44732,-1.443733,3.144928,2086.929038,181.048009,12:00,1.573056,-0.55922,1.775027,-65.1905,37.1361,0.6192,0.511351,0.339014,123.04252,-6.233423,3.188522,0.456824,,,,,,,,,,,,1.947,21.0145,0.480762,15.24,1.532428,-2.031578,-36.922013,-1.171253,0.346518,7.336532,-6.06659,WAS_EDA,MEI_MEI,JinguStadium,TeamExclusive,Team,20200810-JinguStadium-2,e6baff60-dad7-11ea-b2f9-c9bbca5d2268,e6a1fa76-8fc0-40e4-9e95-fc2e5084e7b8,v3,,,,"Shota, Shinohara",1000073555,Right,MEI_MEI,132.78641,,,11.4048,,,,16.664594,-37.204008,3.668266,1.572966,-0.938071,-3.033295,0.559106,-2.044898,0.173259,,,,,,,,,,,,,,,,,,,,,,,,,,,,,,,,,,,,,,,,,,,,,,,,,,,,,
450,2020/8/10,06:04.5,2020/8/10,06:04.5,4,4,"Rikito, Ishige",1000073591,Left,MEI_MEI,"Kazuto, Yoshizawa",1000074012,Right,WAS_EDA,Undefined,6,Bottom,0,1,2,ChangeUp,ChangeUp,StrikeSwinging,Strikeout,Undefined,,Undefined,0,0,,128.31669,-0.55708,3.119168,1972.075712,138.808393,10:45,1.598321,-0.522908,1.77316,-69.9323,42.6463,-34.0351,0.740886,0.021564,116.88305,-5.724709,0.721295,0.479162,,,,,,,,,,,,19.5601,23.2818,0.447421,15.24,1.579466,-1.761353,-35.233692,-0.585215,3.163769,6.803705,-6.040909,WAS_EDA,MEI_MEI,JinguStadium,TeamExclusive,Team,20200810-JinguStadium-2,f4bb2270-dad7-11ea-b2f9-c9bbca5d2268,e6a1fa76-8fc0-40e4-9e95-fc2e5084e7b8,v3,,,,"Shota, Shinohara",1000073555,Right,MEI_MEI,126.59599,,,11.43365,,,,16.665908,-35.507971,3.401853,1.59815,-0.341688,-3.020454,0.520998,-1.888895,1.581884,,,,,,,,,,,,,,,,,,,,,,,,,,,,,,,,111.5808,2.29239,1.322298,0.970093,-0.493913,0.645321,-0.032113,-1.368638,1.634433,1.659972,21.090659,2.634476,16.941395,-1.315243,25.21188,-2.156689,1.65289,4.828036,-3.925217,1.673669,16.459463,-0.737126
451,2020/8/10,06:30.9,2020/8/10,06:30.8,5,1,"Rikito, Ishige",1000073591,Left,MEI_MEI,"Moeto, Suzuki",1000074064,Left,WAS_EDA,Undefined,6,Bottom,1,0,0,Fastball,Four-Seam,InPlay,Undefined,GroundBall,GroundBall,Single,0,0,,139.09592,-0.976182,3.781473,2177.805846,147.972159,11:00,1.549963,-0.599629,1.73019,-47.1737,49.0506,-28.7141,0.800219,0.18927,126.72009,-4.497429,1.767069,0.442993,152.24075,-7.40083,-2.646726,,,,,5.384174,,-4.519558,0.129082,17.2877,26.5395,0.504552,15.24,1.521333,-2.377755,-38.170594,-0.818567,3.289846,7.809345,-4.756186,WAS_EDA,MEI_MEI,JinguStadium,TeamExclusive,Team,20200810-JinguStadium-2,046f1000-dad8-11ea-b2f9-c9bbca5d2268,e6a1fa76-8fc0-40e4-9e95-fc2e5084e7b8,v3,,,,"Shota, Shinohara",1000073555,Right,MEI_MEI,136.93215,0.823644,,12.37583,,,,16.709303,-38.470025,3.904672,1.549223,-0.636202,-2.378093,0.59814,-2.503897,1.644923,0.060528,0.823644,-0.202478,336.017388,0.060587,41.885959,-5.997549,,,,,,,0.823754,-5.45856,-7.157761,,,,,,,-0.202514,-1.932786,1.666565,,,,,,,,,,,,,,,,,,,,,,,,,,,,
452,2020/8/10,07:13.8,2020/8/10,07:13.8,6,1,"Rikito, Ishige",1000073591,Left,MEI_MEI,"Takahisa, Hayakawa",1000073877,Left,WAS_EDA,Undefined,6,Bottom,1,0,0,Fastball,Four-Seam,InPlay,Undefined,Bunt,,Single,0,0,,139.86477,-0.619799,2.257024,2198.666135,154.480158,11:15,1.566271,-0.615779,1.707665,-37.4814,58.9382,-26.4593,1.014958,-0.237837,125.74788,-3.491041,0.399584,0.443443,,,,,,,,,,,,15.3103,31.406,0.559025,15.24,1.547374,-1.377166,-38.382926,-0.532773,2.904201,8.928439,-3.849276,WAS_EDA,MEI_MEI,JinguStadium,TeamExclusive,Team,20200810-JinguStadium-2,1e0470a0-dad8-11ea-b2f9-c9bbca5d2268,e6a1fa76-8fc0-40e4-9e95-fc2e5084e7b8,v3,,,,"Shota, Shinohara",1000073555,Right,MEI_MEI,136.79335,,,14.11689,,,,16.731546,-38.728328,4.46422,1.565104,-0.383861,-1.924638,0.614474,-1.489517,1.4521,,,,,,,,,,,,,,,,,,,,,,,,,,,,,,,,,,,,,,,,,,,,,,,,,,,,,
453,2020/8/10,08:06.7,2020/8/10,08:06.7,7,1,"Rikito, Ishige",1000073591,Left,MEI_MEI,"Toyo, Kumada",1000089879,Left,WAS_EDA,Undefined,6,Bottom,1,0,0,Fastball,Four-Seam,BallCalled,Undefined,Undefined,,Undefined,0,0,,140.19729,-2.172217,3.701072,2274.872786,142.590181,10:45,1.551053,-0.58396,1.740516,-48.5678,48.0556,-33.8424,0.446962,0.130045,125.37394,-5.831147,1.323986,0.443911,,,,,,,,,,,,20.292,27.322,0.491915,15.24,1.492001,-2.304324,-38.368461,-1.62547,3.820511,9.399449,-4.662555,WAS_EDA,MEI_MEI,JinguStadium,TeamExclusive,Team,20200810-JinguStadium-2,3d970540-dad8-11ea-b2f9-c9bbca5d2268,e6a1fa76-8fc0-40e4-9e95-fc2e5084e7b8,v3,,,,"Shota, Shinohara",1000073555,Right,MEI_MEI,136.64903,,,14.82335,,,,16.697831,-38.723951,4.699724,1.550142,-1.449131,-2.331277,0.581798,-2.448817,1.910255,,,,,,,,,,,,,,,,,,,,,,,,,,,,,,,,,,,,,,,,,,,,,,,,,,,,,
454,2020/8/10,08:31.8,2020/8/10,08:31.8,7,2,"Rikito, Ishige",1000073591,Left,MEI_MEI,"Toyo, Kumada",1000089879,Left,WAS_EDA,Undefined,6,Bottom,1,1,0,Slider,Slider,InPlay,Undefined,GroundBall,GroundBall,Out,2,0,,131.01344,0.118255,1.737243,2224.911182,223.338981,1:30,1.569823,-0.57399,1.73684,-87.058,20.4399,16.2328,0.732846,0.081912,120.51361,-6.204569,2.879567,0.468225,149.46849,2.68605,12.460523,1031.938779,,,,21.994356,,13.261264,0.553941,-7.1115,11.267,0.528289,15.24,1.566313,-1.168548,-36.042726,-0.26301,-1.211719,6.693009,-7.886884,WAS_EDA,MEI_MEI,JinguStadium,TeamExclusive,Team,20200810-JinguStadium-2,4c895080-dad8-11ea-b2f9-c9bbca5d2268,e6a1fa76-8fc0-40e4-9e95-fc2e5084e7b8,v3,,,,"Shota, Shinohara",1000073555,Right,MEI_MEI,129.55307,0.855541,,10.49983,,,,16.703126,-36.313407,3.346504,1.5705,0.055954,-3.943442,0.574557,-1.119543,-0.605859,0.423013,0.698508,-0.091387,297.698501,0.427398,40.390231,-4.554284,,,,,,,0.702631,1.845953,-5.635193,,,,,,,-0.09315,8.991513,0.519333,,,,,,,,,,,,,,,,,,,,,,,,,,,,
455,2020/8/10,10:53.2,2020/8/10,10:53.2,1,1,"Takahisa, Hayakawa",1000073877,Left,WAS_EDA,"Nishikawa, Rei",1000089818,Right,MEI_MEI,Undefined,7,Top,0,0,0,Curveball,Curveball,StrikeCalled,Undefined,Undefined,,Undefined,0,0,,118.95099,2.695588,0.026084,2702.492377,322.64362,4:45,1.662085,-0.361631,1.680981,-173.4973,-40.8894,34.4971,0.695925,-0.009226,109.02152,-9.714076,2.452055,0.520043,,,,,,,,,,,,-17.3258,-21.2694,0.358118,15.24,1.719758,-0.168862,-32.703743,0.856481,-2.403007,6.109639,-12.756611,WAS_EDA,MEI_MEI,JinguStadium,TeamExclusive,Team,20200810-JinguStadium-2,a0cc0de0-dad8-11ea-b2f9-c9bbca5d2268,e6a1fa76-8fc0-40e4-9e95-fc2e5084e7b8,v3,,,,"Hisashige, Iwamoto",1000074023,Right,WAS_EDA,116.64418,,,9.92948,,,,16.760409,-32.986559,3.054819,1.666444,1.446987,-6.378306,0.36336,-0.057627,-1.201504,,,,,,,,,,,,,,,,,,,,,,,,,,,,,,,,,,,,,,,,,,,,,,,,,,,,,
456,2020/8/10,11:04.0,2020/8/10,11:04.0,1,2,"Takahisa, Hayakawa",1000073877,Left,WAS_EDA,"Nishikawa, Rei",1000089818,Right,MEI_MEI,Undefined,7,Top,0,0,1,Fastball,ChangeUp,InPlay,Undefined,Popup,FlyBall,Out,1,0,,150.21865,-2.260761,0.956415,1277.657229,156.440846,11:15,1.687253,-0.347301,1.709563,-26.25,56.5898,-23.4491,0.781137,-0.309665,136.34733,-4.287812,-0.691474,0.411031,118.89539,53.866935,29.259718,4914.353037,26.146645,29.493748,20.987602,60.871927,,41.41022,4.901762,12.6281,31.2297,0.324265,15.24,1.626417,-0.560293,-41.262223,-1.707386,2.794571,9.532437,-2.895573,WAS_EDA,MEI_MEI,JinguStadium,TeamExclusive,Team,20200810-JinguStadium-2,a7371ee0-dad8-11ea-b2f9-c9bbca5d2268,e6a1fa76-8fc0-40e4-9e95-fc2e5084e7b8,v3,,,,"Hisashige, Iwamoto",1000074023,Right,WAS_EDA,147.5802,29.506989,,13.87132,,,,16.729987,-41.605017,4.766218,1.685943,-1.603259,-1.447786,0.34622,-0.660788,1.397285,0.302712,0.81372,0.315196,204.301775,0.302597,16.994452,-4.752057,1.446566,-0.327043,0.065841,-0.011831,0.001437,-7.60E-05,0.81448,26.657132,-7.245932,0.578367,-0.025621,-0.016612,0.003448,-0.00012,-1.00E-05,0.315063,9.521549,-0.403242,0.04085,-0.018637,0.01231,-0.003669,0.000485,-2.40E-05,,,,,,,,,,,,,,,,,,,,,,
457,2020/8/10,11:35.2,2020/8/10,11:35.2,2,1,"Takahisa, Hayakawa",1000073877,Left,WAS_EDA,"Kotaro, Nishiyama",1000073665,Left,MEI_MEI,Undefined,7,Top,1,0,0,Fastball,ChangeUp,StrikeCalled,Undefined,Undefined,,Undefined,0,0,,151.51121,-2.45963,2.906844,1254.872437,162.093101,11:30,1.679672,-0.362977,1.771907,-17.3071,64.0505,-19.7592,0.80818,0.26398,136.74736,-3.873957,1.515867,0.407337,,,,,,,,,,,,12.2733,35.2941,0.29173,15.24,1.616914,-1.999826,-41.550248,-1.807408,2.742928,10.009764,-1.918852,WAS_EDA,MEI_MEI,JinguStadium,TeamExclusive,Team,20200810-JinguStadium-2,b9cef280-dad8-11ea-b2f9-c9bbca5d2268,e6a1fa76-8fc0-40e4-9e95-fc2e5084e7b8,v3,,,,"Hisashige, Iwamoto",1000074023,Right,WAS_EDA,148.91854,,,14.76384,,,,16.666975,-41.892607,5.004882,1.67761,-1.741779,-0.959426,0.361733,-2.093641,1.371464,,,,,,,,,,,,,,,,,,,,,,,,,,,,,,,,,,,,,,,,,,,,,,,,,,,,,
458,2020/8/10,11:47.3,2020/8/10,11:47.3,2,2,"Takahisa, Hayakawa",1000073877,Left,WAS_EDA,"Kotaro, Nishiyama",1000073665,Left,MEI_MEI,Undefined,7,Top,1,0,1,ChangeUp,ChangeUp,BallCalled,Undefined,Undefined,,Undefined,0,0,,127.92533,-0.812726,3.151035,1265.97513,118.617835,10:00,1.618525,-0.366179,1.75082,-89.6253,23.0556,-35.9116,0.49127,0.169816,117.78523,-7.320851,0.622222,0.47938,,,,,,,,,,,,20.3916,13.3716,0.288934,15.24,1.591333,-1.77046,-35.15841,-0.837104,3.310814,6.280595,-7.635612,WAS_EDA,MEI_MEI,JinguStadium,TeamExclusive,Team,20200810-JinguStadium-2,c10da730-dad8-11ea-b2f9-c9bbca5d2268,e6a1fa76-8fc0-40e4-9e95-fc2e5084e7b8,v3,,,,"Hisashige, Iwamoto",1000074023,Right,WAS_EDA,126.53849,,,10.14009,,,,16.689024,-35.416314,3.140297,1.61927,-0.523558,-3.817806,0.364427,-1.906414,1.655407,,,,,,,,,,,,,,,,,,,,,,,,,,,,,,,,,,,,,,,,,,,,,,,,,,,,,
459,2020/8/10,11:58.5,2020/8/10,11:58.5,2,3,"Takahisa, Hayakawa",1000073877,Left,WAS_EDA,"Kotaro, Nishiyama",1000073665,Left,MEI_MEI,Undefined,7,Top,1,1,1,Cutter,Slider,InPlay,Undefined,LineDrive,LineDrive,Out,1,0,,136.20122,0.46973,1.555038,1329.451959,292.704281,3:45,1.641877,-0.407735,1.62636,-109.0044,-8.2809,26.8652,0.686207,0.305697,125.64661,-7.318552,3.434546,0.453231,132.13892,19.796888,12.494242,1755.363632,32.610749,9.174549,7.788126,81.336322,,15.757324,3.139147,-12.5791,-3.8095,0.362493,15.24,1.645237,-1.150781,-37.474001,-0.175302,-2.317704,7.211634,-10.508561,WAS_EDA,MEI_MEI,JinguStadium,TeamExclusive,Team,20200810-JinguStadium-2,c7b96ab0-dad8-11ea-b2f9-c9bbca5d2268,e6a1fa76-8fc0-40e4-9e95-fc2e5084e7b8,v3,,,,"Hisashige, Iwamoto",1000074023,Right,WAS_EDA,133.83891,9.882668,,10.5546,,,,16.814398,-37.775769,3.605817,1.643372,0.264424,-5.254281,0.408617,-1.053797,-1.158852,0.802669,0.711945,-0.291655,207.731572,0.802703,33.716792,-4.871479,1.023518,-0.187519,0.031849,-0.006023,0.000984,-7.60E-05,0.711897,12.433337,-4.383973,0.127205,-0.00775,-0.004414,0.00365,-0.000846,7.10E-05,-0.291694,7.472954,0.132744,-0.15397,0.045457,-0.013235,0.003793,-0.000737,6.20E-05,,,,,,,,,,,,,,,,,,,,,,
460,2020/8/10,12:31.7,2020/8/10,12:31.7,3,1,"Takahisa, Hayakawa",1000073877,Left,WAS_EDA,"Wataru, Hioki",,Left,MEI_MEI,Undefined,7,Top,2,0,0,ChangeUp,ChangeUp,StrikeCalled,Undefined,Undefined,,Undefined,0,0,,129.70212,-1.082179,2.249416,1688.900624,134.236764,10:30,1.621089,-0.423374,1.919006,-71.1333,36.2717,-33.8038,0.605559,-0.129346,119.07048,-6.347976,-0.157221,0.468023,,,,,,,,,,,,19.0687,20.6483,0.374791,15.24,1.592698,-1.254132,-35.687128,-0.908948,3.182136,6.624033,-6.360912,WAS_EDA,MEI_MEI,JinguStadium,TeamExclusive,Team,20200810-JinguStadium-2,db832ea0-dad8-11ea-b2f9-c9bbca5d2268,e6a1fa76-8fc0-40e4-9e95-fc2e5084e7b8,v3,,,,"Hisashige, Iwamoto",1000074023,Right,WAS_EDA,129.60909,,,10.63164,,,,16.520541,-35.924028,3.312017,1.621137,-0.681458,-3.180456,0.421678,-1.367937,1.591068,,,,,,,,,,,,,,,,,,,,,,,,,,,,,,,,,,,,,,,,,,,,,,,,,,,,,
461,2020/8/10,12:41.6,2020/8/10,12:41.6,3,2,"Takahisa, Hayakawa",1000073877,Left,WAS_EDA,"Wataru, Hioki",,Left,MEI_MEI,Undefined,7,Top,2,0,1,Sinker,ChangeUp,InPlay,Undefined,GroundBall,GroundBall,Out,1,0,,142.09494,-1.790816,1.451406,1669.408925,135.598211,10:30,1.641047,-0.398711,1.678096,-56.9367,35.4148,-31.8087,0.560875,-0.302984,130.10478,-5.960407,-0.781043,0.433987,132.72654,-23.474418,9.807244,,,,,2.189944,,1.572464,0.033183,17.1843,20.0393,0.362791,15.24,1.588847,-0.825252,-39.058129,-1.453361,3.429413,8.057971,-5.807471,WAS_EDA,MEI_MEI,JinguStadium,TeamExclusive,Team,20200810-JinguStadium-2,e16b2cf0-dad8-11ea-b2f9-c9bbca5d2268,e6a1fa76-8fc0-40e4-9e95-fc2e5084e7b8,v3,,,,"Hisashige, Iwamoto",1000074023,Right,WAS_EDA,139.77378,0.492003,,11.99016,,,,16.761866,-39.370849,4.028985,1.640877,-1.227981,-2.903735,0.3974,-0.958343,1.714706,1.095383,0.492003,-0.116586,,1.095386,33.321896,-10.893674,,,,,,,0.492007,-14.687992,-4.194007,,,,,,,-0.116574,5.755728,-13.018862,,,,,,,,,,,,,,,,,,,,,,,,,,,,
462,2020/8/10,14:55.1,2020/8/10,14:55.1,1,4,"Shuta, Saijo",1000073598,Right,MEI_MEI,"Ginsuke, Kaneko",1000073884,Right,WAS_EDA,Undefined,7,Bottom,0,0,0,Slider,Curveball,StrikeCalled,Undefined,Undefined,,Undefined,0,0,,120.864,0.879442,-0.731064,2422.444659,90.993435,9:00,1.653341,0.160494,1.669991,-123.6899,5.0492,-44.5541,0.667292,-0.493553,110.42198,-8.035942,-3.857158,0.512401,,,,,,,,,,,,21.8498,3.1844,-0.137233,15.24,1.666846,0.625702,-33.216411,0.036682,3.124034,6.340414,-9.351346,WAS_EDA,MEI_MEI,JinguStadium,TeamExclusive,Team,20200810-JinguStadium-2,30fb85d0-dad9-11ea-b2f9-c9bbca5d2268,e6a1fa76-8fc0-40e4-9e95-fc2e5084e7b8,v3,,,,"Shota, Shinohara",1000073555,Right,MEI_MEI,118.38384,,,10.44202,,,,16.769794,-33.507149,3.170207,1.655333,0.465485,-4.675673,-0.16264,0.48245,1.562017,,,,,,,,,,,,,,,,,,,,,,,,,,,,,,,,,,,,,,,,,,,,,,,,,,,,,
463,2020/8/10,15:08.4,2020/8/10,15:08.4,1,5,"Shuta, Saijo",1000073598,Right,MEI_MEI,"Ginsuke, Kaneko",1000073884,Right,WAS_EDA,Undefined,7,Bottom,0,0,1,Fastball,Four-Seam,BallCalled,Undefined,Undefined,,Undefined,0,0,,140.71022,-3.497307,-1.588854,2045.861159,208.634916,1:00,1.682541,0.096045,2.009129,-38.7904,52.102,26.7905,0.316339,-0.07989,128.45255,-6.453103,0.32928,0.430545,,,,,,,,,,,,-15.2531,30.8877,-0.064171,15.24,1.607534,0.951965,-38.66927,-2.469595,-2.971301,8.205391,-3.789712,WAS_EDA,MEI_MEI,JinguStadium,TeamExclusive,Team,20200810-JinguStadium-2,38e01770-dad9-11ea-b2f9-c9bbca5d2268,e6a1fa76-8fc0-40e4-9e95-fc2e5084e7b8,v3,,,,"Shota, Shinohara",1000073555,Right,MEI_MEI,140.89126,,,12.25767,,,,16.430477,-38.921063,4.102695,1.681533,-2.353303,-1.894856,-0.094782,1.043143,-1.485651,,,,,,,,,,,,,,,,,,,,,,,,,,,,,,,,,,,,,,,,,,,,,,,,,,,,,
464,2020/8/10,15:23.0,2020/8/10,15:23.0,1,6,"Shuta, Saijo",1000073598,Right,MEI_MEI,"Ginsuke, Kaneko",1000073884,Right,WAS_EDA,Undefined,7,Bottom,0,1,1,Slider,Slider,StrikeCalled,Undefined,Undefined,,Undefined,0,0,,119.99398,1.553613,0.44738,2380.288051,83.894213,8:45,1.642689,0.183998,1.676313,-130.2279,-0.6117,-43.583,0.78344,-0.124289,110.18744,-7.818824,-2.612804,0.514143,,,,,,,,,,,,22.258,-0.1453,-0.192315,15.24,1.673556,-0.06256,-33.000951,0.396918,3.164738,5.859924,-9.827312,WAS_EDA,MEI_MEI,JinguStadium,TeamExclusive,Team,20200810-JinguStadium-2,419c6b70-dad9-11ea-b2f9-c9bbca5d2268,e6a1fa76-8fc0-40e4-9e95-fc2e5084e7b8,v3,,,,"Shota, Shinohara",1000073555,Right,MEI_MEI,117.98267,,,9.80654,,,,16.763906,-33.270448,2.929962,1.644909,0.848875,-4.913656,-0.186091,-0.208106,1.582369,,,,,,,,,,,,,,,,,,,,,,,,,,,,,,,,,,,,,,,,,,,,,,,,,,,,,
465,2020/8/10,15:37.7,2020/8/10,15:37.7,1,7,"Shuta, Saijo",1000073598,Right,MEI_MEI,"Ginsuke, Kaneko",1000073884,Right,WAS_EDA,Undefined,7,Bottom,0,1,2,Fastball,Four-Seam,StrikeSwinging,Strikeout,Undefined,,Undefined,0,0,,141.64185,-2.381729,-2.457674,2125.551776,204.183579,12:45,1.667807,0.14272,1.954663,-37.755,52.7502,22.3034,0.621838,-0.32337,128.72272,-5.270923,-0.867926,0.429627,,,,,,,,,,,,-13.4298,30.1917,-0.090275,15.24,1.613684,1.564198,-38.914966,-1.723678,-2.64295,8.493431,-3.864989,WAS_EDA,MEI_MEI,JinguStadium,TeamExclusive,Team,20200810-JinguStadium-2,4a601270-dad9-11ea-b2f9-c9bbca5d2268,e6a1fa76-8fc0-40e4-9e95-fc2e5084e7b8,v3,,,,"Shota, Shinohara",1000073555,Right,MEI_MEI,141.19225,,,12.91913,,,,16.484469,-39.185638,4.246715,1.666652,-1.600507,-1.932494,-0.141465,1.648425,-1.321475,,,,,,,,,,,,,,,,,,,,,,,,,,,,,,,,,,,,,,,,,,,,,,,,,,,,,
466,2020/8/10,16:04.3,2020/8/10,16:04.3,2,1,"Shuta, Saijo",1000073598,Right,MEI_MEI,"Takuya, Nakagawa",1000074092,Left,WAS_EDA,Undefined,7,Bottom,1,0,0,Fastball,Four-Seam,StrikeCalled,Undefined,Undefined,,Undefined,0,0,,140.86312,-2.097548,-1.612512,2010.900095,217.228272,1:15,1.624724,0.14132,1.939832,-45.9728,45.2809,32.1299,0.576172,0.010217,128.54888,-5.560949,0.678174,0.4314,,,,,,,,,,,,-17.8729,26.018,-0.107449,15.24,1.575827,0.939354,-38.742664,-1.563811,-3.497381,8.183565,-4.715424,WAS_EDA,MEI_MEI,JinguStadium,TeamExclusive,Team,20200810-JinguStadium-2,5a36a330-dad9-11ea-b2f9-c9bbca5d2268,e6a1fa76-8fc0-40e4-9e95-fc2e5084e7b8,v3,,,,"Shota, Shinohara",1000073555,Right,MEI_MEI,140.61202,,,12.31425,,,,16.499652,-39.007831,4.091782,1.624023,-1.41102,-2.357712,-0.139723,1.052678,-1.74869,,,,,,,,,,,,,,,,,,,,,,,,,,,,,,,,,,,,,,,,,,,,,,,,,,,,,
467,2020/8/10,16:17.9,2020/8/10,16:17.9,2,2,"Shuta, Saijo",1000073598,Right,MEI_MEI,"Takuya, Nakagawa",1000074092,Left,WAS_EDA,Undefined,7,Bottom,1,0,1,Curveball,Curveball,StrikeSwinging,Undefined,Undefined,,Undefined,0,0,,112.67662,2.592397,0.657384,2525.088412,27.603424,7:00,1.654941,0.159256,1.669629,-191.6883,-44.0031,-25.4602,0.477962,0.092148,103.82914,-11.081189,-1.13374,0.548811,,,,,,,,,,,,13.3224,-22.7023,-0.174702,15.24,1.708597,-0.248522,-30.989599,0.688456,1.662163,5.400031,-12.639092,WAS_EDA,MEI_MEI,JinguStadium,TeamExclusive,Team,20200810-JinguStadium-2,624fd960-dad9-11ea-b2f9-c9bbca5d2268,e6a1fa76-8fc0-40e4-9e95-fc2e5084e7b8,v3,,,,"Shota, Shinohara",1000073555,Right,MEI_MEI,110.52977,,,8.84748,,,,16.772129,-31.255437,2.700015,1.659389,1.310665,-6.319546,-0.160453,-0.330349,0.831082,,,,,,,,,,,,,,,,,,,,,,,,,,,,,,,,,,,,,,,,,,,,,,,,,,,,,
468,2020/8/10,16:32.5,2020/8/10,16:32.5,2,3,"Shuta, Saijo",1000073598,Right,MEI_MEI,"Takuya, Nakagawa",1000074092,Left,WAS_EDA,Undefined,7,Bottom,1,0,2,Slider,Slider,BallinDirt,Undefined,Undefined,,Undefined,0,0,,127.84728,-1.519306,-0.249441,1836.216496,42.230885,7:30,1.60533,0.169941,1.664417,-118.3282,-4.4894,-7.1603,-0.011501,0.027175,118.52541,-9.957865,-0.753117,0.481837,,,,,,,,,,,,3.4872,-0.438,-0.162622,15.24,1.554651,0.185829,-35.178804,-1.413536,0.565858,6.395853,-9.877722,WAS_EDA,MEI_MEI,JinguStadium,TeamExclusive,Team,20200810-JinguStadium-2,6aff5c20-dad9-11ea-b2f9-c9bbca5d2268,e6a1fa76-8fc0-40e4-9e95-fc2e5084e7b8,v3,,,,"Shota, Shinohara",1000073555,Right,MEI_MEI,125.89331,,,9.32188,,,,16.776243,-35.457008,3.197926,1.606792,-0.983879,-4.938861,-0.17017,0.161216,0.282929,,,,,,,,,,,,,,,,,,,,,,,,,,,,,,,,,,,,,,,,,,,,,,,,,,,,,
469,2020/8/10,16:50.6,2020/8/10,16:50.6,2,4,"Shuta, Saijo",1000073598,Right,MEI_MEI,"Takuya, Nakagawa",1000074092,Left,WAS_EDA,Undefined,7,Bottom,1,1,2,Slider,Slider,InPlay,Undefined,FlyBall,FlyBall,Single,0,0,,126.65838,-0.571798,-0.627143,1312.292869,57.298721,8:00,1.631662,0.187935,1.775451,-115.9431,0.4162,-5.7657,0.310196,-0.047432,115.15955,-8.976054,-1.035074,0.487142,104.06113,34.449511,16.358007,2643.395277,32.046064,14.561404,9.857677,68.869917,,18.137908,3.775697,2.4333,1.8723,-0.171905,15.24,1.609259,0.407095,-34.806487,-0.790135,0.379541,7.345931,-9.514613,WAS_EDA,MEI_MEI,JinguStadium,TeamExclusive,Team,20200810-JinguStadium-2,75d6ef00-dad9-11ea-b2f9-c9bbca5d2268,e6a1fa76-8fc0-40e4-9e95-fc2e5084e7b8,v3,,,,"Shota, Shinohara",1000073555,Right,MEI_MEI,124.52232,14.72011,,11.49882,,,,16.664019,-35.105741,3.672965,1.633552,-0.402534,-4.757307,-0.188174,0.391633,0.18977,0.495946,0.267428,0.042093,187.457852,0.495978,22.870358,-2.969353,0.665625,-0.102086,0.007841,-0.000136,6.50E-05,-1.20E-05,0.267415,16.352422,-4.955719,0.25126,-0.054064,0.010993,-0.001169,0.000153,-1.50E-05,0.042106,6.712706,-0.597503,0.144483,-0.020129,-0.000236,0.000716,-0.000116,6.00E-06,,,,,,,,,,,,,,,,,,,,,,
470,2020/8/10,17:27.8,2020/8/10,17:27.8,3,1,"Shuta, Saijo",1000073598,Right,MEI_MEI,"Kotaro, Takizawa",1000073989,Left,WAS_EDA,Undefined,7,Bottom,1,0,0,Slider,Slider,StrikeCalled,Undefined,Undefined,,Undefined,0,0,,122.46503,1.237594,1.617168,2372.276565,76.800293,8:30,1.602059,0.196999,1.661794,-131.2162,-6.3591,-44.0782,0.643223,0.217776,112.30622,-8.18715,-1.475946,0.504616,,,,,,,,,,,,23.3161,-2.8418,-0.23677,15.24,1.624545,-0.747631,-33.669506,0.207757,3.446309,6.173669,-10.226694,WAS_EDA,MEI_MEI,JinguStadium,TeamExclusive,Team,20200810-JinguStadium-2,8bfa0c40-dad9-11ea-b2f9-c9bbca5d2268,e6a1fa76-8fc0-40e4-9e95-fc2e5084e7b8,v3,,,,"Shota, Shinohara",1000073555,Right,MEI_MEI,120.21015,,,10.15881,,,,16.778534,-33.95044,3.086834,1.604503,0.673126,-5.113347,-0.19918,-0.904457,1.723154,,,,,,,,,,,,,,,,,,,,,,,,,,,,,,,,,,,,,,,,,,,,,,,,,,,,,
471,2020/8/10,17:43.8,2020/8/10,17:43.8,3,2,"Shuta, Saijo",1000073598,Right,MEI_MEI,"Kotaro, Takizawa",1000073989,Left,WAS_EDA,Undefined,7,Bottom,1,0,1,Fastball,Four-Seam,StrikeCalled,Undefined,Undefined,,Undefined,0,0,,140.37039,-1.171512,-0.105502,2127.826137,187.482374,12:15,1.646397,0.179279,1.905221,-43.7853,47.8325,5.9139,0.879201,0.208762,128.73302,-4.467761,0.315266,0.432259,,,,,,,,,,,,-3.1346,26.4776,-0.177221,15.24,1.617213,0.04317,-38.649308,-0.928641,-0.614427,7.661502,-4.616641,WAS_EDA,MEI_MEI,JinguStadium,TeamExclusive,Team,20200810-JinguStadium-2,95843790-dad9-11ea-b2f9-c9bbca5d2268,e6a1fa76-8fc0-40e4-9e95-fc2e5084e7b8,v3,,,,"Shota, Shinohara",1000073555,Right,MEI_MEI,140.33242,,,11.63737,,,,16.534253,-38.905023,3.830751,1.645637,-0.774553,-2.30832,-0.179004,0.063678,-0.307213,,,,,,,,,,,,,,,,,,,,,,,,,,,,,,,,,,,,,,,,,,,,,,,,,,,,,
472,2020/8/10,18:03.3,2020/8/10,18:03.3,3,3,"Shuta, Saijo",1000073598,Right,MEI_MEI,"Kotaro, Takizawa",1000073989,Left,WAS_EDA,Undefined,7,Bottom,1,0,2,Fastball,Four-Seam,BallCalled,Undefined,Undefined,,Undefined,0,0,,141.09332,-1.253741,0.888987,2094.642493,192.866625,12:30,1.595558,0.247913,1.913782,-43.0956,48.8598,10.4227,0.81228,0.60191,127.57402,-4.532827,1.630714,0.433055,,,,,,,,,,,,-4.6499,27.2257,-0.268443,15.24,1.56476,-0.653071,-38.780972,-0.977357,-0.903859,8.836403,-4.514477,WAS_EDA,MEI_MEI,JinguStadium,TeamExclusive,Team,20200810-JinguStadium-2,a1233920-dad9-11ea-b2f9-c9bbca5d2268,e6a1fa76-8fc0-40e4-9e95-fc2e5084e7b8,v3,,,,"Shota, Shinohara",1000073555,Right,MEI_MEI,140.07452,,,13.5193,,,,16.524676,-39.072594,4.418201,1.594557,-0.828369,-2.257238,-0.247382,-0.623242,-0.45193,,,,,,,,,,,,,,,,,,,,,,,,,,,,,,,,,,,,,,,,,,,,,,,,,,,,,
473,2020/8/10,18:19.7,2020/8/10,18:19.7,3,4,"Shuta, Saijo",1000073598,Right,MEI_MEI,"Kotaro, Takizawa",1000073989,Left,WAS_EDA,Undefined,7,Bottom,1,1,2,Fastball,Four-Seam,InPlay,Undefined,FlyBall,FlyBall,Out,1,0,,142.39604,-2.894426,-1.270079,2056.811127,208.744154,1:00,1.624177,0.181036,1.918029,-39.151,50.3851,26.0271,0.418835,0.084529,130.08793,-5.858853,0.583088,0.42732,133.3458,40.310203,-29.193323,4899.609376,27.539228,22.564911,-19.123739,82.846787,,-39.92341,4.577077,-14.4876,29.2069,-0.154032,15.24,1.556923,0.74516,-39.149139,-2.098759,-2.897173,8.293053,-3.965981,WAS_EDA,MEI_MEI,JinguStadium,TeamExclusive,Team,20200810-JinguStadium-2,aaf17250-dad9-11ea-b2f9-c9bbca5d2268,e6a1fa76-8fc0-40e4-9e95-fc2e5084e7b8,v3,,,,"Shota, Shinohara",1000073555,Right,MEI_MEI,141.95438,24.906341,,12.30811,,,,16.52172,-39.419714,4.146527,1.623288,-1.969363,-1.98299,-0.179886,0.839685,-1.448587,0.295216,0.380876,-0.079593,146.479909,0.294974,24.664118,-6.141444,1.75154,-0.389372,0.074158,-0.011859,0.001287,-6.30E-05,0.38116,23.955391,-6.644336,0.457133,-0.035735,-0.001414,-0.000293,0.000278,-2.70E-05,-0.079593,-13.776792,0.657087,-0.027364,-0.008148,-0.000845,0.001089,-0.000186,1.00E-05,,,,,,,,,,,,,,,,,,,,,,
474,2020/8/10,18:57.2,2020/8/10,18:57.2,4,1,"Shuta, Saijo",1000073598,Right,MEI_MEI,"Hisashige, Iwamoto",1000074023,Right,WAS_EDA,Undefined,7,Bottom,2,0,0,Fastball,Four-Seam,StrikeCalled,Undefined,Undefined,,Undefined,0,0,,139.93992,-2.309481,-0.608887,2036.611436,195.612629,12:30,1.678152,0.102232,1.93285,-40.6348,52.1954,13.7063,0.623364,0.068432,127.2814,-5.401879,0.368018,0.43511,,,,,,,,,,,,-7.5733,29.8313,-0.089462,15.24,1.624575,0.344348,-38.47683,-1.668775,-1.456703,8.319794,-4.068657,WAS_EDA,MEI_MEI,JinguStadium,TeamExclusive,Team,20200810-JinguStadium-2,c1469c10-dad9-11ea-b2f9-c9bbca5d2268,e6a1fa76-8fc0-40e4-9e95-fc2e5084e7b8,v3,,,,"Shota, Shinohara",1000073555,Right,MEI_MEI,139.41293,,,12.65852,,,,16.506297,-38.749673,4.159897,1.677114,-1.535346,-2.034328,-0.101538,0.39212,-0.728352,,,,,,,,,,,,,,,,,,,,,,,,,,,,,,,,,,,,,,,,,,,,,,,,,,,,,
475,2020/8/10,19:12.0,2020/8/10,19:12.0,4,2,"Shuta, Saijo",1000073598,Right,MEI_MEI,"Hisashige, Iwamoto",1000074023,Right,WAS_EDA,Undefined,7,Bottom,2,0,1,Fastball,Four-Seam,BallCalled,Undefined,Undefined,,Undefined,0,0,,137.9106,-1.080225,-2.533409,2000.218007,200.732181,12:45,1.645384,0.0878,1.838341,-46.0899,50.4546,17.8916,0.879251,-0.448817,125.55084,-4.551541,-1.267608,0.44373,,,,,,,,,,,,-11.0267,27.6736,-0.028585,15.24,1.616623,1.59008,-37.897055,-0.862743,-2.063898,7.852868,-4.626927,WAS_EDA,MEI_MEI,JinguStadium,TeamExclusive,Team,20200810-JinguStadium-2,ca136ad0-dad9-11ea-b2f9-c9bbca5d2268,e6a1fa76-8fc0-40e4-9e95-fc2e5084e7b8,v3,,,,"Shota, Shinohara",1000073555,Right,MEI_MEI,136.7049,,,12.35975,,,,16.600805,-38.177994,3.926434,1.644527,-0.697213,-2.313464,-0.086792,1.663916,-1.031949,,,,,,,,,,,,,,,,,,,,,,,,,,,,,,,,,,,,,,,,,,,,,,,,,,,,,
476,2020/8/10,19:29.9,2020/8/10,19:29.9,4,3,"Shuta, Saijo",1000073598,Right,MEI_MEI,"Hisashige, Iwamoto",1000074023,Right,WAS_EDA,Undefined,7,Bottom,2,1,1,Slider,Slider,BallCalled,Undefined,Undefined,,Undefined,0,0,,123.18334,-0.440784,-0.305895,2346.959331,78.792531,8:45,1.646471,0.084062,1.723639,-127.9724,-4.37,-43.5828,0.241447,-0.438719,112.48938,-9.65414,-3.380292,0.502074,,,,,,,,,,,,21.978,-0.6954,-0.072751,15.24,1.625366,0.37459,-33.862413,-0.749607,3.247903,6.896159,-9.909412,WAS_EDA,MEI_MEI,JinguStadium,TeamExclusive,Team,20200810-JinguStadium-2,d4c43bd0-dad9-11ea-b2f9-c9bbca5d2268,e6a1fa76-8fc0-40e4-9e95-fc2e5084e7b8,v3,,,,"Shota, Shinohara",1000073555,Right,MEI_MEI,120.81873,,,10.69395,,,,16.71649,-34.16178,3.44808,1.64857,-0.319432,-4.954706,-0.085952,0.233596,1.623951,,,,,,,,,,,,,,,,,,,,,,,,,,,,,,,,,,,,,,,,,,,,,,,,,,,,,
477,2020/8/10,19:50.0,2020/8/10,19:50.0,4,4,"Shuta, Saijo",1000073598,Right,MEI_MEI,"Hisashige, Iwamoto",1000074023,Right,WAS_EDA,Undefined,7,Bottom,2,2,1,Slider,Curveball,StrikeCalled,Undefined,Undefined,,Undefined,0,0,,122.60397,0.971875,1.38532,2380.718399,69.806584,8:15,1.638742,0.116426,1.744396,-135.1592,-11.697,-42.6225,0.563167,0.083562,112.43906,-8.770117,-1.623062,0.50179,,,,,,,,,,,,22.7011,-5.451,-0.148492,15.24,1.653494,-0.626358,-33.726635,0.054744,3.358655,6.330109,-10.613128,WAS_EDA,MEI_MEI,JinguStadium,TeamExclusive,Team,20200810-JinguStadium-2,e0cb26f0-dad9-11ea-b2f9-c9bbca5d2268,e6a1fa76-8fc0-40e4-9e95-fc2e5084e7b8,v3,,,,"Shota, Shinohara",1000073555,Right,MEI_MEI,120.88733,,,10.16491,,,,16.696091,-33.998828,3.165054,1.641329,0.511106,-5.306564,-0.118453,-0.770779,1.679327,,,,,,,,,,,,,,,,,,,,,,,,,,,,,,,,,,,,,,,,,,,,,,,,,,,,,
478,2020/8/10,20:09.1,2020/8/10,20:09.1,4,5,"Shuta, Saijo",1000073598,Right,MEI_MEI,"Hisashige, Iwamoto",1000074023,Right,WAS_EDA,Undefined,7,Bottom,2,2,2,Fastball,Four-Seam,StrikeCalled,Strikeout,Undefined,,Undefined,0,0,,141.70439,-2.89905,-0.881791,2142.39509,199.732648,12:45,1.640182,0.087747,1.862248,-41.5193,49.8455,16.7698,0.407133,0.006903,129.03766,-6.030391,0.308339,0.431662,,,,,,,,,,,,-9.3173,28.8294,-0.068156,15.24,1.569697,0.517566,-38.93339,-2.103845,-1.8365,8.455182,-4.124168,WAS_EDA,MEI_MEI,JinguStadium,TeamExclusive,Team,20200810-JinguStadium-2,ec2927e0-dad9-11ea-b2f9-c9bbca5d2268,e6a1fa76-8fc0-40e4-9e95-fc2e5084e7b8,v3,,,,"Shota, Shinohara",1000073555,Right,MEI_MEI,140.52651,,,12.66674,,,,16.577113,-39.222696,4.227591,1.639269,-1.962731,-2.062084,-0.08694,0.580404,-0.91825,,,,,,,,,,,,,,,,,,,,,,,,,,,,,,,,129.40953,2.046392,0.850176,1.196216,0.152623,0.377481,-0.008455,0.119239,1.424493,0.74317,38.525003,1.038505,-0.141311,0.165628,35.201664,-2.612944,1.428237,3.789706,-3.439383,0.714397,-2.195568,1.233046
479,2020/8/10,22:11.4,2020/8/10,22:11.4,1,1,"Takahisa, Hayakawa",1000073877,Left,WAS_EDA,"Kota, Fuje",1000073640,Right,MEI_MEI,Undefined,8,Top,0,0,0,Slider,Curveball,StrikeCalled,Undefined,Undefined,,Undefined,0,0,,124.88123,2.225117,-0.928934,2831.881373,303.637154,4:00,1.62353,-0.43561,1.473386,-145.7835,-23.1787,40.524,0.808326,-0.298506,114.71725,-8.09553,1.882416,0.500044,,,,,,,,,,,,-20.5214,-11.7202,0.459271,15.24,1.675603,0.352228,-34.313055,0.682344,-3.160135,6.23034,-11.611477,WAS_EDA,MEI_MEI,JinguStadium,TeamExclusive,Team,20200810-JinguStadium-2,3507c9d0-dada-11ea-b2f9-c9bbca5d2268,e6a1fa76-8fc0-40e4-9e95-fc2e5084e7b8,v3,,,,"Hisashige, Iwamoto",1000074023,Right,WAS_EDA,121.30931,,,10.16398,,,,16.967444,-34.625293,3.11517,1.626825,1.264261,-5.805739,0.43765,0.510601,-1.580067,,,,,,,,,,,,,,,,,,,,,,,,,,,,,,,,,,,,,,,,,,,,,,,,,,,,,
480,2020/8/10,22:21.8,2020/8/10,22:21.8,1,2,"Takahisa, Hayakawa",1000073877,Left,WAS_EDA,"Kota, Fuje",1000073640,Left,MEI_MEI,Undefined,8,Top,0,0,1,Sinker,ChangeUp,FoulBall,Undefined,Undefined,LineDrive,Undefined,0,0,,139.75868,-1.706983,2.425662,1710.557602,131.191072,10:15,1.664852,-0.384815,1.726257,-56.8204,37.7639,-39.8344,0.610926,-0.093347,128.416,-5.878644,-0.376192,0.439202,83.36759,39.730366,-116.000261,2686.001767,,,,39.111897,,-127.157505,2.707994,21.9098,21.2207,0.325404,15.24,1.616544,-1.427706,-38.421939,-1.366695,4.25053,7.463494,-5.689818,WAS_EDA,MEI_MEI,JinguStadium,TeamExclusive,Team,20200810-JinguStadium-2,3b3b7720-dada-11ea-b2f9-c9bbca5d2268,e6a1fa76-8fc0-40e4-9e95-fc2e5084e7b8,v3,,,,"Hisashige, Iwamoto",1000074023,Right,WAS_EDA,138.11415,9.687298,,11.34269,,,,16.713785,-38.707164,3.731747,1.664619,-1.149253,-2.844909,0.383069,-1.590144,2.125265,0.094619,0.554914,0.103916,47.845077,0.094621,-7.807391,-0.407794,0.038521,-0.007758,-0.000124,0.00033,-4.70E-05,2.00E-06,0.55493,14.801061,-6.502569,0.474452,-0.067039,0.00461,0.003283,-0.000864,6.50E-05,0.103914,-16.007069,1.793798,-0.138611,0.039769,-0.002466,-0.000215,-6.20E-05,1.40E-05,,,,,,,,,,,,,,,,,,,,,,
481,2020/8/10,22:40.4,2020/8/10,22:40.4,1,3,"Takahisa, Hayakawa",1000073877,Left,WAS_EDA,"Kota, Fuje",1000073640,Left,MEI_MEI,Undefined,8,Top,0,0,2,Slider,Curveball,BallCalled,Undefined,Undefined,,Undefined,0,0,,129.49012,1.513024,1.966783,2857.269974,299.531978,4:00,1.658546,-0.373223,1.583847,-135.5162,-22.2671,45.6692,0.737519,0.647561,118.61344,-8.135319,5.150326,0.480587,,,,,,,,,,,,-21.2246,-11.083,0.313383,15.24,1.689024,-1.450372,-35.570968,0.342488,-3.486703,7.154201,-11.627324,WAS_EDA,MEI_MEI,JinguStadium,TeamExclusive,Team,20200810-JinguStadium-2,46493530-dada-11ea-b2f9-c9bbca5d2268,e6a1fa76-8fc0-40e4-9e95-fc2e5084e7b8,v3,,,,"Hisashige, Iwamoto",1000074023,Right,WAS_EDA,126.22059,,,10.87669,,,,16.856746,-35.894663,3.5771,1.661627,0.868571,-5.813662,0.375436,-1.292614,-1.743352,,,,,,,,,,,,,,,,,,,,,,,,,,,,,,,,,,,,,,,,,,,,,,,,,,,,,
482,2020/8/10,22:53.9,2020/8/10,22:53.9,1,4,"Takahisa, Hayakawa",1000073877,Left,WAS_EDA,"Kota, Fuje",1000073640,Left,MEI_MEI,Undefined,8,Top,0,1,2,Slider,Curveball,BallCalled,Undefined,Undefined,,Undefined,0,0,,127.15312,0.967844,1.260232,2942.885662,303.592958,4:00,1.643613,-0.390408,1.589776,-139.0687,-21.6248,38.3412,0.530397,0.354235,116.39747,-8.939278,3.939289,0.489407,,,,,,,,,,,,-18.1441,-10.3484,0.351366,15.24,1.658319,-0.956388,-34.940435,-0.008856,-2.870762,7.009855,-11.44397,WAS_EDA,MEI_MEI,JinguStadium,TeamExclusive,Team,20200810-JinguStadium-2,4e55c130-dada-11ea-b2f9-c9bbca5d2268,e6a1fa76-8fc0-40e4-9e95-fc2e5084e7b8,v3,,,,"Hisashige, Iwamoto",1000074023,Right,WAS_EDA,123.946,,,10.75565,,,,16.850676,-35.262093,3.504928,1.646678,0.516268,-5.721985,0.392229,-0.824658,-1.435381,,,,,,,,,,,,,,,,,,,,,,,,,,,,,,,,,,,,,,,,,,,,,,,,,,,,,
483,2020/8/10,23:13.0,2020/8/10,23:13.0,1,5,"Takahisa, Hayakawa",1000073877,Left,WAS_EDA,"Kota, Fuje",1000073640,Left,MEI_MEI,Undefined,8,Top,0,2,2,Cutter,Slider,StrikeSwinging,Strikeout,Undefined,,Undefined,0,0,,138.48229,-0.487252,2.116539,2596.679685,277.817012,3:15,1.651152,-0.365373,1.691831,-97.1064,0.139,21.0797,0.541215,0.448514,127.12923,-7.468912,3.596491,0.445337,,,,,,,,,,,,-9.1128,1.3939,0.307865,15.24,1.630629,-1.514594,-38.064908,-0.748941,-1.723734,7.800726,-9.542976,WAS_EDA,MEI_MEI,JinguStadium,TeamExclusive,Team,20200810-JinguStadium-2,59ba9ff0-dada-11ea-b2f9-c9bbca5d2268,e6a1fa76-8fc0-40e4-9e95-fc2e5084e7b8,v3,,,,"Hisashige, Iwamoto",1000074023,Right,WAS_EDA,136.21133,,,11.35305,,,,16.747964,-38.372695,3.900363,1.652751,-0.372413,-4.771488,0.366283,-1.446583,-0.861867,,,,,,,,,,,,,,,,,,,,,,,,,,,,,,,,110.85072,2.50167,1.5744,0.927271,-0.433758,0.424411,-0.503517,0.565627,1.47312,-1.070284,20.03626,1.704396,-17.996248,0.573414,22.052674,-1.142166,1.492649,4.31385,-4.394101,-1.105377,-20.530761,2.476634
484,2020/8/10,23:37.2,2020/8/10,23:37.1,2,1,"Takahisa, Hayakawa",1000073877,Left,WAS_EDA,"Yuki, Suyama",1000073581,Left,MEI_MEI,Undefined,8,Top,1,0,0,Fastball,Four-Seam,BallCalled,Undefined,Undefined,,Undefined,0,0,,150.49188,-3.948106,3.068368,2425.957285,160.387593,11:15,1.683392,-0.311389,1.841137,-30.0932,51.0459,-17.2463,0.264912,0.382888,137.60041,-6.236338,1.848977,0.40679,,,,,,,,,,,,11.0242,29.8485,0.239529,15.24,1.587342,-2.122309,-41.269269,-2.944404,2.456892,8.972942,-3.154515,WAS_EDA,MEI_MEI,JinguStadium,TeamExclusive,Team,20200810-JinguStadium-2,68251d90-dada-11ea-b2f9-c9bbca5d2268,e6a1fa76-8fc0-40e4-9e95-fc2e5084e7b8,v3,,,,"Hisashige, Iwamoto",1000074023,Right,WAS_EDA,149.11887,,,12.89147,,,,16.598456,-41.563581,4.486471,1.682221,-2.840936,-1.577257,0.310462,-2.202894,1.228446,,,,,,,,,,,,,,,,,,,,,,,,,,,,,,,,,,,,,,,,,,,,,,,,,,,,,
485,2020/8/10,23:48.0,2020/8/10,23:48.0,2,2,"Takahisa, Hayakawa",1000073877,Left,WAS_EDA,"Yuki, Suyama",1000073581,Left,MEI_MEI,Undefined,8,Top,1,1,0,Fastball,ChangeUp,FoulBall,Undefined,Undefined,,Undefined,0,0,,146.83145,-1.073027,2.657445,1187.438162,156.703082,11:15,1.656577,-0.389219,1.838562,-33.7876,51.0332,-20.8195,1.015477,0.153191,134.04442,-3.645138,1.184809,0.415916,,,,,,,,,,,,12.608,27.8564,0.327282,15.24,1.628805,-1.768517,-40.370493,-0.863068,2.688495,8.596866,-3.866622,WAS_EDA,MEI_MEI,JinguStadium,TeamExclusive,Team,20200810-JinguStadium-2,6ea25700-dada-11ea-b2f9-c9bbca5d2268,e6a1fa76-8fc0-40e4-9e95-fc2e5084e7b8,v3,,,,"Hisashige, Iwamoto",1000074023,Right,WAS_EDA,145.8467,,,12.78703,,,,16.60118,-40.659322,4.298433,1.655619,-0.733161,-1.933311,0.388216,-1.858842,1.344247,,,,,,,,,,,,,,,,,,,,,,,,,,,,,,,,,,,,,,,,,,,,,,,,,,,,,
486,2020/8/10,24:04.9,2020/8/10,24:04.9,2,3,"Takahisa, Hayakawa",1000073877,Left,WAS_EDA,"Yuki, Suyama",1000073581,Left,MEI_MEI,Undefined,8,Top,1,1,1,Cutter,Slider,BallinDirt,Undefined,Undefined,,Undefined,0,0,,139.44362,-2.672825,2.184513,1350.675263,239.668297,2:00,1.658907,-0.35833,1.756976,-85.0084,9.3551,11.4152,0.049508,0.375814,129.57291,-8.774788,2.989899,0.438689,,,,,,,,,,,,-4.4636,7.2704,0.302344,15.24,1.58513,-1.517597,-38.34258,-2.14553,-0.865671,7.152522,-8.396625,WAS_EDA,MEI_MEI,JinguStadium,TeamExclusive,Team,20200810-JinguStadium-2,78a7a5c0-dada-11ea-b2f9-c9bbca5d2268,e6a1fa76-8fc0-40e4-9e95-fc2e5084e7b8,v3,,,,"Hisashige, Iwamoto",1000074023,Right,WAS_EDA,138.27564,,,9.87071,,,,16.683426,-38.610901,3.576261,1.65971,-1.830537,-4.198312,0.358666,-1.485122,-0.432835,,,,,,,,,,,,,,,,,,,,,,,,,,,,,,,,,,,,,,,,,,,,,,,,,,,,,
487,2020/8/10,24:24.2,2020/8/10,24:24.2,2,4,"Takahisa, Hayakawa",1000073877,Left,WAS_EDA,"Yuki, Suyama",1000073581,Left,MEI_MEI,Undefined,8,Top,1,2,1,Cutter,Slider,StrikeSwinging,Undefined,Undefined,,Undefined,0,0,,138.88661,-1.438049,1.471785,2542.372696,210.005424,1:00,1.660641,-0.346446,1.773584,-71.5765,23.2183,11.8259,0.537134,0.188986,128.40422,-6.641109,2.306498,0.43969,,,,,,,,,,,,-5.0941,13.6649,0.308897,15.24,1.619656,-1.039919,-38.223188,-1.246147,-0.981472,7.133308,-7.17387,WAS_EDA,MEI_MEI,JinguStadium,TeamExclusive,Team,20200810-JinguStadium-2,84301210-dada-11ea-b2f9-c9bbca5d2268,e6a1fa76-8fc0-40e4-9e95-fc2e5084e7b8,v3,,,,"Hisashige, Iwamoto",1000074023,Right,WAS_EDA,137.96072,,,10.48239,,,,16.666273,-38.488442,3.566654,1.661035,-0.979384,-3.586935,0.346888,-1.003423,-0.490736,,,,,,,,,,,,,,,,,,,,,,,,,,,,,,,,,,,,,,,,,,,,,,,,,,,,,
488,2020/8/10,24:39.0,2020/8/10,24:39.0,2,5,"Takahisa, Hayakawa",1000073877,Left,WAS_EDA,"Yuki, Suyama",1000073581,Left,MEI_MEI,Undefined,8,Top,1,2,2,Cutter,Slider,StrikeSwinging,Strikeout,Undefined,,Undefined,0,0,,136.99932,-0.363777,2.7015,1382.15214,259.684114,2:45,1.657926,-0.36404,1.752303,-93.4635,5.2305,11.7354,0.619951,0.52045,125.65472,-7.121797,3.527654,0.448642,,,,,,,,,,,,-4.0149,3.9271,0.294775,15.24,1.641915,-1.834603,-37.648737,-0.628745,-0.743005,7.622961,-9.079878,WAS_EDA,MEI_MEI,JinguStadium,TeamExclusive,Team,20200810-JinguStadium-2,8d003c30-dada-11ea-b2f9-c9bbca5d2268,e6a1fa76-8fc0-40e4-9e95-fc2e5084e7b8,v3,,,,"Hisashige, Iwamoto",1000074023,Right,WAS_EDA,135.20799,,,11.3446,,,,16.6873,-37.940648,3.811481,1.659335,-0.281043,-4.539939,0.364485,-1.806151,-0.371503,,,,,,,,,,,,,,,,,,,,,,,,,,,,,,,,116.68254,2.383989,1.482817,0.901172,-0.491695,0.500906,-0.577763,0.324153,1.425194,-1.089267,19.728471,2.077533,-18.303923,0.347463,23.006862,-1.65146,1.449219,4.504644,-4.210605,-1.143995,-21.502149,2.69884
489,2020/8/10,25:02.4,2020/8/10,25:02.4,3,1,"Takahisa, Hayakawa",1000073877,Left,WAS_EDA,"Daichi, Myoshin",1000073644,Right,MEI_MEI,Undefined,8,Top,2,0,0,Sinker,ChangeUp,BallinDirt,Undefined,Undefined,,Undefined,0,0,,135.21691,-5.51341,2.092956,1674.888204,159.492712,11:15,1.607277,-0.35229,1.890242,-46.6407,53.4771,-18.7657,-0.416167,0.049165,124.30133,-8.978175,0.759363,0.451867,,,,,,,,,,,,11.5429,32.9808,0.305586,15.24,1.47781,-1.276056,-37.056705,-3.728709,2.070422,7.355496,-3.890959,WAS_EDA,MEI_MEI,JinguStadium,TeamExclusive,Team,20200810-JinguStadium-2,9aecd740-dada-11ea-b2f9-c9bbca5d2268,e6a1fa76-8fc0-40e4-9e95-fc2e5084e7b8,v3,,,,"Hisashige, Iwamoto",1000074023,Right,WAS_EDA,134.24314,,,10.91559,,,,16.550667,-37.315957,3.677748,1.606815,-3.591569,-1.945479,0.351847,-1.34903,1.035211,,,,,,,,,,,,,,,,,,,,,,,,,,,,,,,,,,,,,,,,,,,,,,,,,,,,,
490,2020/8/10,25:21.1,2020/8/10,25:21.1,3,2,"Takahisa, Hayakawa",1000073877,Left,WAS_EDA,"Daichi, Myoshin",1000073644,Right,MEI_MEI,Undefined,8,Top,2,1,0,Fastball,ChangeUp,StrikeSwinging,Undefined,Undefined,,Undefined,0,0,,149.0546,-1.256985,2.215597,1201.167542,158.701854,11:15,1.689709,-0.305852,1.702512,-21.6644,63.7691,-23.5869,1.114969,0.089209,133.20542,-3.002283,0.560393,0.417416,,,,,,,,,,,,13.6577,34.0021,0.249639,15.24,1.655151,-1.445225,-40.859493,-0.934706,2.923166,10.466559,-2.529171,WAS_EDA,MEI_MEI,JinguStadium,TeamExclusive,Team,20200810-JinguStadium-2,a60ce4d0-dada-11ea-b2f9-c9bbca5d2268,e6a1fa76-8fc0-40e4-9e95-fc2e5084e7b8,v3,,,,"Hisashige, Iwamoto",1000074023,Right,WAS_EDA,145.32272,,,15.84918,,,,16.735527,-41.240807,5.23328,1.687525,-0.842564,-1.264586,0.304231,-1.551721,1.461583,,,,,,,,,,,,,,,,,,,,,,,,,,,,,,,,,,,,,,,,,,,,,,,,,,,,,
491,2020/8/10,25:33.2,2020/8/10,25:33.2,3,3,"Takahisa, Hayakawa",1000073877,Left,WAS_EDA,"Daichi, Myoshin",1000073644,Right,MEI_MEI,Undefined,8,Top,2,1,1,Fastball,Four-Seam,FoulBall,Undefined,Undefined,,Undefined,0,0,,147.45377,-0.978383,1.746302,2379.60541,158.634609,11:15,1.666761,-0.362272,1.699558,-26.4191,60.199,-22.3386,1.123891,-0.088371,132.79679,-3.044517,0.178228,0.4203,121.4901,81.798169,156.018068,2433.625539,,,,,,,,12.6886,32.1047,0.318262,15.24,1.63917,-1.111623,-40.478978,-0.762601,2.683892,9.723431,-3.01584,WAS_EDA,MEI_MEI,JinguStadium,TeamExclusive,Team,20200810-JinguStadium-2,ad4b2450-dada-11ea-b2f9-c9bbca5d2268,e6a1fa76-8fc0-40e4-9e95-fc2e5084e7b8,v3,,,,"Hisashige, Iwamoto",1000074023,Right,WAS_EDA,144.32563,25.391934,,14.65698,,,,16.739501,-40.837583,4.861716,1.665244,-0.651375,-1.50792,0.361084,-1.210606,1.341946,0.291607,1.122597,0.086635,358.607475,0.291607,-4.398792,-1.982402,0.510496,-0.117267,0.028503,-0.006792,0.001398,-0.000169,1.122597,33.402073,-10.044682,1.597633,-0.381317,0.091071,-0.02224,0.004634,-0.000572,0.086635,1.956807,0.390877,-0.128171,0.031805,-0.007588,0.001764,-0.000359,4.30E-05,,,,,,,,,,,,,,,,,,,,,,
492,2020/8/10,26:04.5,2020/8/10,26:04.5,3,4,"Takahisa, Hayakawa",1000073877,Left,WAS_EDA,"Daichi, Myoshin",1000073644,Right,MEI_MEI,Undefined,8,Top,2,1,2,Slider,ChangeUp,StrikeSwinging,Strikeout,Undefined,,Undefined,0,0,,131.87806,-1.356165,2.452569,1383.438078,126.081221,10:15,1.638491,-0.373497,1.956691,-74.4815,30.3238,-36.5327,0.513273,-0.051221,119.61572,-6.893588,-0.154795,0.462324,,,,,,,,,,,,20.9565,18.0214,0.321962,15.24,1.604959,-1.390755,-36.241148,-1.105227,3.555401,7.754043,-6.749214,WAS_EDA,MEI_MEI,JinguStadium,TeamExclusive,Team,20200810-JinguStadium-2,bff9b440-dada-11ea-b2f9-c9bbca5d2268,e6a1fa76-8fc0-40e4-9e95-fc2e5084e7b8,v3,,,,"Hisashige, Iwamoto",1000074023,Right,WAS_EDA,131.20674,,,12.26233,,,,16.482497,-36.506021,3.877021,1.638775,-0.874679,-3.374607,0.371544,-1.512205,1.777701,,,,,,,,,,,,,,,,,,,,,,,,,,,,,,,,81.24673,3.22856,1.773824,1.454736,-0.055933,0.453483,0.052877,0.269518,1.534599,1.416562,24.188668,1.50261,-13.845048,0.287399,17.408131,-0.671415,1.562854,6.147883,-4.252066,1.371081,-12.285139,1.252311
493,2020/8/10,28:07.2,2020/8/10,28:07.2,1,1,"Shuta, Saijo",1000073598,Right,MEI_MEI,"Takuya, Hiruma",1000074108,Left,WAS_EDA,Undefined,8,Bottom,0,0,0,Slider,Slider,BallCalled,Undefined,Undefined,,Undefined,0,0,,122.15516,0.600606,0.524989,2341.043002,76.484975,8:30,1.575265,0.338391,1.658698,-133.2101,-5.1499,-41.6945,0.414584,0.071278,110.09238,-9.009805,-2.402974,0.511048,,,,,,,,,,,,21.3198,-1.5871,-0.349033,15.24,1.580602,-0.111394,-33.519616,-0.174666,3.056206,7.303709,-10.034156,WAS_EDA,MEI_MEI,JinguStadium,TeamExclusive,Team,20200810-JinguStadium-2,09149be0-dadb-11ea-b2f9-c9bbca5d2268,e6a1fa76-8fc0-40e4-9e95-fc2e5084e7b8,v3,,,,"Shota, Shinohara",1000073555,Right,MEI_MEI,118.69725,,,12.06278,,,,16.780487,-33.853614,3.651855,1.578098,0.284195,-5.017078,-0.340743,-0.251154,1.528103,,,,,,,,,,,,,,,,,,,,,,,,,,,,,,,,,,,,,,,,,,,,,,,,,,,,,
494,2020/8/10,28:20.5,2020/8/10,28:20.5,1,2,"Shuta, Saijo",1000073598,Right,MEI_MEI,"Takuya, Hiruma",1000074108,Left,WAS_EDA,Undefined,8,Bottom,0,1,0,Fastball,Four-Seam,BallCalled,Undefined,Undefined,,Undefined,0,0,,140.34503,-3.006789,-0.22553,2077.900037,193.332626,12:30,1.621523,0.296031,1.947519,-46.5669,46.5001,10.208,0.312122,0.334884,126.70718,-6.532869,0.502998,0.435665,,,,,,,,,,,,-5.4831,27.7028,-0.291604,15.24,1.552998,0.103177,-38.535231,-2.165262,-1.047663,9.047439,-4.513485,WAS_EDA,MEI_MEI,JinguStadium,TeamExclusive,Team,20200810-JinguStadium-2,110d51c0-dadb-11ea-b2f9-c9bbca5d2268,e6a1fa76-8fc0-40e4-9e95-fc2e5084e7b8,v3,,,,"Shota, Shinohara",1000073555,Right,MEI_MEI,139.23547,,,13.63785,,,,16.491165,-38.827872,4.52372,1.620672,-2.019272,-2.256742,-0.295489,0.137064,-0.523831,,,,,,,,,,,,,,,,,,,,,,,,,,,,,,,,,,,,,,,,,,,,,,,,,,,,,
495,2020/8/10,28:35.4,2020/8/10,28:35.4,1,3,"Shuta, Saijo",1000073598,Right,MEI_MEI,"Takuya, Hiruma",1000074108,Left,WAS_EDA,Undefined,8,Bottom,0,2,0,Fastball,Four-Seam,InPlay,Undefined,FlyBall,FlyBall,HomeRun,0,1,,141.41213,-1.263107,-1.928458,2027.740132,205.855989,12:45,1.636573,0.28288,1.934844,-43.3529,48.372,21.8162,0.848395,-0.040231,127.28494,-4.575235,-0.374509,0.432512,168.59493,32.698406,16.452969,2543.16806,32.029978,20.649364,9.909667,127.1604,,17.009694,5.658613,-12.9385,27.1856,-0.241361,15.24,1.606134,1.203786,-38.851772,-0.986014,-2.511641,9.235473,-4.529357,WAS_EDA,MEI_MEI,JinguStadium,TeamExclusive,Team,20200810-JinguStadium-2,19ec21e0-dadb-11ea-b2f9-c9bbca5d2268,e6a1fa76-8fc0-40e4-9e95-fc2e5084e7b8,v3,,,,"Shota, Shinohara",1000073555,Right,MEI_MEI,140.25036,32.690251,,14.12719,,,,16.504093,-39.151107,4.617737,1.635713,-0.839211,-2.264678,-0.281697,1.285192,-1.255821,0.402974,0.826277,0.035558,191.288194,0.403851,37.779665,-7.510423,1.8378,-0.365949,0.059888,-0.007643,0.000648,-2.60E-05,0.826212,25.3003,-5.678683,0.310346,-0.008141,-0.011872,0.003386,-0.000362,1.40E-05,0.03544,11.164435,-1.38971,0.163738,-0.008225,-0.001454,0.000207,-4.00E-06,0,,,,,,,,,,,,,,,,,,,,,,
496,2020/8/10,29:19.0,2020/8/10,29:19.0,2,1,"Shuta, Saijo",1000073598,Right,MEI_MEI,"Kazuto, Yoshizawa",1000074012,Right,WAS_EDA,Undefined,8,Bottom,0,0,0,Slider,Curveball,StrikeCalled,Undefined,Undefined,,Undefined,0,0,,121.55698,1.111382,0.219085,2383.324165,75.038062,8:30,1.637574,0.298334,1.702546,-131.5189,-2.8323,-28.9927,0.638754,0.070765,109.34118,-8.421976,-1.821204,0.512296,,,,,,,,,,,,14.7517,-0.8529,-0.301798,15.24,1.656585,0.006316,-33.35372,0.141771,2.093574,7.236927,-9.927691,WAS_EDA,MEI_MEI,JinguStadium,TeamExclusive,Team,20200810-JinguStadium-2,33e17cd0-dadb-11ea-b2f9-c9bbca5d2268,e6a1fa76-8fc0-40e4-9e95-fc2e5084e7b8,v3,,,,"Shota, Shinohara",1000073555,Right,MEI_MEI,118.40803,,,12.21581,,,,16.736335,-33.676823,3.618463,1.640361,0.585007,-4.963846,-0.299994,-0.087154,1.046787,,,,,,,,,,,,,,,,,,,,,,,,,,,,,,,,,,,,,,,,,,,,,,,,,,,,,
497,2020/8/10,29:31.4,2020/8/10,29:31.4,2,2,"Shuta, Saijo",1000073598,Right,MEI_MEI,"Kazuto, Yoshizawa",1000074012,Right,WAS_EDA,Undefined,8,Bottom,0,0,1,Slider,Slider,BallinDirt,Undefined,Undefined,,Undefined,0,0,,123.66726,-0.672887,-0.157449,2364.474567,88.551003,9:00,1.645658,0.253504,1.689073,-120.7011,3.9143,-34.5812,0.246958,-0.137159,111.52257,-9.399157,-2.5913,0.504128,,,,,,,,,,,,17.3064,3.9833,-0.246536,15.24,1.618425,0.253631,-33.932872,-0.865729,2.539427,7.550264,-9.222166,WAS_EDA,MEI_MEI,JinguStadium,TeamExclusive,Team,20200810-JinguStadium-2,3b5216f0-dadb-11ea-b2f9-c9bbca5d2268,e6a1fa76-8fc0-40e4-9e95-fc2e5084e7b8,v3,,,,"Shota, Shinohara",1000073555,Right,MEI_MEI,120.32668,,,12.14469,,,,16.749948,-34.267197,3.775132,1.647719,-0.457372,-4.611083,-0.255277,0.141185,1.269713,,,,,,,,,,,,,,,,,,,,,,,,,,,,,,,,,,,,,,,,,,,,,,,,,,,,,
498,2020/8/10,29:48.6,2020/8/10,29:48.5,2,3,"Shuta, Saijo",1000073598,Right,MEI_MEI,"Kazuto, Yoshizawa",1000074012,Right,WAS_EDA,Undefined,8,Bottom,0,1,1,Fastball,Four-Seam,BallCalled,Undefined,Undefined,,Undefined,0,0,,139.77714,-2.874547,-2.189502,2141.760144,197.485526,12:30,1.64659,0.231646,1.948651,-40.616,52.8512,15.6018,0.433344,-0.226417,126.60765,-5.975279,-1.077509,0.4366,,,,,,,,,,,,-9.8163,30.7545,-0.184498,15.24,1.581261,1.393468,-38.374571,-2.041117,-1.869751,8.597172,-3.948702,WAS_EDA,MEI_MEI,JinguStadium,TeamExclusive,Team,20200810-JinguStadium-2,457f3900-dadb-11ea-b2f9-c9bbca5d2268,e6a1fa76-8fc0-40e4-9e95-fc2e5084e7b8,v3,,,,"Shota, Shinohara",1000073555,Right,MEI_MEI,138.93709,,,13.16949,,,,16.490215,-38.653645,4.298586,1.645437,-1.912937,-1.974351,-0.230717,1.454163,-0.934876,,,,,,,,,,,,,,,,,,,,,,,,,,,,,,,,,,,,,,,,,,,,,,,,,,,,,
499,2020/8/10,30:05.7,2020/8/10,30:05.7,2,4,"Shuta, Saijo",1000073598,Right,MEI_MEI,"Kazuto, Yoshizawa",1000074012,Right,WAS_EDA,Undefined,8,Bottom,0,2,1,Slider,Curveball,StrikeCalled,Undefined,Undefined,,Undefined,0,0,,121.19504,2.038697,0.840266,2442.791108,52.021775,7:45,1.666603,0.253336,1.653436,-156.504,-26.5405,-40.1728,0.683882,0.091506,109.40887,-9.204585,-1.979538,0.514832,,,,,,,,,,,,20.8145,-13.552,-0.272636,15.24,1.708815,-0.300412,-33.260056,0.554247,2.943858,7.08068,-11.723348,WAS_EDA,MEI_MEI,JinguStadium,TeamExclusive,Team,20200810-JinguStadium-2,4fc169b0-dadb-11ea-b2f9-c9bbca5d2268,e6a1fa76-8fc0-40e4-9e95-fc2e5084e7b8,v3,,,,"Shota, Shinohara",1000073555,Right,MEI_MEI,117.82489,,,11.78617,,,,16.786624,-33.587701,3.54034,1.670617,1.096722,-5.861674,-0.255583,-0.436633,1.471929,,,,,,,,,,,,,,,,,,,,,,,,,,,,,,,,,,,,,,,,,,,,,,,,,,,,,
500,2020/8/10,30:20.8,2020/8/10,30:20.8,2,5,"Shuta, Saijo",1000073598,Right,MEI_MEI,"Kazuto, Yoshizawa",1000074012,Right,WAS_EDA,Undefined,8,Bottom,0,2,2,Fastball,Four-Seam,FoulBall,Undefined,Undefined,,Undefined,0,0,,136.91826,-1.248096,-2.096932,2074.962753,186.163495,12:15,1.668574,0.245557,1.961413,-43.276,54.3773,5.4835,0.885925,-0.287235,123.16342,-4.574694,-1.70591,0.44627,,,,,,,,,,,,-4.6267,30.4915,-0.200404,15.24,1.639128,1.352206,-37.613032,-0.937092,-0.840647,8.74806,-4.266553,WAS_EDA,MEI_MEI,JinguStadium,TeamExclusive,Team,20200810-JinguStadium-2,58bf5a90-dadb-11ea-b2f9-c9bbca5d2268,e6a1fa76-8fc0-40e4-9e95-fc2e5084e7b8,v3,,,,"Shota, Shinohara",1000073555,Right,MEI_MEI,135.92658,,,13.75484,,,,16.477448,-37.899745,4.37403,1.667549,-0.797258,-2.133277,-0.245173,1.379758,-0.420323,,,,,,,,,,,,,,,,,,,,,,,,,,,,,,,,,,,,,,,,,,,,,,,,,,,,,
501,2020/8/10,30:44.2,2020/8/10,30:44.2,2,6,"Shuta, Saijo",1000073598,Right,MEI_MEI,"Kazuto, Yoshizawa",1000074012,Right,WAS_EDA,Undefined,8,Bottom,0,2,2,Slider,Curveball,FoulBall,Undefined,Undefined,,Undefined,0,0,,120.44877,1.241516,0.472085,2383.299139,59.312626,8:00,1.636348,0.275375,1.614224,-150.4114,-20.4327,-41.428,0.487581,-0.003807,110.67566,-9.48934,-2.430259,0.514862,,,,,,,,,,,,21.2082,-10.0799,-0.284647,15.24,1.657466,-0.08567,-33.124521,0.116487,3.025949,6.120232,-11.244831,WAS_EDA,MEI_MEI,JinguStadium,TeamExclusive,Team,20200810-JinguStadium-2,66a45480-dadb-11ea-b2f9-c9bbca5d2268,e6a1fa76-8fc0-40e4-9e95-fc2e5084e7b8,v3,,,,"Shota, Shinohara",1000073555,Right,MEI_MEI,117.81798,,,9.77311,,,,16.826679,-33.416396,3.060116,1.639123,0.652757,-5.622416,-0.277121,-0.229978,1.512974,,,,,,,,,,,,,,,,,,,,,,,,,,,,,,,,,,,,,,,,,,,,,,,,,,,,,
502,2020/8/10,31:08.9,2020/8/10,31:08.9,2,7,"Shuta, Saijo",1000073598,Right,MEI_MEI,"Kazuto, Yoshizawa",1000074012,Right,WAS_EDA,Undefined,8,Bottom,0,2,2,Fastball,Four-Seam,FoulBall,Undefined,Undefined,,Undefined,0,0,,139.71761,-1.644649,-1.711501,2192.946474,203.152218,12:45,1.649131,0.205552,1.974854,-46.758,45.9205,18.2932,0.720927,-0.09066,126.97797,-5.186079,-0.404852,0.434755,,,,,,,,,,,,-10.8431,26.1998,-0.169754,15.24,1.611317,1.063597,-38.423523,-1.244256,-2.078288,8.351683,-4.784941,WAS_EDA,MEI_MEI,JinguStadium,TeamExclusive,Team,20200810-JinguStadium-2,75618600-dadb-11ea-b2f9-c9bbca5d2268,e6a1fa76-8fc0-40e4-9e95-fc2e5084e7b8,v3,,,,"Shota, Shinohara",1000073555,Right,MEI_MEI,139.527,,,12.73964,,,,16.464312,-38.688723,4.175842,1.648415,-1.092315,-2.392471,-0.204575,1.129591,-1.039144,,,,,,,,,,,,,,,,,,,,,,,,,,,,,,,,,,,,,,,,,,,,,,,,,,,,,
503,2020/8/10,31:34.1,2020/8/10,31:34.1,2,8,"Shuta, Saijo",1000073598,Right,MEI_MEI,"Kazuto, Yoshizawa",1000074012,Right,WAS_EDA,Undefined,8,Bottom,0,2,2,Splitter,ChangeUp,StrikeSwinging,Strikeout,Undefined,,Undefined,0,0,,126.23998,-0.055658,-1.201747,1220.204987,285.425506,3:30,1.631384,0.282209,1.829552,-118.9432,-3.1869,25.735,0.42623,0.200126,115.24524,-8.694636,0.624575,0.485878,,,,,,,,,,,,-14.1724,-0.4185,-0.255088,15.24,1.622298,0.614769,-34.721149,-0.477462,-2.211068,7.008356,-9.871947,WAS_EDA,MEI_MEI,JinguStadium,TeamExclusive,Team,20200810-JinguStadium-2,8470a810-dadb-11ea-b2f9-c9bbca5d2268,e6a1fa76-8fc0-40e4-9e95-fc2e5084e7b8,v3,,,,"Shota, Shinohara",1000073555,Right,MEI_MEI,124.84622,,,10.99474,,,,16.610293,-34.996646,3.504178,1.63344,-0.089399,-4.935973,-0.280962,0.701685,-1.105534,,,,,,,,,,,,,,,,,,,,,,,,,,,,,,,,,,,,,,,,,,,,,,,,,,,,,
504,2020/8/10,32:01.8,2020/8/10,32:01.8,3,1,"Shuta, Saijo",1000073598,Right,MEI_MEI,"Moeto, Suzuki",1000074064,Left,WAS_EDA,Undefined,8,Bottom,1,0,0,Fastball,Four-Seam,StrikeCalled,Undefined,Undefined,,Undefined,0,0,,139.95728,-1.985655,-1.422878,2084.507844,193.4771,12:30,1.619216,0.269044,1.94544,-45.1261,47.4952,10.6361,0.610812,-0.023632,127.36489,-5.399299,-0.664444,0.43462,,,,,,,,,,,,-6.5857,27.1543,-0.238363,15.24,1.573044,0.905786,-38.482377,-1.471145,-1.267947,8.274393,-4.57863,WAS_EDA,MEI_MEI,JinguStadium,TeamExclusive,Team,20200810-JinguStadium-2,94ee7550-dadb-11ea-b2f9-c9bbca5d2268,e6a1fa76-8fc0-40e4-9e95-fc2e5084e7b8,v3,,,,"Shota, Shinohara",1000073555,Right,MEI_MEI,139.57011,,,12.59239,,,,16.493606,-38.750987,4.137196,1.618389,-1.32251,-2.289315,-0.268436,0.946947,-0.633974,,,,,,,,,,,,,,,,,,,,,,,,,,,,,,,,,,,,,,,,,,,,,,,,,,,,,
505,2020/8/10,32:15.7,2020/8/10,32:15.6,3,2,"Shuta, Saijo",1000073598,Right,MEI_MEI,"Moeto, Suzuki",1000074064,Left,WAS_EDA,Undefined,8,Bottom,1,0,1,Fastball,Four-Seam,StrikeCalled,Undefined,Undefined,,Undefined,0,0,,139.82016,-1.561555,-0.536377,2126.644597,194.516054,12:30,1.611117,0.296315,1.850733,-40.7324,53.7033,13.0353,0.763246,0.275384,126.32381,-4.668112,0.38789,0.438857,,,,,,,,,,,,-7.0891,29.8084,-0.284446,15.24,1.571633,0.294741,-38.415787,-1.167627,-1.351636,8.699144,-4.123306,WAS_EDA,MEI_MEI,JinguStadium,TeamExclusive,Team,20200810-JinguStadium-2,9d337670-dadb-11ea-b2f9-c9bbca5d2268,e6a1fa76-8fc0-40e4-9e95-fc2e5084e7b8,v3,,,,"Shota, Shinohara",1000073555,Right,MEI_MEI,138.22284,,,13.49635,,,,16.587833,-38.719797,4.349572,1.60992,-1.023529,-2.061653,-0.295572,0.341976,-0.675818,,,,,,,,,,,,,,,,,,,,,,,,,,,,,,,,,,,,,,,,,,,,,,,,,,,,,
506,2020/8/10,32:31.5,2020/8/10,32:31.4,3,3,"Shuta, Saijo",1000073598,Right,MEI_MEI,"Moeto, Suzuki",1000074064,Left,WAS_EDA,Undefined,8,Bottom,1,0,2,Fastball,Four-Seam,BallCalled,Undefined,Undefined,,Undefined,0,0,,139.92087,-1.605128,-0.120553,2049.133483,212.456637,1:00,1.595895,0.299393,1.899455,-40.9375,52.6174,31.3915,0.735058,0.579409,126.71283,-4.726598,2.111938,0.436805,,,,,,,,,,,,-16.2311,29.4151,-0.298352,15.24,1.556868,-0.072142,-38.46595,-1.195863,-3.107154,8.619764,-4.175668,WAS_EDA,MEI_MEI,JinguStadium,TeamExclusive,Team,20200810-JinguStadium-2,a69b9ad0-dadb-11ea-b2f9-c9bbca5d2268,e6a1fa76-8fc0-40e4-9e95-fc2e5084e7b8,v3,,,,"Shota, Shinohara",1000073555,Right,MEI_MEI,138.87194,,,13.20804,,,,16.539363,-38.756028,4.309882,1.594748,-1.055341,-2.087834,-0.297683,0.032422,-1.553577,,,,,,,,,,,,,,,,,,,,,,,,,,,,,,,,,,,,,,,,,,,,,,,,,,,,,
507,2020/8/10,32:47.2,2020/8/10,32:47.2,3,4,"Shuta, Saijo",1000073598,Right,MEI_MEI,"Moeto, Suzuki",1000074064,Left,WAS_EDA,Undefined,8,Bottom,1,1,2,Slider,ChangeUp,FoulBall,Undefined,Undefined,,Undefined,0,0,,124.30368,0.988787,-2.28889,3337.362942,258.664471,2:30,1.625651,0.342216,1.727378,-113.5025,6.0743,12.3499,0.771884,-0.185115,114.46792,-7.208031,-1.420115,0.493831,,,,,,,,,,,,-7.8827,3.3788,-0.284249,15.24,1.642429,1.312071,-34.187536,0.159781,-1.208966,5.995337,-9.288454,WAS_EDA,MEI_MEI,JinguStadium,TeamExclusive,Team,20200810-JinguStadium-2,affcba50-dadb-11ea-b2f9-c9bbca5d2268,e6a1fa76-8fc0-40e4-9e95-fc2e5084e7b8,v3,,,,"Shota, Shinohara",1000073555,Right,MEI_MEI,122.83565,,,9.83576,,,,16.712915,-34.444867,2.997669,1.627015,0.558459,-4.644227,-0.341679,1.363962,-0.604483,,,,,,,,,,,,,,,,,,,,,,,,,,,,,,,,,,,,,,,,,,,,,,,,,,,,,
508,2020/8/10,33:14.4,2020/8/10,33:14.4,3,5,"Shuta, Saijo",1000073598,Right,MEI_MEI,"Moeto, Suzuki",1000074064,Left,WAS_EDA,Undefined,8,Bottom,1,1,2,Slider,Curveball,StrikeSwinging,Strikeout,Undefined,,Undefined,0,0,,126.62017,-1.072613,-1.005991,3365.761694,18.064985,6:30,1.591422,0.312338,1.728603,-129.5087,-12.6468,-5.4309,-0.008552,-0.027874,115.81843,-10.369288,-1.389575,0.488193,,,,,,,,,,,,1.9748,-4.6349,-0.286033,15.24,1.553948,0.635488,-34.801761,-1.161204,0.308525,7.231147,-10.530776,WAS_EDA,MEI_MEI,JinguStadium,TeamExclusive,Team,20200810-JinguStadium-2,c02effa0-dadb-11ea-b2f9-c9bbca5d2268,e6a1fa76-8fc0-40e4-9e95-fc2e5084e7b8,v3,,,,"Shota, Shinohara",1000073555,Right,MEI_MEI,124.25425,,,10.80174,,,,16.711647,-35.106209,3.615573,1.593504,-0.717833,-5.265388,-0.312515,0.622499,0.154262,,,,,,,,,,,,,,,,,,,,,,,,,,,,,,,,,,,,,,,,,,,,,,,,,,,,,
509,2020/8/10,33:45.5,2020/8/10,33:45.5,4,1,"Shuta, Saijo",1000073598,Right,MEI_MEI,"Takahisa, Hayakawa",1000073877,Left,WAS_EDA,Undefined,8,Bottom,2,0,0,Fastball,Four-Seam,FoulBall,Undefined,Undefined,Popup,Undefined,0,0,,140.33865,-1.278712,-1.636774,2191.333953,187.665546,12:15,1.623055,0.272315,1.942889,-40.7303,52.9079,6.6354,0.856956,-0.120456,125.52186,-4.424113,-1.163921,0.437,101.91472,52.633337,-125.915658,4151.078764,-22.579305,17.629497,-24.785098,49.658074,,-134.422885,3.6904,-4.8913,29.6887,-0.236673,15.24,1.592623,1.06946,-38.535425,-0.971396,-0.927595,9.58614,-4.176441,WAS_EDA,MEI_MEI,JinguStadium,TeamExclusive,Team,20200810-JinguStadium-2,d2b965c0-dadb-11ea-b2f9-c9bbca5d2268,e6a1fa76-8fc0-40e4-9e95-fc2e5084e7b8,v3,,,,"Shota, Shinohara",1000073555,Right,MEI_MEI,138.81016,18.936789,,14.81679,,,,16.495612,-38.846518,4.79307,1.621948,-0.835861,-2.088221,-0.271868,1.099563,-0.463798,0.448631,0.867786,0.115068,26.840427,0.448584,-10.076418,-0.87897,0.546376,-0.13367,0.018232,0.000693,-0.000429,3.10E-05,0.8678,22.499451,-8.204422,0.951074,-0.157927,0.008841,0.002719,-0.000454,1.90E-05,0.115055,-13.914559,1.452921,-0.123872,0.001394,0.001855,0.001498,-0.00047,3.70E-05,,,,,,,,,,,,,,,,,,,,,,
510,2020/8/10,34:02.6,2020/8/10,34:02.6,4,2,"Shuta, Saijo",1000073598,Right,MEI_MEI,"Takahisa, Hayakawa",1000073877,Left,WAS_EDA,Undefined,8,Bottom,2,0,1,Fastball,Four-Seam,BallinDirt,Undefined,Undefined,,Undefined,0,0,,139.79669,-3.455925,-1.322724,2128.363243,218.343986,1:15,1.614871,0.285096,1.882534,-52.9625,40.8637,29.7906,0.111019,0.21061,127.48004,-7.393262,0.795186,0.437438,,,,,,,,,,,,-16.5086,24.7595,-0.256441,15.24,1.531929,0.746966,-38.392065,-2.500616,-3.159774,8.320677,-5.067636,WAS_EDA,MEI_MEI,JinguStadium,TeamExclusive,Team,20200810-JinguStadium-2,dcf4b8a0-dadb-11ea-b2f9-c9bbca5d2268,e6a1fa76-8fc0-40e4-9e95-fc2e5084e7b8,v3,,,,"Shota, Shinohara",1000073555,Right,MEI_MEI,138.67105,,,12.31665,,,,16.557201,-38.676487,4.160338,1.614446,-2.327391,-2.533818,-0.28382,0.854975,-1.579887,,,,,,,,,,,,,,,,,,,,,,,,,,,,,,,,,,,,,,,,,,,,,,,,,,,,,
511,2020/8/10,34:21.6,2020/8/10,34:21.6,4,3,"Shuta, Saijo",1000073598,Right,MEI_MEI,"Takahisa, Hayakawa",1000073877,Left,WAS_EDA,Undefined,8,Bottom,2,1,1,Slider,Curveball,InPlay,Undefined,GroundBall,,Out,1,0,,121.45987,1.293416,0.368556,2413.317875,62.078204,8:00,1.601452,0.276577,1.645558,-149.1987,-19.0419,-45.4426,0.47896,-0.07258,109.23402,-9.438512,-2.820921,0.515215,,,,,,,,,,,,23.3361,-9.575,-0.282545,15.24,1.624002,-0.007301,-33.327085,0.162871,3.292366,7.454385,-11.157537,WAS_EDA,MEI_MEI,JinguStadium,TeamExclusive,Team,20200810-JinguStadium-2,e83e2020-dadb-11ea-b2f9-c9bbca5d2268,e6a1fa76-8fc0-40e4-9e95-fc2e5084e7b8,v3,,,,"Shota, Shinohara",1000073555,Right,MEI_MEI,117.73736,,,12.22586,,,,16.794513,-33.672994,3.727193,1.604432,0.680618,-5.578768,-0.278662,-0.160078,1.646183,,,,,,,,,,,,,,,,,,,,,,,,,,,,,,,,,,,,,,,,,,,,,,,,,,,,,
512,2020/8/10,36:14.2,2020/8/10,36:14.2,1,1,"Takahisa, Hayakawa",1000073877,Left,WAS_EDA,"Hibiki, Kuge",1000073674,Right,MEI_MEI,Undefined,9,Top,0,0,0,ChangeUp,ChangeUp,InPlay,Undefined,GroundBall,,Out,1,0,,128.63395,-0.378665,2.57964,1437.1645,139.486416,10:45,1.629582,-0.390359,1.882804,-73.8417,34.9951,-27.2432,0.784469,0.063815,118.91353,-5.813433,0.645824,0.471132,,,,,,,,,,,,15.8974,19.3333,0.332626,15.24,1.616283,-1.481614,-35.419258,-0.483712,2.633948,6.031479,-6.603426,WAS_EDA,MEI_MEI,JinguStadium,TeamExclusive,Team,20200810-JinguStadium-2,2b660cf0-dadc-11ea-b2f9-c9bbca5d2268,e6a1fa76-8fc0-40e4-9e95-fc2e5084e7b8,v3,,,,"Hisashige, Iwamoto",1000074023,Right,WAS_EDA,128.75372,,,9.72042,,,,16.557585,-35.642921,3.01574,1.62968,-0.23884,-3.301713,0.389379,-1.579288,1.316974,,,,,,,,,,,,,,,,,,,,,,,,,,,,,,,,,,,,,,,,,,,,,,,,,,,,,
513,2020/8/10,36:47.9,2020/8/10,36:47.9,2,1,"Takahisa, Hayakawa",1000073877,Left,WAS_EDA,"Fuma, Shimizu",1000073553,Right,MEI_MEI,Undefined,9,Top,1,0,0,Slider,Slider,InPlay,Undefined,LineDrive,LineDrive,Single,0,0,,125.87103,1.027973,0.293379,1376.082201,282.398046,3:30,1.660344,-0.379469,1.568726,-123.3394,-0.9433,26.1014,0.721973,-0.034266,112.7321,-7.858423,2.114525,0.499619,139.54533,11.463685,-23.54277,1428.418534,30.447657,4.247373,-14.038045,61.452503,,-26.582102,1.942105,-12.8004,-0.2049,0.368535,15.24,1.678318,-0.303941,-34.503763,0.106538,-1.937512,7.93748,-9.837671,WAS_EDA,MEI_MEI,JinguStadium,TeamExclusive,Team,20200810-JinguStadium-2,3f7390a0-dadc-11ea-b2f9-c9bbca5d2268,e6a1fa76-8fc0-40e4-9e95-fc2e5084e7b8,v3,,,,"Hisashige, Iwamoto",1000074023,Right,WAS_EDA,121.41263,4.257302,,13.13893,,,,16.87051,-34.87684,3.96874,1.662444,0.568927,-4.918835,0.38068,-0.212875,-0.968756,1.078252,0.808336,0.050769,131.297135,1.078253,34.82715,-5.282154,1.18619,-0.24142,0.04386,-0.00738,0.001058,-8.50E-05,0.808336,7.703946,-4.392021,0.087009,0.022659,-0.010471,0.003143,-0.000487,3.50E-05,0.050769,-15.174206,0.393233,0.139254,-0.069389,0.021581,-0.004763,0.000716,-5.50E-05,,,,,,,,,,,,,,,,,,,,,,
514,2020/8/10,37:18.2,2020/8/10,37:18.2,3,1,"Takahisa, Hayakawa",1000073877,Left,WAS_EDA,"Shota, Shinohara",1000073555,Right,MEI_MEI,Undefined,9,Top,1,0,0,Fastball,ChangeUp,FoulBall,Undefined,Undefined,FlyBall,Undefined,0,0,,147.33282,-1.897404,2.587542,1164.76876,145.96862,10:45,1.692477,-0.363677,1.756821,-43.3414,43.0566,-26.9532,0.720065,0.101318,132.79122,-5.153657,0.689512,0.419765,104.61628,35.825036,138.883487,4529.31243,-27.475552,9.400136,19.215113,48.06362,,147.890576,2.633414,15.8184,24.3705,0.300346,15.24,1.641475,-1.682164,-40.416166,-1.498439,3.330939,9.803993,-4.67484,WAS_EDA,MEI_MEI,JinguStadium,TeamExclusive,Team,20200810-JinguStadium-2,5188c6c0-dadc-11ea-b2f9-c9bbca5d2268,e6a1fa76-8fc0-40e4-9e95-fc2e5084e7b8,v3,,,,"Hisashige, Iwamoto",1000074023,Right,WAS_EDA,144.50933,10.542179,,14.5416,,,,16.682242,-40.764519,4.901996,1.691766,-1.332335,-2.33742,0.362219,-1.800518,1.665469,0.470404,0.654216,-0.119642,319.218599,0.470399,-17.750763,0.310027,0.31371,-0.112056,0.050029,-0.016695,0.003438,-0.000309,0.654208,17.009763,-8.26871,1.013987,-0.243865,0.071885,-0.019621,0.003711,-0.000309,-0.119647,15.494681,-2.919629,0.448226,-0.105473,0.031634,-0.01023,0.00202,-0.000161,,,,,,,,,,,,,,,,,,,,,,
515,2020/8/10,37:41.3,2020/8/10,37:41.4,3,2,"Takahisa, Hayakawa",1000073877,Left,WAS_EDA,"Shota, Shinohara",1000073555,Right,MEI_MEI,Undefined,9,Top,1,0,1,ChangeUp,ChangeUp,FoulBall,Undefined,Undefined,GroundBall,Undefined,0,0,,128.18771,-1.394014,1.999999,1749.923892,132.686282,10:30,1.616336,-0.417364,1.895465,-72.2597,38.3492,-37.7062,0.501345,-0.231682,117.42567,-6.740778,-0.681511,0.474952,89.4232,-16.441755,44.56661,,,,,1.886363,,53.670105,0.070772,20.9597,21.971,0.373898,15.24,1.580181,-1.067638,-35.259917,-1.095842,3.402947,6.674127,-6.239508,WAS_EDA,MEI_MEI,JinguStadium,TeamExclusive,Team,20200810-JinguStadium-2,5f5556b0-dadc-11ea-b2f9-c9bbca5d2268,e6a1fa76-8fc0-40e4-9e95-fc2e5084e7b8,v3,,,,"Hisashige, Iwamoto",1000074023,Right,WAS_EDA,127.71819,0.501531,,10.76203,,,,16.544125,-35.505908,3.337064,1.616332,-0.865869,-3.119754,0.41556,-1.193062,1.701474,-0.071504,0.501531,0.342718,,-0.071497,16.97172,-2.41272,,,,,,,0.501525,-7.029511,-0.804177,,,,,,,0.342721,16.717644,-1.232064,,,,,,,,,,,,,,,,,,,,,,,,,,,,
516,2020/8/10,38:08.0,2020/8/10,38:08.0,3,3,"Takahisa, Hayakawa",1000073877,Left,WAS_EDA,"Shota, Shinohara",1000073555,Right,MEI_MEI,Undefined,9,Top,1,0,2,ChangeUp,ChangeUp,InPlay,Undefined,FlyBall,FlyBall,Out,1,0,,128.83902,-1.193201,1.813718,1427.088233,141.743967,10:45,1.655505,-0.331775,1.855815,-71.2023,39.2167,-28.0161,0.606842,-0.100387,117.54115,-6.464513,-0.17359,0.474544,153.35796,34.862524,-12.339931,2516.500688,32.659823,22.167387,-7.58021,111.555536,,-14.049621,5.712334,15.8968,22.2298,0.290939,15.24,1.622942,-0.999433,-35.427143,-0.977157,2.594395,7.001279,-6.178694,WAS_EDA,MEI_MEI,JinguStadium,TeamExclusive,Team,20200810-JinguStadium-2,6f2b4b30-dadc-11ea-b2f9-c9bbca5d2268,e6a1fa76-8fc0-40e4-9e95-fc2e5084e7b8,v3,,,,"Hisashige, Iwamoto",1000074023,Right,WAS_EDA,127.828,32.114415,,11.29787,,,,16.583856,-35.691734,3.50064,1.655459,-0.743653,-3.089347,0.330562,-1.09748,1.297197,0.777475,0.634444,0.098815,170.604117,0.777669,34.14075,-7.28716,1.813649,-0.338762,0.04691,-0.00483,0.000356,-1.40E-05,0.63497,24.342014,-5.003388,0.065058,0.046462,-0.017917,0.003471,-0.000308,1.00E-05,0.098745,-7.469387,0.759717,-0.056498,-0.004923,0.0012,0.000179,-5.50E-05,3.00E-06,,,,,,,,,,,,,,,,,,,,,,
517,2020/8/10,38:50.6,2020/8/10,38:50.6,4,1,"Takahisa, Hayakawa",1000073877,Left,WAS_EDA,"Nishikawa, Rei",1000089818,Right,MEI_MEI,Undefined,9,Top,2,0,0,Cutter,Slider,BallinDirt,Undefined,Undefined,,Undefined,0,0,,139.82079,-1.855618,0.734982,2508.53725,194.64252,12:30,1.641333,-0.389903,1.742337,-67.8962,25.5004,5.9925,0.435278,-0.121283,129.9052,-6.776467,1.157433,0.436435,,,,,,,,,,,,-2.6212,14.9248,0.370718,15.24,1.58895,-0.523279,-38.499688,-1.523882,-0.515163,6.829516,-6.873349,WAS_EDA,MEI_MEI,JinguStadium,TeamExclusive,Team,20200810-JinguStadium-2,88a2c390-dadc-11ea-b2f9-c9bbca5d2268,e6a1fa76-8fc0-40e4-9e95-fc2e5084e7b8,v3,,,,"Hisashige, Iwamoto",1000074023,Right,WAS_EDA,138.98963,,,9.91559,,,,16.697868,-38.757439,3.414758,1.641568,-1.264477,-3.436674,0.3901,-0.503836,-0.257581,,,,,,,,,,,,,,,,,,,,,,,,,,,,,,,,,,,,,,,,,,,,,,,,,,,,,
518,2020/8/10,39:05.8,2020/8/10,39:05.8,4,2,"Takahisa, Hayakawa",1000073877,Left,WAS_EDA,"Nishikawa, Rei",1000089818,Right,MEI_MEI,Undefined,9,Top,2,1,0,Fastball,Four-Seam,StrikeCalled,Undefined,Undefined,,Undefined,0,0,,148.21129,-3.377146,1.13526,2427.495505,161.724711,11:30,1.690459,-0.296107,1.796833,-26.1739,57.8543,-18.1848,0.471762,-0.156658,135.13355,-5.398626,-0.149398,0.413968,,,,,,,,,,,,10.1071,32.8627,0.269501,15.24,1.605707,-0.710737,-40.699206,-2.472018,2.185053,8.93806,-2.702067,WAS_EDA,MEI_MEI,JinguStadium,TeamExclusive,Team,20200810-JinguStadium-2,91adfae0-dadc-11ea-b2f9-c9bbca5d2268,e6a1fa76-8fc0-40e4-9e95-fc2e5084e7b8,v3,,,,"Hisashige, Iwamoto",1000074023,Right,WAS_EDA,146.533,,,13.07775,,,,16.642595,-41.006077,4.46903,1.688987,-2.379248,-1.351033,0.29519,-0.785757,1.092527,,,,,,,,,,,,,,,,,,,,,,,,,,,,,,,,,,,,,,,,,,,,,,,,,,,,,
519,2020/8/10,39:21.8,2020/8/10,39:21.8,4,3,"Takahisa, Hayakawa",1000073877,Left,WAS_EDA,"Nishikawa, Rei",1000089818,Right,MEI_MEI,Undefined,9,Top,2,1,1,ChangeUp,ChangeUp,FoulBall,Undefined,Undefined,,Undefined,0,0,,130.64075,-1.789439,3.258285,1498.553316,126.427607,10:15,1.632339,-0.338146,1.903741,-72.8254,33.3197,-40.6635,0.400071,0.172155,120.16169,-7.154911,0.368294,0.46527,85.50858,2.795521,144.105199,2741.006092,,,,,,,,23.5183,19.53,0.266654,15.24,1.587363,-1.871232,-35.918303,-1.370358,3.978744,6.660855,-6.502632,WAS_EDA,MEI_MEI,JinguStadium,TeamExclusive,Team,20200810-JinguStadium-2,9b2fc1c0-dadc-11ea-b2f9-c9bbca5d2268,e6a1fa76-8fc0-40e4-9e95-fc2e5084e7b8,v3,,,,"Hisashige, Iwamoto",1000074023,Right,WAS_EDA,130.376,0.58255,,10.47907,,,,16.536547,-36.157942,3.330427,1.632456,-1.136412,-3.251316,0.336551,-2.014376,1.989372,0.784878,0.452147,-0.166179,194.835234,0.784878,-19.218785,2.357869,-0.045099,-0.007861,-0.000861,0.000398,-5.70E-05,6.00E-06,0.452147,1.158444,-2.659248,0.428537,-0.022799,-0.000534,-0.00026,0.000125,-1.60E-05,-0.166179,13.909422,-2.337588,0.076987,0.009677,0.000502,-0.000461,7.80E-05,-8.00E-06,,,,,,,,,,,,,,,,,,,,,,
520,2020/8/10,39:51.5,2020/8/10,39:51.5,4,4,"Takahisa, Hayakawa",1000073877,Left,WAS_EDA,"Nishikawa, Rei",1000089818,Right,MEI_MEI,Undefined,9,Top,2,1,2,ChangeUp,ChangeUp,BallCalled,Undefined,Undefined,,Undefined,0,0,,137.46889,0.5145,1.823339,1401.871259,142.684434,10:45,1.715943,-0.246037,1.650641,-57.3681,41.9818,-29.5293,1.289245,-0.020534,125.00287,-3.720589,-0.243372,0.45013,,,,,,,,,,,,16.0648,21.6624,0.199143,15.24,1.725189,-1.046791,-37.761368,0.117536,2.987825,7.73931,-5.777741,WAS_EDA,MEI_MEI,JinguStadium,TeamExclusive,Team,20200810-JinguStadium-2,ace1a230-dadc-11ea-b2f9-c9bbca5d2268,e6a1fa76-8fc0-40e4-9e95-fc2e5084e7b8,v3,,,,"Hisashige, Iwamoto",1000074023,Right,WAS_EDA,134.76094,,,12.46602,,,,16.788344,-38.077384,3.869655,1.715573,0.353456,-2.888871,0.244377,-1.168792,1.493913,,,,,,,,,,,,,,,,,,,,,,,,,,,,,,,,,,,,,,,,,,,,,,,,,,,,,
521,2020/8/10,40:14.0,2020/8/10,40:14.0,4,5,"Takahisa, Hayakawa",1000073877,Left,WAS_EDA,"Nishikawa, Rei",1000089818,Right,MEI_MEI,Undefined,9,Top,2,2,2,Fastball,Four-Seam,FoulBall,Undefined,Undefined,Popup,Undefined,0,0,,149.99492,-1.83267,1.119216,2459.144719,154.782884,11:15,1.68712,-0.314897,1.660287,-31.8785,51.2603,-22.8786,0.845081,-0.224258,136.83409,-4.239125,-0.483822,0.411772,119.38491,55.345306,127.866352,3919.059264,-23.810912,25.165487,23.604299,63.242179,,137.719935,4.200482,12.3406,27.9416,0.286739,15.24,1.635275,-0.677954,-41.220519,-1.433049,2.740937,9.038634,-3.60063,WAS_EDA,MEI_MEI,JinguStadium,TeamExclusive,Team,20200810-JinguStadium-2,ba525680-dadc-11ea-b2f9-c9bbca5d2268,e6a1fa76-8fc0-40e4-9e95-fc2e5084e7b8,v3,,,,"Hisashige, Iwamoto",1000074023,Right,WAS_EDA,147.31461,25.164136,,13.16083,,,,16.779374,-41.556695,4.519317,1.686084,-1.29913,-1.800315,0.31385,-0.779898,1.370468,0.152805,0.847516,0.229163,333.82741,0.15296,-11.579269,-1.258136,0.624942,-0.098547,-0.005305,0.005494,-0.000803,3.70E-05,0.847725,27.27372,-9.297413,1.187474,-0.19447,0.020213,-0.001974,0.00038,-3.30E-05,0.229198,14.885863,-2.007821,0.37305,-0.062942,0.013061,-0.00365,0.000589,-3.60E-05,,,,,,,,,,,,,,,,,,,,,,
522,2020/8/10,40:36.4,2020/8/10,40:36.4,4,6,"Takahisa, Hayakawa",1000073877,Left,WAS_EDA,"Nishikawa, Rei",1000089818,Right,MEI_MEI,Undefined,9,Top,2,2,2,Cutter,Slider,FoulBall,Undefined,Undefined,,Undefined,0,0,,135.56284,-0.396012,0.839208,1261.521305,200.045471,12:45,1.667557,-0.350549,1.718928,-89.7981,10.0371,2.643,0.656961,-0.085483,125.63877,-6.87122,1.025305,0.451229,,,,,,,,,,,,-0.8207,6.1643,0.328613,15.24,1.65035,-0.559587,-37.334766,-0.62998,-0.151199,6.652,-8.671044,WAS_EDA,MEI_MEI,JinguStadium,TeamExclusive,Team,20200810-JinguStadium-2,c7a8cc10-dadc-11ea-b2f9-c9bbca5d2268,e6a1fa76-8fc0-40e4-9e95-fc2e5084e7b8,v3,,,,"Hisashige, Iwamoto",1000074023,Right,WAS_EDA,134.43299,,,9.92407,,,,16.721391,-37.597782,3.326,1.668481,-0.287132,-4.335522,0.35062,-0.553609,-0.0756,,,,,,,,,,,,,,,,,,,,,,,,,,,,,,,,,,,,,,,,,,,,,,,,,,,,,
523,2020/8/10,41:02.3,2020/8/10,41:02.3,4,7,"Takahisa, Hayakawa",1000073877,Left,WAS_EDA,"Nishikawa, Rei",1000089818,Right,MEI_MEI,Undefined,9,Top,2,2,2,Fastball,Four-Seam,FoulBall,Undefined,Undefined,Popup,Undefined,0,0,,149.96153,-1.99348,1.040947,2349.867743,155.983584,11:15,1.717267,-0.274527,1.7188,-30.5779,52.5598,-22.1473,0.844337,-0.199983,135.92898,-4.329229,-0.516403,0.411769,117.0821,53.299354,112.169357,4822.983828,-18.278417,24.005576,28.107288,66.421392,,127.196933,4.135622,12.0269,29.0125,0.249312,15.24,1.663391,-0.626771,-41.189708,-1.533431,2.648161,9.625332,-3.418482,WAS_EDA,MEI_MEI,JinguStadium,TeamExclusive,Team,20200810-JinguStadium-2,d71f6280-dadc-11ea-b2f9-c9bbca5d2268,e6a1fa76-8fc0-40e4-9e95-fc2e5084e7b8,v3,,,,"Hisashige, Iwamoto",1000074023,Right,WAS_EDA,147.31555,24.009341,,14.03255,,,,16.720538,-41.534243,4.812666,1.716089,-1.411068,-1.709241,0.273444,-0.721561,1.324081,0.125477,0.787823,0.203893,323.374735,0.125112,-7.324457,-1.882771,0.766577,-0.282194,0.095067,-0.022083,0.002835,-0.000148,0.787614,26.081098,-8.908162,1.210464,-0.277596,0.066243,-0.013635,0.001629,-7.40E-05,0.203602,18.007459,-3.343434,1.078562,-0.312245,0.083905,-0.015525,0.001497,-5.10E-05,,,,,,,,,,,,,,,,,,,,,,
524,2020/8/10,41:25.6,2020/8/10,41:25.6,4,8,"Takahisa, Hayakawa",1000073877,Left,WAS_EDA,"Nishikawa, Rei",1000089818,Right,MEI_MEI,Undefined,9,Top,2,2,2,ChangeUp,ChangeUp,StrikeSwinging,Strikeout,Undefined,,Undefined,0,0,,131.51511,-0.959615,1.42517,1473.021714,124.954556,10:15,1.630844,-0.355549,1.837914,-80.1313,26.6884,-32.8274,0.55856,-0.281468,119.35063,-6.861294,-0.902556,0.466746,,,,,,,,,,,,17.9672,15.617,0.32368,15.24,1.602839,-0.74702,-36.143681,-0.894799,3.033319,7.681881,-7.170096,WAS_EDA,MEI_MEI,JinguStadium,TeamExclusive,Team,20200810-JinguStadium-2,e4f5b670-dadc-11ea-b2f9-c9bbca5d2268,e6a1fa76-8fc0-40e4-9e95-fc2e5084e7b8,v3,,,,"Hisashige, Iwamoto",1000074023,Right,WAS_EDA,129.96376,,,12.16448,,,,16.601217,-36.431841,3.840941,1.631359,-0.625836,-3.585048,0.353837,-0.860805,1.51666,,,,,,,,,,,,,,,,,,,,,,,,,,,,,,,,,,,,,,,,,,,,,,,,,,,,,
788,2020/8/12,14:44.5,2020/8/12,14:44.5,1,1,"Kouichi, Takada",1000073775,Right,HOS_HOS,"Ginsuke, Kaneko",1000073884,Right,WAS_EDA,Undefined,1,Top,0,0,0,Slider,Slider,BallCalled,Undefined,Undefined,,Undefined,0,0,,136.8095,-1.78116,-3.104728,1709.676951,157.452288,11:15,1.629822,0.495475,1.746133,-67.4499,30.6766,-11.5766,0.448809,-0.502476,126.73279,-6.67746,-3.918359,0.44735,,,,,,,,,,,,3.9445,17.6468,-0.415628,15.24,1.579478,2.095557,-37.6034,-1.435112,0.736876,6.774941,-6.510061,HOS_HOS,WAS_EDA,JinguStadium,TeamExclusive,Team,20200812-JinguStadium-2,1d286100-dc63-11ea-8fe5-4f48608269ce,1d2f1139-be90-4066-b0a3-60a0157ea427,v3,,,,"Rentaro, Ohgaki",1000089958,Right,HOS_HOS,135.59838,,,10.07671,,,,16.693785,-37.86442,3.38747,1.629938,-1.184297,-3.25503,-0.495818,2.067167,0.368438,,,,,,,,,,,,,,,,,,,,,,,,,,,,,,,,,,,,,,,,,,,,,,,,,,,,,
789,2020/8/12,14:59.4,2020/8/12,14:59.4,1,2,"Kouichi, Takada",1000073775,Right,HOS_HOS,"Ginsuke, Kaneko",1000073884,Right,WAS_EDA,Undefined,1,Top,0,1,0,Fastball,Four-Seam,BallCalled,Undefined,Undefined,,Undefined,0,0,,149.48742,-2.344769,-4.160774,2258.487364,205.420167,12:45,1.636296,0.449668,1.992836,-31.5129,48.917,22.0455,0.663568,-0.495106,136.81214,-4.759976,-2.590543,0.405008,,,,,,,,,,,,-14.4027,28.0283,-0.362716,15.24,1.58488,2.879436,-41.048137,-1.771947,-3.181881,8.709772,-3.614547,HOS_HOS,WAS_EDA,JinguStadium,TeamExclusive,Team,20200812-JinguStadium-2,25fd6d20-dc63-11ea-8fe5-4f48608269ce,1d2f1139-be90-4066-b0a3-60a0157ea427,v3,,,,"Rentaro, Ohgaki",1000089958,Right,HOS_HOS,149.7749,,,12.67528,,,,16.446876,-41.303423,4.354886,1.635263,-1.666004,-1.807274,-0.44848,2.972698,-1.59094,,,,,,,,,,,,,,,,,,,,,,,,,,,,,,,,,,,,,,,,,,,,,,,,,,,,,
790,2020/8/12,15:17.0,2020/8/12,15:17.0,1,3,"Kouichi, Takada",1000073775,Right,HOS_HOS,"Ginsuke, Kaneko",1000073884,Right,WAS_EDA,Undefined,1,Top,0,2,0,Fastball,Four-Seam,FoulBall,Undefined,Undefined,FlyBall,Undefined,0,0,,147.76042,-1.912085,-2.567296,2266.429428,207.798531,1:00,1.621083,0.487441,2.041478,-34.4789,46.9812,23.4412,0.742645,0.005844,135.40702,-4.549109,-0.887618,0.407593,136.57884,48.406161,38.33288,5210.925904,22.061378,31.830171,25.247199,74.074214,,60.448862,5.372965,-14.2056,26.9492,-0.436433,15.24,1.580544,1.716707,-40.669459,-1.456162,-3.080279,8.561182,-3.963089,HOS_HOS,WAS_EDA,JinguStadium,TeamExclusive,Team,20200812-JinguStadium-2,3081fe00-dc63-11ea-8fe5-4f48608269ce,1d2f1139-be90-4066-b0a3-60a0157ea427,v3,,,,"Rentaro, Ohgaki",1000089958,Right,HOS_HOS,148.8248,34.037758,,12.35341,,,,16.398609,-40.912627,4.280591,1.620305,-1.343597,-1.981544,-0.486436,1.804198,-1.540139,0.441514,0.707767,-0.015045,207.29767,0.441893,19.749962,-6.773264,1.881797,-0.452598,0.101356,-0.01768,0.001856,-8.30E-05,0.708134,28.365231,-7.197548,0.620796,-0.047696,-0.010807,0.003067,-0.000231,4.00E-06,-0.01509,15.621691,-1.544,0.341709,-0.070087,0.015094,-0.002743,0.000293,-1.30E-05,,,,,,,,,,,,,,,,,,,,,,
791,2020/8/12,15:44.3,2020/8/12,15:44.3,1,4,"Kouichi, Takada",1000073775,Right,HOS_HOS,"Ginsuke, Kaneko",1000073884,Right,WAS_EDA,Undefined,1,Top,0,2,1,Fastball,Four-Seam,StrikeSwinging,Undefined,Undefined,,Undefined,0,0,,150.9733,-1.338324,-3.437315,2333.89777,205.860395,12:45,1.634565,0.457164,2.016179,-34.8756,44.427,20.2083,0.911474,-0.301435,136.63314,-4.01928,-1.993709,0.402159,,,,,,,,,,,,-13.2156,25.1445,-0.38677,15.24,1.604933,2.39036,-41.469856,-1.068861,-2.944465,9.904124,-4.204416,HOS_HOS,WAS_EDA,JinguStadium,TeamExclusive,Team,20200812-JinguStadium-2,40c8b5b0-dc63-11ea-8fe5-4f48608269ce,1d2f1139-be90-4066-b0a3-60a0157ea427,v3,,,,"Rentaro, Ohgaki",1000089958,Right,HOS_HOS,150.8357,,,14.34015,,,,16.422828,-41.751392,4.952062,1.633618,-0.949346,-2.102208,-0.455909,2.47406,-1.472232,,,,,,,,,,,,,,,,,,,,,,,,,,,,,,,,,,,,,,,,,,,,,,,,,,,,,
792,2020/8/12,16:04.0,2020/8/12,16:04.0,1,5,"Kouichi, Takada",1000073775,Right,HOS_HOS,"Ginsuke, Kaneko",1000073884,Right,WAS_EDA,Undefined,1,Top,0,2,2,Fastball,Four-Seam,FoulBall,Undefined,Undefined,LineDrive,Undefined,0,0,,152.14115,-1.553356,-3.248142,1161.615789,210.002313,1:00,1.617101,0.411691,2.022086,-31.3432,46.6755,25.3903,0.869405,-0.241766,137.64342,-3.981186,-1.432843,0.398891,153.90184,16.466896,59.997834,4140.59116,14.458266,8.219652,30.250368,83.577546,,70.419353,2.950019,-15.8434,26.5337,-0.345801,15.24,1.583368,2.246821,-41.801353,-1.218577,-3.584975,10.101716,-3.802722,HOS_HOS,WAS_EDA,JinguStadium,TeamExclusive,Team,20200812-JinguStadium-2,4c846700-dc63-11ea-8fe5-4f48608269ce,1d2f1139-be90-4066-b0a3-60a0157ea427,v3,,,,"Rentaro, Ohgaki",1000089958,Right,HOS_HOS,152.07177,9.082161,,14.49773,,,,16.417193,-42.084872,5.050858,1.616072,-1.111849,-1.901361,-0.410273,2.347439,-1.792488,0.074728,0.826423,0.246702,240.984479,0.074733,20.499654,-6.945549,1.899309,-0.461249,0.099066,-0.017375,0.002115,-0.000125,0.826422,12.118163,-4.650358,0.129662,0.027003,-0.014016,0.003734,-0.000496,2.70E-05,0.2467,35.503824,-4.178528,0.508036,-0.026947,-0.010612,0.00341,-0.000473,2.90E-05,,,,,,,,,,,,,,,,,,,,,,
793,2020/8/12,16:30.4,2020/8/12,16:30.4,1,6,"Kouichi, Takada",1000073775,Right,HOS_HOS,"Ginsuke, Kaneko",1000073884,Right,WAS_EDA,Undefined,1,Top,0,2,2,Fastball,Four-Seam,FoulBall,Undefined,Undefined,LineDrive,Undefined,0,0,,153.37467,-2.470398,-2.52146,2368.39235,197.579795,12:30,1.633418,0.429949,2.033449,-32.7591,43.6003,13.005,0.615863,-0.143563,139.49887,-4.982962,-1.590122,0.394626,121.87605,19.526969,155.127233,3633.357642,-31.233271,5.544897,12.190129,55.471182,,160.63752,2.029551,-8.7259,25.5823,-0.379025,15.24,1.581236,1.792648,-42.159239,-1.913849,-2.016595,9.921806,-3.89449,HOS_HOS,WAS_EDA,JinguStadium,TeamExclusive,Team,20200812-JinguStadium-2,5c3917e0-dc63-11ea-8fe5-4f48608269ce,1d2f1139-be90-4066-b0a3-60a0157ea427,v3,,,,"Rentaro, Ohgaki",1000089958,Right,HOS_HOS,153.71508,5.798891,,13.8758,,,,16.40593,-42.432743,4.960903,1.632513,-1.806494,-1.947245,-0.429207,1.848237,-1.008298,0.178893,0.576947,0.142275,283.644149,0.178892,-28.947665,2.69668,-0.889729,0.219976,-0.047552,0.008711,-0.001062,5.40E-05,0.576948,11.315863,-6.568577,0.501901,-0.028563,-0.012982,0.005282,-0.001159,0.000155,0.142276,13.420304,-3.781354,1.188348,-0.283432,0.059227,-0.010491,0.001207,-5.40E-05,,,,,,,,,,,,,,,,,,,,,,
794,2020/8/12,16:53.0,2020/8/12,16:52.9,1,7,"Kouichi, Takada",1000073775,Right,HOS_HOS,"Ginsuke, Kaneko",1000073884,Right,WAS_EDA,Undefined,1,Top,0,2,2,Cutter,Slider,InPlay,Undefined,FlyBall,FlyBall,Single,0,0,,138.41856,-0.510488,-2.963395,1991.595381,144.016922,10:45,1.602614,0.488988,1.862381,-67.0168,27.0043,-17.7773,0.788376,-0.52472,128.52269,-5.410672,-4.221374,0.437892,104.10045,31.866255,14.472649,3151.003647,31.619004,13.520198,11.151861,63.285355,,22.401342,3.604182,7.438,15.0743,-0.418503,15.24,1.586387,2.053953,-38.106291,-0.59007,1.431408,6.728084,-6.905669,HOS_HOS,WAS_EDA,JinguStadium,TeamExclusive,Team,20200812-JinguStadium-2,69ab04b0-dc63-11ea-8fe5-4f48608269ce,1d2f1139-be90-4066-b0a3-60a0157ea427,v3,,,,"Rentaro, Ohgaki",1000089958,Right,HOS_HOS,138.52719,13.550267,,9.89587,,,,16.577952,-38.341794,3.364042,1.602811,-0.348352,-3.452835,-0.489521,2.00385,0.715704,0.349959,0.729672,0.525943,207.795034,0.349984,23.778058,-3.986013,0.872644,-0.143349,0.015644,-0.001131,8.90E-05,-6.00E-06,0.729653,15.267533,-4.846382,0.237007,-0.054458,0.015334,-0.003145,0.000488,-3.50E-05,0.525928,6.138361,0.348654,-0.114071,0.016364,0.001483,-0.001261,0.000227,-1.40E-05,,,,,,,,,,,,,,,,,,,,,,
795,2020/8/12,17:34.5,2020/8/12,17:34.4,2,1,"Kouichi, Takada",1000073775,Right,HOS_HOS,"Takuya, Nakagawa",1000074092,Left,WAS_EDA,Undefined,1,Top,0,0,0,Fastball,Four-Seam,BallCalled,Undefined,Undefined,,Undefined,0,0,,148.90836,-2.298167,-0.839735,2260.537304,201.317993,12:45,1.639466,0.533223,1.995698,-37.2865,42.984,15.8492,0.62383,0.456985,137.14714,-5.113051,0.294385,0.404606,,,,,,,,,,,,-8.8684,24.8238,-0.516281,15.24,1.589015,0.525725,-41.010984,-1.762263,-1.964594,8.314062,-4.307519,HOS_HOS,WAS_EDA,JinguStadium,TeamExclusive,Team,20200812-JinguStadium-2,8272b510-dc63-11ea-8fe5-4f48608269ce,1d2f1139-be90-4066-b0a3-60a0157ea427,v3,,,,"Rentaro, Ohgaki",1000089958,Right,HOS_HOS,149.92351,,,11.76122,,,,16.44419,-41.254384,4.157031,1.638761,-1.636157,-2.153759,-0.532514,0.58324,-0.982297,,,,,,,,,,,,,,,,,,,,,,,,,,,,,,,,,,,,,,,,,,,,,,,,,,,,,
796,2020/8/12,17:56.4,2020/8/12,17:56.4,2,2,"Kouichi, Takada",1000073775,Right,HOS_HOS,"Takuya, Nakagawa",1000074092,Left,WAS_EDA,Undefined,1,Top,0,1,0,Fastball,Four-Seam,StrikeCalled,Undefined,Undefined,,Undefined,0,0,,148.70574,-2.386388,-2.073269,2269.527532,212.774424,1:00,1.610203,0.517648,2.021062,-41.1593,39.1723,23.6837,0.53183,0.175654,136.95057,-5.48194,-0.376866,0.40476,,,,,,,,,,,,-13.8368,22.9566,-0.47594,15.24,1.55882,1.371072,-40.9373,-1.838894,-3.053409,8.306117,-4.740732,HOS_HOS,WAS_EDA,JinguStadium,TeamExclusive,Team,20200812-JinguStadium-2,8f82abc0-dc63-11ea-8fe5-4f48608269ce,1d2f1139-be90-4066-b0a3-60a0157ea427,v3,,,,"Rentaro, Ohgaki",1000089958,Right,HOS_HOS,149.8665,,,11.75517,,,,16.418926,-41.175807,4.153058,1.609669,-1.702765,-2.370366,-0.516569,1.458749,-1.526704,,,,,,,,,,,,,,,,,,,,,,,,,,,,,,,,,,,,,,,,,,,,,,,,,,,,,
797,2020/8/12,18:25.7,2020/8/12,18:25.7,2,3,"Kouichi, Takada",1000073775,Right,HOS_HOS,"Takuya, Nakagawa",1000074092,Left,WAS_EDA,Undefined,1,Top,0,1,1,Cutter,Slider,StrikeSwinging,Undefined,Undefined,,Undefined,0,0,,134.63533,0.154145,-1.922688,2925.713337,138.443524,10:30,1.610271,0.580155,1.737301,-81.5419,17.9075,-13.8737,0.838657,-0.104865,126.61857,-5.715856,-2.89877,0.450356,,,,,,,,,,,,6.1211,9.7973,-0.52992,15.24,1.608006,1.311421,-37.124408,-0.229864,1.134667,5.353766,-7.990523,HOS_HOS,WAS_EDA,JinguStadium,TeamExclusive,Team,20200812-JinguStadium-2,a0f75c20-dc63-11ea-8fe5-4f48608269ce,1d2f1139-be90-4066-b0a3-60a0157ea427,v3,,,,"Rentaro, Ohgaki",1000089958,Right,HOS_HOS,134.69349,,,8.01676,,,,16.703311,-37.334838,2.676883,1.610868,0.084203,-3.995261,-0.580589,1.266823,0.567334,,,,,,,,,,,,,,,,,,,,,,,,,,,,,,,,,,,,,,,,,,,,,,,,,,,,,
798,2020/8/12,19:04.6,2020/8/12,19:04.6,2,4,"Kouichi, Takada",1000073775,Right,HOS_HOS,"Takuya, Nakagawa",1000074092,Left,WAS_EDA,Undefined,1,Top,0,1,2,Fastball,Four-Seam,BallCalled,Undefined,Undefined,,Undefined,0,0,,149.21257,-3.318478,-2.965138,2294.366131,210.444771,1:00,1.632053,0.496843,1.996038,-39.5694,40.7063,22.5048,0.306553,-0.107613,137.44926,-6.289343,-1.357442,0.404619,,,,,,,,,,,,-13.8141,24.348,-0.43546,15.24,1.559913,2.018769,-41.0136,-2.509464,-3.059469,8.346307,-4.414201,HOS_HOS,WAS_EDA,JinguStadium,TeamExclusive,Team,20200812-JinguStadium-2,b8269230-dc63-11ea-8fe5-4f48608269ce,1d2f1139-be90-4066-b0a3-60a0157ea427,v3,,,,"Rentaro, Ohgaki",1000089958,Right,HOS_HOS,149.91869,,,11.76331,,,,16.444116,-41.257911,4.173154,1.631478,-2.380252,-2.207101,-0.495864,2.108325,-1.529734,,,,,,,,,,,,,,,,,,,,,,,,,,,,,,,,,,,,,,,,,,,,,,,,,,,,,
799,2020/8/12,19:32.2,2020/8/12,19:32.2,2,5,"Kouichi, Takada",1000073775,Right,HOS_HOS,"Takuya, Nakagawa",1000074092,Left,WAS_EDA,Undefined,1,Top,0,2,2,Fastball,Four-Seam,InPlay,Undefined,Bunt,,Sacrifice,1,0,,150.95496,-2.227966,-1.765233,2313.973534,211.670358,1:00,1.631286,0.503022,1.948684,-36.9601,42.3902,24.5567,0.63651,0.253586,137.69082,-5.028933,-0.014003,0.40228,,,,,,,,,,,,-14.1681,24.5682,-0.465711,15.24,1.580413,1.159295,-41.522698,-1.736232,-3.184627,9.399042,-4.284367,HOS_HOS,WAS_EDA,JinguStadium,TeamExclusive,Team,20200812-JinguStadium-2,c8a6a960-dc63-11ea-8fe5-4f48608269ce,1d2f1139-be90-4066-b0a3-60a0157ea427,v3,,,,"Rentaro, Ohgaki",1000089958,Right,HOS_HOS,150.79031,,,13.26413,,,,16.491223,-41.804965,4.699521,1.630623,-1.607566,-2.142183,-0.501963,1.254934,-1.592313,,,,,,,,,,,,,,,,,,,,,,,,,,,,,,,,,,,,,,,,,,,,,,,,,,,,,
800,2020/8/12,20:10.3,2020/8/12,20:10.3,3,1,"Kouichi, Takada",1000073775,Right,HOS_HOS,"Kotaro, Takizawa",1000073989,Left,WAS_EDA,Undefined,1,Top,1,0,0,Fastball,Four-Seam,BallCalled,Undefined,Undefined,,Undefined,0,0,,153.08227,-2.968856,-1.795485,2346.158231,200.042091,12:45,1.628956,0.486063,2.03199,-29.4043,46.7021,16.1665,0.505825,0.146849,140.23434,-5.226763,-0.636895,0.393972,,,,,,,,,,,,-9.7355,27.3823,-0.450053,15.24,1.566645,1.241111,-42.109216,-2.263839,-2.26207,9.218539,-3.44429,HOS_HOS,WAS_EDA,JinguStadium,TeamExclusive,Team,20200812-JinguStadium-2,df5034b0-dc63-11ea-8fe5-4f48608269ce,1d2f1139-be90-4066-b0a3-60a0157ea427,v3,,,,"Rentaro, Ohgaki",1000089958,Right,HOS_HOS,153.9704,,,12.84793,,,,16.407636,-42.364064,4.609269,1.627913,-2.168621,-1.722145,-0.485228,1.303646,-1.131035,,,,,,,,,,,,,,,,,,,,,,,,,,,,,,,,,,,,,,,,,,,,,,,,,,,,,
801,2020/8/12,20:32.4,2020/8/12,20:32.4,3,2,"Kouichi, Takada",1000073775,Right,HOS_HOS,"Kotaro, Takizawa",1000073989,Left,WAS_EDA,Undefined,1,Top,1,1,0,Cutter,Slider,FoulBall,Undefined,Undefined,,Undefined,0,0,,138.01801,-0.726113,-1.173812,2218.815689,144.077713,10:45,1.618179,0.561612,1.812551,-73.158,21.9315,-13.9913,0.681269,0.08981,127.98221,-6.054304,-2.163736,0.440373,,,,,,,,,,,,6.3621,12.6412,-0.532296,15.24,1.59568,0.84866,-38.007972,-0.770745,1.218018,6.695253,-7.386526,HOS_HOS,WAS_EDA,JinguStadium,TeamExclusive,Team,20200812-JinguStadium-2,ec7efe00-dc63-11ea-8fe5-4f48608269ce,1d2f1139-be90-4066-b0a3-60a0157ea427,v3,,,,"Rentaro, Ohgaki",1000089958,Right,HOS_HOS,137.74676,,,10.0358,,,,16.626643,-38.251455,3.347626,1.618825,-0.502123,-3.693263,-0.562353,0.804365,0.609009,,,,,,,,,,,,,,,,,,,,,,,,,,,,,,,,,,,,,,,,,,,,,,,,,,,,,
802,2020/8/12,21:01.1,2020/8/12,21:01.0,3,3,"Kouichi, Takada",1000073775,Right,HOS_HOS,"Kotaro, Takizawa",1000073989,Left,WAS_EDA,Undefined,1,Top,1,1,1,Sinker,Slider,FoulBall,Undefined,Undefined,GroundBall,Undefined,0,0,,138.1284,-0.212922,-1.123112,2078.998837,153.501861,11:00,1.626333,0.54729,1.81508,-72.5514,22.5951,-9.9186,0.840623,0.130603,127.61367,-5.512296,-1.824877,0.440505,121.46585,9.493943,-178.818899,2947.43668,,,,31.143044,,-179.379036,1.042834,4.4103,12.5603,-0.519412,15.24,1.61625,0.792428,-38.047972,-0.422757,0.842495,7.021497,-7.407287,HOS_HOS,WAS_EDA,JinguStadium,TeamExclusive,Team,20200812-JinguStadium-2,fd967330-dc63-11ea-8fe5-4f48608269ce,1d2f1139-be90-4066-b0a3-60a0157ea427,v3,,,,"Rentaro, Ohgaki",1000089958,Right,HOS_HOS,137.70551,2.055402,,10.51474,,,,16.625147,-38.302738,3.510748,1.626713,-0.153992,-3.703644,-0.54761,0.761859,0.421247,0.614774,0.846114,-0.135247,20.465198,0.614774,-33.271302,3.023369,-0.383516,0.086762,-0.014606,0.002775,-0.000586,6.80E-05,0.846114,5.565273,-6.643351,0.602482,-0.113566,0.02461,-0.004075,0.000708,-8.80E-05,-0.135247,-0.685955,0.524279,-0.063645,0.014898,-0.002434,0.000456,-9.50E-05,1.00E-05,,,,,,,,,,,,,,,,,,,,,,
803,2020/8/12,21:27.2,2020/8/12,21:27.2,3,4,"Kouichi, Takada",1000073775,Right,HOS_HOS,"Kotaro, Takizawa",1000073989,Left,WAS_EDA,Undefined,1,Top,1,1,2,Splitter,ChangeUp,InPlay,Undefined,FlyBall,FlyBall,Out,1,0,,136.3515,-0.206635,-2.14954,1690.823093,232.878825,1:45,1.614454,0.542334,1.736908,-78.0001,20.8429,23.7249,0.775722,0.168772,125.7173,-5.874212,-0.479426,0.448981,110.15474,37.734745,6.175852,3056.824783,33.354722,18.870502,3.403248,70.907904,,6.342312,4.319254,-13.5773,11.5741,-0.489199,15.24,1.603281,1.294984,-37.523625,-0.448752,-2.518827,6.936171,-7.659461,HOS_HOS,WAS_EDA,JinguStadium,TeamExclusive,Team,20200812-JinguStadium-2,0d2d89f0-dc64-11ea-8fe5-4f48608269ce,1d2f1139-be90-4066-b0a3-60a0157ea427,v3,,,,"Rentaro, Ohgaki",1000089958,Right,HOS_HOS,135.10607,19.437608,,10.6342,,,,16.703421,-37.793168,3.468086,1.614936,-0.151102,-3.82973,-0.541424,1.392866,-1.259413,0.679928,0.775849,-0.166309,179.845428,0.680038,24.055926,-4.00757,0.926936,-0.1493,0.015831,-0.001549,0.000228,-1.80E-05,0.77592,18.72405,-5.061648,0.219143,-0.007269,-0.01443,0.005739,-0.000825,4.30E-05,-0.166297,2.603087,-0.441841,0.119126,-0.022227,0.003259,-0.00046,6.10E-05,-4.00E-06,,,,,,,,,,,,,,,,,,,,,,
804,2020/8/12,22:08.7,2020/8/12,22:08.7,4,1,"Kouichi, Takada",1000073775,Right,HOS_HOS,"Hisashige, Iwamoto",1000074023,Right,WAS_EDA,Undefined,1,Top,2,0,0,Cutter,Slider,BallCalled,Undefined,Undefined,,Undefined,0,0,,137.78721,0.711803,-1.147833,3313.726042,137.517192,10:30,1.619503,0.527602,1.815141,-75.4777,19.6302,-15.6754,1.065974,0.046358,127.86224,-4.788742,-2.256421,0.440416,,,,,,,,,,,,7.3532,10.4888,-0.498778,15.24,1.631631,0.835655,-37.966905,0.17527,1.407671,6.528277,-7.798711,HOS_HOS,WAS_EDA,JinguStadium,TeamExclusive,Team,20200812-JinguStadium-2,25e7a5c0-dc64-11ea-8fe5-4f48608269ce,1d2f1139-be90-4066-b0a3-60a0157ea427,v3,,,,"Rentaro, Ohgaki",1000089958,Right,HOS_HOS,137.73346,,,9.92497,,,,16.624899,-38.204291,3.264139,1.620101,0.458853,-3.899355,-0.528234,0.784468,0.703835,,,,,,,,,,,,,,,,,,,,,,,,,,,,,,,,,,,,,,,,,,,,,,,,,,,,,
805,2020/8/12,22:29.3,2020/8/12,22:29.3,4,2,"Kouichi, Takada",1000073775,Right,HOS_HOS,"Hisashige, Iwamoto",1000074023,Right,WAS_EDA,Undefined,1,Top,2,1,0,Fastball,Four-Seam,FoulBall,Undefined,Undefined,,Undefined,0,0,,151.38244,-1.082714,-1.980757,2370.074154,194.82481,12:30,1.630848,0.447971,1.895024,-33.5404,45.6567,11.4231,0.990696,0.004862,138.21301,-3.633958,-1.169349,0.401892,,,,,,,,,,,,-7.2581,25.0973,-0.403385,15.24,1.604005,1.380098,-41.640821,-0.892045,-1.646819,9.135623,-4.112251,HOS_HOS,WAS_EDA,JinguStadium,TeamExclusive,Team,20200812-JinguStadium-2,3225cd80-dc64-11ea-8fe5-4f48608269ce,1d2f1139-be90-4066-b0a3-60a0157ea427,v3,,,,"Rentaro, Ohgaki",1000089958,Right,HOS_HOS,150.93606,,,13.16943,,,,16.544095,-41.925951,4.567812,1.629844,-0.763698,-2.056125,-0.447261,1.431496,-0.82341,,,,,,,,,,,,,,,,,,,,,,,,,,,,,,,,,,,,,,,,,,,,,,,,,,,,,
806,2020/8/12,22:58.3,2020/8/12,22:58.3,4,3,"Kouichi, Takada",1000073775,Right,HOS_HOS,"Hisashige, Iwamoto",1000074023,Right,WAS_EDA,Undefined,1,Top,2,1,1,Fastball,Four-Seam,StrikeCalled,Undefined,Undefined,,Undefined,0,0,,152.44137,-2.331329,-3.171785,2327.599441,213.001175,1:00,1.614348,0.448014,1.952099,-36.6912,41.2216,25.1193,0.592672,-0.190656,139.0172,-5.110493,-1.383089,0.39862,,,,,,,,,,,,-15.317,23.9208,-0.379981,15.24,1.561266,2.192279,-41.877934,-1.825851,-3.506599,9.447718,-4.330353,HOS_HOS,WAS_EDA,JinguStadium,TeamExclusive,Team,20200812-JinguStadium-2,43762d00-dc64-11ea-8fe5-4f48608269ce,1d2f1139-be90-4066-b0a3-60a0157ea427,v3,,,,"Rentaro, Ohgaki",1000089958,Right,HOS_HOS,152.17497,,,13.42417,,,,16.487301,-42.158388,4.723859,1.613558,-1.697306,-2.165177,-0.446604,2.296372,-1.753299,,,,,,,,,,,,,,,,,,,,,,,,,,,,,,,,,,,,,,,,,,,,,,,,,,,,,
807,2020/8/12,23:23.7,2020/8/12,23:23.6,4,4,"Kouichi, Takada",1000073775,Right,HOS_HOS,"Hisashige, Iwamoto",1000074023,Right,WAS_EDA,Undefined,1,Top,2,1,2,Cutter,Slider,InPlay,Undefined,GroundBall,,Out,1,0,,138.99385,0.262111,-1.716666,2273.373453,129.451628,10:15,1.610608,0.50168,1.760068,-78.5415,16.0243,-16.2746,0.899566,-0.148094,128.55775,-5.436942,-2.863391,0.439159,,,,,,,,,,,,7.2818,8.7792,-0.457232,15.24,1.611445,1.225505,-38.273876,-0.145777,1.409119,7.02542,-8.107756,HOS_HOS,WAS_EDA,JinguStadium,TeamExclusive,Team,20200812-JinguStadium-2,52902480-dc64-11ea-8fe5-4f48608269ce,1d2f1139-be90-4066-b0a3-60a0157ea427,v3,,,,"Rentaro, Ohgaki",1000089958,Right,HOS_HOS,138.12761,,,10.4361,,,,16.680311,-38.537348,3.51271,1.61121,0.158285,-4.053878,-0.502201,1.17266,0.704559,,,,,,,,,,,,,,,,,,,,,,,,,,,,,,,,,,,,,,,,,,,,,,,,,,,,,
808,2020/8/12,25:51.6,2020/8/12,25:51.6,1,1,"Soma, Tokuyama",1000073775,Right,WAS_EDA,"Shuta, Miyazaki",1000074108,Left,HOS_HOS,Undefined,1,Bottom,0,0,0,Fastball,Four-Seam,FoulBall,Undefined,Undefined,GroundBall,Undefined,0,0,,147.34543,-0.703021,-3.842205,1933.318452,210.216674,1:00,1.619199,0.644821,1.796204,-47.3743,37.521,20.2812,0.946049,-0.241306,134.4894,-4.223915,-2.414066,0.416099,120.88839,-5.526114,47.345331,,,,,9.024189,,43.181461,0.265849,-13.1884,20.5544,-0.551847,15.24,1.598664,2.614199,-40.462225,-0.67799,-2.82316,8.688999,-5.406691,HOS_HOS,WAS_EDA,JinguStadium,TeamExclusive,Team,20200812-JinguStadium-2,aabdfec0-dc64-11ea-8fe5-4f48608269ce,1d2f1139-be90-4066-b0a3-60a0157ea427,v3,,,,"Rentaro, Ohgaki",1000089958,Right,HOS_HOS,145.78264,1.01234,,12.85603,,,,16.643768,-40.76256,4.344499,1.618868,-0.491108,-2.703346,-0.643893,2.711782,-1.41158,0.604988,1.01234,0.226167,108.071704,0.604468,22.673878,-0.728232,,,,,,,1.012132,-3.223223,-2.193803,,,,,,,0.228038,24.487874,-7.988083,,,,,,,,,,,,,,,,,,,,,,,,,,,,
809,2020/8/12,26:13.4,2020/8/12,26:13.3,1,2,"Soma, Tokuyama",1000073775,Right,WAS_EDA,"Shuta, Miyazaki",1000074108,Left,HOS_HOS,Undefined,1,Bottom,0,0,1,Fastball,Four-Seam,BallCalled,Undefined,Undefined,,Undefined,0,0,,148.01127,0.179051,-2.299081,2206.54292,212.825898,1:00,1.642503,0.647733,1.879178,-37.8862,45.5333,27.6039,1.314093,0.276137,134.32517,-2.701722,-0.340591,0.412466,,,,,,,,,,,,-15.8658,24.1565,-0.596187,15.24,1.644245,1.490701,-40.692781,0.006552,-3.419488,9.160646,-4.600321,HOS_HOS,WAS_EDA,JinguStadium,TeamExclusive,Team,20200812-JinguStadium-2,b7b6c3f0-dc64-11ea-8fe5-4f48608269ce,1d2f1139-be90-4066-b0a3-60a0157ea427,v3,,,,"Rentaro, Ohgaki",1000089958,Right,HOS_HOS,147.06659,,,13.6861,,,,16.559925,-40.988842,4.580323,1.64163,0.155229,-2.30016,-0.64615,1.601214,-1.709744,,,,,,,,,,,,,,,,,,,,,,,,,,,,,,,,,,,,,,,,,,,,,,,,,,,,,
810,2020/8/12,26:26.8,2020/8/12,26:26.8,1,3,"Soma, Tokuyama",1000073775,Right,WAS_EDA,"Shuta, Miyazaki",1000074108,Left,HOS_HOS,Undefined,1,Bottom,0,1,1,Fastball,Four-Seam,BallCalled,Undefined,Undefined,,Undefined,0,0,,146.71761,-0.492199,-1.902006,1912.322789,217.816976,1:15,1.62611,0.671011,1.930159,-45.7786,38.0867,27.5244,1.030108,0.412257,134.05821,-3.929707,0.058254,0.413567,,,,,,,,,,,,-15.5841,20.9463,-0.630197,15.24,1.612507,1.204508,-40.380492,-0.50322,-3.32514,8.590769,-5.337395,HOS_HOS,WAS_EDA,JinguStadium,TeamExclusive,Team,20200812-JinguStadium-2,bfbbaed0-dc64-11ea-8fe5-4f48608269ce,1d2f1139-be90-4066-b0a3-60a0157ea427,v3,,,,"Rentaro, Ohgaki",1000089958,Right,HOS_HOS,146.67513,,,12.6594,,,,16.509303,-40.649633,4.295384,1.625653,-0.336004,-2.668697,-0.669565,1.308682,-1.66257,,,,,,,,,,,,,,,,,,,,,,,,,,,,,,,,,,,,,,,,,,,,,,,,,,,,,
811,2020/8/12,26:44.5,2020/8/12,26:44.5,1,4,"Soma, Tokuyama",1000073775,Right,WAS_EDA,"Shuta, Miyazaki",1000074108,Left,HOS_HOS,Undefined,1,Bottom,0,2,1,Fastball,Four-Seam,StrikeCalled,Undefined,Undefined,,Undefined,0,0,,148.83782,-2.39656,-4.150532,1976.451584,219.243455,1:15,1.614498,0.678111,1.946611,-43.1403,38.2999,29.2342,0.509024,-0.195251,136.61271,-5.62586,-2.072742,0.407544,,,,,,,,,,,,-18.0213,22.3639,-0.588514,15.24,1.55935,2.822739,-40.870399,-1.862405,-3.955921,8.445557,-4.897475,HOS_HOS,WAS_EDA,JinguStadium,TeamExclusive,Team,20200812-JinguStadium-2,ca403fb0-dc64-11ea-8fe5-4f48608269ce,1d2f1139-be90-4066-b0a3-60a0157ea427,v3,,,,"Rentaro, Ohgaki",1000089958,Right,HOS_HOS,148.84298,,,12.22511,,,,16.493283,-41.128565,4.222778,1.613992,-1.712698,-2.448738,-0.676649,2.943665,-1.97796,,,,,,,,,,,,,,,,,,,,,,,,,,,,,,,,,,,,,,,,,,,,,,,,,,,,,
812,2020/8/12,27:05.2,2020/8/12,27:05.2,1,5,"Soma, Tokuyama",1000073775,Right,WAS_EDA,"Shuta, Miyazaki",1000074108,Left,HOS_HOS,Undefined,1,Bottom,0,3,1,Fastball,Four-Seam,FoulBall,Undefined,Undefined,LineDrive,Undefined,0,0,,147.98161,-1.066622,-4.120013,2074.952847,215.691241,1:15,1.6013,0.670657,1.881919,-38.1996,45.0606,30.466,0.918243,-0.186446,135.05646,-3.954017,-1.964008,0.412072,119.2109,16.605674,-173.994219,1160.520622,-33.265906,3.269494,-4.183405,44.610688,,-172.283312,1.652642,-18.7323,24.9008,-0.577417,15.24,1.574303,2.776291,-40.641035,-0.885512,-4.048471,8.704369,-4.425017,HOS_HOS,WAS_EDA,JinguStadium,TeamExclusive,Team,20200812-JinguStadium-2,d69c28a0-dc64-11ea-8fe5-4f48608269ce,1d2f1139-be90-4066-b0a3-60a0157ea427,v3,,,,"Rentaro, Ohgaki",1000089958,Right,HOS_HOS,147.20718,4.355853,,12.92515,,,,16.558071,-40.922362,4.352184,1.600611,-0.742495,-2.212508,-0.669261,2.907138,-2.024235,0.456624,0.931676,0.175055,331.171214,0.456624,-31.558918,2.857643,-0.113571,0.028366,0.000428,-0.000896,2.00E-05,1.30E-05,0.931676,9.463466,-6.991208,0.700932,-0.12272,0.027766,-0.003827,0.000355,-2.70E-05,0.175055,-3.320195,-0.378837,0.101366,-0.018988,0.004251,-0.000687,7.90E-05,-6.00E-06,,,,,,,,,,,,,,,,,,,,,,
813,2020/8/12,27:28.8,2020/8/12,27:28.8,1,6,"Soma, Tokuyama",1000073775,Right,WAS_EDA,"Shuta, Miyazaki",1000074108,Left,HOS_HOS,Undefined,1,Bottom,0,3,2,Fastball,Sinker,InPlay,Undefined,FlyBall,FlyBall,Out,1,0,,146.99996,-1.452857,-3.542173,1980.068616,223.593903,1:30,1.604571,0.692328,1.927174,-48.1288,35.7451,31.4801,0.714591,0.011556,134.28907,-5.051477,-1.304702,0.413588,157.25555,40.823102,26.562401,3686.466634,29.347496,28.088994,16.212617,91.979428,,30.756192,6.225859,-18.9978,20.4686,-0.61518,15.24,1.569395,2.349578,-40.400717,-1.196154,-4.052801,8.694342,-5.4401,HOS_HOS,WAS_EDA,JinguStadium,TeamExclusive,Team,20200812-JinguStadium-2,e4b09700-dc64-11ea-8fe5-4f48608269ce,1d2f1139-be90-4066-b0a3-60a0157ea427,v3,,,,"Rentaro, Ohgaki",1000089958,Right,HOS_HOS,146.66759,39.155911,,12.71089,,,,16.512887,-40.673723,4.347171,1.604273,-1.025332,-2.72005,-0.690956,2.476838,-2.026401,0.832961,0.735526,-0.024709,197.297102,0.834551,29.53662,-7.714857,1.871487,-0.338759,0.044063,-0.00399,0.000244,-8.00E-06,0.735602,28.555077,-6.209871,0.445386,-0.046264,-0.002752,0.001977,-0.00024,1.00E-05,-0.024705,14.78233,-1.975953,0.221695,-0.012189,-0.001537,0.000196,4.00E-06,-1.00E-06,,,,,,,,,,,,,,,,,,,,,,
814,2020/8/12,28:04.4,2020/8/12,28:04.4,2,1,"Soma, Tokuyama",1000073775,Right,WAS_EDA,"Tomoki, Nagahiro",1000074012,Right,HOS_HOS,Undefined,1,Bottom,1,0,0,Fastball,Four-Seam,FoulBall,Undefined,Undefined,Popup,Undefined,0,0,,147.17501,-1.186622,-3.2063,2018.272545,209.538858,1:00,1.631202,0.658438,1.863562,-38.7436,45.771,24.3685,0.908787,-0.002403,133.96585,-4.117592,-1.481056,0.415165,116.5202,45.995111,144.875441,5327.102181,-29.577451,18.654143,15.789226,62.795545,,155.433693,3.536524,-14.9445,25.3383,-0.584968,15.24,1.600991,2.142766,-40.43682,-0.967334,-3.186021,8.907279,-4.404799,HOS_HOS,WAS_EDA,JinguStadium,TeamExclusive,Team,20200812-JinguStadium-2,f9e64700-dc64-11ea-8fe5-4f48608269ce,1d2f1139-be90-4066-b0a3-60a0157ea427,v3,,,,"Rentaro, Ohgaki",1000089958,Right,HOS_HOS,146.11062,18.660309,,13.20916,,,,16.576109,-40.73007,4.453639,1.630451,-0.822317,-2.2024,-0.65724,2.247658,-1.593011,0.391278,0.924645,0.001994,323.880515,0.391325,-18.393236,-0.049277,0.364292,-0.095984,0.019774,-0.003469,0.000608,-5.30E-05,0.924649,23.280404,-9.038165,1.183163,-0.249347,0.050822,-0.009878,0.001429,-9.10E-05,0.002002,12.936735,-3.031112,0.736908,-0.159489,0.036616,-0.008354,0.001242,-7.70E-05,,,,,,,,,,,,,,,,,,,,,,
815,2020/8/12,28:21.1,2020/8/12,28:21.1,2,2,"Soma, Tokuyama",1000073775,Right,WAS_EDA,"Tomoki, Nagahiro",1000074012,Right,HOS_HOS,Undefined,1,Bottom,1,0,1,Cutter,Slider,StrikeCalled,Undefined,Undefined,,Undefined,0,0,,135.32177,0.622766,-1.261502,2034.028787,93.855568,9:15,1.63191,0.653226,1.842707,-96.1028,3.8713,-10.3046,0.846663,0.194153,123.74145,-6.385145,-1.992021,0.451542,,,,,,,,,,,,4.3591,2.5813,-0.622652,15.24,1.640572,0.868802,-37.230696,0.02591,0.787628,7.563917,-9.340242,HOS_HOS,WAS_EDA,JinguStadium,TeamExclusive,Team,20200812-JinguStadium-2,03d63900-dc65-11ea-8fe5-4f48608269ce,1d2f1139-be90-4066-b0a3-60a0157ea427,v3,,,,"Rentaro, Ohgaki",1000089958,Right,HOS_HOS,134.33958,,,11.58032,,,,16.596841,-37.505344,3.781958,1.633474,0.365057,-4.670121,-0.65368,0.840203,0.393814,,,,,,,,,,,,,,,,,,,,,,,,,,,,,,,,,,,,,,,,,,,,,,,,,,,,,
816,2020/8/12,28:37.3,2020/8/12,28:37.3,2,3,"Soma, Tokuyama",1000073775,Right,WAS_EDA,"Tomoki, Nagahiro",1000074012,Right,HOS_HOS,Undefined,1,Bottom,1,0,2,Fastball,Four-Seam,BallCalled,Undefined,Undefined,,Undefined,0,0,,149.70037,-0.586034,-4.179091,2199.985212,207.655359,1:00,1.599337,0.639771,1.84436,-35.6783,46.3802,22.8947,1.076758,-0.312507,136.06393,-3.293726,-2.563513,0.409088,,,,,,,,,,,,-14.7641,25.0543,-0.541976,15.24,1.583068,2.881098,-41.080711,-0.537441,-3.249715,9.164129,-4.291966,HOS_HOS,WAS_EDA,JinguStadium,TeamExclusive,Team,20200812-JinguStadium-2,0d8689f0-dc65-11ea-8fe5-4f48608269ce,1d2f1139-be90-4066-b0a3-60a0157ea427,v3,,,,"Rentaro, Ohgaki",1000089958,Right,HOS_HOS,148.28116,,,13.63644,,,,16.594912,-41.381855,4.582064,1.598412,-0.396401,-2.145983,-0.638407,2.987888,-1.624858,,,,,,,,,,,,,,,,,,,,,,,,,,,,,,,,,,,,,,,,,,,,,,,,,,,,,
817,2020/8/12,28:54.0,2020/8/12,28:54.0,2,4,"Soma, Tokuyama",1000073775,Right,WAS_EDA,"Tomoki, Nagahiro",1000074012,Right,HOS_HOS,Undefined,1,Bottom,1,1,2,Cutter,Slider,StrikeSwinging,Strikeout,Undefined,,Undefined,0,0,,135.04306,-1.452783,-3.311272,3065.754916,37.060687,7:15,1.59412,0.640634,1.783438,-105.1759,-2.3081,-4.5334,0.130137,-0.343541,122.5368,-9.057085,-3.631201,0.45803,,,,,,,,,,,,-0.4618,1.0676,-0.558229,15.24,1.550744,2.164475,-37.036303,-1.367306,-0.081339,8.486995,-9.618584,HOS_HOS,WAS_EDA,JinguStadium,TeamExclusive,Team,20200812-JinguStadium-2,1779b040-dc65-11ea-8fe5-4f48608269ce,1d2f1139-be90-4066-b0a3-60a0157ea427,v3,,,,"Rentaro, Ohgaki",1000089958,Right,HOS_HOS,132.43661,,,12.50626,,,,16.656068,-37.359391,4.243497,1.595826,-1.001141,-4.809292,-0.640686,2.167571,-0.040669,,,,,,,,,,,,,,,,,,,,,,,,,,,,,,,,,,,,,,,,,,,,,,,,,,,,,
818,2020/8/12,29:27.1,2020/8/12,29:27.1,3,1,"Soma, Tokuyama",1000073775,Right,WAS_EDA,"Jin, Nakamura",1000074064,Left,HOS_HOS,Undefined,1,Bottom,2,0,0,Fastball,Four-Seam,BallCalled,Undefined,Undefined,,Undefined,0,0,,148.87545,-1.678743,-1.951688,2153.206319,205.697424,12:45,1.63215,0.680773,1.973491,-33.1279,48.3495,21.9655,0.83059,0.353947,135.38168,-4.224393,-0.383436,0.407637,,,,,,,,,,,,-12.8469,27.2706,-0.639916,15.24,1.594203,1.285587,-40.943693,-1.292026,-2.803367,9.265589,-3.855845,HOS_HOS,WAS_EDA,JinguStadium,TeamExclusive,Team,20200812-JinguStadium-2,2b38c5d0-dc65-11ea-8fe5-4f48608269ce,1d2f1139-be90-4066-b0a3-60a0157ea427,v3,,,,"Rentaro, Ohgaki",1000089958,Right,HOS_HOS,148.809,,,13.49377,,,,16.465633,-41.220122,4.632795,1.631034,-1.176991,-1.927922,-0.679517,1.369222,-1.401683,,,,,,,,,,,,,,,,,,,,,,,,,,,,,,,,,,,,,,,,,,,,,,,,,,,,,
819,2020/8/12,29:40.8,2020/8/12,29:40.8,3,2,"Soma, Tokuyama",1000073775,Right,WAS_EDA,"Jin, Nakamura",1000074064,Left,HOS_HOS,Undefined,1,Bottom,2,1,0,Fastball,Sinker,Undefined,Undefined,Undefined,,Undefined,0,0,,146.61643,-1.47086,-2.743676,1925.07195,223.277026,1:30,1.616285,0.705599,1.981873,-42.5596,41.467,36.3995,0.778653,0.301464,133.27889,-4.697019,-0.144618,0.413965,,,,,,,,,,,,-21.0229,23.6282,-0.648813,15.24,1.582596,1.755238,-40.31108,-1.169762,-4.442834,9.052787,-4.813222,HOS_HOS,WAS_EDA,JinguStadium,TeamExclusive,Team,20200812-JinguStadium-2,3358b2c0-dc65-11ea-8fe5-4f48608269ce,1d2f1139-be90-4066-b0a3-60a0157ea427,v3,,,,"Rentaro, Ohgaki",1000089958,Right,HOS_HOS,146.53425,,,13.33753,,,,16.457576,-40.583593,4.526394,1.615628,-1.02487,-2.406611,-0.703663,1.888979,-2.221417,,,,,,,,,,,,,,,,,,,,,,,,,,,,,,,,,,,,,,,,,,,,,,,,,,,,,
820,2020/8/12,29:54.5,2020/8/12,29:54.5,3,3,"Soma, Tokuyama",1000073775,Right,WAS_EDA,"Jin, Nakamura",1000074064,Left,HOS_HOS,Undefined,1,Bottom,2,1,0,Cutter,Slider,StrikeSwinging,Undefined,Undefined,,Undefined,0,0,,133.462,-0.617692,-2.331113,2030.914047,103.382618,9:30,1.607157,0.655934,1.749151,-98.1122,6.3063,-12.1543,0.450575,-0.127571,122.0606,-7.716064,-3.187393,0.46147,,,,,,,,,,,,4.4177,4.7601,-0.595895,15.24,1.584331,1.551589,-36.668761,-0.793629,0.77215,7.52219,-8.974659,HOS_HOS,WAS_EDA,JinguStadium,TeamExclusive,Team,20200812-JinguStadium-2,3b99e350-dc65-11ea-8fe5-4f48608269ce,1d2f1139-be90-4066-b0a3-60a0157ea427,v3,,,,"Rentaro, Ohgaki",1000089958,Right,HOS_HOS,131.44951,,,11.4014,,,,16.690286,-36.965074,3.761095,1.60863,-0.4401,-4.48733,-0.656416,1.521172,0.386075,,,,,,,,,,,,,,,,,,,,,,,,,,,,,,,,,,,,,,,,,,,,,,,,,,,,,
821,2020/8/12,30:12.8,2020/8/12,30:12.8,3,4,"Soma, Tokuyama",1000073775,Right,WAS_EDA,"Jin, Nakamura",1000074064,Left,HOS_HOS,Undefined,1,Bottom,2,1,1,Fastball,Four-Seam,StrikeSwinging,Strikeout,Undefined,,Undefined,0,0,,148.68343,-1.344241,-2.384546,2078.284752,210.78867,1:00,1.619631,0.724137,1.926526,-31.8255,50.7865,28.5477,0.92363,0.339849,134.42905,-3.805279,-0.353134,0.410465,,,,,,,,,,,,-16.578,28.2046,-0.672479,15.24,1.58773,1.554967,-40.856189,-1.045195,-3.583189,9.656753,-3.710497,HOS_HOS,WAS_EDA,JinguStadium,TeamExclusive,Team,20200812-JinguStadium-2,46734af0-dc65-11ea-8fe5-4f48608269ce,1d2f1139-be90-4066-b0a3-60a0157ea427,v3,,,,"Rentaro, Ohgaki",1000089958,Right,HOS_HOS,147.78354,,,14.25438,,,,16.512419,-41.155839,4.828376,1.618376,-0.930058,-1.855248,-0.722455,1.666153,-1.791595,,,,,,,,,,,,,,,,,,,,,,,,,,,,,,,,90.99587,3.321623,2.04672,1.274902,-0.517454,0.858975,-0.33499,-0.781813,1.598209,0.145674,23.02573,2.28966,15.007394,-0.732812,20.88359,-1.751157,1.635037,6.217333,-4.463317,0.141913,11.960486,-0.236642
822,2020/8/12,30:44.0,2020/8/12,30:44.0,1,1,"Kouichi, Takada",1000073775,Right,HOS_HOS,Takuya，Hiruma,1000074064,Left,WAS_EDA,Undefined,2,Top,0,0,0,ChangeUp,ChangeUp,StrikeSwinging,Undefined,Undefined,,Undefined,0,0,,123.8727,-0.924176,-3.345519,1984.429657,199.860494,12:45,1.786047,0.547533,1.731671,-65.5838,57.1072,19.0093,0.867164,-0.213973,111.83866,-5.816119,-2.011035,0.50022,,,,,,,,,,,,-12.2347,30.9474,-0.462974,15.24,1.757453,1.895973,-33.949007,-0.75748,-1.820313,6.83888,-5.202224,HOS_HOS,WAS_EDA,JinguStadium,TeamExclusive,Team,20200812-JinguStadium-2,5913aa10-dc65-11ea-8fe5-4f48608269ce,1d2f1139-be90-4066-b0a3-60a0157ea427,v3,,,,"Rentaro, Ohgaki",1000089958,Right,HOS_HOS,121.26661,,,12.03405,,,,16.706358,-34.243125,3.41944,1.785218,-0.533749,-2.601112,-0.546197,1.974258,-0.910157,,,,,,,,,,,,,,,,,,,,,,,,,,,,,,,,,,,,,,,,,,,,,,,,,,,,,
823,2020/8/12,30:53.6,2020/8/12,30:53.6,1,2,"Kouichi, Takada",1000073775,Right,HOS_HOS,Takuya，Hiruma,1000074064,Left,WAS_EDA,Undefined,2,Top,0,0,1,Splitter,Splitter,BallCalled,Undefined,Undefined,,Undefined,0,0,,134.05835,-2.522143,-2.842474,1027.124646,198.930803,12:45,1.680422,0.557265,1.882576,-45.6095,56.558,18.1818,0.513053,-0.061682,121.81564,-5.976616,-1.553033,0.456469,,,,,,,,,,,,-11.5572,32.219,-0.492815,15.24,1.61941,1.743433,-36.797202,-1.755469,-2.031361,7.667959,-4.14365,HOS_HOS,WAS_EDA,JinguStadium,TeamExclusive,Team,20200812-JinguStadium-2,5ec81540-dc65-11ea-8fe5-4f48608269ce,1d2f1139-be90-4066-b0a3-60a0157ea427,v3,,,,"Rentaro, Ohgaki",1000089958,Right,HOS_HOS,132.88967,,,12.24271,,,,16.556558,-37.070537,3.83398,1.679354,-1.607763,-2.071825,-0.556253,1.815843,-1.01568,,,,,,,,,,,,,,,,,,,,,,,,,,,,,,,,,,,,,,,,,,,,,,,,,,,,,
824,2020/8/12,31:02.7,2020/8/12,31:02.7,1,3,"Kouichi, Takada",1000073775,Right,HOS_HOS,Takuya，Hiruma,1000074064,Left,WAS_EDA,Undefined,2,Top,0,1,1,Fastball,Four-Seam,Undefined,Undefined,Undefined,,Undefined,0,0,,140.97196,-2.187537,-4.088638,2211.356257,203.800193,12:45,1.666297,0.533646,1.884614,-37.4161,55.6598,23.0535,0.674589,-0.388513,127.13018,-5.062285,-2.457306,0.435686,,,,,,,,,,,,-15.0894,31.4125,-0.440751,15.24,1.61348,2.646603,-38.628405,-1.581182,-2.906971,8.844232,-3.755016,HOS_HOS,WAS_EDA,JinguStadium,TeamExclusive,Team,20200812-JinguStadium-2,642e3960-dc65-11ea-8fe5-4f48608269ce,1d2f1139-be90-4066-b0a3-60a0157ea427,v3,,,,"Rentaro, Ohgaki",1000089958,Right,HOS_HOS,139.22884,,,13.84178,,,,16.553976,-38.928086,4.422116,1.664902,-1.453945,-1.877508,-0.532098,2.745104,-1.453486,,,,,,,,,,,,,,,,,,,,,,,,,,,,,,,,,,,,,,,,,,,,,,,,,,,,,
825,2020/8/12,31:12.4,2020/8/12,31:12.4,1,4,"Kouichi, Takada",1000073775,Right,HOS_HOS,Takuya，Hiruma,1000074064,Left,WAS_EDA,Undefined,2,Top,0,1,2,Slider,Slider,InPlay,Undefined,FlyBall,FlyBall,Out,1,0,,132.56093,0.547089,-2.57319,2158.664335,170.266761,11:45,1.64772,0.597146,1.721022,-73.7391,32.1726,-4.9383,1.066029,-0.184294,120.96747,-4.855134,-2.919849,0.464758,,,,,,,,,,,,0.6376,16.9573,-0.530208,15.24,1.656307,1.660504,-36.409089,0.066671,0.110352,7.13072,-6.871787,HOS_HOS,WAS_EDA,JinguStadium,TeamExclusive,Team,20200812-JinguStadium-2,69f2aa20-dc65-11ea-8fe5-4f48608269ce,1d2f1139-be90-4066-b0a3-60a0157ea427,v3,,,,"Rentaro, Ohgaki",1000089958,Right,HOS_HOS,130.5196,,,11.59346,,,,16.717913,-36.697397,3.56536,1.647995,0.34451,-3.435893,-0.597255,1.656043,0.055176,,,,,,,,,,,,,,,,,,,,,,,,,,,,,,,,,,,,,,,,,,,,,,,,,,,,,
826,2020/8/12,31:22.0,2020/8/12,31:22.0,2,1,"Kouichi, Takada",1000073775,Right,HOS_HOS,Yosizawa，Kazuto,1000074064,Right,WAS_EDA,Undefined,2,Top,1,0,0,Curveball,Curveball,BallCalled,Undefined,Undefined,,Undefined,0,0,,113.11886,1.860693,-2.123099,2090.57442,25.094588,6:45,1.688238,0.537646,1.740576,-184.0803,-37.5916,-19.9248,0.376348,-0.264756,103.69486,-11.332825,-3.52907,0.546584,,,,,,,,,,,,8.4034,-19.2075,-0.481955,15.24,1.722076,1.234044,-31.084796,0.348925,1.045926,5.836112,-12.197301,HOS_HOS,WAS_EDA,JinguStadium,TeamExclusive,Team,20200812-JinguStadium-2,6fb03d10-dc65-11ea-8fe5-4f48608269ce,1d2f1139-be90-4066-b0a3-60a0157ea427,v3,,,,"Rentaro, Ohgaki",1000089958,Right,HOS_HOS,110.98025,,,9.424,,,,16.700511,-31.357805,2.918056,1.692408,0.919506,-6.098651,-0.538538,1.185116,0.522963,,,,,,,,,,,,,,,,,,,,,,,,,,,,,,,,,,,,,,,,,,,,,,,,,,,,,
827,2020/8/12,31:31.4,2020/8/12,31:31.4,2,2,"Kouichi, Takada",1000073775,Right,HOS_HOS,Yosizawa，Kazuto,1000074064,Right,WAS_EDA,Undefined,2,Top,1,1,0,ChangeUp,ChangeUp,StrikeCalled,Undefined,Undefined,,Undefined,0,0,,131.00432,-0.824787,-1.384922,1736.312205,266.322505,3:00,1.660551,0.594142,1.651476,-103.233,5.0157,28.7679,0.392645,0.486326,121.26133,-8.219373,0.633819,0.469857,,,,,,,,,,,,-15.3655,4.0951,-0.559103,15.24,1.629592,0.730955,-36.046443,-0.953077,-2.629379,6.429646,-9.105891,HOS_HOS,WAS_EDA,JinguStadium,TeamExclusive,Team,20200812-JinguStadium-2,754a9090-dc65-11ea-8fe5-4f48608269ce,1d2f1139-be90-4066-b0a3-60a0157ea427,v3,,,,"Rentaro, Ohgaki",1000089958,Right,HOS_HOS,129.10302,,,9.74299,,,,16.788645,-36.321626,3.214823,1.662043,-0.563353,-4.552946,-0.592796,0.84349,-1.314689,,,,,,,,,,,,,,,,,,,,,,,,,,,,,,,,,,,,,,,,,,,,,,,,,,,,,
828,2020/8/12,31:42.2,2020/8/12,31:42.2,2,3,"Kouichi, Takada",1000073775,Right,HOS_HOS,Yosizawa，Kazuto,1000074064,Right,WAS_EDA,Undefined,2,Top,1,1,1,Fastball,Four-Seam,InPlay,Undefined,FlyBall,FlyBall,Undefined,1,0,,141.90687,-1.590506,-2.452039,2232.384761,191.427633,12:30,1.695434,0.483557,1.843776,-37.3834,54.2968,10.3288,0.872296,-0.105444,128.44001,-4.447672,-1.721159,0.432407,,,,,,,,,,,,-7.1748,30.0282,-0.426016,15.24,1.655217,1.616228,-38.96363,-1.1916,-1.411254,8.739482,-3.900242,HOS_HOS,WAS_EDA,JinguStadium,TeamExclusive,Team,20200812-JinguStadium-2,7bbb1fd0-dc65-11ea-8fe5-4f48608269ce,1d2f1139-be90-4066-b0a3-60a0157ea427,v3,,,,"Rentaro, Ohgaki",1000089958,Right,HOS_HOS,140.28454,,,13.46687,,,,16.594891,-39.266354,4.369741,1.694153,-1.056501,-1.950121,-0.482847,1.665112,-0.705627,,,,,,,,,,,,,,,,,,,,,,,,,,,,,,,,116.05894,2.578438,1.192965,1.385474,-0.567148,0.792642,0.135068,-0.002594,1.648444,0.049766,38.524739,1.044558,1.740515,0.063846,31.26113,-2.526188,1.665091,4.789529,-3.779658,0.011235,-0.160331,1.016237
829,2020/8/12,32:11.9,2020/8/12,32:11.9,3,1,"Kouichi, Takada",1000073775,Right,HOS_HOS,"Moeto, Suzuki",1000074064,Left,WAS_EDA,Undefined,2,Top,2,0,0,Fastball,Four-Seam,StrikeCalled,Undefined,Undefined,,Undefined,0,0,,150.54156,-2.274557,-2.925453,2323.3872,202.877667,12:45,1.640161,0.508632,1.982921,-24.7642,55.3484,22.1731,0.755089,-0.08869,136.19155,-4.231177,-1.34363,0.404208,,,,,,,,,,,,-13.7664,31.4334,-0.447308,15.24,1.590152,2.000117,-41.341391,-1.692748,-3.048336,9.839339,-2.846265,HOS_HOS,WAS_EDA,JinguStadium,TeamExclusive,Team,20200812-JinguStadium-2,8d6deaa0-dc65-11ea-8fe5-4f48608269ce,1d2f1139-be90-4066-b0a3-60a0157ea427,v3,,,,"Rentaro, Ohgaki",1000089958,Right,HOS_HOS,150.07126,,,14.35001,,,,16.455986,-41.629792,4.91967,1.638545,-1.609321,-1.423132,-0.507243,2.089467,-1.524168,,,,,,,,,,,,,,,,,,,,,,,,,,,,,,,,,,,,,,,,,,,,,,,,,,,,,
830,2020/8/12,32:22.9,2020/8/12,32:22.9,3,2,"Kouichi, Takada",1000073775,Right,HOS_HOS,"Moeto, Suzuki",1000074064,Left,WAS_EDA,Undefined,2,Top,2,0,1,ChangeUp,ChangeUp,BallCalled,Undefined,Undefined,,Undefined,0,0,,135.84141,-1.803584,-3.667805,1825.616499,256.245017,2:30,1.598336,0.600335,1.781139,-88.8341,9.9642,29.5726,0.197907,-0.144278,126.41795,-8.203364,-1.581781,0.448879,,,,,,,,,,,,-17.4689,6.9912,-0.511395,15.24,1.54714,2.256718,-37.349962,-1.535232,-3.230778,6.439573,-8.513666,HOS_HOS,WAS_EDA,JinguStadium,TeamExclusive,Team,20200812-JinguStadium-2,93fe36e0-dc65-11ea-8fe5-4f48608269ce,1d2f1139-be90-4066-b0a3-60a0157ea427,v3,,,,"Rentaro, Ohgaki",1000089958,Right,HOS_HOS,135.13661,,,9.42347,,,,16.659529,-37.593909,3.219787,1.59919,-1.212714,-4.256833,-0.599203,2.379108,-1.615389,,,,,,,,,,,,,,,,,,,,,,,,,,,,,,,,,,,,,,,,,,,,,,,,,,,,,
831,2020/8/12,32:38.8,2020/8/12,32:38.8,3,3,"Kouichi, Takada",1000073775,Right,HOS_HOS,"Moeto, Suzuki",1000074064,Left,WAS_EDA,Undefined,2,Top,2,1,1,Fastball,Four-Seam,StrikeSwinging,Undefined,Undefined,,Undefined,0,0,,152.25401,-1.724233,-2.528129,2312.309648,205.410357,12:45,1.636263,0.535175,2.00453,-29.1328,48.3497,21.7718,0.862649,0.046191,138.68642,-3.977626,-0.971766,0.397518,,,,,,,,,,,,-12.9639,27.1176,-0.483034,15.24,1.598332,1.732493,-41.856156,-1.330004,-2.966655,9.383992,-3.601065,HOS_HOS,WAS_EDA,JinguStadium,TeamExclusive,Team,20200812-JinguStadium-2,9d76fd10-dc65-11ea-8fe5-4f48608269ce,1d2f1139-be90-4066-b0a3-60a0157ea427,v3,,,,"Rentaro, Ohgaki",1000089958,Right,HOS_HOS,152.59702,,,13.56759,,,,16.433732,-42.122935,4.691996,1.634688,-1.227628,-1.800533,-0.533486,1.816833,-1.483327,,,,,,,,,,,,,,,,,,,,,,,,,,,,,,,,,,,,,,,,,,,,,,,,,,,,,
832,2020/8/12,32:58.3,2020/8/12,32:58.3,3,4,"Kouichi, Takada",1000073775,Right,HOS_HOS,"Moeto, Suzuki",1000074064,Left,WAS_EDA,Undefined,2,Top,2,1,2,ChangeUp,ChangeUp,InPlay,Undefined,Undefined,FlyBall,Undefined,1,0,,136.39497,-1.166092,-2.666046,1774.222027,236.060404,1:45,1.610472,0.554834,1.747489,-76.9545,21.7886,28.0634,0.509538,0.07819,125.92388,-6.752181,-0.689402,0.448754,154.03734,26.318796,5.080535,2457.195815,33.397994,15.572607,2.948574,111.475503,,3.188595,4.924195,-16.1231,12.7218,-0.489247,15.24,1.575112,1.612721,-37.516064,-1.071871,-2.990747,6.913425,-7.446811,HOS_HOS,WAS_EDA,JinguStadium,TeamExclusive,Team,20200812-JinguStadium-2,a9111ca0-dc65-11ea-8fe5-4f48608269ce,1d2f1139-be90-4066-b0a3-60a0157ea427,v3,,,,"Rentaro, Ohgaki",1000089958,Right,HOS_HOS,135.17436,22.459087,,10.4711,,,,16.692791,-37.782834,3.456713,1.610929,-0.784518,-3.723406,-0.553705,1.728126,-1.495373,0.392732,0.484582,-0.074079,183.696665,0.392884,38.196989,-7.283787,1.685771,-0.306978,0.041979,-0.004219,0.000302,-1.10E-05,0.484549,18.97373,-4.141038,-0.027973,0.02671,-0.003198,0.000104,5.60E-05,-6.00E-06,-0.074134,3.398718,-0.380941,-0.082705,0.030571,-0.003538,-0.000251,9.40E-05,-6.00E-06,,,,,,,,,,,,,,,,,,,,,,
833,2020/8/12,33:28.9,2020/8/12,33:29.0,1,1,"Soma, Tokuyama",1000073775,Right,WAS_EDA,"Murata,Yudai",1000074064,Left,HOS_HOS,Undefined,2,Bottom,0,0,0,Fastball,Four-Seam,StrikeSwinging,Undefined,Undefined,,Undefined,0,0,,152.09477,-0.614963,-2.571424,2356.434317,200.470202,12:45,1.631999,0.504407,1.94679,-30.294,47.414,16.8188,1.156466,-0.04882,139.24264,-2.93612,-1.373749,0.398096,,,,,,,,,,,,-10.4678,25.8168,-0.448868,15.24,1.616687,1.794132,-41.854885,-0.536686,-2.407663,8.936615,-3.86861,HOS_HOS,WAS_EDA,JinguStadium,TeamExclusive,Team,20200812-JinguStadium-2,bb568a80-dc65-11ea-8fe5-4f48608269ce,1d2f1139-be90-4066-b0a3-60a0157ea427,v3,,,,"Rentaro, Ohgaki",1000089958,Right,HOS_HOS,152.37539,,,12.85213,,,,16.492728,-42.121511,4.468308,1.630977,-0.421265,-1.934305,-0.503468,1.865965,-1.203831,,,,,,,,,,,,,,,,,,,,,,,,,,,,,,,,,,,,,,,,,,,,,,,,,,,,,
834,2020/8/12,33:40.2,2020/8/12,33:40.2,1,2,"Soma, Tokuyama",1000073775,Right,WAS_EDA,"Murata,Yudai",1000074064,Left,HOS_HOS,Undefined,2,Bottom,0,0,1,Slider,Slider,BallCalled,Undefined,Undefined,,Undefined,0,0,,135.88119,-0.864947,-1.983535,2736.972722,136.55143,10:30,1.588878,0.583837,1.800323,-75.4806,23.415,-19.445,0.589197,-0.172016,125.43901,-6.363603,-3.357,0.4491,,,,,,,,,,,,8.6477,13.4969,-0.533969,15.24,1.562517,1.387439,-37.391016,-0.856172,1.59125,6.963139,-7.323111,HOS_HOS,WAS_EDA,JinguStadium,TeamExclusive,Team,20200812-JinguStadium-2,c20bc3e0-dc65-11ea-8fe5-4f48608269ce,1d2f1139-be90-4066-b0a3-60a0157ea427,v3,,,,"Rentaro, Ohgaki",1000089958,Right,HOS_HOS,135.07013,,,10.44217,,,,16.63944,-37.650725,3.481569,1.589357,-0.583038,-3.661556,-0.58461,1.328089,0.795625,,,,,,,,,,,,,,,,,,,,,,,,,,,,,,,,,,,,,,,,,,,,,,,,,,,,,
835,2020/8/12,33:53.4,2020/8/12,33:53.4,1,3,"Soma, Tokuyama",1000073775,Right,WAS_EDA,"Murata,Yudai",1000074064,Left,HOS_HOS,Undefined,2,Bottom,0,1,1,Slider,Slider,FoulBall,Undefined,Undefined,,Undefined,0,0,,139.15963,-0.105182,-1.459947,3142.433748,166.416681,11:30,1.600165,0.579239,1.740775,-69.9599,23.635,-5.1466,0.870688,0.11312,129.88371,-5.173959,-1.822294,0.436899,130.3498,60.564102,-27.438768,5360.967792,,,,,,,,1.8376,12.8248,-0.541592,15.24,1.592185,1.002297,-38.359165,-0.355799,0.361094,6.248449,-7.286504,HOS_HOS,WAS_EDA,JinguStadium,TeamExclusive,Team,20200812-JinguStadium-2,c9e4e3d0-dc65-11ea-8fe5-4f48608269ce,1d2f1139-be90-4066-b0a3-60a0157ea427,v3,,,,"Rentaro, Ohgaki",1000089958,Right,HOS_HOS,138.84221,32.038954,,9.27592,,,,16.699869,-38.596236,3.124225,1.60044,-0.079344,-3.643252,-0.57936,0.988596,0.180547,0.312904,0.982631,-0.141548,167.624271,0.312904,15.792696,-6.891406,2.201411,-0.566703,0.126087,-0.020499,0.001352,8.90E-05,0.982631,31.534001,-7.019829,0.498443,0.016442,-0.03911,0.016849,-0.004498,0.000578,-0.141548,-8.199726,1.023932,-0.048182,-0.043433,0.024399,-0.008964,0.002234,-0.000257,,,,,,,,,,,,,,,,,,,,,,
836,2020/8/12,34:21.8,2020/8/12,34:21.8,1,4,"Soma, Tokuyama",1000073775,Right,WAS_EDA,"Murata,Yudai",1000074064,Left,HOS_HOS,Undefined,2,Bottom,0,1,2,Curveball,Curveball,Undefined,Undefined,Undefined,,Undefined,0,0,,122.20137,2.820106,-0.661665,2229.522368,43.864156,7:30,1.610769,0.579077,1.669488,-152.7135,-27.6202,-30.2245,0.888638,0.088115,112.30337,-8.111703,-2.782243,0.505093,,,,,,,,,,,,14.6831,-14.5925,-0.558879,15.24,1.673825,0.52719,-33.597053,1.038552,2.165699,6.024729,-11.958988,HOS_HOS,WAS_EDA,JinguStadium,TeamExclusive,Team,20200812-JinguStadium-2,dae28f70-dc65-11ea-8fe5-4f48608269ce,1d2f1139-be90-4066-b0a3-60a0157ea427,v3,,,,"Rentaro, Ohgaki",1000089958,Right,HOS_HOS,120.09662,,,9.898,,,,16.77142,-33.870559,3.012365,1.614354,1.581457,-5.979494,-0.58058,0.428874,1.082849,,,,,,,,,,,,,,,,,,,,,,,,,,,,,,,,,,,,,,,,,,,,,,,,,,,,,
837,2020/8/12,34:33.0,2020/8/12,34:33.0,1,5,"Soma, Tokuyama",1000073775,Right,WAS_EDA,"Murata,Yudai",1000074064,Left,HOS_HOS,Undefined,2,Bottom,0,2,2,Fastball,Four-Seam,StrikeSwinging,Strikeout,Undefined,,Undefined,0,0,,148.00994,-2.524573,-1.843528,2245.189984,209.809175,1:00,1.599652,0.542039,2.059411,-39.3868,41.1778,22.2428,0.502133,0.251058,136.53645,-5.497318,-0.24625,0.405347,,,,,,,,,,,,-12.9524,24.1716,-0.506147,15.24,1.547288,1.210187,-40.759062,-1.917108,-2.838014,8.09947,-4.510377,HOS_HOS,WAS_EDA,JinguStadium,TeamExclusive,Team,20200812-JinguStadium-2,e18663b0-dc65-11ea-8fe5-4f48608269ce,1d2f1139-be90-4066-b0a3-60a0157ea427,v3,,,,"Rentaro, Ohgaki",1000089958,Right,HOS_HOS,149.64963,,,11.47348,,,,16.380582,-40.985087,4.049735,1.599031,-1.791241,-2.255188,-0.541024,1.289385,-1.419007,,,,,,,,,,,,,,,,,,,,,,,,,,,,,,,,,,,,,,,,,,,,,,,,,,,,,
838,2020/8/12,34:46.5,2020/8/12,34:46.5,2,1,"Soma, Tokuyama",1000073775,Right,WAS_EDA,"Yuki, Satoh",1000074064,right,HOS_HOS,Undefined,2,Bottom,1,0,0,Fastball,Four-Seam,FoulBall,Undefined,Undefined,,Undefined,0,0,,150.91511,-0.924838,-2.073149,2356.885388,204.489016,12:45,1.61452,0.549443,1.947968,-29.4491,49.7763,21.5237,1.060567,0.183237,137.58849,-3.19717,-0.539243,0.401964,,,,,,,,,,,,-12.616,27.2966,-0.505096,15.24,1.592469,1.393277,-41.523316,-0.74948,-2.842573,9.197286,-3.656306,HOS_HOS,WAS_EDA,JinguStadium,TeamExclusive,Team,20200812-JinguStadium-2,e9942830-dc65-11ea-8fe5-4f48608269ce,1d2f1139-be90-4066-b0a3-60a0157ea427,v3,,,,"Rentaro, Ohgaki",1000089958,Right,HOS_HOS,150.9092,,,13.32662,,,,16.491307,-41.799557,4.598643,1.613331,-0.639662,-1.828153,-0.548225,1.478654,-1.421287,,,,,,,,,,,,,,,,,,,,,,,,,,,,,,,,,,,,,,,,,,,,,,,,,,,,,
839,2020/8/12,35:02.4,2020/8/12,35:02.4,2,2,"Soma, Tokuyama",1000073775,Right,WAS_EDA,"Yuki, Satoh",1000074064,right,HOS_HOS,Undefined,2,Bottom,1,0,1,ChangeUp,ChangeUp,BallCalled,Undefined,Undefined,LineDrive,Undefined,0,0,,136.79554,-0.492097,-1.944703,1650.658208,246.589795,2:15,1.589303,0.577908,1.736654,-82.2578,16.2076,30.5945,0.626871,0.331287,125.89776,-6.459646,0.210294,0.448122,138.62073,24.384756,-21.9578,2739.933277,29.930403,12.420738,-15.109474,89.176028,,-33.239098,3.766819,-16.9074,9.4651,-0.530495,15.24,1.570533,1.128404,-37.637534,-0.659673,-3.146802,7.177163,-8.045005,HOS_HOS,WAS_EDA,JinguStadium,TeamExclusive,Team,20200812-JinguStadium-2,f3096bf0-dc65-11ea-8fe5-4f48608269ce,1d2f1139-be90-4066-b0a3-60a0157ea427,v3,,,,"Rentaro, Ohgaki",1000089958,Right,HOS_HOS,135.36488,14.422866,,10.89778,,,,16.703441,-37.915573,3.588582,1.590052,-0.348014,-4.022503,-0.57657,1.250309,-1.573401,0.201443,0.586757,-0.322779,134.423885,0.201464,32.526963,-6.244651,1.36193,-0.283643,0.058749,-0.011332,0.001513,-9.10E-05,0.586744,15.897013,-4.886033,0.195213,0.004771,-0.014511,0.00548,-0.000867,5.30E-05,-0.322752,-13.113501,-0.609348,0.407187,-0.136701,0.04083,-0.009191,0.001266,-7.60E-05,,,,,,,,,,,,,,,,,,,,,,
840,2020/8/12,35:54.2,2020/8/12,35:54.2,2,3,"Soma, Tokuyama",1000073775,Right,WAS_EDA,"Yuki, Satoh",1000074064,right,HOS_HOS,Undefined,2,Bottom,1,1,1,Curveball,Curveball,StrikeSwinging,Undefined,Undefined,,Undefined,0,0,,105.14821,3.64148,1.174516,2266.787873,35.788128,7:15,1.727861,0.50878,1.832208,-207.1783,-40.5672,-33.1029,0.685896,0.509436,96.83646,-11.298914,-1.175154,0.582917,,,,,,,,,,,,17.7739,-21.6376,-0.534798,15.24,1.80181,-0.468262,-28.912787,1.170044,1.928095,4.747095,-12.15388,HOS_HOS,WAS_EDA,JinguStadium,TeamExclusive,Team,20200812-JinguStadium-2,11e90440-dc66-11ea-8fe5-4f48608269ce,1d2f1139-be90-4066-b0a3-60a0157ea427,v3,,,,"Rentaro, Ohgaki",1000089958,Right,HOS_HOS,104.06285,,,8.31175,,,,16.609687,-29.136803,2.373547,1.733063,1.743588,-6.07694,-0.510553,-0.55925,0.964048,,,,,,,,,,,,,,,,,,,,,,,,,,,,,,,,,,,,,,,,,,,,,,,,,,,,,
841,2020/8/12,36:06.3,2020/8/12,36:06.3,2,4,"Soma, Tokuyama",1000073775,Right,WAS_EDA,"Yuki, Satoh",1000074064,right,HOS_HOS,Undefined,2,Bottom,1,1,2,Fastball,Four-Seam,InPlay,Undefined,Undefined,LineDrive,Single,0,0,,139.07457,-2.037244,-2.438044,2171.023373,199.328511,12:45,1.644568,0.590618,1.831568,-43.1108,51.2993,16.9641,0.637433,0.071405,127.58885,-5.270484,-1.238138,0.438797,,,,,,,,,,,,-10.3399,28.6301,-0.533341,15.24,1.592888,1.545129,-38.229113,-1.500185,-1.984536,7.437738,-4.311694,HOS_HOS,WAS_EDA,JinguStadium,TeamExclusive,Team,20200812-JinguStadium-2,1919d640-dc66-11ea-8fe5-4f48608269ce,1d2f1139-be90-4066-b0a3-60a0157ea427,v3,,,,"Rentaro, Ohgaki",1000089958,Right,HOS_HOS,138.24152,,,11.48573,,,,16.607844,-38.494317,3.718869,1.643639,-1.346445,-2.155847,-0.589696,1.61589,-0.992268,,,,,,,,,,,,,,,,,,,,,,,,,,,,,,,,,,,,,,,,,,,,,,,,,,,,,
842,2020/8/12,36:17.5,2020/8/12,36:17.5,3,1,"Soma, Tokuyama",1000073775,Right,WAS_EDA,"Ryuji, Hane",1000074064,Left,HOS_HOS,Undefined,2,Bottom,1,0,0,Curveball,Curveball,InPlay,Undefined,Undefined,FlyBall,Out,1,0,,125.18632,-0.317589,-2.194154,2078.455388,58.342918,8:00,1.665895,0.527382,1.72538,-122.5409,-4.2405,-12.7632,0.350152,-0.224192,115.53272,-9.114227,-3.092959,0.491188,,,,,,,,,,,,4.9492,-0.8912,-0.469805,15.24,1.648347,1.376168,-34.427801,-0.667655,0.766748,6.310162,-9.944724,HOS_HOS,WAS_EDA,JinguStadium,TeamExclusive,Team,20200812-JinguStadium-2,1fd13280-dc66-11ea-8fe5-4f48608269ce,1d2f1139-be90-4066-b0a3-60a0157ea427,v3,,,,"Rentaro, Ohgaki",1000089958,Right,HOS_HOS,123.4965,,,9.65361,,,,16.714879,-34.697074,3.155081,1.667783,-0.243285,-4.972362,-0.527831,1.343449,0.383374,,,,,,,,,,,,,,,,,,,,,,,,,,,,,,,,,,,,,,,,,,,,,,,,,,,,,
843,2020/8/12,36:30.4,2020/8/12,36:30.4,4,1,"Soma, Tokuyama",1000073775,Right,WAS_EDA,"Kiri, Takata",1000074064,Left,HOS_HOS,Undefined,2,Bottom,2,0,0,ChangeUp,ChangeUp,StrikeCalled,Undefined,Undefined,,Undefined,0,0,,127.18227,-0.952849,-1.782938,1177.611851,229.157731,1:45,1.680678,0.530927,1.81671,-82.1434,30.6602,31.5053,0.589783,0.341902,117.19811,-6.96089,0.447429,0.479641,,,,,,,,,,,,-17.342,17.464,-0.489875,15.24,1.652115,0.949217,-34.996943,-0.873294,-2.791082,6.196635,-6.995923,HOS_HOS,WAS_EDA,JinguStadium,TeamExclusive,Team,20200812-JinguStadium-2,278a6e60-dc66-11ea-8fe5-4f48608269ce,1d2f1139-be90-4066-b0a3-60a0157ea427,v3,,,,"Rentaro, Ohgaki",1000089958,Right,HOS_HOS,126.46965,,,9.98416,,,,16.622955,-35.240962,3.098318,1.68108,-0.597801,-3.497962,-0.529418,1.059128,-1.395541,,,,,,,,,,,,,,,,,,,,,,,,,,,,,,,,,,,,,,,,,,,,,,,,,,,,,
844,2020/8/12,36:43.1,2020/8/12,36:43.1,4,2,"Soma, Tokuyama",1000073775,Right,WAS_EDA,"Kiri, Takata",1000074064,Left,HOS_HOS,Undefined,2,Bottom,2,1,0,Fastball,Four-Seam,BallCalled,Undefined,Undefined,,Undefined,0,0,,136.33681,-2.414763,-2.171483,2058.654399,198.867113,12:45,1.656569,0.540524,1.861419,-44.5626,53.5317,17.2255,0.529445,0.100449,124.90941,-5.764421,-0.950342,0.447277,,,,,,,,,,,,-10.3913,30.2598,-0.490741,15.24,1.59714,1.340322,-37.47313,-1.719308,-1.911418,7.324394,-4.240555,HOS_HOS,WAS_EDA,JinguStadium,TeamExclusive,Team,20200812-JinguStadium-2,2f119dc0-dc66-11ea-8fe5-4f48608269ce,1d2f1139-be90-4066-b0a3-60a0157ea427,v3,,,,"Rentaro, Ohgaki",1000089958,Right,HOS_HOS,135.62064,,,11.4274,,,,16.578054,-37.733756,3.662197,1.655634,-1.568415,-2.120277,-0.539645,1.408337,-0.955709,,,,,,,,,,,,,,,,,,,,,,,,,,,,,,,,128.10194,1.986667,0.766208,1.220459,-0.157713,0.469173,-0.090899,0.247131,1.62372,-0.053586,38.525114,0.463762,-0.253855,0.296752,34.917948,-2.953105,1.620087,2.79056,-3.062286,-0.076916,-1.446004,1.069507
845,2020/8/12,37:38.0,2020/8/12,37:38.0,4,3,"Soma, Tokuyama",1000073775,Right,WAS_EDA,"Kiri, Takata",1000074064,Left,HOS_HOS,Undefined,2,Bottom,2,1,1,Fastball,Four-Seam,FoulBall,Undefined,Undefined,,Undefined,0,0,,145.77745,-0.800602,-2.238811,2069.760247,212.001297,1:00,1.622123,0.632234,1.89484,-36.5413,48.5504,28.7182,1.03134,0.289388,133.5409,-3.572101,-0.198988,0.41658,150.73069,53.994593,-40.624451,4643.31437,,,,,,,,-16.496,26.5662,-0.582845,15.24,1.601619,1.430028,-40.125567,-0.676949,-3.48562,8.24814,-4.193189,HOS_HOS,WAS_EDA,JinguStadium,TeamExclusive,Team,20200812-JinguStadium-2,4fc5f610-dc66-11ea-a034-4b6acd7a42fb,1d2f1139-be90-4066-b0a3-60a0157ea427,v3,,,,"Rentaro, Ohgaki",1000089958,Right,HOS_HOS,145.61438,32.846775,,12.23654,,,,16.545266,-40.392984,4.12407,1.621363,-0.540999,-2.096594,-0.63104,1.543037,-1.74281,0.621569,1.03262,-0.284551,158.998283,0.621569,18.681523,-7.733259,2.433305,-0.637962,0.157486,-0.035465,0.006086,-0.000542,1.03262,33.870925,-7.620718,0.535576,0.031773,-0.04766,0.018423,-0.004573,0.000575,-0.284551,-16.025837,2.295844,-0.866088,0.257737,-0.070311,0.017312,-0.003282,0.000332,,,,,,,,,,,,,,,,,,,,,,
846,2020/8/12,38:01.3,2020/8/12,38:01.3,4,4,"Soma, Tokuyama",1000073775,Right,WAS_EDA,"Kiri, Takata",1000074064,Left,HOS_HOS,Undefined,2,Bottom,2,1,1,Slider,Slider,InPlay,Undefined,Undefined,LineDrive,Single,0,0,,133.55583,-1.331483,-2.096203,2089.874848,116.695251,10:00,1.607842,0.596493,1.749126,-97.8295,8.6228,-8.848,0.251334,-0.08718,119.8634,-8.452268,-2.720127,0.465942,,,,,,,,,,,,2.5719,6.8572,-0.542663,15.24,1.567017,1.383655,-36.609206,-1.244856,0.43849,8.900709,-8.637545,HOS_HOS,WAS_EDA,JinguStadium,TeamExclusive,Team,20200812-JinguStadium-2,5db59e60-dc66-11ea-8961-7da4ce0313ca,1d2f1139-be90-4066-b0a3-60a0157ea427,v3,,,,"Rentaro, Ohgaki",1000089958,Right,HOS_HOS,130.18778,,,13.69244,,,,16.689323,-36.959897,4.450355,1.60936,-0.904534,-4.318773,-0.596839,1.366378,0.219245,,,,,,,,,,,,,,,,,,,,,,,,,,,,,,,,,,,,,,,,,,,,,,,,,,,,,
847,2020/8/12,38:18.3,2020/8/12,38:18.3,5,1,"Soma, Tokuyama",1000073775,Right,WAS_EDA,"Rentaro, Ohgaki",1000074064,Right,HOS_HOS,Undefined,2,Bottom,2,0,0,Fastball,Four-Seam,BallCalled,Undefined,Undefined,,Undefined,0,0,,148.55396,-3.212322,-3.246236,2058.313845,207.69415,1:00,1.611429,0.660187,1.977492,-36.2197,45.0659,22.3522,0.347951,-0.025646,136.61769,-5.948196,-1.652301,0.407157,,,,,,,,,,,,-13.8456,26.5029,-0.59181,15.24,1.540559,2.207583,-40.814393,-2.405721,-3.034766,8.318829,-3.997594,HOS_HOS,WAS_EDA,JinguStadium,TeamExclusive,Team,20200812-JinguStadium-2,67d022d0-dc66-11ea-88f9-bd503d6648f4,1d2f1139-be90-4066-b0a3-60a0157ea427,v3,,,,"Rentaro, Ohgaki",1000089958,Right,HOS_HOS,148.98442,,,11.93626,,,,16.462382,-41.062784,4.159415,1.610609,-2.286357,-1.998797,-0.659079,2.298198,-1.517383,,,,,,,,,,,,,,,,,,,,,,,,,,,,,,,,,,,,,,,,,,,,,,,,,,,,,
848,2020/8/12,38:49.4,2020/8/12,38:49.4,5,2,"Soma, Tokuyama",1000073775,Right,WAS_EDA,"Rentaro, Ohgaki",1000074011,Right,HOS_HOS,Undefined,2,Bottom,2,1,0,Fastball,Four-Seam,InPlay,Undefined,Undefined,FlyBall,Out,1,0,,147.35468,-1.227668,-3.569114,2103.719289,207.727717,1:00,1.625422,0.639243,1.91869,-36.111,47.5266,23.5652,0.918795,-0.128799,134.33824,-3.976215,-1.896231,0.413005,120.6516,50.604553,144.014209,5472.013997,-29.359513,23.368632,16.190809,67.135691,,155.325013,4.077452,-14.8354,26.4169,-0.560512,15.24,1.595725,2.410132,-40.489456,-0.980974,-3.176467,8.79069,-4.150412,HOS_HOS,WAS_EDA,JinguStadium,TeamExclusive,Team,20200812-JinguStadium-2,7a4fda90-dc66-11ea-88f9-bd503d6648f4,1d2f1139-be90-4066-b0a3-60a0157ea427,v3,,,,"Rentaro, Ohgaki",1000089958,Right,HOS_HOS,146.87466,23.473368,,13.01644,,,,16.521076,-40.766642,4.395345,1.624594,-0.850104,-2.075206,-0.638087,2.510292,-1.588234,0.388154,0.914051,0.133878,327.224835,0.388254,-17.214463,-0.358324,0.413111,-0.071471,-0.001862,0.003974,-0.000643,3.10E-05,0.91411,25.897694,-8.937621,1.132941,-0.218704,0.037439,-0.006456,0.000976,-6.70E-05,0.133898,12.497678,-2.69423,0.598258,-0.115979,0.023542,-0.005542,0.000882,-5.70E-05,,,,,,,,,,,,,,,,,,,,,,
849,2020/8/12,46:01.5,2020/8/12,46:01.5,1,1,"Kouichi, Takada",1000073775,Right,HOS_HOS,"Soma, Tokuyama",1000074011,Right,WAS_EDA,Undefined,3,Top,0,0,0,Fastball,Four-Seam,BallCalled,Undefined,Undefined,,Undefined,0,0,,148.45337,-0.148691,-3.61435,2202.573679,216.30774,1:15,1.619722,0.508844,1.959794,-41.6248,39.6218,27.3682,1.161738,-0.231325,136.39594,-3.278705,-1.666544,0.407059,,,,,,,,,,,,-16.5982,21.5212,-0.431728,15.24,1.614129,2.446012,-40.837378,-0.244124,-3.6494,8.163622,-5.074861,HOS_HOS,WAS_EDA,JinguStadium,TeamExclusive,Team,20200812-JinguStadium-2,7be77510-dc67-11ea-88f9-bd503d6648f4,1d2f1139-be90-4066-b0a3-60a0157ea427,v3,,,,"Rentaro, Ohgaki",1000089958,Right,HOS_HOS,149.02018,,,12.05743,,,,16.480073,-41.084528,4.081811,1.619194,-0.090485,-2.537431,-0.507452,2.556495,-1.8247,,,,,,,,,,,,,,,,,,,,,,,,,,,,,,,,,,,,,,,,,,,,,,,,,,,,,
850,2020/8/12,46:12.7,2020/8/12,46:12.7,1,2,"Kouichi, Takada",1000073775,Right,HOS_HOS,"Soma, Tokuyama",1000074011,Right,WAS_EDA,Undefined,3,Top,0,1,0,Fastball,Four-Seam,FoulBall,Undefined,Undefined,,Undefined,0,0,,149.12623,-1.765681,-3.388867,2262.282237,218.187276,1:15,1.61024,0.572176,1.983083,-38.5233,42.1203,31.1671,0.730074,-0.065223,136.63069,-4.680352,-1.165751,0.405545,,,,,,,,,,,,-18.2512,23.8686,-0.50116,15.24,1.570344,2.265728,-40.987321,-1.382682,-4.028913,8.502613,-4.537699,HOS_HOS,WAS_EDA,JinguStadium,TeamExclusive,Team,20200812-JinguStadium-2,82955b70-dc67-11ea-88f9-bd503d6648f4,1d2f1139-be90-4066-b0a3-60a0157ea427,v3,,,,"Rentaro, Ohgaki",1000089958,Right,HOS_HOS,149.57636,,,12.49554,,,,16.455689,-41.238739,4.251307,1.609245,-1.248505,-2.268849,-0.569918,2.384861,-2.014457,,,,,,,,,,,,,,,,,,,,,,,,,,,,,,,,,,,,,,,,,,,,,,,,,,,,,
851,2020/8/12,46:29.2,2020/8/12,46:29.2,1,3,"Kouichi, Takada",1000073775,Right,HOS_HOS,"Soma, Tokuyama",1000074011,Right,WAS_EDA,Undefined,3,Top,0,1,1,Fastball,Four-Seam,FoulBall,Undefined,Undefined,LineDrive,Undefined,0,0,,151.19226,-2.678335,-2.707963,2347.133431,203.770331,12:45,1.629447,0.556699,1.997529,-30.6149,48.2744,20.1042,0.573383,0.000365,137.617,-5.036973,-1.271732,0.40111,119.63402,13.081482,57.692469,4589.006213,15.554043,3.099497,29.701734,46.730592,,64.505122,1.79629,-12.5671,28.1238,-0.500668,15.24,1.57136,1.867282,-41.547557,-2.029456,-2.823899,9.539102,-3.487086,HOS_HOS,WAS_EDA,JinguStadium,TeamExclusive,Team,20200812-JinguStadium-2,8c698810-dc67-11ea-88f9-bd503d6648f4,1d2f1139-be90-4066-b0a3-60a0157ea427,v3,,,,"Rentaro, Ohgaki",1000089958,Right,HOS_HOS,151.2302,3.632644,,13.57527,,,,16.442112,-41.822645,4.769551,1.628435,-1.928895,-1.743543,-0.55569,1.948718,-1.411949,0.20143,0.493888,-0.029166,244.762348,0.20143,17.300362,-4.815582,1.046896,-0.221219,0.042982,-0.007095,0.000807,-3.90E-05,0.493888,7.521419,-4.675887,0.227209,-0.03,0.005402,-0.001181,0.000375,-5.20E-05,-0.029166,27.358168,-2.700639,0.394461,-0.059264,0.007864,-0.001557,0.00033,-3.50E-05,,,,,,,,,,,,,,,,,,,,,,
852,2020/8/12,46:49.0,2020/8/12,46:49.0,1,4,"Kouichi, Takada",1000073775,Right,HOS_HOS,"Soma, Tokuyama",1000074011,Right,WAS_EDA,Undefined,3,Top,0,1,2,Cutter,Slider,StrikeSwinging,Strikeout,Undefined,,Undefined,0,0,,136.05694,-0.637396,-1.98502,3302.661351,131.521283,10:30,1.601855,0.555978,1.716552,-79.8273,19.3308,-18.746,0.622203,-0.196208,126.22116,-6.403025,-3.302399,0.449696,,,,,,,,,,,,8.2931,11.0809,-0.503023,15.24,1.579157,1.389506,-37.449182,-0.743821,1.539237,6.596433,-7.749985,HOS_HOS,WAS_EDA,JinguStadium,TeamExclusive,Team,20200812-JinguStadium-2,9839d2d0-dc67-11ea-88f9-bd503d6648f4,1d2f1139-be90-4066-b0a3-60a0157ea427,v3,,,,"Rentaro, Ohgaki",1000089958,Right,HOS_HOS,134.89121,,,9.83579,,,,16.723503,-37.709586,3.298217,1.602482,-0.437879,-3.874993,-0.556676,1.328742,0.769619,,,,,,,,,,,,,,,,,,,,,,,,,,,,,,,,,,,,,,,,,,,,,,,,,,,,,
853,2020/8/12,47:12.0,2020/8/12,47:12.0,2,1,"Kouichi, Takada",1000073775,Right,HOS_HOS,"Toyo, Kumada",1000089879,Left,WAS_EDA,Undefined,3,Top,1,0,0,Sinker,Slider,BallCalled,Undefined,Undefined,,Undefined,0,0,,138.53969,-1.744904,-1.633393,3151.026229,168.704652,11:30,1.593368,0.610748,1.806049,-63.1788,31.1995,-5.7167,0.467736,0.091502,128.71758,-6.354801,-2.037587,0.438723,,,,,,,,,,,,1.9574,17.9011,-0.570546,15.24,1.546473,1.114965,-38.146384,-1.404123,0.377908,6.660428,-6.350567,HOS_HOS,WAS_EDA,JinguStadium,TeamExclusive,Team,20200812-JinguStadium-2,a5e2ae20-dc67-11ea-88f9-bd503d6648f4,1d2f1139-be90-4066-b0a3-60a0157ea427,v3,,,,"Rentaro, Ohgaki",1000089958,Right,HOS_HOS,138.26484,,,9.82211,,,,16.634016,-38.38901,3.330214,1.593409,-1.172784,-3.175284,-0.610911,1.101199,0.188954,,,,,,,,,,,,,,,,,,,,,,,,,,,,,,,,,,,,,,,,,,,,,,,,,,,,,
854,2020/8/12,47:23.3,2020/8/12,47:23.3,2,2,"Kouichi, Takada",1000073775,Right,HOS_HOS,"Toyo, Kumada",1000089879,Left,WAS_EDA,Undefined,3,Top,1,1,0,Cutter,Slider,BallCalled,Undefined,Undefined,,Undefined,0,0,,134.00784,1.520114,-1.771609,3339.725539,153.655511,11:00,1.592637,0.624965,1.810712,-71.9446,29.2081,-13.0792,1.30329,-0.006886,123.65349,-3.754674,-2.695311,0.454196,,,,,,,,,,,,5.572,14.9348,-0.58107,15.24,1.62469,1.202476,-36.882347,0.71181,1.002402,6.447621,-7.119895,HOS_HOS,WAS_EDA,JinguStadium,TeamExclusive,Team,20200812-JinguStadium-2,aca68d80-dc67-11ea-88f9-bd503d6648f4,1d2f1139-be90-4066-b0a3-60a0157ea427,v3,,,,"Rentaro, Ohgaki",1000089958,Right,HOS_HOS,133.55463,,,10.35434,,,,16.62888,-37.124352,3.223811,1.592958,0.979048,-3.559947,-0.625497,1.164852,0.501201,,,,,,,,,,,,,,,,,,,,,,,,,,,,,,,,,,,,,,,,,,,,,,,,,,,,,
855,2020/8/12,47:39.1,2020/8/12,47:39.1,2,3,"Kouichi, Takada",1000073775,Right,HOS_HOS,"Toyo, Kumada",1000089879,Left,WAS_EDA,Undefined,3,Top,1,2,0,Fastball,Four-Seam,FoulBall,Undefined,Undefined,LineDrive,Undefined,0,0,,150.15684,-1.152842,-1.956605,2354.808662,206.667627,1:00,1.601579,0.547118,1.937184,-29.4375,51.0148,24.2818,0.983565,0.240837,136.38886,-3.432267,-0.227037,0.405064,143.86112,18.121469,-33.563966,3631.138116,26.062586,8.418221,-21.091636,74.328534,,-44.822844,2.740131,-14.1231,28.2436,-0.505205,15.24,1.574381,1.289988,-41.304865,-0.911678,-3.133547,9.508341,-3.540124,HOS_HOS,WAS_EDA,JinguStadium,TeamExclusive,Team,20200812-JinguStadium-2,b60aba40-dc67-11ea-88f9-bd503d6648f4,1d2f1139-be90-4066-b0a3-60a0157ea427,v3,,,,"Rentaro, Ohgaki",1000089958,Right,HOS_HOS,149.75405,8.74462,,13.76798,,,,16.502417,-41.594457,4.75417,1.600506,-0.803858,-1.770062,-0.545947,1.385425,-1.566773,0.122877,0.946605,-0.224256,118.945754,0.122853,31.647663,-7.609722,1.760938,-0.314369,0.022023,0.007801,-0.002582,0.000251,0.946624,12.428646,-5.253331,0.279458,-0.056668,0.030419,-0.012182,0.002661,-0.000234,-0.224281,-20.996685,0.28576,0.340137,-0.086894,-0.00708,0.0113,-0.002967,0.000274,,,,,,,,,,,,,,,,,,,,,,
856,2020/8/12,48:08.7,2020/8/12,48:08.7,2,4,"Kouichi, Takada",1000073775,Right,HOS_HOS,"Toyo, Kumada",1000089879,Left,WAS_EDA,Undefined,3,Top,1,2,1,Fastball,Four-Seam,BallCalled,Undefined,Undefined,,Undefined,0,0,,153.07966,-2.165265,-3.888973,2376.546834,199.771287,12:45,1.613994,0.544713,2.032366,-31.8503,44.4635,15.1216,0.689984,-0.390252,140.04817,-4.602056,-2.808786,0.394509,,,,,,,,,,,,-10.6426,25.6461,-0.465815,15.24,1.567963,2.784991,-42.056116,-1.68357,-2.465818,9.223487,-3.864634,HOS_HOS,WAS_EDA,JinguStadium,TeamExclusive,Team,20200812-JinguStadium-2,c7b56ec0-dc67-11ea-88f9-bd503d6648f4,1d2f1139-be90-4066-b0a3-60a0157ea427,v3,,,,"Rentaro, Ohgaki",1000089958,Right,HOS_HOS,153.76092,,,13.03149,,,,16.407198,-42.311324,4.611743,1.613067,-1.576638,-1.932317,-0.543817,2.853219,-1.232909,,,,,,,,,,,,,,,,,,,,,,,,,,,,,,,,,,,,,,,,,,,,,,,,,,,,,
857,2020/8/12,48:24.9,2020/8/12,48:24.8,2,5,"Kouichi, Takada",1000073775,Right,HOS_HOS,"Toyo, Kumada",1000089879,Left,WAS_EDA,Undefined,3,Top,1,3,1,Fastball,Four-Seam,StrikeCalled,Undefined,Undefined,,Undefined,0,0,,150.92548,-2.042313,-3.544566,2290.55554,207.200634,1:00,1.625818,0.528772,2.06347,-35.7276,42.3568,20.5157,0.698784,-0.253875,138.17315,-4.76523,-2.074751,0.399059,,,,,,,,,,,,-13.2448,24.5382,-0.459003,15.24,1.583327,2.472189,-41.491513,-1.585021,-2.988421,8.933753,-4.270105,HOS_HOS,WAS_EDA,JinguStadium,TeamExclusive,Team,20200812-JinguStadium-2,d15b1150-dc67-11ea-88f9-bd503d6648f4,1d2f1139-be90-4066-b0a3-60a0157ea427,v3,,,,"Rentaro, Ohgaki",1000089958,Right,HOS_HOS,152.00778,,,12.75233,,,,16.376068,-41.735409,4.466876,1.625008,-1.468445,-2.135053,-0.527608,2.553775,-1.494211,,,,,,,,,,,,,,,,,,,,,,,,,,,,,,,,,,,,,,,,,,,,,,,,,,,,,
858,2020/8/12,48:44.0,2020/8/12,48:44.0,2,6,"Kouichi, Takada",1000073775,Right,HOS_HOS,"Toyo, Kumada",1000089879,Left,WAS_EDA,Undefined,3,Top,1,3,2,Fastball,Four-Seam,BallCalled,Walk,Undefined,,Undefined,0,0,,152.60811,-1.312498,-4.264461,2392.514238,211.522801,1:00,1.604475,0.495213,1.993736,-34.5643,42.8919,24.7594,0.89085,-0.451498,138.92726,-3.951653,-2.500984,0.39745,,,,,,,,,,,,-16.2039,24.2836,-0.406339,15.24,1.574879,3.006157,-41.91475,-1.069683,-3.711098,9.582286,-4.245085,HOS_HOS,WAS_EDA,JinguStadium,TeamExclusive,Team,20200812-JinguStadium-2,dcc917d0-dc67-11ea-88f9-bd503d6648f4,1d2f1139-be90-4066-b0a3-60a0157ea427,v3,,,,"Rentaro, Ohgaki",1000089958,Right,HOS_HOS,152.62289,,,13.68085,,,,16.446307,-42.189627,4.791143,1.603817,-0.947909,-2.122542,-0.4941,3.112613,-1.855549,,,,,,,,,,,,,,,,,,,,,,,,,,,,,,,,,,,,,,,,,,,,,,,,,,,,,
859,2020/8/12,49:26.1,2020/8/12,49:26.0,3,1,"Kouichi, Takada",1000073775,Right,HOS_HOS,"Ginsuke, Kaneko",1000073884,Right,WAS_EDA,Undefined,3,Top,1,0,0,Cutter,Slider,BallCalled,Undefined,Undefined,,Undefined,0,0,,134.06703,0.804361,-2.220585,3356.530883,129.664469,10:15,1.60493,0.600186,1.768662,-81.2113,20.7858,-21.5239,1.021015,-0.244839,123.54483,-5.107711,-3.736278,0.456088,,,,,,,,,,,,9.5181,11.0107,-0.543057,15.24,1.619245,1.532601,-36.882983,0.201359,1.704619,6.755683,-7.834701,HOS_HOS,WAS_EDA,JinguStadium,TeamExclusive,Team,20200812-JinguStadium-2,f5ccbfc0-dc67-11ea-88f9-bd503d6648f4,1d2f1139-be90-4066-b0a3-60a0157ea427,v3,,,,"Rentaro, Ohgaki",1000089958,Right,HOS_HOS,133.00061,,,10.5222,,,,16.671151,-37.144195,3.377842,1.605602,0.504292,-3.91735,-0.601042,1.466691,0.85231,,,,,,,,,,,,,,,,,,,,,,,,,,,,,,,,,,,,,,,,,,,,,,,,,,,,,
860,2020/8/12,51:01.9,2020/8/12,51:01.9,3,2,"Kouichi, Takada",1000073775,Right,HOS_HOS,"Ginsuke, Kaneko",1000073884,Right,WAS_EDA,Undefined,3,Top,1,1,0,Cutter,Cutter,InPlay,Undefined,LineDrive,LineDrive,Out,1,0,,138.40743,-1.528264,-2.396985,2595.693292,164.370814,11:30,1.593519,0.566592,1.699121,-69.2917,26.2978,-6.6564,0.465045,-0.182756,129.05018,-6.527635,-2.864134,0.44153,139.63916,16.704515,17.400694,2997.60703,31.276205,7.493807,12.07986,78.300051,,25.34319,2.867661,2.0155,15.0013,-0.503126,15.24,1.54788,1.62716,-38.096615,-1.303057,0.3894,6.401258,-6.908428,HOS_HOS,WAS_EDA,JinguStadium,TeamExclusive,Team,20200812-JinguStadium-2,2ef662b0-dc68-11ea-88f9-bd503d6648f4,1d2f1139-be90-4066-b0a3-60a0157ea427,v3,,,,"Rentaro, Ohgaki",1000089958,Right,HOS_HOS,137.38606,7.97563,,9.35725,,,,16.741338,-38.348051,3.200629,1.593734,-1.031701,-3.454214,-0.566739,1.611865,0.1947,0.367059,0.495728,0.185056,229.369186,0.367061,35.4515,-6.049826,1.240377,-0.239812,0.040231,-0.005799,0.000664,-4.00E-05,0.495728,11.149279,-4.329085,0.119601,0.012922,-0.00707,0.002233,-0.000324,1.80E-05,0.185055,11.110407,0.986083,-0.549148,0.167003,-0.040973,0.007477,-0.000901,5.30E-05,,,,,,,,,,,,,,,,,,,,,,
861,2020/8/12,51:39.1,2020/8/12,51:39.1,4,1,"Kouichi, Takada",1000073775,Right,HOS_HOS,"Takuya, Nakagawa",1000074092,Left,WAS_EDA,Undefined,3,Top,2,0,0,Fastball,Four-Seam,FoulBall,Undefined,Undefined,,Undefined,0,0,,152.85748,-1.979536,-2.712145,2344.965537,210.658327,1:00,1.652287,0.518278,1.984579,-33.6677,43.3267,24.2159,0.761088,0.001276,139.4985,-4.547688,-0.983317,0.396263,117.57843,76.503996,-67.605627,1835.143126,,,,,,,,-14.6684,24.9016,-0.461787,15.24,1.608319,1.872382,-42.037484,-1.557921,-3.385003,9.487481,-4.060151,HOS_HOS,WAS_EDA,JinguStadium,TeamExclusive,Team,20200812-JinguStadium-2,451a4340-dc68-11ea-88f9-bd503d6648f4,1d2f1139-be90-4066-b0a3-60a0157ea427,v3,,,,"Rentaro, Ohgaki",1000089958,Right,HOS_HOS,153.07997,10.312111,,13.35898,,,,16.45528,-42.310873,4.74374,1.651526,-1.440925,-2.030075,-0.517147,1.969923,-1.692501,0.359811,0.700958,0.009003,166.125866,0.359811,2.903928,-3.631828,1.449347,-0.40775,0.08971,0.035248,-0.123315,0.109997,0.700958,31.758789,-8.815039,1.137581,-0.181265,-0.005366,0.098924,-0.204011,0.17012,0.009003,-7.047423,-0.029566,0.27638,-0.11417,0.036826,-0.014146,0.011519,-0.008458,,,,,,,,,,,,,,,,,,,,,,
862,2020/8/12,52:14.5,2020/8/12,52:14.5,4,2,"Kouichi, Takada",1000073775,Right,HOS_HOS,"Takuya, Nakagawa",1000074092,Left,WAS_EDA,Undefined,3,Top,2,0,1,Fastball,Four-Seam,BallCalled,Undefined,Undefined,,Undefined,0,0,,152.69108,-0.460433,-3.021658,2338.068696,199.762222,12:45,1.642543,0.512028,1.919603,-32.2331,45.7722,15.5292,1.190722,-0.182059,138.74345,-2.929386,-1.918449,0.398857,,,,,,,,,,,,-10.2247,24.8078,-0.445134,15.24,1.630244,2.13369,-41.96472,-0.434057,-2.345948,9.655202,-4.114755,HOS_HOS,WAS_EDA,JinguStadium,TeamExclusive,Team,20200812-JinguStadium-2,5a3ba7f0-dc68-11ea-88f9-bd503d6648f4,1d2f1139-be90-4066-b0a3-60a0157ea427,v3,,,,"Rentaro, Ohgaki",1000089958,Right,HOS_HOS,152.08468,,,13.94763,,,,16.519471,-42.258074,4.827601,1.641533,-0.309039,-2.057378,-0.511045,2.204967,-1.172974,,,,,,,,,,,,,,,,,,,,,,,,,,,,,,,,,,,,,,,,,,,,,,,,,,,,,
863,2020/8/12,52:37.5,2020/8/12,52:37.5,4,3,"Kouichi, Takada",1000073775,Right,HOS_HOS,"Takuya, Nakagawa",1000074092,Left,WAS_EDA,Undefined,3,Top,2,1,1,Cutter,Slider,BallCalled,Undefined,Undefined,,Undefined,0,0,,138.85841,0.608339,-1.319376,2268.686603,152.095681,11:00,1.618274,0.554316,1.77929,-76.3246,19.7178,-8.7634,1.027414,0.092856,126.25652,-4.98677,-1.937796,0.442574,,,,,,,,,,,,3.4533,10.6064,-0.520943,15.24,1.628066,0.923338,-38.167517,0.099479,0.653873,8.155594,-7.798325,HOS_HOS,WAS_EDA,JinguStadium,TeamExclusive,Team,20200812-JinguStadium-2,67e8c900-dc68-11ea-88f9-bd503d6648f4,1d2f1139-be90-4066-b0a3-60a0157ea427,v3,,,,"Rentaro, Ohgaki",1000089958,Right,HOS_HOS,137.06178,,,12.60189,,,,16.659693,-38.469679,4.077797,1.619028,0.388405,-3.899162,-0.554704,0.899112,0.326937,,,,,,,,,,,,,,,,,,,,,,,,,,,,,,,,,,,,,,,,,,,,,,,,,,,,,
864,2020/8/12,53:05.4,2020/8/12,53:05.5,4,4,"Kouichi, Takada",1000073775,Right,HOS_HOS,"Takuya, Nakagawa",1000074092,Left,WAS_EDA,Undefined,3,Top,2,2,1,Cutter,Slider,BallCalled,Undefined,Undefined,,Undefined,0,0,,139.97111,-1.946412,-3.10676,2584.44392,136.71204,10:30,1.580478,0.585132,1.772804,-73.814,20.8867,-16.7916,0.289703,-0.464099,128.17245,-7.310793,-4.289188,0.439472,,,,,,,,,,,,6.3147,13.021,-0.506332,15.24,1.526586,2.168119,-38.425755,-1.604463,1.213927,8.146209,-7.303507,HOS_HOS,WAS_EDA,JinguStadium,TeamExclusive,Team,20200812-JinguStadium-2,78967fe0-dc68-11ea-88f9-bd503d6648f4,1d2f1139-be90-4066-b0a3-60a0157ea427,v3,,,,"Rentaro, Ohgaki",1000089958,Right,HOS_HOS,138.02922,,,11.79865,,,,16.666898,-38.727074,4.073105,1.580937,-1.334315,-3.651753,-0.585698,2.123217,0.606963,,,,,,,,,,,,,,,,,,,,,,,,,,,,,,,,,,,,,,,,,,,,,,,,,,,,,
865,2020/8/12,53:49.7,2020/8/12,53:49.7,4,5,"Kouichi, Takada",1000073775,Right,HOS_HOS,"Takuya, Nakagawa",1000074092,Left,WAS_EDA,Undefined,3,Top,2,3,1,Cutter,Slider,BallCalled,Walk,Undefined,,Undefined,0,0,,138.46265,-1.64541,-1.998941,2687.415253,138.197327,10:30,1.585741,0.604862,1.800193,-76.637,18.7137,-14.2216,0.353438,-0.103125,127.89238,-7.209562,-3.004111,0.440978,,,,,,,,,,,,5.976,11.5668,-0.554951,15.24,1.540168,1.397677,-38.091144,-1.399239,1.140267,7.285656,-7.599631,HOS_HOS,WAS_EDA,JinguStadium,TeamExclusive,Team,20200812-JinguStadium-2,92f4fce0-dc68-11ea-88f9-bd503d6648f4,1d2f1139-be90-4066-b0a3-60a0157ea427,v3,,,,"Rentaro, Ohgaki",1000089958,Right,HOS_HOS,137.55795,,,10.57026,,,,16.639753,-38.35794,3.642828,1.586311,-1.120946,-3.799815,-0.605368,1.355921,0.570133,,,,,,,,,,,,,,,,,,,,,,,,,,,,,,,,,,,,,,,,,,,,,,,,,,,,,
866,2020/8/12,54:35.0,2020/8/12,54:35.0,5,1,"Kouichi, Takada",1000073775,Right,HOS_HOS,"Kotaro, Takizawa",1000073989,Left,WAS_EDA,Undefined,3,Top,2,0,0,Splitter,ChangeUp,StrikeSwinging,Undefined,Undefined,,Undefined,0,0,,134.79587,-0.476326,-1.744328,1606.019894,254.140609,2:30,1.587882,0.584143,1.689216,-93.7344,8.1705,18.1262,0.514788,0.268367,124.3578,-7.227379,-0.470633,0.455882,,,,,,,,,,,,-10.3351,5.377,-0.53955,15.24,1.567811,1.040142,-37.085411,-0.702773,-1.869622,6.891965,-8.833937,HOS_HOS,WAS_EDA,JinguStadium,TeamExclusive,Team,20200812-JinguStadium-2,adf64990-dc68-11ea-88f9-bd503d6648f4,1d2f1139-be90-4066-b0a3-60a0157ea427,v3,,,,"Rentaro, Ohgaki",1000089958,Right,HOS_HOS,133.06086,,,10.43807,,,,16.750823,-37.365128,3.445982,1.589058,-0.34424,-4.416969,-0.583305,1.116022,-0.934811,,,,,,,,,,,,,,,,,,,,,,,,,,,,,,,,,,,,,,,,,,,,,,,,,,,,,
867,2020/8/12,55:00.7,2020/8/12,55:00.7,5,2,"Kouichi, Takada",1000073775,Right,HOS_HOS,"Kotaro, Takizawa",1000073989,Left,WAS_EDA,Undefined,3,Top,2,0,1,Fastball,Four-Seam,InPlay,Undefined,GroundBall,GroundBall,Out,1,0,,151.68329,-2.132373,-3.668724,2369.39131,208.809682,1:00,1.622504,0.548352,1.933858,-31.0266,47.9397,24.9377,0.712415,-0.233079,138.13196,-4.512363,-1.896951,0.401306,108.62181,-9.384331,-20.203465,,,,,3.67485,,-17.076624,0.124637,-15.6348,27.2793,-0.468361,15.24,1.573349,2.544621,-41.652339,-1.644706,-3.538432,9.405811,-3.63286,HOS_HOS,WAS_EDA,JinguStadium,TeamExclusive,Team,20200812-JinguStadium-2,bd44e5a0-dc68-11ea-88f9-bd503d6648f4,1d2f1139-be90-4066-b0a3-60a0157ea427,v3,,,,"Rentaro, Ohgaki",1000089958,Right,HOS_HOS,151.15652,0.678451,,13.55134,,,,16.505771,-41.937198,4.702905,1.621493,-1.534684,-1.81643,-0.547048,2.651784,-1.769216,0.060484,0.678451,0.246965,95.592155,0.060472,27.938619,-1.918268,,,,,,,0.678461,-4.9209,-4.193726,,,,,,,0.246977,-10.282019,-2.870554,,,,,,,,,,,,,,,,,,,,,,,,,,,,
868,2020/8/12,57:05.4,2020/8/12,57:05.4,1,1,"Soma, Tokuyama",1000074011,Right,WAS_EDA,"Kouichi, Takada",1000073775,Right,HOS_HOS,Undefined,3,Bottom,0,0,0,Curveball,Curveball,BallCalled,Undefined,Undefined,,Undefined,0,0,,114.75252,2.242969,-1.273497,2417.637939,29.510228,7:00,1.644756,0.564744,1.823668,-185.9764,-44.2351,-27.9092,0.419135,-0.074185,104.42146,-11.178175,-3.254492,0.537654,,,,,,,,,,,,13.1823,-23.0843,-0.532286,15.24,1.686657,0.815114,-31.53947,0.576395,1.676187,6.375916,-12.741926,HOS_HOS,WAS_EDA,JinguStadium,TeamExclusive,Team,20200812-JinguStadium-2,079a2200-dc69-11ea-88f9-bd503d6648f4,1d2f1139-be90-4066-b0a3-60a0157ea427,v3,,,,"Hisashige, Iwamoto",1000074023,Right,WAS_EDA,112.82347,,,10.33107,,,,16.617398,-31.816702,3.187958,1.64955,1.130428,-6.370963,-0.566144,0.742232,0.838093,,,,,,,,,,,,,,,,,,,,,,,,,,,,,,,,,,,,,,,,,,,,,,,,,,,,,
869,2020/8/12,57:18.5,2020/8/12,57:18.5,1,2,"Soma, Tokuyama",1000074011,Right,WAS_EDA,"Kouichi, Takada",1000073775,Right,HOS_HOS,Undefined,3,Bottom,0,1,0,Fastball,Four-Seam,StrikeSwinging,Undefined,Undefined,,Undefined,0,0,,144.83416,-0.414649,-3.341385,2103.453678,212.125312,1:00,1.592067,0.657276,1.820156,-41.4064,46.793,27.4844,1.060633,-0.013133,131.05977,-3.547842,-1.401203,0.424119,,,,,,,,,,,,-16.5484,25.15,-0.578345,15.24,1.57927,2.178012,-39.756732,-0.425167,-3.394287,8.974754,-4.648066,HOS_HOS,WAS_EDA,JinguStadium,TeamExclusive,Team,20200812-JinguStadium-2,0f6a1a30-dc69-11ea-88f9-bd503d6648f4,1d2f1139-be90-4066-b0a3-60a0157ea427,v3,,,,"Hisashige, Iwamoto",1000074023,Right,WAS_EDA,143.02601,,,13.77439,,,,16.618769,-40.066769,4.487377,1.591184,-0.264597,-2.324033,-0.655611,2.295269,-1.697144,,,,,,,,,,,,,,,,,,,,,,,,,,,,,,,,,,,,,,,,,,,,,,,,,,,,,
870,2020/8/12,57:31.6,2020/8/12,57:31.6,1,3,"Soma, Tokuyama",1000074011,Right,WAS_EDA,"Kouichi, Takada",1000073775,Right,HOS_HOS,Undefined,3,Bottom,0,1,1,Slider,Slider,BallCalled,Undefined,Undefined,,Undefined,0,0,,130.80738,0.118203,-3.405401,2024.662875,50.346745,7:45,1.625428,0.648503,1.800983,-114.0757,-4.5841,-10.3096,0.51817,-0.419141,118.35071,-8.160141,-4.132838,0.472547,,,,,,,,,,,,2.3623,-1.1816,-0.564438,15.24,1.620678,2.183488,-35.877162,-0.375561,0.390092,8.025671,-10.001772,HOS_HOS,WAS_EDA,JinguStadium,TeamExclusive,Team,20200812-JinguStadium-2,173864b0-dc69-11ea-88f9-bd503d6648f4,1d2f1139-be90-4066-b0a3-60a0157ea427,v3,,,,"Hisashige, Iwamoto",1000074023,Right,WAS_EDA,128.36816,,,12.45668,,,,16.638145,-36.188574,4.012836,1.627722,0.012527,-5.000886,-0.648868,2.168352,0.195046,,,,,,,,,,,,,,,,,,,,,,,,,,,,,,,,,,,,,,,,,,,,,,,,,,,,,
871,2020/8/12,57:48.2,2020/8/12,57:48.2,1,4,"Soma, Tokuyama",1000074011,Right,WAS_EDA,"Kouichi, Takada",1000073775,Right,HOS_HOS,Undefined,3,Bottom,0,2,1,Fastball,Four-Seam,StrikeCalled,Undefined,Undefined,,Undefined,0,0,,145.98526,-1.759677,-2.844307,2130.014645,214.300561,1:15,1.575197,0.681098,1.968909,-41.8092,43.1136,27.4729,0.663674,0.158834,132.76783,-4.92891,-0.884895,0.416166,,,,,,,,,,,,-16.4143,24.6734,-0.621142,15.24,1.534935,1.859978,-40.122553,-1.364211,-3.437827,8.938172,-4.639031,HOS_HOS,WAS_EDA,JinguStadium,TeamExclusive,Team,20200812-JinguStadium-2,211ae930-dc69-11ea-88f9-bd503d6648f4,1d2f1139-be90-4066-b0a3-60a0157ea427,v3,,,,"Hisashige, Iwamoto",1000074023,Right,WAS_EDA,145.75904,,,13.21743,,,,16.470405,-40.395723,4.469086,1.574462,-1.222432,-2.319515,-0.679592,1.965045,-1.718914,,,,,,,,,,,,,,,,,,,,,,,,,,,,,,,,,,,,,,,,,,,,,,,,,,,,,
872,2020/8/12,58:02.7,2020/8/12,58:02.7,1,5,"Soma, Tokuyama",1000074011,Right,WAS_EDA,"Kouichi, Takada",1000073775,Right,HOS_HOS,Undefined,3,Bottom,0,2,2,Fastball,Four-Seam,FoulBall,Undefined,Undefined,LineDrive,Undefined,0,0,,147.89353,-1.62745,-3.561993,2168.121879,202.945484,12:45,1.597357,0.687533,1.945385,-31.0535,51.8473,20.7999,0.829501,-0.104492,134.63972,-4.021209,-2.08317,0.411182,150.87857,15.353813,36.41509,4773.493217,25.363062,7.340457,21.927983,74.785446,,47.452165,2.708301,-13.4576,29.0544,-0.610401,15.24,1.559778,2.427837,-40.629654,-1.241581,-2.896733,8.98492,-3.552714,HOS_HOS,WAS_EDA,JinguStadium,TeamExclusive,Team,20200812-JinguStadium-2,29c27cb0-dc69-11ea-88f9-bd503d6648f4,1d2f1139-be90-4066-b0a3-60a0157ea427,v3,,,,"Hisashige, Iwamoto",1000074023,Right,WAS_EDA,147.52594,7.731242,,13.25381,,,,16.494287,-40.906089,4.49246,1.596295,-1.132276,-1.776357,-0.686468,2.516959,-1.448367,0.117891,0.776444,0.099774,234.331542,0.117856,32.525759,-8.417494,1.974909,-0.43536,0.079234,-0.009531,0.000405,2.70E-05,0.776506,11.092822,-4.697875,0.284789,-0.092072,0.047192,-0.017658,0.003699,-0.00032,0.099807,23.989291,-1.954673,0.342916,-0.086316,0.031996,-0.01064,0.002095,-0.000175,,,,,,,,,,,,,,,,,,,,,,
873,2020/8/12,58:28.5,2020/8/12,58:28.5,1,6,"Soma, Tokuyama",1000074011,Right,WAS_EDA,"Kouichi, Takada",1000073775,Right,HOS_HOS,Undefined,3,Bottom,0,2,2,Slider,Slider,InPlay,Undefined,GroundBall,,Out,1,0,,131.69841,-0.319352,-2.29141,3324.729212,148.910895,11:00,1.624815,0.636049,1.745432,-83.4612,21.5106,-11.3172,0.699474,-0.127947,122.7291,-6.351352,-3.087859,0.462691,,,,,,,,,,,,4.4764,11.9766,-0.576884,15.24,1.610421,1.502735,-36.270076,-0.526517,0.783011,5.877489,-7.71173,HOS_HOS,WAS_EDA,JinguStadium,TeamExclusive,Team,20200812-JinguStadium-2,391dea00-dc69-11ea-88f9-bd503d6648f4,1d2f1139-be90-4066-b0a3-60a0157ea427,v3,,,,"Hisashige, Iwamoto",1000074023,Right,WAS_EDA,131.10266,,,8.96931,,,,16.695071,-36.505106,2.938744,1.62531,-0.218139,-3.855865,-0.636349,1.471423,0.391506,,,,,,,,,,,,,,,,,,,,,,,,,,,,,,,,,,,,,,,,,,,,,,,,,,,,,
874,2020/8/12,58:59.3,2020/8/12,58:59.3,2,1,"Soma, Tokuyama",1000074011,Right,WAS_EDA,"Shuta, Miyazaki",1000073809,Left,HOS_HOS,Undefined,3,Bottom,1,0,0,ChangeUp,Curveball,StrikeCalled,Undefined,Undefined,,Undefined,0,0,,130.47467,0.822036,-0.74423,3424.192148,45.527678,7:30,1.5935,0.649476,1.745489,-119.6608,-11.3486,-14.889,0.630283,0.289306,120.15504,-7.795579,-1.79465,0.469995,,,,,,,,,,,,7.052,-5.3093,-0.629447,15.24,1.60556,0.536492,-35.913563,0.026951,1.191114,6.744876,-10.703415,HOS_HOS,WAS_EDA,JinguStadium,TeamExclusive,Team,20200812-JinguStadium-2,4b86e570-dc69-11ea-88f9-bd503d6648f4,1d2f1139-be90-4066-b0a3-60a0157ea427,v3,,,,"Hisashige, Iwamoto",1000074023,Right,WAS_EDA,129.06514,,,10.31963,,,,16.694805,-36.185756,3.372438,1.595757,0.458894,-5.351708,-0.650128,0.488424,0.595557,,,,,,,,,,,,,,,,,,,,,,,,,,,,,,,,,,,,,,,,,,,,,,,,,,,,,
875,2020/8/12,59:13.6,2020/8/12,59:13.6,2,2,"Soma, Tokuyama",1000074011,Right,WAS_EDA,"Shuta, Miyazaki",1000073809,Left,HOS_HOS,Undefined,3,Bottom,1,0,0,ChangeUp,Slider,StrikeCalled,Undefined,Undefined,,Undefined,0,0,,132.2017,-0.805578,-1.14116,2164.589339,108.832951,9:45,1.616045,0.646456,1.801182,-94.5032,10.6432,-21.5313,0.443052,0.108262,121.44225,-7.665789,-2.664744,0.463076,,,,,,,,,,,,10.2325,7.0351,-0.617071,15.24,1.58988,0.82398,-36.373345,-0.87699,1.767036,7.133822,-8.59176,HOS_HOS,WAS_EDA,JinguStadium,TeamExclusive,Team,20200812-JinguStadium-2,540fcd60-dc69-11ea-88f9-bd503d6648f4,1d2f1139-be90-4066-b0a3-60a0157ea427,v3,,,,"Hisashige, Iwamoto",1000074023,Right,WAS_EDA,130.9937,,,10.75946,,,,16.638656,-36.646634,3.566911,1.617172,-0.547849,-4.29588,-0.64734,0.756287,0.883518,,,,,,,,,,,,,,,,,,,,,,,,,,,,,,,,,,,,,,,,,,,,,,,,,,,,,
876,2020/8/12,59:32.8,2020/8/12,59:32.8,2,3,"Soma, Tokuyama",1000074011,Right,WAS_EDA,"Shuta, Miyazaki",1000073809,Left,HOS_HOS,Undefined,3,Bottom,1,0,1,Fastball,Sinker,InPlay,Undefined,GroundBall,GroundBall,Single,0,0,,149.08351,-1.489647,-3.246016,2163.21858,225.516724,1:30,1.570085,0.689804,1.920762,-44.4937,38.2066,35.8471,0.706065,0.135764,134.31466,-4.854808,-0.697853,0.410684,140.47441,-0.538555,31.702068,3376.345412,,,,14.514191,,29.474788,0.372848,-21.3533,21.9605,-0.619145,15.24,1.534148,2.142091,-40.928395,-1.21819,-4.606607,10.132972,-5.069039,HOS_HOS,WAS_EDA,JinguStadium,TeamExclusive,Team,20200812-JinguStadium-2,5f776b40-dc69-11ea-88f9-bd503d6648f4,1d2f1139-be90-4066-b0a3-60a0157ea427,v3,,,,"Hisashige, Iwamoto",1000074023,Right,WAS_EDA,147.70468,0.729182,,14.76885,,,,16.518737,-41.243767,5.066486,1.569607,-1.060425,-2.53452,-0.688045,2.285464,-2.303303,0.850065,0.729182,-0.180986,215.081294,0.851766,33.136104,-4.118155,,,,,,,0.729803,-0.388896,-4.211091,,,,,,,-0.180113,20.473277,-2.248557,,,,,,,,,,,,,,,,,,,,,,,,,,,,
877,2020/8/12,00:10.3,2020/8/12,00:10.3,3,1,"Soma, Tokuyama",1000074011,Right,WAS_EDA,"Tomoki, Nagahiro",1000073724,Right,HOS_HOS,Undefined,3,Bottom,1,0,0,Slider,Slider,BallCalled,Undefined,Undefined,,Undefined,0,0,,130.80718,1.721306,-2.1727,2144.679142,9.377896,6:15,1.591085,0.626473,1.716177,-116.6782,-6.9708,-1.7707,0.91432,-0.009417,118.67055,-6.715835,-2.297121,0.473012,,,,,,,,,,,,-0.8195,-3.6631,-0.569961,15.24,1.626904,1.371018,-35.909621,0.597238,-0.136692,7.524906,-10.417652,HOS_HOS,WAS_EDA,JinguStadium,TeamExclusive,Team,20200812-JinguStadium-2,75c9aed0-dc69-11ea-88f9-bd503d6648f4,1d2f1139-be90-4066-b0a3-60a0157ea427,v3,,,,"Hisashige, Iwamoto",1000074023,Right,WAS_EDA,128.24185,,,12.13663,,,,16.723241,-36.219102,3.762453,1.59353,1.025691,-5.208826,-0.626463,1.37664,-0.068346,,,,,,,,,,,,,,,,,,,,,,,,,,,,,,,,,,,,,,,,,,,,,,,,,,,,,
878,2020/8/12,00:29.5,2020/8/12,00:29.5,3,2,"Soma, Tokuyama",1000074011,Right,WAS_EDA,"Tomoki, Nagahiro",1000073724,Right,HOS_HOS,Undefined,3,Bottom,1,1,0,Fastball,Four-Seam,InPlay,Undefined,FlyBall,LineDrive,Single,0,0,,145.89516,-2.403975,-3.764112,2104.840044,211.420578,1:00,1.577973,0.656429,1.893115,-37.4888,49.4358,28.2354,0.524991,-0.121583,131.33562,-5.2748,-1.763064,0.421042,133.5913,22.268976,6.305736,2557.842116,33.149366,10.769264,5.024501,83.52226,,12.141152,3.515326,-17.7568,28.5301,-0.571969,15.24,1.520652,2.490985,-39.994877,-1.796019,-3.655873,9.72033,-3.932685,HOS_HOS,WAS_EDA,JinguStadium,TeamExclusive,Team,20200812-JinguStadium-2,813da8c0-dc69-11ea-88f9-bd503d6648f4,1d2f1139-be90-4066-b0a3-60a0157ea427,v3,,,,"Hisashige, Iwamoto",1000074023,Right,WAS_EDA,144.07101,12.061633,,14.55954,,,,16.54616,-40.311076,4.860165,1.576995,-1.66809,-1.966343,-0.654934,2.609909,-1.827937,0.605771,0.518684,0.11481,207.939136,0.605776,34.132974,-5.471866,1.136745,-0.224603,0.040729,-0.006392,0.000699,-3.60E-05,0.518685,14.062499,-4.572942,0.211119,-0.026472,0.002364,0.000143,-1.00E-05,-2.00E-06,0.114807,3.771885,0.763721,-0.226648,0.055495,-0.011711,0.001821,-0.000188,9.00E-06,,,,,,,,,,,,,,,,,,,,,,
879,2020/8/12,01:28.8,2020/8/12,01:28.8,4,1,"Soma, Tokuyama",1000074011,Right,WAS_EDA,"Jin, Nakamura",1000073711,Left,HOS_HOS,Undefined,3,Bottom,1,0,0,Fastball,Four-Seam,BallCalled,Undefined,Undefined,,Undefined,0,0,,148.72176,-2.820524,-2.769587,2215.212727,222.714905,1:30,1.588016,0.681069,1.952485,-43.3048,39.1321,33.4688,0.362917,0.23894,134.85984,-6.087044,-0.38364,0.41003,,,,,,,,,,,,-19.5704,23.456,-0.622304,15.24,1.523954,1.809014,-40.832373,-2.157586,-4.225951,9.627693,-4.741655,HOS_HOS,WAS_EDA,JinguStadium,TeamExclusive,Team,20200812-JinguStadium-2,a4a3daa0-dc69-11ea-88f9-bd503d6648f4,1d2f1139-be90-4066-b0a3-60a0157ea427,v3,,,,"Hisashige, Iwamoto",1000074023,Right,WAS_EDA,147.94048,,,13.86192,,,,16.486883,-41.125319,4.813847,1.587409,-2.013309,-2.370827,-0.679304,1.937599,-2.112975,,,,,,,,,,,,,,,,,,,,,,,,,,,,,,,,,,,,,,,,,,,,,,,,,,,,,
880,2020/8/12,01:51.7,2020/8/12,01:51.8,4,2,"Soma, Tokuyama",1000074011,Right,WAS_EDA,"Jin, Nakamura",1000073711,Left,HOS_HOS,Undefined,3,Bottom,1,1,0,ChangeUp,Slider,InPlay,Undefined,GroundBall,GroundBall,Out,2,0,,131.87905,0.207034,-1.38176,1077.102369,41.739443,7:30,1.599561,0.66398,1.850522,-113.9603,-8.2119,-10.4713,0.518368,0.169477,120.34005,-8.0741,-2.125172,0.464399,141.75611,-2.928473,17.370991,,,,,8.780867,,14.967192,0.215156,4.3409,-3.4384,-0.630708,15.24,1.597186,0.922279,-36.277968,-0.308835,0.739493,7.635925,-10.392405,HOS_HOS,WAS_EDA,JinguStadium,TeamExclusive,Team,20200812-JinguStadium-2,b24a6c00-dc69-11ea-88f9-bd503d6648f4,1d2f1139-be90-4066-b0a3-60a0157ea427,v3,,,,"Hisashige, Iwamoto",1000074023,Right,WAS_EDA,130.62037,0.560146,,11.539,,,,16.589523,-36.560918,3.817963,1.601495,0.076256,-5.196203,-0.664375,0.894878,0.369746,0.599799,0.560146,-0.198976,180.484055,0.600107,37.512739,-4.073093,,,,,,,0.560111,-2.009505,-2.759558,,,,,,,-0.198881,11.735019,-1.258926,,,,,,,,,,,,,,,,,,,,,,,,,,,,
881,2020/8/12,03:59.2,2020/8/12,03:59.2,1,1,"Kouichi, Takada",1000073775,Right,HOS_HOS,"Hisashige, Iwamoto",1000074023,Right,WAS_EDA,Undefined,4,Top,0,0,0,Fastball,Four-Seam,BallCalled,Undefined,Undefined,,Undefined,0,0,,150.66918,-3.248163,-4.703337,2238.693539,203.642943,12:45,1.602508,0.529656,2.010258,-35.3448,44.3211,18.2411,0.337956,-0.604318,137.32876,-5.9381,-3.404286,0.40308,,,,,,,,,,,,-12.9674,26.4265,-0.432379,15.24,1.532729,3.30756,-41.289659,-2.454343,-2.882425,9.284488,-3.9325,HOS_HOS,WAS_EDA,JinguStadium,TeamExclusive,Team,20200812-JinguStadium-2,fe3e1620-dc69-11ea-88f9-bd503d6648f4,1d2f1139-be90-4066-b0a3-60a0157ea427,v3,,,,"Rentaro, Ohgaki",1000089958,Right,HOS_HOS,150.49137,,,13.34042,,,,16.429065,-41.556175,4.642244,1.601562,-2.341459,-1.96625,-0.528512,3.390301,-1.441212,,,,,,,,,,,,,,,,,,,,,,,,,,,,,,,,,,,,,,,,,,,,,,,,,,,,,
882,2020/8/12,04:12.4,2020/8/12,04:12.4,1,2,"Kouichi, Takada",1000073775,Right,HOS_HOS,"Hisashige, Iwamoto",1000074023,Right,WAS_EDA,Undefined,4,Top,0,1,0,Fastball,Four-Seam,FoulBall,Undefined,Undefined,,Undefined,0,0,,151.5951,-1.701972,-2.906223,2337.957684,187.16128,12:15,1.607404,0.494639,1.992448,-29.1815,49.4476,5.8812,0.839023,-0.259725,137.63825,-3.96344,-2.486545,0.400448,,,,,,,,,,,,-5.2416,27.8889,-0.43348,15.24,1.569709,2.084909,-41.655865,-1.312301,-1.182122,9.720559,-3.516957,HOS_HOS,WAS_EDA,JinguStadium,TeamExclusive,Team,20200812-JinguStadium-2,061b2db0-dc6a-11ea-88f9-bd503d6648f4,1d2f1139-be90-4066-b0a3-60a0157ea427,v3,,,,"Rentaro, Ohgaki",1000089958,Right,HOS_HOS,151.48028,,,13.95685,,,,16.44644,-41.936448,4.860279,1.606124,-1.210785,-1.758479,-0.494153,2.119031,-0.591061,,,,,,,,,,,,,,,,,,,,,,,,,,,,,,,,,,,,,,,,,,,,,,,,,,,,,
883,2020/8/12,04:33.6,2020/8/12,04:33.5,1,3,"Kouichi, Takada",1000073775,Right,HOS_HOS,"Hisashige, Iwamoto",1000074023,Right,WAS_EDA,Undefined,4,Top,0,1,1,Fastball,Four-Seam,BallCalled,Undefined,Undefined,,Undefined,0,0,,150.92557,-0.755928,-2.997401,2348.412728,197.884322,12:30,1.62864,0.470255,1.965694,-37.177,41.9875,12.7357,1.044884,-0.242523,137.62535,-3.579092,-2.090003,0.401809,,,,,,,,,,,,-8.7463,23.1949,-0.406108,15.24,1.610181,2.108522,-41.498679,-0.664671,-1.967909,9.204852,-4.587823,HOS_HOS,WAS_EDA,JinguStadium,TeamExclusive,Team,20200812-JinguStadium-2,12b753f0-dc6a-11ea-88f9-bd503d6648f4,1d2f1139-be90-4066-b0a3-60a0157ea427,v3,,,,"Rentaro, Ohgaki",1000089958,Right,HOS_HOS,150.96722,,,13.30021,,,,16.473487,-41.771383,4.602426,1.627859,-0.528751,-2.293911,-0.469439,2.166824,-0.983955,,,,,,,,,,,,,,,,,,,,,,,,,,,,,,,,,,,,,,,,,,,,,,,,,,,,,
884,2020/8/12,04:50.6,2020/8/12,04:50.6,1,4,"Kouichi, Takada",1000073775,Right,HOS_HOS,"Hisashige, Iwamoto",1000074023,Right,WAS_EDA,Undefined,4,Top,0,2,1,Fastball,Four-Seam,StrikeSwinging,Undefined,Undefined,,Undefined,0,0,,149.58456,-0.032005,-2.070865,1790.540528,204.123513,12:45,1.598849,0.502126,1.959412,-39.821,40.9447,17.1585,1.191668,0.093323,135.96028,-3.055519,-0.847247,0.405852,,,,,,,,,,,,-10.4108,22.1381,-0.458002,15.24,1.595886,1.40114,-41.149568,-0.149745,-2.295934,9.313215,-4.924424,HOS_HOS,WAS_EDA,JinguStadium,TeamExclusive,Team,20200812-JinguStadium-2,1ce20500-dc6a-11ea-88f9-bd503d6648f4,1d2f1139-be90-4066-b0a3-60a0157ea427,v3,,,,"Rentaro, Ohgaki",1000089958,Right,HOS_HOS,149.46323,,,13.62428,,,,16.479631,-41.429178,4.656607,1.598163,-0.001899,-2.462212,-0.501103,1.470071,-1.147967,,,,,,,,,,,,,,,,,,,,,,,,,,,,,,,,,,,,,,,,,,,,,,,,,,,,,
885,2020/8/12,05:13.1,2020/8/12,05:13.1,1,5,"Kouichi, Takada",1000073775,Right,HOS_HOS,"Hisashige, Iwamoto",1000074023,Right,WAS_EDA,Undefined,4,Top,0,2,2,Fastball,Four-Seam,StrikeSwinging,Strikeout,Undefined,,Undefined,0,0,,152.67205,-1.459486,-2.881841,2644.034267,207.992067,1:00,1.596158,0.475454,2.032355,-36.808,39.4586,19.7517,0.82047,-0.131362,140.10763,-4.249026,-1.467954,0.394386,,,,,,,,,,,,-12.28,22.4598,-0.417363,15.24,1.564392,2.018253,-42.015062,-1.185898,-2.849384,8.90473,-4.59518,HOS_HOS,WAS_EDA,JinguStadium,TeamExclusive,Team,20200812-JinguStadium-2,2a417b40-dc6a-11ea-88f9-bd503d6648f4,1d2f1139-be90-4066-b0a3-60a0157ea427,v3,,,,"Rentaro, Ohgaki",1000089958,Right,HOS_HOS,153.80857,,,12.56442,,,,16.407244,-42.261726,4.452365,1.595479,-1.058611,-2.29759,-0.474362,2.097182,-1.424692,,,,,,,,,,,,,,,,,,,,,,,,,,,,,,,,,,,,,,,,,,,,,,,,,,,,,
886,2020/8/12,05:39.7,2020/8/12,05:39.7,2,1,"Kouichi, Takada",1000073775,Right,HOS_HOS,"Takuya, Hiruma",1000074108,Left,WAS_EDA,Undefined,4,Top,1,0,0,Fastball,Four-Seam,BallCalled,Undefined,Undefined,,Undefined,0,0,,151.49472,-2.625331,-1.30088,2359.57493,204.899075,12:45,1.591074,0.522594,1.946846,-33.0318,45.7719,20.0541,0.52401,0.358357,138.22419,-5.143143,0.12938,0.400893,,,,,,,,,,,,-11.3547,26.5131,-0.495099,15.24,1.531563,0.844403,-41.659099,-2.010017,-2.5714,9.381883,-3.802442,HOS_HOS,WAS_EDA,JinguStadium,TeamExclusive,Team,20200812-JinguStadium-2,3a21d000-dc6a-11ea-88f9-bd503d6648f4,1d2f1139-be90-4066-b0a3-60a0157ea427,v3,,,,"Rentaro, Ohgaki",1000089958,Right,HOS_HOS,151.31236,,,13.27053,,,,16.49256,-41.940234,4.690941,1.590088,-1.896074,-1.901221,-0.521557,0.921457,-1.2857,,,,,,,,,,,,,,,,,,,,,,,,,,,,,,,,,,,,,,,,,,,,,,,,,,,,,
887,2020/8/12,05:53.0,2020/8/12,05:53.0,2,2,"Kouichi, Takada",1000073775,Right,HOS_HOS,"Takuya, Hiruma",1000074108,Left,WAS_EDA,Undefined,4,Top,1,1,0,Fastball,Four-Seam,BallCalled,Undefined,Undefined,,Undefined,0,0,,151.50631,-0.5393,-2.881844,2353.091012,207.711796,1:00,1.568764,0.56104,1.961359,-34.5811,43.9064,21.763,1.071695,-0.029238,138.20951,-3.17626,-1.331094,0.400088,,,,,,,,,,,,-13.3207,24.0074,-0.499614,15.24,1.555062,1.987135,-41.670697,-0.497634,-3.025383,9.18646,-4.354119,HOS_HOS,WAS_EDA,JinguStadium,TeamExclusive,Team,20200812-JinguStadium-2,42161910-dc6a-11ea-88f9-bd503d6648f4,1d2f1139-be90-4066-b0a3-60a0157ea427,v3,,,,"Rentaro, Ohgaki",1000089958,Right,HOS_HOS,151.6168,,,13.2968,,,,16.477971,-41.942724,4.59323,1.567889,-0.368701,-2.177059,-0.559783,2.076722,-1.512691,,,,,,,,,,,,,,,,,,,,,,,,,,,,,,,,,,,,,,,,,,,,,,,,,,,,,
888,2020/8/12,06:14.4,2020/8/12,06:14.4,2,3,"Kouichi, Takada",1000073775,Right,HOS_HOS,"Takuya, Hiruma",1000074108,Left,WAS_EDA,Undefined,4,Top,1,2,0,Fastball,Four-Seam,BallCalled,Undefined,Undefined,,Undefined,0,0,,149.65289,-0.076078,-1.309898,2275.346577,209.65952,1:00,1.589703,0.536392,1.950078,-38.239,42.3486,22.6487,1.185982,0.395645,136.26963,-2.982072,0.305391,0.405405,,,,,,,,,,,,-12.6741,22.8697,-0.508866,15.24,1.585822,0.827264,-41.191354,-0.175269,-2.805535,9.18949,-4.744205,HOS_HOS,WAS_EDA,JinguStadium,TeamExclusive,Team,20200812-JinguStadium-2,4ed6b740-dc6a-11ea-88f9-bd503d6648f4,1d2f1139-be90-4066-b0a3-60a0157ea427,v3,,,,"Rentaro, Ohgaki",1000089958,Right,HOS_HOS,149.62824,,,13.38326,,,,16.489124,-41.469088,4.594745,1.588952,-0.031885,-2.372102,-0.53515,0.912056,-1.402767,,,,,,,,,,,,,,,,,,,,,,,,,,,,,,,,,,,,,,,,,,,,,,,,,,,,,
889,2020/8/12,06:35.0,2020/8/12,06:35.0,2,4,"Kouichi, Takada",1000073775,Right,HOS_HOS,"Takuya, Hiruma",1000074108,Left,WAS_EDA,Undefined,4,Top,1,3,0,Fastball,Four-Seam,StrikeCalled,Undefined,Undefined,,Undefined,0,0,,150.91465,-1.317938,-2.386056,2333.38213,205.580785,12:45,1.588442,0.545905,1.981806,-33.7771,45.3947,20.4849,0.881591,0.082867,137.27533,-3.906425,-0.923501,0.401828,,,,,,,,,,,,-12.3944,25.4501,-0.495976,15.24,1.55842,1.626069,-41.503601,-1.052811,-2.781142,9.458601,-4.095987,HOS_HOS,WAS_EDA,JinguStadium,TeamExclusive,Team,20200812-JinguStadium-2,5b1ef120-dc6a-11ea-88f9-bd503d6648f4,1d2f1139-be90-4066-b0a3-60a0157ea427,v3,,,,"Rentaro, Ohgaki",1000089958,Right,HOS_HOS,150.96017,,,13.63933,,,,16.457326,-41.780107,4.7293,1.587447,-0.933072,-2.047993,-0.544699,1.70737,-1.390571,,,,,,,,,,,,,,,,,,,,,,,,,,,,,,,,,,,,,,,,,,,,,,,,,,,,,
890,2020/8/12,06:56.6,2020/8/12,06:56.6,2,5,"Kouichi, Takada",1000073775,Right,HOS_HOS,"Takuya, Hiruma",1000074108,Left,WAS_EDA,Undefined,4,Top,1,3,1,Fastball,Four-Seam,BallCalled,Walk,Undefined,,Undefined,0,0,,149.72575,-0.784584,-1.47557,2288.556491,204.16105,12:45,1.604492,0.517345,2.014998,-35.6107,44.3749,18.7379,1.029265,0.292696,136.22038,-3.512831,-0.133874,0.403888,,,,,,,,,,,,-10.8673,24.6376,-0.487545,15.24,1.586302,0.969522,-41.212867,-0.666415,-2.404021,9.341321,-4.356448,HOS_HOS,WAS_EDA,JinguStadium,TeamExclusive,Team,20200812-JinguStadium-2,67fe13d0-dc6a-11ea-88f9-bd503d6648f4,1d2f1139-be90-4066-b0a3-60a0157ea427,v3,,,,"Rentaro, Ohgaki",1000089958,Right,HOS_HOS,150.1903,,,13.50537,,,,16.42416,-41.480401,4.670661,1.603601,-0.541647,-2.178224,-0.516298,1.038372,-1.20201,,,,,,,,,,,,,,,,,,,,,,,,,,,,,,,,,,,,,,,,,,,,,,,,,,,,,
891,2020/8/12,07:31.7,2020/8/12,07:31.7,3,1,"Kouichi, Takada",1000073775,Right,HOS_HOS,"Kazuto, Yoshizawa",1000074012,Right,WAS_EDA,Undefined,4,Top,1,0,0,Fastball,Four-Seam,BallCalled,Undefined,Undefined,,Undefined,0,0,,147.10505,-0.941513,-3.321292,2263.704123,198.971378,12:45,1.601719,0.52319,1.906158,-39.3432,44.4321,14.3789,0.943187,-0.267587,134.53732,-3.91092,-2.301114,0.413345,,,,,,,,,,,,-9.6997,24.4483,-0.448754,15.24,1.577966,2.273885,-40.432565,-0.79249,-2.07866,8.467858,-4.567364,HOS_HOS,WAS_EDA,JinguStadium,TeamExclusive,Team,20200812-JinguStadium-2,7cede130-dc6a-11ea-88f9-bd503d6648f4,1d2f1139-be90-4066-b0a3-60a0157ea427,v3,,,,"Rentaro, Ohgaki",1000089958,Right,HOS_HOS,146.75397,,,12.56774,,,,16.533109,-40.702482,4.233929,1.600907,-0.646903,-2.283682,-0.522291,2.340143,-1.03933,,,,,,,,,,,,,,,,,,,,,,,,,,,,,,,,,,,,,,,,,,,,,,,,,,,,,
892,2020/8/12,08:06.5,2020/8/12,08:06.5,3,2,"Kouichi, Takada",1000073775,Right,HOS_HOS,"Kazuto, Yoshizawa",1000074012,Right,WAS_EDA,Undefined,4,Top,1,1,0,Fastball,Four-Seam,StrikeCalled,Undefined,Undefined,,Undefined,0,0,,146.7446,-1.30741,-2.499166,2262.814762,204.502842,12:45,1.587322,0.554633,1.924346,-37.4169,46.6632,20.0457,0.845679,0.052994,133.94669,-4.148818,-1.073256,0.414096,,,,,,,,,,,,-12.1062,25.9341,-0.49989,15.24,1.555864,1.660641,-40.353051,-1.036112,-2.57786,8.631805,-4.284299,HOS_HOS,WAS_EDA,JinguStadium,TeamExclusive,Team,20200812-JinguStadium-2,91a78360-dc6a-11ea-88f9-bd503d6648f4,1d2f1139-be90-4066-b0a3-60a0157ea427,v3,,,,"Rentaro, Ohgaki",1000089958,Right,HOS_HOS,146.48768,,,12.79791,,,,16.514834,-40.624832,4.315902,1.586363,-0.901216,-2.14215,-0.553454,1.741807,-1.28893,,,,,,,,,,,,,,,,,,,,,,,,,,,,,,,,,,,,,,,,,,,,,,,,,,,,,
893,2020/8/12,08:30.1,2020/8/12,08:30.1,3,3,"Kouichi, Takada",1000073775,Right,HOS_HOS,"Kazuto, Yoshizawa",1000074012,Right,WAS_EDA,Undefined,4,Top,1,1,1,Cutter,Slider,InPlay,Undefined,GroundBall,GroundBall,Single,0,0,,134.37198,-0.011636,-1.518417,2081.00353,116.519326,10:00,1.584101,0.593324,1.74552,-88.1801,12.6982,-20.1207,0.698996,-0.039024,125.06788,-6.375288,-2.935704,0.45358,156.60806,4.463928,2.802764,1356.896874,,,,30.9919,,4.936869,0.778004,9.4214,7.2591,-0.553166,15.24,1.577184,1.07526,-37.021732,-0.362633,1.71425,6.234412,-8.485848,HOS_HOS,WAS_EDA,JinguStadium,TeamExclusive,Team,20200812-JinguStadium-2,9fb7d310-dc6a-11ea-88f9-bd503d6648f4,1d2f1139-be90-4066-b0a3-60a0157ea427,v3,,,,"Rentaro, Ohgaki",1000089958,Right,HOS_HOS,133.73614,1.159727,,9.3041,,,,16.695044,-37.265954,3.117206,1.584878,-0.030215,-4.242924,-0.593972,1.008107,0.857125,0.227648,0.653159,0.043922,281.139036,0.227648,43.318414,-5.647276,0.898745,-0.294898,0.475377,-0.701316,0.536759,-0.165161,0.653159,3.385844,-5.813834,0.56307,-0.110672,0.03381,-0.017334,0.009183,-0.002341,0.043921,2.120688,2.126642,-0.831132,0.562459,-1.282408,1.977682,-1.542843,0.480647,,,,,,,,,,,,,,,,,,,,,,
894,2020/8/12,09:23.8,2020/8/12,09:23.8,4,1,"Kouichi, Takada",1000073775,Right,HOS_HOS,"Moeto, Suzuki",1000074064,Left,WAS_EDA,Undefined,4,Top,1,0,0,Fastball,Four-Seam,BallCalled,Undefined,Undefined,,Undefined,0,0,,151.73157,-1.344373,-0.792337,2354.919547,211.156938,1:00,1.621388,0.565728,2.017074,-37.607,39.9155,22.6679,0.869951,0.571224,138.75282,-4.198522,0.83179,0.39762,,,,,,,,,,,,-12.4062,22.6535,-0.550284,15.24,1.591578,0.466013,-41.786881,-1.097465,-2.834004,9.219654,-4.631797,HOS_HOS,WAS_EDA,JinguStadium,TeamExclusive,Team,20200812-JinguStadium-2,bfba6790-dc6a-11ea-88f9-bd503d6648f4,1d2f1139-be90-4066-b0a3-60a0157ea427,v3,,,,"Rentaro, Ohgaki",1000089958,Right,HOS_HOS,152.55764,,,12.97875,,,,16.422348,-42.046939,4.609827,1.620691,-0.966816,-2.315899,-0.564556,0.545952,-1.417002,,,,,,,,,,,,,,,,,,,,,,,,,,,,,,,,,,,,,,,,,,,,,,,,,,,,,
895,2020/8/12,09:46.1,2020/8/12,09:46.1,4,2,"Kouichi, Takada",1000073775,Right,HOS_HOS,"Moeto, Suzuki",1000074064,Left,WAS_EDA,Undefined,4,Top,1,1,0,Fastball,Four-Seam,StrikeCalled,Undefined,Undefined,,Undefined,0,0,,150.90946,-2.265317,-3.282277,3095.587101,209.43751,1:00,1.594596,0.485795,1.971439,-33.8376,45.5097,24.2145,0.620713,-0.19188,137.52717,-4.849659,-1.556478,0.402273,,,,,,,,,,,,-14.9846,26.1911,-0.416369,15.24,1.543908,2.256542,-41.457734,-1.742559,-3.360248,9.303487,-3.933387,HOS_HOS,WAS_EDA,JinguStadium,TeamExclusive,Team,20200812-JinguStadium-2,cd008970-dc6a-11ea-88f9-bd503d6648f4,1d2f1139-be90-4066-b0a3-60a0157ea427,v3,,,,"Rentaro, Ohgaki",1000089958,Right,HOS_HOS,150.79316,,,13.38228,,,,16.467998,-41.732398,4.651744,1.593639,-1.626435,-1.966693,-0.484452,2.355745,-1.680124,,,,,,,,,,,,,,,,,,,,,,,,,,,,,,,,,,,,,,,,,,,,,,,,,,,,,
896,2020/8/12,10:13.4,2020/8/12,10:13.4,4,3,"Kouichi, Takada",1000073775,Right,HOS_HOS,"Moeto, Suzuki",1000074064,Left,WAS_EDA,Undefined,4,Top,1,1,1,Fastball,Four-Seam,FoulBall,Undefined,Undefined,GroundBall,Undefined,0,0,,151.30515,-1.804456,-3.333615,2652.222477,204.531138,12:45,1.612856,0.52009,1.945907,-33.3446,46.0238,19.7927,0.772457,-0.21771,137.47931,-4.356371,-1.925653,0.402326,107.10815,13.235123,-157.934187,2546.191729,,,,31.798078,,-161.116048,1.245114,-12.8192,26.1469,-0.447955,15.24,1.571296,2.32192,-41.563037,-1.41203,-2.880161,9.620796,-3.932072,HOS_HOS,WAS_EDA,JinguStadium,TeamExclusive,Team,20200812-JinguStadium-2,dd4915e0-dc6a-11ea-88f9-bd503d6648f4,1d2f1139-be90-4066-b0a3-60a0157ea427,v3,,,,"Rentaro, Ohgaki",1000089958,Right,HOS_HOS,150.77319,2.573323,,13.82585,,,,16.493646,-41.852219,4.810398,1.611963,-1.29384,-1.966036,-0.519048,2.408491,-1.44008,0.097088,0.721019,0.235714,51.068449,0.097088,-26.840625,2.144737,-0.066981,0.015025,0.002475,-0.000928,3.60E-05,6.00E-06,0.721019,6.81171,-6.571268,0.614938,-0.109736,0.024555,-0.003644,0.000488,-5.60E-05,0.235714,-10.880196,2.264728,-0.319561,0.063902,-0.010968,0.001627,-0.000292,3.50E-05,,,,,,,,,,,,,,,,,,,,,,
897,2020/8/12,10:43.2,2020/8/12,10:43.2,4,4,"Kouichi, Takada",1000073775,Right,HOS_HOS,"Moeto, Suzuki",1000074064,Left,WAS_EDA,Undefined,4,Top,1,1,2,Splitter,ChangeUp,StrikeSwinging,Strikeout,Undefined,,Undefined,0,0,,135.66203,-0.865221,-2.650895,1636.23072,240.389978,2:00,1.594266,0.556252,1.774383,-89.3273,10.364,13.0224,0.455532,-0.065247,125.171,-7.33095,-1.73205,0.450903,,,,,,,,,,,,-8.4279,6.7944,-0.491079,15.24,1.566314,1.665213,-37.311141,-0.92448,-1.542806,6.995609,-8.562872,HOS_HOS,WAS_EDA,JinguStadium,TeamExclusive,Team,20200812-JinguStadium-2,ef11d9b0-dc6a-11ea-88f9-bd503d6648f4,1d2f1139-be90-4066-b0a3-60a0157ea427,v3,,,,"Rentaro, Ohgaki",1000089958,Right,HOS_HOS,134.52996,,,10.49103,,,,16.665597,-37.577481,3.497805,1.595306,-0.59847,-4.281436,-0.555596,1.723952,-0.771403,,,,,,,,,,,,,,,,,,,,,,,,,,,,,,,,,,,,,,,,,,,,,,,,,,,,,
898,2020/8/12,11:16.3,2020/8/12,11:16.3,5,1,"Kouichi, Takada",1000073775,Right,HOS_HOS,"Soma, Tokuyama",1000074011,Right,WAS_EDA,Undefined,4,Top,2,0,0,Fastball,Four-Seam,FoulBall,Undefined,Undefined,Popup,Undefined,0,0,,147.88176,-1.175732,-2.124684,2200.343589,203.201079,12:45,1.590315,0.472294,1.955525,-39.9319,42.5309,17.1018,0.861272,0.047682,134.96022,-4.198941,-0.905259,0.410094,113.04825,47.50155,162.941749,4335.267556,-32.901588,18.908341,6.450647,60.156488,,171.609744,3.621767,-10.493,23.8845,-0.426944,15.24,1.562476,1.427546,-40.693081,-0.964263,-2.268483,8.910545,-4.64304,HOS_HOS,WAS_EDA,JinguStadium,TeamExclusive,Team,20200812-JinguStadium-2,02c55680-dc6b-11ea-88f9-bd503d6648f4,1d2f1139-be90-4066-b0a3-60a0157ea427,v3,,,,"Rentaro, Ohgaki",1000089958,Right,HOS_HOS,147.91717,18.959165,,12.92154,,,,16.484271,-40.964632,4.455272,1.589706,-0.822765,-2.32152,-0.471502,1.496678,-1.134242,0.600257,0.887315,-0.056042,328.506314,0.600313,-20.28357,0.513655,0.264088,-0.052912,-0.004261,0.005536,-0.001042,6.20E-05,0.887426,23.148741,-8.734491,1.050893,-0.163187,0.008062,0.00251,-0.000378,1.40E-05,-0.055967,6.220242,-2.151229,0.525752,-0.076852,0.000149,0.00207,-0.000287,1.20E-05,,,,,,,,,,,,,,,,,,,,,,
899,2020/8/12,11:42.8,2020/8/12,11:42.8,5,2,"Kouichi, Takada",1000073775,Right,HOS_HOS,"Soma, Tokuyama",1000074011,Right,WAS_EDA,Undefined,4,Top,2,0,1,Fastball,Four-Seam,StrikeSwinging,Undefined,Undefined,,Undefined,0,0,,150.00184,-0.757315,-3.113436,2281.633131,208.202387,1:00,1.614113,0.511884,1.947616,-31.9217,48.8388,24.7308,1.082258,-0.114512,135.95217,-3.219805,-1.353313,0.405839,,,,,,,,,,,,-15.1337,26.7479,-0.444851,15.24,1.595596,2.115507,-41.217578,-0.633034,-3.340432,9.546611,-3.90265,HOS_HOS,WAS_EDA,JinguStadium,TeamExclusive,Team,20200812-JinguStadium-2,12929870-dc6b-11ea-88f9-bd503d6648f4,1d2f1139-be90-4066-b0a3-60a0157ea427,v3,,,,"Rentaro, Ohgaki",1000089958,Right,HOS_HOS,149.46799,,,14.04967,,,,16.491421,-41.506414,4.773305,1.612962,-0.514958,-1.951325,-0.510385,2.216573,-1.670216,,,,,,,,,,,,,,,,,,,,,,,,,,,,,,,,,,,,,,,,,,,,,,,,,,,,,
900,2020/8/12,12:07.9,2020/8/12,12:07.9,5,3,"Kouichi, Takada",1000073775,Right,HOS_HOS,"Soma, Tokuyama",1000074011,Right,WAS_EDA,Undefined,4,Top,2,0,2,Fastball,Four-Seam,FoulBall,Undefined,Undefined,Popup,Undefined,0,0,,149.44414,-1.573541,-2.926914,2211.577858,211.108503,1:00,1.602078,0.459688,1.951329,-29.5046,52.0734,29.7056,0.865308,-0.064333,135.11238,-3.870358,-0.811342,0.407888,108.91314,44.419713,159.524018,4623.796091,-32.370956,15.932218,8.731809,56.931664,,166.929244,3.309566,-17.83,29.2647,-0.397296,15.24,1.565989,1.95284,-41.060524,-1.206458,-3.890028,9.804493,-3.421878,HOS_HOS,WAS_EDA,JinguStadium,TeamExclusive,Team,20200812-JinguStadium-2,2185ce10-dc6b-11ea-88f9-bd503d6648f4,1d2f1139-be90-4066-b0a3-60a0157ea427,v3,,,,"Rentaro, Ohgaki",1000089958,Right,HOS_HOS,148.71724,16.184979,,14.33176,,,,16.488243,-41.357508,4.902247,1.600963,-1.102807,-1.710939,-0.458233,2.070671,-1.945014,0.417854,0.907171,0.061883,325.205317,0.417837,-20.242422,0.71723,0.176902,-0.051888,0.008613,-0.000331,9.90E-05,-2.40E-05,0.907144,21.175783,-8.521333,1.04421,-0.220383,0.047439,-0.010403,0.001747,-0.000127,0.061844,7.560192,-2.265997,0.608072,-0.135987,0.033221,-0.008562,0.001505,-0.000111,,,,,,,,,,,,,,,,,,,,,,
901,2020/8/12,12:36.1,2020/8/12,12:36.1,5,4,"Kouichi, Takada",1000073775,Right,HOS_HOS,"Soma, Tokuyama",1000074011,Right,WAS_EDA,Undefined,4,Top,2,0,2,Cutter,Slider,FoulBall,Undefined,Undefined,Popup,Undefined,0,0,,133.34838,0.622895,-2.074441,2166.148721,163.990979,11:30,1.594579,0.500495,1.750251,-79.4763,23.0557,-5.8268,0.976712,-0.146741,123.69471,-5.14757,-2.484565,0.457282,107.49006,67.463534,147.591505,,-30.673194,21.000384,13.538135,42.623212,,154.65909,4.528063,1.7395,12.2184,-0.447461,15.24,1.604468,1.357074,-36.717838,0.089373,0.311175,6.167851,-7.62096,HOS_HOS,WAS_EDA,JinguStadium,TeamExclusive,Team,20200812-JinguStadium-2,325df050-dc6b-11ea-88f9-bd503d6648f4,1d2f1139-be90-4066-b0a3-60a0157ea427,v3,,,,"Rentaro, Ohgaki",1000089958,Right,HOS_HOS,132.6533,26.788591,,9.65367,,,,16.69003,-36.960611,3.083925,1.595046,0.389342,-3.81048,-0.500635,1.344826,0.155587,0.482537,0.9462,0.141127,345.429226,0.482599,-9.664595,-1.46743,0.875045,-0.209303,0.016144,0.005814,-0.001432,9.40E-05,0.946739,27.56413,-9.059733,1.112646,-0.090602,-0.039909,0.015449,-0.002041,9.80E-05,0.141285,6.12942,-1.240548,0.339389,-0.052687,0.000528,0.001258,-0.000167,6.00E-06,,,,,,,,,,,,,,,,,,,,,,
902,2020/8/12,13:10.8,2020/8/12,13:10.7,5,5,"Kouichi, Takada",1000073775,Right,HOS_HOS,"Soma, Tokuyama",1000074011,Right,WAS_EDA,Undefined,4,Top,2,0,2,Splitter,Slider,StrikeSwinging,Strikeout,Undefined,,Undefined,0,0,,135.95001,-0.746064,-1.65573,1703.735881,138.35457,10:30,1.581176,0.517492,1.736596,-80.1585,18.8785,-14.3498,0.567586,-0.096415,126.10956,-6.543159,-2.666009,0.449421,,,,,,,,,,,,6.2741,10.9519,-0.474045,15.24,1.556061,1.151558,-37.427768,-0.812903,1.163188,6.588355,-7.776231,HOS_HOS,WAS_EDA,JinguStadium,TeamExclusive,Team,20200812-JinguStadium-2,46fd2cb0-dc6b-11ea-88f9-bd503d6648f4,1d2f1139-be90-4066-b0a3-60a0157ea427,v3,,,,"Rentaro, Ohgaki",1000089958,Right,HOS_HOS,134.97364,,,9.84046,,,,16.703395,-37.684487,3.294178,1.581833,-0.509898,-3.888116,-0.518033,1.106234,0.581594,,,,,,,,,,,,,,,,,,,,,,,,,,,,,,,,,,,,,,,,,,,,,,,,,,,,,
903,2020/8/12,15:35.0,2020/8/12,15:35.0,1,1,"Soma, Tokuyama",1000074011,Right,WAS_EDA,"Yudai, Murata",1000073800,Left,HOS_HOS,Undefined,4,Bottom,0,0,0,Fastball,ChangeUp,BallCalled,Undefined,Undefined,,Undefined,0,0,,132.12235,1.150703,-3.613961,1262.344151,218.375382,1:15,1.572623,0.62769,1.827138,-66.3932,38.8356,28.1068,1.234399,-0.113362,120.4153,-3.770875,-1.63052,0.463257,,,,,,,,,,,,-16.9024,20.1251,-0.542631,15.24,1.595907,2.159317,-36.277471,0.500276,-2.909044,6.972185,-6.342968,HOS_HOS,WAS_EDA,JinguStadium,TeamExclusive,Team,20200812-JinguStadium-2,9cfe3be0-dc6b-11ea-88f9-bd503d6648f4,1d2f1139-be90-4066-b0a3-60a0157ea427,v3,,,,"Hisashige, Iwamoto",1000074023,Right,WAS_EDA,130.94244,,,11.70705,,,,16.612048,-36.540214,3.486093,1.57255,0.739308,-3.171484,-0.626069,2.268943,-1.454522,,,,,,,,,,,,,,,,,,,,,,,,,,,,,,,,,,,,,,,,,,,,,,,,,,,,,
904,2020/8/12,15:48.2,2020/8/12,15:48.2,1,2,"Soma, Tokuyama",1000074011,Right,WAS_EDA,"Yudai, Murata",1000073800,Left,HOS_HOS,Undefined,4,Bottom,0,1,0,ChangeUp,Splitter,InPlay,Undefined,FlyBall,FlyBall,Out,1,0,,130.44573,-0.296592,-2.54327,1032.575474,148.250639,11:00,1.60084,0.648415,1.780935,-96.3301,13.4253,-5.9086,0.553443,-0.131543,118.26667,-7.321366,-2.960113,0.473116,155.92134,26.982875,16.685562,1767.502251,31.992033,15.300419,10.031761,108.440402,,18.787688,4.587181,0.9603,8.1437,-0.584858,15.24,1.586706,1.617945,-35.816865,-0.551497,0.158688,7.747557,-8.460946,HOS_HOS,WAS_EDA,JinguStadium,TeamExclusive,Team,20200812-JinguStadium-2,a4d42780-dc6b-11ea-88f9-bd503d6648f4,1d2f1139-be90-4066-b0a3-60a0157ea427,v3,,,,"Hisashige, Iwamoto",1000074023,Right,WAS_EDA,128.21376,21.326293,,12.17906,,,,16.658616,-36.122423,3.873778,1.601877,-0.217804,-4.230473,-0.648545,1.611687,0.079344,0.908028,0.572367,0.096511,194.196662,0.908071,36.970173,-7.085711,1.712331,-0.364153,0.067398,-0.009818,0.000928,-4.00E-05,0.572474,19.64938,-5.026721,0.181712,0.010835,-0.01072,0.002343,-0.00019,4.00E-06,0.096542,11.081331,-1.205269,0.133354,-0.001708,-0.00281,0.00038,-1.10E-05,-1.00E-06,,,,,,,,,,,,,,,,,,,,,,
905,2020/8/12,16:24.5,2020/8/12,16:24.5,2,1,"Soma, Tokuyama",1000074011,Right,WAS_EDA,"Yuki, Satoh",1000073710,Right,HOS_HOS,Undefined,4,Bottom,1,0,0,Fastball,Four-Seam,BallCalled,Undefined,Undefined,,Undefined,0,0,,147.08349,-2.717912,-5.779125,2013.857967,204.976708,12:45,1.598017,0.676148,1.947987,-33.3717,51.3899,22.5684,0.497891,-0.723811,133.39594,-5.280624,-4.183287,0.415771,,,,,,,,,,,,-16.0188,29.612,-0.550312,15.24,1.536181,3.95839,-40.227321,-2.008971,-3.368991,9.068856,-3.578826,HOS_HOS,WAS_EDA,JinguStadium,TeamExclusive,Team,20200812-JinguStadium-2,ba7a9ab0-dc6b-11ea-88f9-bd503d6648f4,1d2f1139-be90-4066-b0a3-60a0157ea427,v3,,,,"Hisashige, Iwamoto",1000074023,Right,WAS_EDA,145.89763,,,13.68755,,,,16.490998,-40.508364,4.534428,1.59672,-1.898063,-1.789413,-0.6746,4.062795,-1.684496,,,,,,,,,,,,,,,,,,,,,,,,,,,,,,,,,,,,,,,,,,,,,,,,,,,,,
906,2020/8/12,16:37.1,2020/8/12,16:37.1,2,2,"Soma, Tokuyama",1000074011,Right,WAS_EDA,"Yuki, Satoh",1000073710,Right,HOS_HOS,Undefined,4,Bottom,1,1,0,Fastball,Four-Seam,BallCalled,Undefined,Undefined,,Undefined,0,0,,146.90835,-3.144524,-3.143236,2159.350036,215.886316,1:15,1.596316,0.66377,1.949491,-39.2431,45.0086,30.5007,0.320212,0.086796,133.74289,-6.117077,-0.971028,0.414519,,,,,,,,,,,,-18.2856,26.6988,-0.596584,15.24,1.525176,2.067443,-40.327912,-2.341649,-3.868823,9.035088,-4.157797,HOS_HOS,WAS_EDA,JinguStadium,TeamExclusive,Team,20200812-JinguStadium-2,c1ff0af0-dc6b-11ea-88f9-bd503d6648f4,1d2f1139-be90-4066-b0a3-60a0157ea427,v3,,,,"Hisashige, Iwamoto",1000074023,Right,WAS_EDA,146.3384,,,13.16547,,,,16.490221,-40.607046,4.517544,1.595536,-2.213196,-2.078899,-0.662303,2.186968,-1.934412,,,,,,,,,,,,,,,,,,,,,,,,,,,,,,,,,,,,,,,,,,,,,,,,,,,,,
907,2020/8/12,16:56.1,2020/8/12,16:56.1,2,3,"Soma, Tokuyama",1000074011,Right,WAS_EDA,"Yuki, Satoh",1000073710,Right,HOS_HOS,Undefined,4,Bottom,1,2,0,Fastball,Four-Seam,StrikeCalled,Undefined,Undefined,,Undefined,0,0,,147.95913,-1.886556,-4.322747,2161.27888,217.548383,1:15,1.581465,0.68624,1.9054,-40.8286,42.8196,30.731,0.641192,-0.223817,134.35587,-4.972268,-2.145399,0.413031,,,,,,,,,,,,-19.0935,24.4295,-0.589914,15.24,1.536167,2.911888,-40.58278,-1.474711,-4.090424,9.16048,-4.573091,HOS_HOS,WAS_EDA,JinguStadium,TeamExclusive,Team,20200812-JinguStadium-2,cd578da0-dc6b-11ea-88f9-bd503d6648f4,1d2f1139-be90-4066-b0a3-60a0157ea427,v3,,,,"Hisashige, Iwamoto",1000074023,Right,WAS_EDA,146.86545,,,13.60326,,,,16.533938,-40.873808,4.58024,1.580711,-1.329424,-2.286546,-0.684489,3.041841,-2.045212,,,,,,,,,,,,,,,,,,,,,,,,,,,,,,,,,,,,,,,,,,,,,,,,,,,,,
908,2020/8/12,17:10.6,2020/8/12,17:10.6,2,4,"Soma, Tokuyama",1000074011,Right,WAS_EDA,"Yuki, Satoh",1000073710,Right,HOS_HOS,Undefined,4,Bottom,2,2,1,Fastball,Four-Seam,BallCalled,Undefined,Undefined,,Undefined,0,0,,147.4127,-0.352152,-4.553937,2152.51381,214.742819,1:15,1.558584,0.67368,1.883626,-38.9254,45.8145,29.7423,1.069896,-0.313374,133.21189,-3.313952,-2.451322,0.415718,,,,,,,,,,,,-18.7546,24.7442,-0.570334,15.24,1.548019,3.06543,-40.419189,-0.371886,-3.973383,9.33055,-4.564302,HOS_HOS,WAS_EDA,JinguStadium,TeamExclusive,Team,20200812-JinguStadium-2,d5f50f00-dc6b-11ea-88f9-bd503d6648f4,1d2f1139-be90-4066-b0a3-60a0157ea427,v3,,,,"Hisashige, Iwamoto",1000074023,Right,WAS_EDA,145.91622,,,14.20081,,,,16.555336,-40.721696,4.665275,1.557677,-0.223907,-2.282151,-0.671807,3.194252,-1.986691,,,,,,,,,,,,,,,,,,,,,,,,,,,,,,,,,,,,,,,,,,,,,,,,,,,,,
909,2020/8/12,17:31.3,2020/8/12,17:31.3,2,5,"Soma, Tokuyama",1000074011,Right,WAS_EDA,"Yuki, Satoh",1000073710,Right,HOS_HOS,Undefined,4,Bottom,2,3,1,Fastball,Four-Seam,InPlay,Undefined,FlyBall,,Out,1,0,,148.18019,-1.474194,-3.588561,2151.22714,219.182418,1:15,1.597379,0.671207,1.94648,-40.0902,42.7799,32.5718,0.782257,-0.010508,134.42483,-4.51845,-1.271379,0.411106,152.15802,48.974699,10.939533,3899.496288,,,,,,,,-19.7485,24.2776,-0.594188,15.24,1.562736,2.393263,-40.699605,-1.177762,-4.247422,9.360602,-4.585121,HOS_HOS,WAS_EDA,JinguStadium,TeamExclusive,Team,20200812-JinguStadium-2,e24f2330-dc6b-11ea-88f9-bd503d6648f4,1d2f1139-be90-4066-b0a3-60a0157ea427,v3,,,,"Hisashige, Iwamoto",1000074023,Right,WAS_EDA,147.55324,35.870034,,13.75536,,,,16.493209,-40.986821,4.680301,1.596716,-1.037075,-2.29256,-0.66962,2.523589,-2.123711,0.520119,0.746443,0.007255,198.675515,0.520119,27.238992,-7.656411,2.050576,-0.517261,0.131416,-0.03068,0.005378,-0.000491,0.746443,31.886394,-7.485026,0.862699,-0.170554,0.03258,-0.006237,0.000956,-7.70E-05,0.007255,5.2649,0.675773,-0.149185,0.03165,-0.007118,0.001542,-0.000255,2.30E-05,,,,,,,,,,,,,,,,,,,,,,
910,2020/8/12,18:06.1,2020/8/12,18:06.1,3,1,"Soma, Tokuyama",1000074011,Right,WAS_EDA,"Ryuji, Hane",1000073684,Right,HOS_HOS,Undefined,4,Bottom,2,0,0,Fastball,Curveball,StrikeCalled,Undefined,Undefined,,Undefined,0,0,,115.29247,2.369064,-0.276133,2448.967692,40.133059,7:15,1.603227,0.596934,1.900234,-181.339,-42.3717,-39.9121,0.456346,0.120171,104.83375,-10.791933,-3.123226,0.532367,,,,,,,,,,,,20.3815,-22.4398,-0.588426,15.24,1.646691,0.311776,-31.709791,0.690336,2.619802,6.442567,-12.691024,HOS_HOS,WAS_EDA,JinguStadium,TeamExclusive,Team,20200812-JinguStadium-2,f70bd2a0-dc6b-11ea-88f9-bd503d6648f4,1d2f1139-be90-4066-b0a3-60a0157ea427,v3,,,,"Hisashige, Iwamoto",1000074023,Right,WAS_EDA,113.94399,,,10.45872,,,,16.54091,-31.973008,3.221283,1.607895,1.20884,-6.345512,-0.598977,0.204742,1.309901,,,,,,,,,,,,,,,,,,,,,,,,,,,,,,,,,,,,,,,,,,,,,,,,,,,,,
911,2020/8/12,18:19.0,2020/8/12,18:18.9,3,2,"Soma, Tokuyama",1000074011,Right,WAS_EDA,"Ryuji, Hane",1000073684,Right,HOS_HOS,Undefined,4,Bottom,2,0,1,Fastball,Slider,StrikeCalled,Undefined,Undefined,,Undefined,0,0,,136.70297,-0.039062,-2.610581,2298.381247,144.151796,10:45,1.571782,0.671939,1.75087,-91.9436,9.8313,-4.1819,0.64125,-0.111227,122.02838,-6.766268,-2.904986,0.455591,,,,,,,,,,,,-0.2992,6.3262,-0.605472,15.24,1.564267,1.729298,-37.45369,-0.403961,-0.053331,9.388738,-8.678972,HOS_HOS,WAS_EDA,JinguStadium,TeamExclusive,Team,20200812-JinguStadium-2,feb2e610-dc6b-11ea-88f9-bd503d6648f4,1d2f1139-be90-4066-b0a3-60a0157ea427,v3,,,,"Hisashige, Iwamoto",1000074023,Right,WAS_EDA,133.14579,,,14.67459,,,,16.687011,-37.814681,4.694369,1.573383,-0.07026,-4.339486,-0.672002,1.731349,-0.026666,,,,,,,,,,,,,,,,,,,,,,,,,,,,,,,,,,,,,,,,,,,,,,,,,,,,,
912,2020/8/12,18:38.3,2020/8/12,18:38.3,3,3,"Soma, Tokuyama",1000074011,Right,WAS_EDA,"Ryuji, Hane",1000073684,Right,HOS_HOS,Undefined,4,Bottom,2,0,2,Fastball,Four-Seam,InPlay,Strikeout,GroundBall,,Out,3,0,,148.38988,-1.63861,-4.448596,2078.684703,219.00114,1:15,1.584624,0.654927,1.885434,-39.7716,43.3411,32.8788,0.72423,-0.270788,135.0895,-4.640755,-2.122621,0.411707,,,,,,,,,,,,-20.0915,24.3716,-0.554341,15.24,1.544357,2.997404,-40.706715,-1.29973,-4.346282,8.920672,-4.534485,HOS_HOS,WAS_EDA,JinguStadium,TeamExclusive,Team,20200812-JinguStadium-2,0a3e3890-dc6c-11ea-88f9-bd503d6648f4,1d2f1139-be90-4066-b0a3-60a0157ea427,v3,,,,"Hisashige, Iwamoto",1000074023,Right,WAS_EDA,147.33774,,,13.30038,,,,16.553914,-40.993642,4.460336,1.583817,-1.153882,-2.267242,-0.652998,3.137199,-2.173141,,,,,,,,,,,,,,,,,,,,,,,,,,,,,,,,83.36202,2.861577,1.479936,1.381641,-0.636216,0.635252,0.308936,-1.610137,1.620183,1.298577,21.455866,2.711309,16.577216,-1.550407,18.472424,-1.304987,1.652546,6.534069,-4.165673,1.30678,11.416073,-0.261369
913,2020/8/12,20:39.5,2020/8/12,20:39.5,1,1,"Kouichi, Takada",1000073775,Right,HOS_HOS,"Toyo, Kumada",1000089879,Left,WAS_EDA,Undefined,5,Top,0,0,0,Fastball,Four-Seam,FoulBall,Undefined,Undefined,LineDrive,Undefined,0,0,,148.24092,-1.026837,-2.417506,2233.430395,216.31486,1:15,1.607932,0.529129,1.976783,-36.7326,46.216,31.7652,0.95297,0.169868,133.44452,-3.85555,-0.14985,0.4113,132.34912,15.536367,-37.146256,3975.264973,24.741843,5.90954,-22.626662,61.049853,,-46.320229,2.235126,-18.5168,25.8447,-0.478886,15.24,1.583913,1.561934,-40.735337,-0.835801,-3.956831,10.042971,-4.283933,HOS_HOS,WAS_EDA,JinguStadium,TeamExclusive,Team,20200812-JinguStadium-2,527c06a0-dc6c-11ea-88f9-bd503d6648f4,1d2f1139-be90-4066-b0a3-60a0157ea427,v3,,,,"Rentaro, Ohgaki",1000089958,Right,HOS_HOS,147.48342,5.916076,,14.7964,,,,16.462214,-41.035557,5.021486,1.606984,-0.707739,-2.141966,-0.527346,1.680218,-1.978416,0.036576,0.931832,-0.166325,114.320071,0.036576,28.23341,-6.278925,1.383142,-0.290833,0.055311,-0.0095,0.001283,-8.90E-05,0.931832,9.847143,-5.137885,0.29855,-0.030421,0.001688,0.000691,-0.000107,2.00E-06,-0.166325,-21.388642,0.43798,0.310665,-0.129674,0.038543,-0.008262,0.001204,-8.90E-05,,,,,,,,,,,,,,,,,,,,,,
914,2020/8/12,21:05.2,2020/8/12,21:05.1,1,2,"Kouichi, Takada",1000073775,Right,HOS_HOS,"Toyo, Kumada",1000089879,Left,WAS_EDA,Undefined,5,Top,0,0,1,Splitter,ChangeUp,BallCalled,Undefined,Undefined,,Undefined,0,0,,134.56991,-2.572427,-2.566521,1649.568792,224.973897,1:30,1.609834,0.57618,1.775055,-82.5463,19.9675,16.5387,0.054227,0.013832,123.18757,-8.565917,-1.398642,0.457242,,,,,,,,,,,,-10.4622,13.084,-0.513437,15.24,1.539776,1.579019,-36.945405,-1.981611,-1.856587,7.626868,-7.484796,HOS_HOS,WAS_EDA,JinguStadium,TeamExclusive,Team,20200812-JinguStadium-2,61bebbd0-dc6c-11ea-88f9-bd503d6648f4,1d2f1139-be90-4066-b0a3-60a0157ea427,v3,,,,"Rentaro, Ohgaki",1000089958,Right,HOS_HOS,132.66508,,,11.38234,,,,16.664896,-37.238394,3.813434,1.610377,-1.69408,-3.742398,-0.575465,1.65034,-0.928293,,,,,,,,,,,,,,,,,,,,,,,,,,,,,,,,,,,,,,,,,,,,,,,,,,,,,
915,2020/8/12,21:24.6,2020/8/12,21:24.6,1,3,"Kouichi, Takada",1000073775,Right,HOS_HOS,"Toyo, Kumada",1000089879,Left,WAS_EDA,Undefined,5,Top,0,1,1,Fastball,Four-Seam,InPlay,Undefined,LineDrive,LineDrive,Out,1,0,,151.84257,-0.638514,-2.15154,2319.158164,212.920889,1:00,1.58922,0.50694,1.860125,-35.8224,43.5912,26.5287,1.050881,0.165477,137.93579,-3.357579,-0.271111,0.402441,146.05818,19.034806,-22.230455,2853.822575,29.932106,9.482256,-15.105663,85.397027,,-32.273742,3.111196,-15.3056,23.7561,-0.458174,15.24,1.571987,1.430319,-41.754262,-0.586682,-3.472392,9.662352,-4.417065,HOS_HOS,WAS_EDA,JinguStadium,TeamExclusive,Team,20200812-JinguStadium-2,6d533610-dc6c-11ea-88f9-bd503d6648f4,1d2f1139-be90-4066-b0a3-60a0157ea427,v3,,,,"Rentaro, Ohgaki",1000089958,Right,HOS_HOS,150.73022,10.375129,,13.90678,,,,16.579495,-42.063092,4.831176,1.588482,-0.445503,-2.208533,-0.505664,1.541304,-1.736196,0.190056,1.095004,-0.187703,121.777886,0.190057,35.50239,-6.806635,1.525399,-0.31349,0.055857,-0.008331,0.000923,-5.10E-05,1.095004,13.232182,-5.055503,0.251996,-0.004433,-0.006547,0.002427,-0.000332,1.60E-05,-0.187698,-14.510539,-1.060474,0.705186,-0.228024,0.057609,-0.010545,0.001246,-7.10E-05,,,,,,,,,,,,,,,,,,,,,,
916,2020/8/12,21:52.7,2020/8/12,21:52.6,2,1,"Kouichi, Takada",1000073775,Right,HOS_HOS,"Ginsuke, Kaneko",1000073884,Right,WAS_EDA,Undefined,5,Top,1,0,0,Fastball,Four-Seam,BallCalled,Undefined,Undefined,,Undefined,0,0,,150.82144,0.139662,-2.450575,2209.76115,202.853252,12:45,1.61801,0.518931,1.916317,-36.5363,43.3507,17.1793,1.291913,0.001952,137.06372,-2.640319,-1.229356,0.403639,,,,,,,,,,,,-10.6314,23.1126,-0.464791,15.24,1.618919,1.685186,-41.470256,-0.014404,-2.382978,9.39813,-4.626058,HOS_HOS,WAS_EDA,JinguStadium,TeamExclusive,Team,20200812-JinguStadium-2,7e0f92f0-dc6c-11ea-88f9-bd503d6648f4,1d2f1139-be90-4066-b0a3-60a0157ea427,v3,,,,"Rentaro, Ohgaki",1000089958,Right,HOS_HOS,150.28293,,,13.75772,,,,16.522666,-41.759926,4.699065,1.617166,0.128181,-2.313029,-0.517864,1.758634,-1.191489,,,,,,,,,,,,,,,,,,,,,,,,,,,,,,,,,,,,,,,,,,,,,,,,,,,,,
917,2020/8/12,22:05.0,2020/8/12,22:05.0,2,2,"Kouichi, Takada",1000073775,Right,HOS_HOS,"Ginsuke, Kaneko",1000073884,Right,WAS_EDA,Undefined,5,Top,1,1,0,Slider,Curveball,InPlay,Undefined,GroundBall,,Out,1,0,,118.70873,1.895758,-1.355583,2147.019594,37.882485,7:15,1.550759,0.574154,1.457285,-170.0208,-32.6008,-28.9582,0.398599,-0.107136,108.57386,-10.108965,-3.363756,0.529395,,,,,,,,,,,,13.2458,-16.4335,-0.529615,15.24,1.590468,0.907607,-32.583644,0.35975,1.817311,6.245651,-12.06132,HOS_HOS,WAS_EDA,JinguStadium,TeamExclusive,Team,20200812-JinguStadium-2,856c7e00-dc6c-11ea-88f9-bd503d6648f4,1d2f1139-be90-4066-b0a3-60a0157ea427,v3,,,,"Rentaro, Ohgaki",1000089958,Right,HOS_HOS,114.58365,,,10.13487,,,,16.983658,-32.916172,3.122826,1.554219,1.001914,-6.03066,-0.575362,0.81085,0.908656,,,,,,,,,,,,,,,,,,,,,,,,,,,,,,,,,,,,,,,,,,,,,,,,,,,,,
918,2020/8/12,22:34.3,2020/8/12,22:34.3,3,1,"Kouichi, Takada",1000073775,Right,HOS_HOS,"Takuya, Nakagawa",1000074092,Left,WAS_EDA,Undefined,5,Top,2,0,0,Slider,Curveball,BallCalled,Undefined,Undefined,,Undefined,0,0,,121.06759,1.538203,-1.928527,2217.320455,32.420694,7:00,1.581502,0.528694,1.666367,-163.3753,-34.9607,-24.8582,0.386885,-0.27022,111.11032,-10.1214,-3.674042,0.511755,,,,,,,,,,,,11.0722,-17.703,-0.474866,15.24,1.609262,1.23163,-33.27623,0.244658,1.587793,6.397235,-12.345328,HOS_HOS,WAS_EDA,JinguStadium,TeamExclusive,Team,20200812-JinguStadium-2,96e63770-dc6c-11ea-88f9-bd503d6648f4,1d2f1139-be90-4066-b0a3-60a0157ea427,v3,,,,"Rentaro, Ohgaki",1000089958,Right,HOS_HOS,118.53336,,,9.95727,,,,16.774683,-33.569971,3.198618,1.585014,0.811516,-6.172664,-0.529744,1.158723,0.793897,,,,,,,,,,,,,,,,,,,,,,,,,,,,,,,,,,,,,,,,,,,,,,,,,,,,,
919,2020/8/12,22:45.5,2020/8/12,22:45.5,3,2,"Kouichi, Takada",1000073775,Right,HOS_HOS,"Takuya, Nakagawa",1000074092,Left,WAS_EDA,Undefined,5,Top,2,1,0,Cutter,Slider,BallCalled,Undefined,Undefined,,Undefined,0,0,,132.93851,1.430984,-1.295396,3433.084933,151.249681,11:00,1.566671,0.608048,1.719002,-85.6123,19.5657,-8.9089,1.117619,0.150567,121.31344,-4.809017,-1.921535,0.463145,,,,,,,,,,,,3.5555,9.9566,-0.573835,15.24,1.597246,0.870267,-36.535467,0.57125,0.6199,7.153962,-8.070737,HOS_HOS,WAS_EDA,JinguStadium,TeamExclusive,Team,20200812-JinguStadium-2,9d94ba10-dc6c-11ea-88f9-bd503d6648f4,1d2f1139-be90-4066-b0a3-60a0157ea427,v3,,,,"Rentaro, Ohgaki",1000089958,Right,HOS_HOS,130.97402,,,11.62507,,,,16.720074,-36.824138,3.576981,1.567625,0.896914,-4.035369,-0.608447,0.845254,0.30995,,,,,,,,,,,,,,,,,,,,,,,,,,,,,,,,,,,,,,,,,,,,,,,,,,,,,
920,2020/8/12,23:00.2,2020/8/12,23:00.2,3,3,"Kouichi, Takada",1000073775,Right,HOS_HOS,"Takuya, Nakagawa",1000074092,Left,WAS_EDA,Undefined,5,Top,2,2,0,Fastball,Four-Seam,StrikeCalled,Undefined,Undefined,,Undefined,0,0,,149.07549,-2.211526,-3.684492,2267.659418,211.886204,1:00,1.572651,0.547235,1.934483,-35.4457,46.5906,27.2488,0.596097,-0.215486,135.36255,-4.91711,-1.748181,0.409032,,,,,,,,,,,,-16.8729,26.6944,-0.467009,15.24,1.521502,2.49717,-40.916107,-1.689783,-3.672635,9.349304,-3.996224,HOS_HOS,WAS_EDA,JinguStadium,TeamExclusive,Team,20200812-JinguStadium-2,a657c4d0-dc6c-11ea-88f9-bd503d6648f4,1d2f1139-be90-4066-b0a3-60a0157ea427,v3,,,,"Rentaro, Ohgaki",1000089958,Right,HOS_HOS,148.30121,,,13.71294,,,,16.504789,-41.204097,4.674652,1.571657,-1.566686,-1.998112,-0.545672,2.610299,-1.836317,,,,,,,,,,,,,,,,,,,,,,,,,,,,,,,,,,,,,,,,,,,,,,,,,,,,,
921,2020/8/12,23:14.7,2020/8/12,23:14.6,3,4,"Kouichi, Takada",1000073775,Right,HOS_HOS,"Takuya, Nakagawa",1000074092,Left,WAS_EDA,Undefined,5,Top,2,2,1,Fastball,Four-Seam,StrikeCalled,Undefined,Undefined,,Undefined,0,0,,150.50227,-2.32278,-2.87701,2344.135019,213.296173,1:00,1.55768,0.566054,1.93936,-32.4976,48.0748,29.7279,0.580004,0.055677,136.26118,-4.822736,-0.760961,0.405366,,,,,,,,,,,,-17.5633,27.5689,-0.504061,15.24,1.504445,1.92322,-41.324133,-1.76968,-3.887313,9.799578,-3.704786,HOS_HOS,WAS_EDA,JinguStadium,TeamExclusive,Team,20200812-JinguStadium-2,aef34a60-dc6c-11ea-88f9-bd503d6648f4,1d2f1139-be90-4066-b0a3-60a0157ea427,v3,,,,"Rentaro, Ohgaki",1000089958,Right,HOS_HOS,149.64239,,,14.24109,,,,16.499625,-41.621767,4.899789,1.556486,-1.657158,-1.852393,-0.564267,2.041286,-1.943657,,,,,,,,,,,,,,,,,,,,,,,,,,,,,,,,,,,,,,,,,,,,,,,,,,,,,
922,2020/8/12,23:33.3,2020/8/12,23:33.3,3,5,"Kouichi, Takada",1000073775,Right,HOS_HOS,"Takuya, Nakagawa",1000074092,Left,WAS_EDA,Undefined,5,Top,2,2,2,Fastball,Four-Seam,StrikeSwinging,Strikeout,Undefined,,Undefined,0,0,,151.45195,-1.052352,-3.242904,2350.334188,202.29121,12:45,1.610493,0.495593,1.971315,-31.9824,47.0649,18.1992,0.995574,-0.231184,137.28189,-3.517188,-1.946205,0.401512,,,,,,,,,,,,-11.8788,26.1,-0.426681,15.24,1.58598,2.264217,-41.608597,-0.853359,-2.671085,9.756503,-3.937752,HOS_HOS,WAS_EDA,JinguStadium,TeamExclusive,Team,20200812-JinguStadium-2,ba1553c0-dc6c-11ea-88f9-bd503d6648f4,1d2f1139-be90-4066-b0a3-60a0157ea427,v3,,,,"Rentaro, Ohgaki",1000089958,Right,HOS_HOS,151.07898,,,14.17006,,,,16.467587,-41.895456,4.878252,1.609368,-0.737582,-1.968876,-0.494408,2.342752,-1.335543,,,,,,,,,,,,,,,,,,,,,,,,,,,,,,,,,,,,,,,,,,,,,,,,,,,,,
923,2020/8/12,25:36.4,2020/8/12,25:36.4,1,1,"Soma, Tokuyama",1000074011,Right,WAS_EDA,"Kiri, Takata",1000073715,Left,HOS_HOS,Undefined,5,Bottom,0,0,0,ChangeUp,ChangeUp,BallCalled,Undefined,Undefined,,Undefined,0,0,,131.0903,0.459773,-1.856703,3344.596329,244.272466,2:15,1.603623,0.619251,1.807638,-88.1538,19.9193,33.4352,0.852176,0.428361,118.58947,-6.017748,0.507836,0.469476,,,,,,,,,,,,-18.4209,11.0506,-0.576184,15.24,1.60897,1.006757,-36.008113,-0.041826,-3.084593,7.66601,-7.956207,HOS_HOS,WAS_EDA,JinguStadium,TeamExclusive,Team,20200812-JinguStadium-2,0374e580-dc6d-11ea-88f9-bd503d6648f4,1d2f1139-be90-4066-b0a3-60a0157ea427,v3,,,,"Hisashige, Iwamoto",1000074023,Right,WAS_EDA,129.20787,,,12.50082,,,,16.631081,-36.303062,3.833005,1.60469,0.264288,-3.978103,-0.617202,1.125437,-1.542297,,,,,,,,,,,,,,,,,,,,,,,,,,,,,,,,,,,,,,,,,,,,,,,,,,,,,
924,2020/8/12,25:49.0,2020/8/12,25:49.0,1,2,"Soma, Tokuyama",1000074011,Right,WAS_EDA,"Kiri, Takata",1000073715,Left,HOS_HOS,Undefined,5,Bottom,0,1,0,Slider,Slider,BallCalled,Undefined,Undefined,,Undefined,0,0,,129.83749,2.060333,-0.778017,2289.904437,99.504465,9:15,1.567404,0.67262,1.735854,-104.622,6.5293,-16.0283,1.106715,0.291332,117.42879,-5.558867,-1.906103,0.476115,,,,,,,,,,,,7.446,2.9412,-0.65153,15.24,1.612471,0.562036,-35.647722,0.865823,1.222692,7.478362,-9.323681,HOS_HOS,WAS_EDA,JinguStadium,TeamExclusive,Team,20200812-JinguStadium-2,0aee8050-dc6d-11ea-88f9-bd503d6648f4,1d2f1139-be90-4066-b0a3-60a0157ea427,v3,,,,"Hisashige, Iwamoto",1000074023,Right,WAS_EDA,127.40615,,,12.4087,,,,16.703034,-35.953335,3.739181,1.569303,1.246847,-4.661841,-0.673477,0.512069,0.611346,,,,,,,,,,,,,,,,,,,,,,,,,,,,,,,,,,,,,,,,,,,,,,,,,,,,,
925,2020/8/12,26:03.7,2020/8/12,26:03.7,1,3,"Soma, Tokuyama",1000074011,Right,WAS_EDA,"Kiri, Takata",1000073715,Left,HOS_HOS,Undefined,5,Bottom,0,2,0,Fastball,Four-Seam,StrikeCalled,Undefined,Undefined,,Undefined,0,0,,145.50141,-1.989332,-3.208819,2036.246025,218.371059,1:15,1.576192,0.677444,1.975075,-41.74,43.7193,32.3488,0.600943,0.101946,132.37007,-5.154586,-0.90169,0.417479,,,,,,,,,,,,-19.2184,25.1747,-0.610174,15.24,1.531193,2.084847,-39.975361,-1.518934,-3.997408,8.837941,-4.570333,HOS_HOS,WAS_EDA,JinguStadium,TeamExclusive,Team,20200812-JinguStadium-2,13b50d80-dc6d-11ea-88f9-bd503d6648f4,1d2f1139-be90-4066-b0a3-60a0157ea427,v3,,,,"Hisashige, Iwamoto",1000074023,Right,WAS_EDA,145.30087,,,13.13134,,,,16.464302,-40.245125,4.41897,1.575427,-1.379432,-2.285166,-0.675673,2.206862,-1.998704,,,,,,,,,,,,,,,,,,,,,,,,,,,,,,,,,,,,,,,,,,,,,,,,,,,,,
926,2020/8/12,26:17.4,2020/8/12,26:17.4,1,4,"Soma, Tokuyama",1000074011,Right,WAS_EDA,"Kiri, Takata",1000073715,Left,HOS_HOS,Undefined,5,Bottom,0,2,1,Fastball,Four-Seam,InPlay,Undefined,LineDrive,LineDrive,Out,1,0,,147.47441,-2.315248,-3.424558,2014.237979,200.280646,12:45,1.580289,0.680437,1.872762,-29.7865,54.8624,19.1862,0.628802,-0.093392,133.5859,-4.620353,-2.066352,0.415495,81.84838,37.026933,-3.593042,2711.81289,33.22447,7.505467,-4.501233,42.966337,,-8.854134,3.006054,-12.5526,30.9984,-0.602048,15.24,1.524581,2.324386,-40.464962,-1.719822,-2.66532,9.35568,-3.224678,HOS_HOS,WAS_EDA,JinguStadium,TeamExclusive,Team,20200812-JinguStadium-2,1be09330-dc6d-11ea-88f9-bd503d6648f4,1d2f1139-be90-4066-b0a3-60a0157ea427,v3,,,,"Hisashige, Iwamoto",1000074023,Right,WAS_EDA,145.9947,10.247773,,13.88851,,,,16.566621,-40.770529,4.67784,1.579033,-1.6145,-1.612339,-0.679387,2.411438,-1.33266,0.26408,0.612559,0.1018,152.799568,0.26408,18.115139,-2.351291,0.51002,-0.067182,-0.002947,0.003195,-0.000586,4.20E-05,0.612558,13.691689,-5.190303,0.318812,-0.096464,0.033711,-0.009193,0.001702,-0.000138,0.1018,-1.137527,-0.620869,0.133891,-0.020625,0.001487,-5.00E-06,2.00E-06,0,,,,,,,,,,,,,,,,,,,,,,
927,2020/8/12,26:47.8,2020/8/12,26:47.8,2,1,"Soma, Tokuyama",1000074011,Right,WAS_EDA,"Rentaro, Ohgaki",1000089958,Right,HOS_HOS,Undefined,5,Bottom,1,0,0,Curveball,Curveball,BallCalled,Undefined,Undefined,,Undefined,0,0,,113.95825,1.97574,-0.416853,2419.517033,34.144391,7:15,1.615796,0.584021,1.912061,-179.8471,-38.8739,-29.5754,0.37268,0.171143,104.44093,-11.062768,-2.52896,0.536195,,,,,,,,,,,,15.0299,-20.4217,-0.57298,15.24,1.650038,0.341881,-31.370365,0.48329,1.905231,5.944036,-12.395359,HOS_HOS,WAS_EDA,JinguStadium,TeamExclusive,Team,20200812-JinguStadium-2,2e01fe50-dc6d-11ea-88f9-bd503d6648f4,1d2f1139-be90-4066-b0a3-60a0157ea427,v3,,,,"Hisashige, Iwamoto",1000074023,Right,WAS_EDA,113.13047,,,9.51732,,,,16.52922,-31.613702,2.972018,1.619866,0.990731,-6.19768,-0.58538,0.263885,0.952616,,,,,,,,,,,,,,,,,,,,,,,,,,,,,,,,,,,,,,,,,,,,,,,,,,,,,
928,2020/8/12,27:01.5,2020/8/12,27:01.5,2,2,"Soma, Tokuyama",1000074011,Right,WAS_EDA,"Rentaro, Ohgaki",1000089958,Right,HOS_HOS,Undefined,5,Bottom,1,1,0,Fastball,Four-Seam,StrikeCalled,Undefined,Undefined,,Undefined,0,0,,147.27727,-2.339745,-3.318985,2222.641269,221.781859,1:30,1.571309,0.673735,2.004384,-40.0173,43.3655,36.1801,0.51605,0.107316,133.62492,-5.387623,-0.73393,0.412376,,,,,,,,,,,,-21.4504,25.3846,-0.605871,15.24,1.520159,2.171047,-40.448118,-1.775157,-4.553331,9.303339,-4.418199,HOS_HOS,WAS_EDA,JinguStadium,TeamExclusive,Team,20200812-JinguStadium-2,3629b370-dc6d-11ea-88f9-bd503d6648f4,1d2f1139-be90-4066-b0a3-60a0157ea427,v3,,,,"Hisashige, Iwamoto",1000074023,Right,WAS_EDA,147.09893,,,13.65235,,,,16.43501,-40.722051,4.651669,1.570513,-1.645065,-2.2091,-0.671771,2.305117,-2.276665,,,,,,,,,,,,,,,,,,,,,,,,,,,,,,,,,,,,,,,,,,,,,,,,,,,,,
929,2020/8/12,27:15.1,2020/8/12,27:15.1,2,3,"Soma, Tokuyama",1000074011,Right,WAS_EDA,"Rentaro, Ohgaki",1000089958,Right,HOS_HOS,Undefined,5,Bottom,1,1,1,Cutter,Slider,StrikeSwinging,Undefined,Undefined,,Undefined,0,0,,133.26109,-0.440688,-3.170554,1075.291616,139.066171,10:45,1.613805,0.649099,1.760115,-93.8257,12.5633,-7.4178,0.550367,-0.325231,119.89646,-7.28687,-3.692576,0.465804,,,,,,,,,,,,0.9868,8.0429,-0.568696,15.24,1.596072,2.059747,-36.521888,-0.653564,0.168369,8.502625,-8.434315,HOS_HOS,WAS_EDA,JinguStadium,TeamExclusive,Team,20200812-JinguStadium-2,3e3ccf20-dc6d-11ea-88f9-bd503d6648f4,1d2f1139-be90-4066-b0a3-60a0157ea427,v3,,,,"Hisashige, Iwamoto",1000074023,Right,WAS_EDA,130.22653,,,13.36463,,,,16.678234,-36.855201,4.251313,1.615212,-0.322929,-4.217157,-0.649312,2.053147,0.084185,,,,,,,,,,,,,,,,,,,,,,,,,,,,,,,,,,,,,,,,,,,,,,,,,,,,,
930,2020/8/12,27:35.4,2020/8/12,27:35.4,2,4,"Soma, Tokuyama",1000074011,Right,WAS_EDA,"Rentaro, Ohgaki",1000089958,Right,HOS_HOS,Undefined,5,Bottom,1,1,2,Fastball,Four-Seam,BallCalled,Undefined,Undefined,,Undefined,0,0,,149.18223,-0.646556,-4.802798,2116.502572,219.803628,1:15,1.579949,0.63953,1.892583,-38.4921,43.8037,34.2227,1.012499,-0.372482,135.44967,-3.564089,-2.383021,0.409679,,,,,,,,,,,,-21.0972,23.9018,-0.531398,15.24,1.562729,3.260267,-40.913878,-0.588168,-4.603534,9.134843,-4.591134,HOS_HOS,WAS_EDA,JinguStadium,TeamExclusive,Team,20200812-JinguStadium-2,4a5a7690-dc6d-11ea-88f9-bd503d6648f4,1d2f1139-be90-4066-b0a3-60a0157ea427,v3,,,,"Hisashige, Iwamoto",1000074023,Right,WAS_EDA,148.06722,,,13.73256,,,,16.54672,-41.204597,4.567421,1.579123,-0.442054,-2.295567,-0.637488,3.406775,-2.301767,,,,,,,,,,,,,,,,,,,,,,,,,,,,,,,,,,,,,,,,,,,,,,,,,,,,,
931,2020/8/12,27:48.9,2020/8/12,27:48.9,2,5,"Soma, Tokuyama",1000074011,Right,WAS_EDA,"Rentaro, Ohgaki",1000089958,Right,HOS_HOS,Undefined,5,Bottom,1,2,2,Cutter,Slider,InPlay,Undefined,GroundBall,GroundBall,Out,1,0,,132.77873,1.22549,-2.085527,1988.017728,110.676096,9:45,1.605859,0.653849,1.862127,-98.7005,6.0833,-6.407,0.964527,0.001735,120.09377,-6.012136,-2.539701,0.462276,143.70832,3.419023,12.6964,2173.530736,,,,23.6094,,14.986977,0.631049,1.6091,3.1971,-0.604655,15.24,1.628413,1.357787,-36.477972,0.408363,0.275945,8.002997,-9.258387,HOS_HOS,WAS_EDA,JinguStadium,TeamExclusive,Team,20200812-JinguStadium-2,526b6f60-dc6d-11ea-88f9-bd503d6648f4,1d2f1139-be90-4066-b0a3-60a0157ea427,v3,,,,"Hisashige, Iwamoto",1000074023,Right,WAS_EDA,131.22025,1.12186,,12.68496,,,,16.577261,-36.770187,4.001498,1.607331,0.746416,-4.629194,-0.654048,1.347711,0.137973,0.266825,0.897696,0.001149,291.980524,0.266825,38.873578,-5.386933,0.678777,-0.116559,0.015295,-0.000384,-0.001111,0.000511,0.897696,2.38068,-6.45524,0.762238,-0.151981,0.035323,-0.006982,0.00137,-0.000201,0.001149,8.757973,1.822607,-0.679335,0.163875,-0.04055,0.009027,-0.001799,0.000242,,,,,,,,,,,,,,,,,,,,,,
932,2020/8/12,28:21.6,2020/8/12,28:21.6,3,1,"Soma, Tokuyama",1000074011,Right,WAS_EDA,"Kouichi, Takada",1000073775,Right,HOS_HOS,Undefined,5,Bottom,2,0,0,Slider,Slider,StrikeCalled,Undefined,Undefined,,Undefined,0,0,,130.82228,0.464112,-1.67328,2148.848179,92.606692,9:00,1.592046,0.632234,1.775661,-105.6946,5.0936,-14.8081,0.666665,0.009895,116.80165,-7.267747,-2.718579,0.475337,,,,,,,,,,,,5.8936,3.6479,-0.58957,15.24,1.596404,1.120785,-35.86593,-0.127032,0.962037,8.695317,-9.211192,HOS_HOS,WAS_EDA,JinguStadium,TeamExclusive,Team,20200812-JinguStadium-2,65ebf550-dc6d-11ea-88f9-bd503d6648f4,1d2f1139-be90-4066-b0a3-60a0157ea427,v3,,,,"Hisashige, Iwamoto",1000074023,Right,WAS_EDA,127.61481,,,14.02062,,,,16.66219,-36.209083,4.347658,1.594244,0.23648,-4.605596,-0.633052,1.082819,0.481018,,,,,,,,,,,,,,,,,,,,,,,,,,,,,,,,,,,,,,,,,,,,,,,,,,,,,
933,2020/8/12,28:35.1,2020/8/12,28:35.1,3,2,"Soma, Tokuyama",1000074011,Right,WAS_EDA,"Kouichi, Takada",1000073775,Right,HOS_HOS,Undefined,5,Bottom,2,0,1,Fastball,Four-Seam,BallCalled,Undefined,Undefined,,Undefined,0,0,,148.93838,-3.345944,-4.958858,2217.707108,207.610166,1:00,1.580197,0.656338,1.984856,-29.9616,52.5296,25.9151,0.340143,-0.474965,134.56459,-5.675791,-3.11734,0.410165,,,,,,,,,,,,-17.4475,30.9889,-0.551931,15.24,1.507069,3.409444,-40.76483,-2.465839,-3.749057,9.726267,-3.147867,HOS_HOS,WAS_EDA,JinguStadium,TeamExclusive,Team,20200812-JinguStadium-2,6df5e940-dc6d-11ea-88f9-bd503d6648f4,1d2f1139-be90-4066-b0a3-60a0157ea427,v3,,,,"Hisashige, Iwamoto",1000074023,Right,WAS_EDA,147.89175,,,14.37379,,,,16.454356,-41.053547,4.863133,1.578879,-2.372397,-1.573933,-0.654789,3.520732,-1.874529,,,,,,,,,,,,,,,,,,,,,,,,,,,,,,,,,,,,,,,,,,,,,,,,,,,,,
934,2020/8/12,28:50.7,2020/8/12,28:50.6,3,3,"Soma, Tokuyama",1000074011,Right,WAS_EDA,"Kouichi, Takada",1000073775,Right,HOS_HOS,Undefined,5,Bottom,2,1,1,Cutter,Slider,FoulBall,Undefined,Undefined,,Undefined,0,0,,133.86936,-0.851103,-1.4373,3184.217574,208.932062,1:00,1.601956,0.646439,1.827884,-88.6336,12.8214,5.4434,0.475143,0.294841,123.69059,-7.292207,-1.051499,0.454874,,,,,,,,,,,,-3.773,8.0249,-0.612323,15.24,1.575628,0.900214,-36.861026,-0.88741,-0.674414,6.797977,-8.372223,HOS_HOS,WAS_EDA,JinguStadium,TeamExclusive,Team,20200812-JinguStadium-2,77363a50-dc6d-11ea-88f9-bd503d6648f4,1d2f1139-be90-4066-b0a3-60a0157ea427,v3,,,,"Hisashige, Iwamoto",1000074023,Right,WAS_EDA,133.35549,,,10.17877,,,,16.612337,-37.113252,3.398988,1.602791,-0.576774,-4.186111,-0.646188,0.925236,-0.337207,,,,,,,,,,,,,,,,,,,,,,,,,,,,,,,,,,,,,,,,,,,,,,,,,,,,,
935,2020/8/12,29:15.9,2020/8/12,29:15.9,3,4,"Soma, Tokuyama",1000074011,Right,WAS_EDA,"Kouichi, Takada",1000073775,Right,HOS_HOS,Undefined,5,Bottom,2,1,2,Fastball,Four-Seam,InPlay,Undefined,GroundBall,GroundBall,Out,1,0,,148.7944,-1.448792,-4.757673,2110.962835,221.112424,1:15,1.581407,0.647352,1.918156,-39.9861,43.4161,35.2087,0.773142,-0.339889,133.76464,-4.497946,-2.263494,0.412423,142.78577,-4.407155,4.584608,,,,,7.595325,,7.871806,0.188377,-22.1606,24.6044,-0.542417,15.24,1.546484,3.214261,-40.766167,-1.161997,-4.742101,10.068124,-4.541614,HOS_HOS,WAS_EDA,JinguStadium,TeamExclusive,Team,20200812-JinguStadium-2,86449910-dc6d-11ea-88f9-bd503d6648f4,1d2f1139-be90-4066-b0a3-60a0157ea427,v3,,,,"Hisashige, Iwamoto",1000074023,Right,WAS_EDA,147.08183,0.737274,,15.02976,,,,16.521035,-41.081329,5.034062,1.580633,-1.019831,-2.270807,-0.645357,3.362703,-2.37105,0.297034,0.737274,0.359893,274.314122,0.297286,39.401234,-5.525316,,,,,,,0.7374,-3.056662,-4.557973,,,,,,,0.359693,3.174979,2.328874,,,,,,,,,,,,,,,,,,,,,,,,,,,,
936,2020/8/12,33:21.5,2020/8/12,33:21.5,1,1,"Kouichi, Takada",1000073775,Right,HOS_HOS,"Kotaro, Takizawa",1000073989,Left,WAS_EDA,Undefined,6,Top,0,0,0,Fastball,Four-Seam,InPlay,Undefined,GroundBall,GroundBall,Out,1,0,,147.45881,-2.438805,-3.021071,2211.079132,211.836341,1:00,1.605228,0.562743,1.958899,-38.6743,45.1503,26.2065,0.533888,-0.022332,133.52588,-5.386135,-1.153626,0.413467,156.26924,-4.462983,11.327529,,,,,5.50644,,10.478632,0.116092,-16.0878,26.3808,-0.49848,15.24,1.550055,2.009924,-40.489512,-1.845325,-3.412703,9.540208,-4.210495,HOS_HOS,WAS_EDA,JinguStadium,TeamExclusive,Team,20200812-JinguStadium-2,18a262b0-dc6e-11ea-88f9-bd503d6648f4,1d2f1139-be90-4066-b0a3-60a0157ea427,v3,,,,"Rentaro, Ohgaki",1000089958,Right,HOS_HOS,146.71078,0.428572,,13.93293,,,,16.480601,-40.780777,4.770104,1.604431,-1.716777,-2.105248,-0.561434,2.114115,-1.706352,0.543398,0.428572,0.008781,214.28488,0.543437,42.429087,-4.045744,,,,,,,0.428568,-3.377289,-2.707416,,,,,,,0.008774,8.501125,0.428494,,,,,,,,,,,,,,,,,,,,,,,,,,,,
937,2020/8/12,33:48.7,2020/8/12,33:48.7,2,1,"Kouichi, Takada",1000073775,Right,HOS_HOS,"Hisashige, Iwamoto",1000074023,Right,WAS_EDA,Undefined,6,Top,1,0,0,Curveball,Curveball,StrikeCalled,Undefined,Undefined,,Undefined,0,0,,115.93868,3.641568,-0.222736,2148.926301,41.938542,7:30,1.582762,0.556993,1.43443,-181.9678,-37.0933,-37.7783,0.818034,0.114771,105.49411,-9.218275,-2.83601,0.543564,,,,,,,,,,,,18.2128,-19.4223,-0.545831,15.24,1.675595,0.304477,-31.782703,1.252273,2.376457,5.962845,-12.340922,HOS_HOS,WAS_EDA,JinguStadium,TeamExclusive,Team,20200812-JinguStadium-2,28e040c0-dc6e-11ea-88f9-bd503d6648f4,1d2f1139-be90-4066-b0a3-60a0157ea427,v3,,,,"Rentaro, Ohgaki",1000089958,Right,HOS_HOS,111.59682,,,10.44457,,,,17.006558,-32.112422,2.981422,1.587483,1.934671,-6.170461,-0.559034,0.17307,1.188229,,,,,,,,,,,,,,,,,,,,,,,,,,,,,,,,,,,,,,,,,,,,,,,,,,,,,
938,2020/8/12,34:00.2,2020/8/12,34:00.2,2,2,"Kouichi, Takada",1000073775,Right,HOS_HOS,"Hisashige, Iwamoto",1000074023,Right,WAS_EDA,Undefined,6,Top,1,0,1,Cutter,Slider,BallCalled,Undefined,Undefined,,Undefined,0,0,,136.85726,-2.486588,-2.562969,2238.069642,146.996572,11:00,1.579263,0.584892,1.753342,-69.6076,30.009,-17.3096,0.176497,-0.315902,124.92288,-7.564017,-3.781583,0.450734,,,,,,,,,,,,6.899,18.1959,-0.518741,15.24,1.511238,1.765119,-37.555431,-1.90158,1.262538,8.017977,-6.476751,HOS_HOS,WAS_EDA,JinguStadium,TeamExclusive,Team,20200812-JinguStadium-2,2fb9f210-dc6e-11ea-88f9-bd503d6648f4,1d2f1139-be90-4066-b0a3-60a0157ea427,v3,,,,"Rentaro, Ohgaki",1000089958,Right,HOS_HOS,134.58044,,,11.93438,,,,16.686148,-37.862921,4.008988,1.579401,-1.653197,-3.238376,-0.585505,1.7167,0.631269,,,,,,,,,,,,,,,,,,,,,,,,,,,,,,,,,,,,,,,,,,,,,,,,,,,,,
939,2020/8/12,34:17.4,2020/8/12,34:17.4,2,3,"Kouichi, Takada",1000073775,Right,HOS_HOS,"Hisashige, Iwamoto",1000074023,Right,WAS_EDA,Undefined,6,Top,1,1,1,Fastball,Four-Seam,FoulBall,Undefined,Undefined,LineDrive,Undefined,0,0,,149.15457,-1.473659,-3.208698,2236.493778,201.545885,12:45,1.607696,0.522817,1.912422,-31.5036,50.6204,18.885,0.877876,-0.190799,135.23292,-3.901251,-1.867969,0.409251,118.20893,22.440038,168.359515,2606.12283,-33.182797,6.429644,4.798822,53.536875,,173.640475,2.188539,-12.2451,28.2289,-0.45157,15.24,1.572571,2.20168,-40.968167,-1.145035,-2.668267,9.491803,-3.655434,HOS_HOS,WAS_EDA,JinguStadium,TeamExclusive,Team,20200812-JinguStadium-2,39f4f6d0-dc6e-11ea-88f9-bd503d6648f4,1d2f1139-be90-4066-b0a3-60a0157ea427,v3,,,,"Rentaro, Ohgaki",1000089958,Right,HOS_HOS,148.22197,6.77211,,13.92164,,,,16.526992,-41.265269,4.745902,1.606621,-1.030616,-1.827717,-0.521792,2.285199,-1.334134,0.284184,0.864175,0.194515,304.808335,0.284184,-29.725267,2.488718,0.001717,-0.049958,0.025188,-0.005435,0.000425,3.00E-06,0.864175,12.533935,-7.455765,0.995117,-0.197798,0.038111,-0.003789,0.0001,2.00E-06,0.194516,6.123587,-2.679906,0.746634,-0.172522,0.034508,-0.00492,0.000545,-4.20E-05,,,,,,,,,,,,,,,,,,,,,,
940,2020/8/12,34:37.1,2020/8/12,34:37.1,2,4,"Kouichi, Takada",1000073775,Right,HOS_HOS,"Hisashige, Iwamoto",1000074023,Right,WAS_EDA,Undefined,6,Top,1,1,2,Slider,Curveball,BallCalled,Undefined,Undefined,,Undefined,0,0,,121.50642,0.661574,-2.328172,2212.905011,40.957808,7:15,1.577004,0.519904,1.808953,-161.1732,-34.8878,-34.0694,0.152506,-0.479484,111.04691,-10.929173,-4.742005,0.507494,,,,,,,,,,,,15.6228,-17.4449,-0.46091,15.24,1.582171,1.501185,-33.399046,-0.211113,2.234963,6.974477,-12.302273,HOS_HOS,WAS_EDA,JinguStadium,TeamExclusive,Team,20200812-JinguStadium-2,45ba6c20-dc6e-11ea-88f9-bd503d6648f4,1d2f1139-be90-4066-b0a3-60a0157ea427,v3,,,,"Rentaro, Ohgaki",1000089958,Right,HOS_HOS,119.52841,,,10.4595,,,,16.631975,-33.688468,3.487238,1.580339,0.299398,-6.151136,-0.521281,1.408441,1.117482,,,,,,,,,,,,,,,,,,,,,,,,,,,,,,,,,,,,,,,,,,,,,,,,,,,,,
941,2020/8/12,34:55.8,2020/8/12,34:55.8,2,5,"Kouichi, Takada",1000073775,Right,HOS_HOS,"Hisashige, Iwamoto",1000074023,Right,WAS_EDA,Undefined,6,Top,1,2,2,Splitter,Slider,InPlay,Undefined,GroundBall,,Single,0,0,,137.44808,-0.306476,-1.597697,1933.057688,146.800136,11:00,1.588893,0.53058,1.759388,-74.4829,22.3395,-12.8191,0.757102,-0.050889,127.0198,-5.723225,-2.501232,0.444368,,,,,,,,,,,,5.5809,12.4044,-0.489362,15.24,1.575711,1.116313,-37.844835,-0.498985,1.054454,6.966973,-7.462952,HOS_HOS,WAS_EDA,JinguStadium,TeamExclusive,Team,20200812-JinguStadium-2,50e1f3c0-dc6e-11ea-88f9-bd503d6648f4,1d2f1139-be90-4066-b0a3-60a0157ea427,v3,,,,"Rentaro, Ohgaki",1000089958,Right,HOS_HOS,136.50854,,,10.42828,,,,16.680973,-38.109185,3.483486,1.589272,-0.215816,-3.731476,-0.530959,1.076303,0.527227,,,,,,,,,,,,,,,,,,,,,,,,,,,,,,,,,,,,,,,,,,,,,,,,,,,,,
942,2020/8/12,35:33.5,2020/8/12,35:33.5,3,1,"Kouichi, Takada",1000073775,Right,HOS_HOS,"Takuya, Hiruma",1000074108,Left,WAS_EDA,Undefined,6,Top,1,0,0,Fastball,Four-Seam,StrikeCalled,Undefined,Undefined,,Undefined,0,0,,149.94185,-2.234937,-2.918231,2295.80433,225.268908,1:30,1.575308,0.531366,1.906132,-44.8653,35.9363,33.6621,0.497342,0.047045,137.07357,-5.586993,-0.525975,0.405943,,,,,,,,,,,,-19.4978,21.0137,-0.467181,15.24,1.521979,1.930098,-41.207163,-1.77132,-4.32952,8.999341,-5.140531,HOS_HOS,WAS_EDA,JinguStadium,TeamExclusive,Team,20200812-JinguStadium-2,674dd9d0-dc6e-11ea-88f9-bd503d6648f4,1d2f1139-be90-4066-b0a3-60a0157ea427,v3,,,,"Rentaro, Ohgaki",1000089958,Right,HOS_HOS,149.43,,,12.86827,,,,16.533603,-41.488715,4.499671,1.57488,-1.610494,-2.570266,-0.529685,2.065551,-2.16476,,,,,,,,,,,,,,,,,,,,,,,,,,,,,,,,,,,,,,,,,,,,,,,,,,,,,
943,2020/8/12,35:52.1,2020/8/12,35:52.1,3,2,"Kouichi, Takada",1000073775,Right,HOS_HOS,"Takuya, Hiruma",1000074108,Left,WAS_EDA,Undefined,6,Top,1,0,1,Cutter,Slider,StrikeSwinging,Undefined,Undefined,,Undefined,0,0,,136.20817,-1.125567,-2.483181,2803.92508,132.61063,10:30,1.574211,0.583662,1.742553,-78.568,20.4448,-19.1552,0.468611,-0.313372,126.10299,-6.808577,-3.830636,0.449366,,,,,,,,,,,,8.1767,12.0202,-0.518915,15.24,1.53965,1.717148,-37.466698,-1.052829,1.513844,6.84433,-7.581205,HOS_HOS,WAS_EDA,JinguStadium,TeamExclusive,Team,20200812-JinguStadium-2,7269c8b0-dc6e-11ea-88f9-bd503d6648f4,1d2f1139-be90-4066-b0a3-60a0157ea427,v3,,,,"Rentaro, Ohgaki",1000089958,Right,HOS_HOS,134.99015,,,10.10519,,,,16.697479,-37.732008,3.422165,1.574765,-0.758956,-3.790603,-0.58434,1.658467,0.756922,,,,,,,,,,,,,,,,,,,,,,,,,,,,,,,,,,,,,,,,,,,,,,,,,,,,,
944,2020/8/12,36:22.4,2020/8/12,36:22.4,3,3,"Kouichi, Takada",1000073775,Right,HOS_HOS,"Takuya, Hiruma",1000074108,Left,WAS_EDA,Undefined,6,Top,1,0,2,Cutter,Slider,BallCalled,Undefined,Undefined,,Undefined,0,0,,137.1728,-1.271635,-1.141316,2422.225818,126.74327,10:15,1.58391,0.527458,1.760413,-79.8038,17.2333,-19.4621,0.425086,0.0091,127.28731,-7.043271,-2.514609,0.44486,,,,,,,,,,,,9.2122,10.4711,-0.497325,15.24,1.546098,0.846977,-37.769562,-1.162537,1.737883,6.764322,-7.831265,HOS_HOS,WAS_EDA,JinguStadium,TeamExclusive,Team,20200812-JinguStadium-2,847b7c60-dc6e-11ea-88f9-bd503d6648f4,1d2f1139-be90-4066-b0a3-60a0157ea427,v3,,,,"Rentaro, Ohgaki",1000089958,Right,HOS_HOS,136.35742,,,9.88549,,,,16.679601,-38.026512,3.382161,1.584608,-0.865057,-3.915632,-0.528245,0.780961,0.868942,,,,,,,,,,,,,,,,,,,,,,,,,,,,,,,,,,,,,,,,,,,,,,,,,,,,,
945,2020/8/12,36:47.4,2020/8/12,36:47.4,3,4,"Kouichi, Takada",1000073775,Right,HOS_HOS,"Takuya, Hiruma",1000074108,Left,WAS_EDA,Undefined,6,Top,1,1,2,Fastball,Four-Seam,StrikeSwinging,Strikeout,Undefined,,Undefined,0,0,,150.4114,-1.745713,-2.871443,2314.336624,200.93687,12:45,1.64161,0.483532,1.932284,-30.6975,49.6026,17.9608,0.843995,-0.143306,136.79312,-4.108495,-1.594039,0.404681,,,,,,,,,,,,-11.3844,27.8101,-0.420748,15.24,1.600982,1.980809,-41.329734,-1.345733,-2.533578,9.365551,-3.617583,HOS_HOS,WAS_EDA,JinguStadium,TeamExclusive,Team,20200812-JinguStadium-2,935fbde0-dc6e-11ea-88f9-bd503d6648f4,1d2f1139-be90-4066-b0a3-60a0157ea427,v3,,,,"Rentaro, Ohgaki",1000089958,Right,HOS_HOS,149.89595,,,13.61828,,,,16.50683,-41.615815,4.682775,1.640401,-1.23523,-1.808791,-0.482436,2.0582,-1.266789,,,,,,,,,,,,,,,,,,,,,,,,,,,,,,,,,,,,,,,,,,,,,,,,,,,,,
946,2020/8/12,37:17.6,2020/8/12,37:17.6,4,1,"Kouichi, Takada",1000073775,Right,HOS_HOS,"Kazuto, Yoshizawa",1000074012,Right,WAS_EDA,Undefined,6,Top,2,0,0,Cutter,Slider,BallCalled,Undefined,Undefined,,Undefined,0,0,,134.9075,-1.152588,-2.42555,1703.700017,116.909545,10:00,1.570926,0.565039,1.681951,-85.4195,16.27,-26.3796,0.387924,-0.390414,125.06641,-7.290111,-4.274699,0.455399,,,,,,,,,,,,11.8409,9.8398,-0.498443,15.24,1.53341,1.699766,-37.104386,-1.101333,2.149733,6.72266,-8.020212,HOS_HOS,WAS_EDA,JinguStadium,TeamExclusive,Team,20200812-JinguStadium-2,a562f2a0-dc6e-11ea-88f9-bd503d6648f4,1d2f1139-be90-4066-b0a3-60a0157ea427,v3,,,,"Rentaro, Ohgaki",1000089958,Right,HOS_HOS,133.20173,,,9.84109,,,,16.758302,-37.378463,3.36133,1.571646,-0.774355,-4.010106,-0.565955,1.612124,1.074866,,,,,,,,,,,,,,,,,,,,,,,,,,,,,,,,,,,,,,,,,,,,,,,,,,,,,
947,2020/8/12,37:39.3,2020/8/12,37:39.3,4,2,"Kouichi, Takada",1000073775,Right,HOS_HOS,"Kazuto, Yoshizawa",1000074012,Right,WAS_EDA,Undefined,6,Top,2,1,0,Cutter,Slider,BallCalled,Undefined,Undefined,,Undefined,0,0,,135.93936,0.16899,-0.668221,2353.574377,167.846538,11:30,1.585268,0.570357,1.770595,-71.4323,26.4568,-5.1569,0.918846,0.32938,126.56898,-5.02802,-1.032115,0.446809,,,,,,,,,,,,2.2501,14.2579,-0.553295,15.24,1.584336,0.461751,-37.467263,-0.169168,0.421142,6.078009,-7.138054,HOS_HOS,WAS_EDA,JinguStadium,TeamExclusive,Team,20200812-JinguStadium-2,b2509440-dc6e-11ea-88f9-bd503d6648f4,1d2f1139-be90-4066-b0a3-60a0157ea427,v3,,,,"Rentaro, Ohgaki",1000089958,Right,HOS_HOS,135.76267,,,9.37039,,,,16.669368,-37.698424,3.039005,1.585608,0.10231,-3.569027,-0.570552,0.445734,0.210571,,,,,,,,,,,,,,,,,,,,,,,,,,,,,,,,,,,,,,,,,,,,,,,,,,,,,
948,2020/8/12,38:48.3,2020/8/12,38:48.2,4,3,"Kouichi, Takada",1000073775,Right,HOS_HOS,"Kazuto, Yoshizawa",1000074012,Right,WAS_EDA,Undefined,6,Top,2,2,0,Cutter,Slider,FoulBall,Undefined,Undefined,FlyBall,Undefined,0,0,,136.08842,-0.249041,-2.724129,2236.338679,165.760603,11:30,1.590322,0.53152,1.736292,-75.583,23.2191,-5.2099,0.763675,-0.294913,126.2342,-5.727097,-3.090297,0.448888,110.96799,38.845966,142.715543,4317.414154,-28.476878,14.02405,17.697035,63.219841,,151.063108,3.122687,1.0028,12.808,-0.461372,15.24,1.578239,1.806864,-37.448877,-0.465814,0.186431,6.48068,-7.425554,HOS_HOS,WAS_EDA,JinguStadium,TeamExclusive,Team,20200812-JinguStadium-2,db634210-dc6e-11ea-88f9-bd503d6648f4,1d2f1139-be90-4066-b0a3-60a0157ea427,v3,,,,"Rentaro, Ohgaki",1000089958,Right,HOS_HOS,135.134,14.05579,,9.85422,,,,16.703856,-37.701352,3.24034,1.590751,-0.176528,-3.712777,-0.531622,1.799601,0.093216,0.140326,0.655085,0.308648,312.965619,0.14032,-19.100827,0.385026,0.076277,-0.043616,0.011697,-0.001848,0.000189,-6.00E-06,0.655082,19.334121,-8.003971,0.93271,-0.186303,0.03429,-0.006394,0.000856,-4.40E-05,0.308643,14.542874,-3.204869,0.919472,-0.200863,0.031169,-0.000514,-0.000926,0.000124,,,,,,,,,,,,,,,,,,,,,,
949,2020/8/12,39:17.4,2020/8/12,39:17.4,4,4,"Kouichi, Takada",1000073775,Right,HOS_HOS,"Kazuto, Yoshizawa",1000074012,Right,WAS_EDA,Undefined,6,Top,2,2,1,Fastball,Four-Seam,BallCalled,Undefined,Undefined,,Undefined,0,0,,150.96189,-2.770787,-3.509373,2365.247712,203.319562,12:45,1.61351,0.477669,1.970991,-31.1937,48.0221,19.6005,0.523856,-0.309969,137.9103,-5.159475,-2.113301,0.401939,,,,,,,,,,,,-12.7207,27.8464,-0.403125,15.24,1.552033,2.445597,-41.456789,-2.098729,-2.858937,9.109891,-3.548253,HOS_HOS,WAS_EDA,JinguStadium,TeamExclusive,Team,20200812-JinguStadium-2,ecc331f0-dc6e-11ea-88f9-bd503d6648f4,1d2f1139-be90-4066-b0a3-60a0157ea427,v3,,,,"Rentaro, Ohgaki",1000089958,Right,HOS_HOS,150.91828,,,13.05159,,,,16.468646,-41.725903,4.554945,1.612483,-1.993911,-1.774126,-0.476617,2.530053,-1.429468,,,,,,,,,,,,,,,,,,,,,,,,,,,,,,,,,,,,,,,,,,,,,,,,,,,,,
950,2020/8/12,39:43.7,2020/8/12,39:43.7,4,5,"Kouichi, Takada",1000073775,Right,HOS_HOS,"Kazuto, Yoshizawa",1000074012,Right,WAS_EDA,Undefined,6,Top,2,3,1,Fastball,Four-Seam,StrikeCalled,Undefined,Undefined,,Undefined,0,0,,150.54644,-2.283789,-3.055907,2384.670132,213.590509,1:00,1.616437,0.450447,1.962497,-30.6582,49.0703,30.8608,0.668943,-0.09768,137.23357,-4.642187,-0.85666,0.403238,,,,,,,,,,,,-18.1682,27.9637,-0.385711,15.24,1.565098,2.051693,-41.366053,-1.734942,-4.06022,9.17756,-3.557322,HOS_HOS,WAS_EDA,JinguStadium,TeamExclusive,Team,20200812-JinguStadium-2,fc6c7120-dc6e-11ea-88f9-bd503d6648f4,1d2f1139-be90-4066-b0a3-60a0157ea427,v3,,,,"Rentaro, Ohgaki",1000089958,Right,HOS_HOS,150.43223,,,13.31287,,,,16.476823,-41.639553,4.58878,1.615221,-1.62893,-1.778661,-0.448657,2.172691,-2.03011,,,,,,,,,,,,,,,,,,,,,,,,,,,,,,,,,,,,,,,,,,,,,,,,,,,,,
951,2020/8/12,40:12.6,2020/8/12,40:12.6,4,6,"Kouichi, Takada",1000073775,Right,HOS_HOS,"Kazuto, Yoshizawa",1000074012,Right,WAS_EDA,Undefined,6,Top,2,3,2,Fastball,Four-Seam,FoulBall,Undefined,Undefined,,Undefined,0,0,,152.44024,-1.076092,-3.503183,2357.774426,198.948731,12:45,1.633713,0.40022,1.934992,-25.9905,52.3261,17.0669,1.071291,-0.413218,138.2954,-3.105936,-2.290639,0.399651,,,,,,,,,,,,-11.4654,28.7627,-0.323529,15.24,1.608274,2.475293,-41.871469,-0.851073,-2.614079,9.772118,-3.24881,HOS_HOS,WAS_EDA,JinguStadium,TeamExclusive,Team,20200812-JinguStadium-2,0db9c360-dc6f-11ea-88f9-bd503d6648f4,1d2f1139-be90-4066-b0a3-60a0157ea427,v3,,,,"Rentaro, Ohgaki",1000089958,Right,HOS_HOS,151.78227,,,14.14485,,,,16.504256,-42.165493,4.886059,1.632411,-0.753322,-1.624405,-0.399189,2.553946,-1.307039,,,,,,,,,,,,,,,,,,,,,,,,,,,,,,,,,,,,,,,,,,,,,,,,,,,,,
952,2020/8/12,40:43.4,2020/8/12,40:43.4,4,7,"Kouichi, Takada",1000073775,Right,HOS_HOS,"Kazuto, Yoshizawa",1000074012,Right,WAS_EDA,Undefined,6,Top,2,3,2,Slider,Curveball,BallCalled,Walk,Undefined,,Undefined,0,0,,119.68564,3.59932,0.565653,2150.896879,36.75045,7:15,1.590166,0.476789,1.680241,-165.0627,-34.8349,-28.9694,0.966798,0.348319,109.97253,-8.215858,-1.467949,0.515355,,,,,,,,,,,,14.8832,-18.5758,-0.489484,15.24,1.672694,-0.193128,-32.894347,1.412833,2.106762,5.713876,-12.436112,HOS_HOS,WAS_EDA,JinguStadium,TeamExclusive,Team,20200812-JinguStadium-2,200c2990-dc6f-11ea-88f9-bd503d6648f4,1d2f1139-be90-4066-b0a3-60a0157ea427,v3,,,,"Rentaro, Ohgaki",1000089958,Right,HOS_HOS,117.70528,,,9.71311,,,,16.761022,-33.157501,2.856938,1.594437,1.985583,-6.218056,-0.478355,-0.290156,1.053381,,,,,,,,,,,,,,,,,,,,,,,,,,,,,,,,,,,,,,,,,,,,,,,,,,,,,
953,2020/8/12,41:54.6,2020/8/12,41:54.6,5,1,"Kouichi, Takada",1000073775,Right,HOS_HOS,"Moeto, Suzuki",1000074064,Left,WAS_EDA,Undefined,6,Top,2,0,0,Fastball,Four-Seam,StrikeSwinging,Undefined,Undefined,,Undefined,0,0,,148.90009,-1.844688,-1.910778,2215.914503,210.709824,1:00,1.591804,0.505536,1.942588,-39.8264,41.7588,23.232,0.675758,0.201808,135.81991,-4.854611,-0.254871,0.407906,,,,,,,,,,,,-13.4259,23.8686,-0.464688,15.24,1.548908,1.249884,-40.953045,-1.448795,-2.938333,9.064584,-4.582861,HOS_HOS,WAS_EDA,JinguStadium,TeamExclusive,Team,20200812-JinguStadium-2,4a806330-dc6f-11ea-88f9-bd503d6648f4,1d2f1139-be90-4066-b0a3-60a0157ea427,v3,,,,"Rentaro, Ohgaki",1000089958,Right,HOS_HOS,148.71069,,,13.08018,,,,16.496759,-41.230278,4.532292,1.591075,-1.308631,-2.291431,-0.504289,1.339751,-1.469167,,,,,,,,,,,,,,,,,,,,,,,,,,,,,,,,,,,,,,,,,,,,,,,,,,,,,
954,2020/8/12,42:19.0,2020/8/12,42:19.0,5,2,"Kouichi, Takada",1000073775,Right,HOS_HOS,"Moeto, Suzuki",1000074064,Left,WAS_EDA,Undefined,6,Top,2,0,1,Fastball,Four-Seam,BallCalled,Undefined,Undefined,,Undefined,0,0,,150.12072,-1.820261,-1.070961,2270.222152,206.140242,12:45,1.617622,0.530876,1.976191,-38.2424,41.301,19.0585,0.72554,0.421719,137.50843,-4.711372,0.291022,0.40277,,,,,,,,,,,,-10.6763,23.6195,-0.508856,15.24,1.576521,0.678526,-41.328081,-1.435537,-2.389361,8.884277,-4.520588,HOS_HOS,WAS_EDA,JinguStadium,TeamExclusive,Team,20200812-JinguStadium-2,5907deb0-dc6f-11ea-88f9-bd503d6648f4,1d2f1139-be90-4066-b0a3-60a0157ea427,v3,,,,"Rentaro, Ohgaki",1000089958,Right,HOS_HOS,150.60719,,,12.61229,,,,16.463336,-41.59023,4.442138,1.616911,-1.302148,-2.260294,-0.529918,0.749029,-1.194681,,,,,,,,,,,,,,,,,,,,,,,,,,,,,,,,,,,,,,,,,,,,,,,,,,,,,
955,2020/8/12,42:43.7,2020/8/12,42:43.7,5,3,"Kouichi, Takada",1000073775,Right,HOS_HOS,"Moeto, Suzuki",1000074064,Left,WAS_EDA,Undefined,6,Top,2,1,1,Cutter,Slider,StrikeSwinging,Undefined,Undefined,,Undefined,0,0,,134.6562,0.242456,-1.096557,2174.118736,118.830282,10:00,1.578961,0.592086,1.709974,-83.8576,17.2152,-26.3169,0.809375,0.016913,124.96592,-5.815427,-2.946192,0.454017,,,,,,,,,,,,12.6437,9.4866,-0.561476,15.24,1.578762,0.838766,-37.085453,-0.187003,2.305154,6.355694,-8.077099,HOS_HOS,WAS_EDA,JinguStadium,TeamExclusive,Team,20200812-JinguStadium-2,67b88d10-dc6f-11ea-88f9-bd503d6648f4,1d2f1139-be90-4066-b0a3-60a0157ea427,v3,,,,"Rentaro, Ohgaki",1000089958,Right,HOS_HOS,133.60742,,,9.69028,,,,16.730058,-37.339945,3.177847,1.579775,0.136418,-4.03855,-0.593214,0.746463,1.152577,,,,,,,,,,,,,,,,,,,,,,,,,,,,,,,,,,,,,,,,,,,,,,,,,,,,,
956,2020/8/12,43:11.0,2020/8/12,43:11.0,5,4,"Kouichi, Takada",1000073775,Right,HOS_HOS,"Moeto, Suzuki",1000074064,Left,WAS_EDA,Undefined,6,Top,2,1,2,Splitter,ChangeUp,InPlay,Undefined,LineDrive,LineDrive,Double,0,1,,132.47048,-0.122012,-2.203479,1437.832679,247.289314,2:15,1.573721,0.587646,1.749822,-92.1564,11.9737,21.69,0.617505,0.178891,122.83465,-6.782039,-0.674904,0.460832,109.77562,20.772191,-23.831038,3582.235147,28.995336,5.359633,-16.834396,49.094028,,-33.035028,2.14693,-12.5104,7.0022,-0.533428,15.24,1.56375,1.303429,-36.473827,-0.443158,-2.202229,6.269315,-8.574046,HOS_HOS,WAS_EDA,JinguStadium,TeamExclusive,Team,20200812-JinguStadium-2,77ffe100-dc6f-11ea-88f9-bd503d6648f4,1d2f1139-be90-4066-b0a3-60a0157ea427,v3,,,,"Rentaro, Ohgaki",1000089958,Right,HOS_HOS,131.63147,5.906806,,9.63583,,,,16.690695,-36.722333,3.134657,1.574581,-0.103296,-4.287023,-0.586824,1.390722,-1.101114,0.56066,0.611208,-0.171836,105.980521,0.560656,26.080338,-4.676675,0.86283,-0.116221,-0.01735,0.016708,-0.004681,0.00051,0.611209,10.814449,-5.925288,0.481748,-0.098061,0.030053,-0.009717,0.002338,-0.000249,-0.171844,-11.519415,-1.125273,0.492374,-0.054908,-0.04623,0.032615,-0.009096,0.000992,,,,,,,,,,,,,,,,,,,,,,
957,2020/8/12,44:09.3,2020/8/12,44:09.3,6,1,"Kouichi, Takada",1000073775,Right,HOS_HOS,"Soma, Tokuyama",1000074011,Right,WAS_EDA,Undefined,6,Top,2,0,0,Fastball,Four-Seam,StrikeCalled,Undefined,Undefined,,Undefined,0,0,,148.92678,-1.911812,-3.115537,2293.912932,204.689277,12:45,1.59449,0.527393,1.996749,-30.8419,50.0398,21.8279,0.750749,-0.12595,136.12205,-4.285828,-1.557293,0.406144,,,,,,,,,,,,-13.554,28.3045,-0.462746,15.24,1.552429,2.121909,-40.944628,-1.449412,-2.975467,8.772898,-3.593019,HOS_HOS,WAS_EDA,JinguStadium,TeamExclusive,Team,20200812-JinguStadium-2,9ac65070-dc6f-11ea-88f9-bd503d6648f4,1d2f1139-be90-4066-b0a3-60a0157ea427,v3,,,,"Rentaro, Ohgaki",1000089958,Right,HOS_HOS,149.35599,,,12.80473,,,,16.442691,-41.201514,4.386449,1.593329,-1.344202,-1.796509,-0.526154,2.209036,-1.487734,,,,,,,,,,,,,,,,,,,,,,,,,,,,,,,,,,,,,,,,,,,,,,,,,,,,,
958,2020/8/12,44:31.3,2020/8/12,44:31.3,6,2,"Kouichi, Takada",1000073775,Right,HOS_HOS,"Soma, Tokuyama",1000074011,Right,WAS_EDA,Undefined,6,Top,2,0,1,Fastball,Four-Seam,BallCalled,Undefined,Undefined,,Undefined,0,0,,151.30243,-1.299656,-4.20202,2311.55695,198.757307,12:45,1.612181,0.505855,1.917227,-28.1682,51.462,16.5889,0.964408,-0.510632,137.59516,-3.478553,-3.026517,0.402989,,,,,,,,,,,,-11.6003,28.3559,-0.412315,15.24,1.581171,2.96441,-41.523286,-1.01785,-2.608714,9.360552,-3.429898,HOS_HOS,WAS_EDA,JinguStadium,TeamExclusive,Team,20200812-JinguStadium-2,a7e03230-dc6f-11ea-88f9-bd503d6648f4,1d2f1139-be90-4066-b0a3-60a0157ea427,v3,,,,"Rentaro, Ohgaki",1000089958,Right,HOS_HOS,150.52505,,,13.70726,,,,16.521877,-41.811259,4.680276,1.610862,-0.912331,-1.714949,-0.504748,3.044666,-1.304357,,,,,,,,,,,,,,,,,,,,,,,,,,,,,,,,,,,,,,,,,,,,,,,,,,,,,
959,2020/8/12,44:55.2,2020/8/12,44:55.2,6,3,"Kouichi, Takada",1000073775,Right,HOS_HOS,"Soma, Tokuyama",1000074011,Right,WAS_EDA,Undefined,6,Top,2,1,1,Fastball,Four-Seam,StrikeCalled,Undefined,Undefined,,Undefined,0,0,,148.62991,-1.419807,-3.380275,2300.142616,205.390678,12:45,1.587043,0.476488,1.981685,-39.3394,42.0138,18.7298,0.79568,-0.282955,135.92233,-4.396891,-2.044983,0.407326,,,,,,,,,,,,-12.0905,23.7276,-0.40525,15.24,1.55455,2.321057,-40.857792,-1.13726,-2.643771,8.709942,-4.618234,HOS_HOS,WAS_EDA,JinguStadium,TeamExclusive,Team,20200812-JinguStadium-2,b62637e0-dc6f-11ea-88f9-bd503d6648f4,1d2f1139-be90-4066-b0a3-60a0157ea427,v3,,,,"Rentaro, Ohgaki",1000089958,Right,HOS_HOS,148.92247,,,12.70759,,,,16.457659,-41.116549,4.354971,1.586298,-1.00006,-2.309117,-0.475372,2.399599,-1.321886,,,,,,,,,,,,,,,,,,,,,,,,,,,,,,,,,,,,,,,,,,,,,,,,,,,,,
960,2020/8/12,45:22.2,2020/8/12,45:22.1,6,4,"Kouichi, Takada",1000073775,Right,HOS_HOS,"Soma, Tokuyama",1000074011,Right,WAS_EDA,Undefined,6,Top,2,1,2,Fastball,Four-Seam,InPlay,Undefined,FlyBall,FlyBall,Out,1,0,,150.85066,-1.809666,-2.956699,2315.203701,203.897858,12:45,1.607729,0.454186,1.952917,-29.0072,50.5672,21.246,0.809644,-0.16272,137.27353,-4.052826,-1.443806,0.402848,146.94805,34.048677,16.194404,5006.956336,31.156442,20.771853,12.38549,94.780914,,33.533145,5.139564,-13.2746,28.5243,-0.390769,15.24,1.566532,2.036315,-41.463134,-1.390344,-2.973613,9.418792,-3.416984,HOS_HOS,WAS_EDA,JinguStadium,TeamExclusive,Team,20200812-JinguStadium-2,c62c6420-dc6f-11ea-88f9-bd503d6648f4,1d2f1139-be90-4066-b0a3-60a0157ea427,v3,,,,"Rentaro, Ohgaki",1000089958,Right,HOS_HOS,150.57789,27.095128,,13.57713,,,,16.486765,-41.745389,4.709396,1.606663,-1.287946,-1.708492,-0.453127,2.125426,-1.486807,0.433542,0.776993,0.173922,213.60879,0.433869,32.470286,-7.550589,1.717016,-0.329552,0.051484,-0.006259,0.000508,-1.90E-05,0.776862,22.859102,-5.700326,0.47768,-0.110101,0.0237,-0.003693,0.00038,-1.80E-05,0.173706,9.438759,0.799632,-0.277761,0.04701,-0.002491,-0.00067,0.000126,-7.00E-06,,,,,,,,,,,,,,,,,,,,,,
961,2020/8/12,47:55.1,2020/8/12,47:55.1,1,1,"Soma, Tokuyama",1000074011,Right,WAS_EDA,"Shuta, Miyazaki",1000073809,Left,HOS_HOS,Undefined,6,Bottom,0,0,0,ChangeUp,Splitter,StrikeCalled,Undefined,Undefined,,Undefined,0,0,,131.44008,-1.29311,-4.183391,1141.53146,236.252666,2:00,1.586163,0.620693,1.803693,-79.1064,26.3947,34.9853,0.42829,-0.214873,121.7708,-7.047967,-1.71668,0.463856,,,,,,,,,,,,-20.6031,15.276,-0.520835,15.24,1.549053,2.483771,-36.116989,-1.1113,-3.557295,6.126731,-7.169126,HOS_HOS,WAS_EDA,JinguStadium,TeamExclusive,Team,20200812-JinguStadium-2,21511030-dc70-11ea-88f9-bd503d6648f4,1d2f1139-be90-4066-b0a3-60a0157ea427,v3,,,,"Hisashige, Iwamoto",1000074023,Right,WAS_EDA,130.7733,,,9.66927,,,,16.636629,-36.353135,3.063366,1.586561,-0.834976,-3.584563,-0.61921,2.620882,-1.778647,,,,,,,,,,,,,,,,,,,,,,,,,,,,,,,,,,,,,,,,,,,,,,,,,,,,,
962,2020/8/12,48:08.8,2020/8/12,48:08.8,1,2,"Soma, Tokuyama",1000074011,Right,WAS_EDA,"Shuta, Miyazaki",1000073809,Left,HOS_HOS,Undefined,6,Bottom,0,0,1,Cutter,ChangeUp,InPlay,Undefined,GroundBall,GroundBall,Out,1,0,,132.80608,-0.394601,-3.091497,1207.046404,243.342712,2:00,1.575458,0.646209,1.816623,-80.7563,22.0045,38.1333,0.656204,0.152932,123.09287,-6.275987,-0.396102,0.457792,119.28549,6.286382,34.798896,2606.062948,,,,26.12256,,36.65661,0.845,-21.7247,12.3731,-0.57406,15.24,1.560387,1.805287,-36.558269,-0.554602,-3.845338,6.239279,-7.616567,HOS_HOS,WAS_EDA,JinguStadium,TeamExclusive,Team,20200812-JinguStadium-2,29834ca0-dc70-11ea-88f9-bd503d6648f4,1d2f1139-be90-4066-b0a3-60a0157ea427,v3,,,,"Hisashige, Iwamoto",1000074023,Right,WAS_EDA,132.50557,1.290369,,9.7132,,,,16.624138,-36.793737,3.11964,1.575893,-0.267156,-3.808284,-0.644929,1.950409,-1.922669,1.044624,0.697469,-0.175091,274.711241,1.044624,27.04542,-4.373346,0.345367,-0.06203,0.010433,-0.000996,0.000169,-4.10E-05,0.697469,3.628203,-5.736418,0.612505,-0.088005,0.021508,-0.004007,0.000529,-5.00E-05,-0.175091,18.796284,-0.006963,-0.199373,0.031205,-0.007728,0.001668,-0.000188,1.00E-06,,,,,,,,,,,,,,,,,,,,,,
963,2020/8/12,48:46.3,2020/8/12,48:46.3,2,1,"Soma, Tokuyama",1000074011,Right,WAS_EDA,"Tomoki, Nagahiro",1000073724,Right,HOS_HOS,Undefined,6,Bottom,1,0,0,Fastball,Four-Seam,FoulBall,Undefined,Undefined,,Undefined,0,0,,146.48822,-0.747062,-3.099697,2019.301102,214.40733,1:15,1.590181,0.6236,1.911695,-36.6207,48.4806,31.2257,1.01375,0.06407,132.72042,-3.548874,-0.8818,0.416603,,,,,,,,,,,,-18.5885,26.5977,-0.55548,15.24,1.571151,2.025607,-40.252286,-0.63627,-3.908815,9.191304,-4.213649,HOS_HOS,WAS_EDA,JinguStadium,TeamExclusive,Team,20200812-JinguStadium-2,3fdfa250-dc70-11ea-88f9-bd503d6648f4,1d2f1139-be90-4066-b0a3-60a0157ea427,v3,,,,"Hisashige, Iwamoto",1000074023,Right,WAS_EDA,145.60617,,,13.7678,,,,16.527848,-40.54529,4.595652,1.589293,-0.501946,-2.106824,-0.622039,2.150214,-1.954407,,,,,,,,,,,,,,,,,,,,,,,,,,,,,,,,,,,,,,,,,,,,,,,,,,,,,
964,2020/8/12,49:08.0,2020/8/12,49:08.0,2,2,"Soma, Tokuyama",1000074011,Right,WAS_EDA,"Tomoki, Nagahiro",1000073724,Right,HOS_HOS,Undefined,6,Bottom,1,0,1,Cutter,Slider,BallCalled,Undefined,Undefined,,Undefined,0,0,,130.36143,0.810001,-2.419149,1076.451542,114.08315,9:45,1.587946,0.61465,1.716914,-94.9537,12.9327,-22.4942,0.868973,-0.298644,121.10303,-6.034077,-3.99806,0.46907,,,,,,,,,,,,9.9479,7.0027,-0.550151,15.24,1.601629,1.621204,-35.878426,0.12917,1.697762,5.939735,-8.611538,HOS_HOS,WAS_EDA,JinguStadium,TeamExclusive,Team,20200812-JinguStadium-2,4cc52da0-dc70-11ea-88f9-bd503d6648f4,1d2f1139-be90-4066-b0a3-60a0157ea427,v3,,,,"Hisashige, Iwamoto",1000074023,Right,WAS_EDA,129.31964,,,9.25839,,,,16.723276,-36.123151,2.969868,1.588998,0.483976,-4.305769,-0.615505,1.551255,0.848881,,,,,,,,,,,,,,,,,,,,,,,,,,,,,,,,,,,,,,,,,,,,,,,,,,,,,
965,2020/8/12,49:23.2,2020/8/12,49:23.2,2,3,"Soma, Tokuyama",1000074011,Right,WAS_EDA,"Tomoki, Nagahiro",1000073724,Right,HOS_HOS,Undefined,6,Bottom,1,1,1,Slider,Slider,StrikeCalled,Undefined,Undefined,,Undefined,0,0,,129.55452,-0.217381,-1.855792,2046.130308,87.926149,9:00,1.588221,0.602662,1.822003,-106.4697,2.5017,-22.0899,0.462072,-0.142756,119.42238,-7.928493,-3.41986,0.471423,,,,,,,,,,,,10.0422,2.4884,-0.5565,15.24,1.575936,1.254634,-35.652329,-0.541564,1.670409,6.691924,-9.392726,HOS_HOS,WAS_EDA,JinguStadium,TeamExclusive,Team,20200812-JinguStadium-2,55e06a80-dc70-11ea-88f9-bd503d6648f4,1d2f1139-be90-4066-b0a3-60a0157ea427,v3,,,,"Hisashige, Iwamoto",1000074023,Right,WAS_EDA,128.67423,,,10.13215,,,,16.617999,-35.910047,3.345962,1.589827,-0.179833,-4.696363,-0.603579,1.190304,0.835204,,,,,,,,,,,,,,,,,,,,,,,,,,,,,,,,,,,,,,,,,,,,,,,,,,,,,
966,2020/8/12,49:47.3,2020/8/12,49:47.3,2,4,"Soma, Tokuyama",1000074011,Right,WAS_EDA,"Tomoki, Nagahiro",1000073724,Right,HOS_HOS,Undefined,6,Bottom,1,1,2,Fastball,Four-Seam,BallCalled,Undefined,Undefined,,Undefined,0,0,,149.53458,-0.809767,-5.670255,2161.009056,217.537247,1:15,1.591202,0.644005,1.913411,-45.9741,35.0786,25.0982,0.902828,-0.703261,137.3425,-4.23072,-3.898242,0.406573,,,,,,,,,,,,-16.6948,19.4886,-0.517429,15.24,1.570154,3.945411,-41.001485,-0.748009,-3.699683,8.241195,-5.487852,HOS_HOS,WAS_EDA,JinguStadium,TeamExclusive,Team,20200812-JinguStadium-2,643fc490-dc70-11ea-88f9-bd503d6648f4,1d2f1139-be90-4066-b0a3-60a0157ea427,v3,,,,"Hisashige, Iwamoto",1000074023,Right,WAS_EDA,149.19833,,,12.19207,,,,16.526461,-41.25925,4.120598,1.590866,-0.576362,-2.743926,-0.642642,4.061128,-1.849841,,,,,,,,,,,,,,,,,,,,,,,,,,,,,,,,,,,,,,,,,,,,,,,,,,,,,
967,2020/8/12,50:03.9,2020/8/12,50:03.9,2,5,"Soma, Tokuyama",1000074011,Right,WAS_EDA,"Tomoki, Nagahiro",1000073724,Right,HOS_HOS,Undefined,6,Bottom,1,2,2,Slider,Slider,InPlay,Undefined,GroundBall,,Single,0,0,,130.92428,0.507486,-1.437217,2140.045889,62.541985,8:00,1.559659,0.627171,1.771724,-115.9079,-6.6267,-20.2958,0.54446,0.016795,118.47968,-7.900181,-2.870474,0.472093,,,,,,,,,,,,9.1816,-2.7532,-0.589804,15.24,1.564096,0.997249,-35.965975,-0.142804,1.524317,8.040309,-10.263726,HOS_HOS,WAS_EDA,JinguStadium,TeamExclusive,Team,20200812-JinguStadium-2,6e249300-dc70-11ea-88f9-bd503d6648f4,1d2f1139-be90-4066-b0a3-60a0157ea427,v3,,,,"Hisashige, Iwamoto",1000074023,Right,WAS_EDA,128.49168,,,12.44461,,,,16.667954,-36.283794,4.020155,1.561722,0.262904,-5.131863,-0.628032,0.936995,0.762159,,,,,,,,,,,,,,,,,,,,,,,,,,,,,,,,,,,,,,,,,,,,,,,,,,,,,
968,2020/8/12,51:23.0,2020/8/12,51:23.0,3,1,"Soma, Tokuyama",1000074011,Right,WAS_EDA,"Jin, Nakamura",1000073711,Left,HOS_HOS,Undefined,6,Bottom,1,0,0,Fastball,Four-Seam,FoulBall,Undefined,Undefined,LineDrive,Undefined,0,0,,146.36416,-1.199741,-3.489429,2015.699167,207.414808,1:00,1.568294,0.683638,1.96954,-37.0534,47.4898,23.1684,0.861201,-0.062805,132.95671,-4.033325,-1.839239,0.415235,115.26144,16.366551,-168.163613,1631.212534,-32.945592,2.526326,-6.22199,42.099458,,-169.303103,1.576241,-14.7176,26.5682,-0.609624,15.24,1.540364,2.340815,-40.214237,-0.951979,-3.095619,9.003373,-4.218429,HOS_HOS,WAS_EDA,JinguStadium,TeamExclusive,Team,20200812-JinguStadium-2,9d4a6dd0-dc70-11ea-88f9-bd503d6648f4,1d2f1139-be90-4066-b0a3-60a0157ea427,v3,,,,"Hisashige, Iwamoto",1000074023,Right,WAS_EDA,146.08593,3.926291,,13.40744,,,,16.469954,-40.488669,4.501686,1.567421,-0.823397,-2.109215,-0.682413,2.435173,-1.54781,0.234709,0.830426,0.077332,33.129142,0.234709,-30.06651,2.517932,-0.136809,-0.001863,0.012504,-0.002652,-9.40E-05,5.60E-05,0.830426,9.02181,-7.097986,0.852519,-0.165808,0.03251,-0.003563,0.00042,-7.20E-05,0.077332,-6.301149,1.469181,-0.569417,0.139934,-0.031705,0.005198,-0.000734,7.90E-05,,,,,,,,,,,,,,,,,,,,,,
969,2020/8/12,52:12.0,2020/8/12,52:12.0,3,2,"Soma, Tokuyama",1000074011,Right,WAS_EDA,"Jin, Nakamura",1000073711,Left,HOS_HOS,Undefined,6,Bottom,1,0,1,Fastball,Four-Seam,StrikeSwinging,Undefined,Undefined,,Undefined,0,0,,147.68781,-1.141678,-2.354619,2088.687412,213.740767,1:00,1.587469,0.683737,1.968119,-45.7554,37.3399,23.0582,0.809944,0.254678,133.98626,-4.594958,-0.709233,0.411664,,,,,,,,,,,,-13.7546,21.1971,-0.634068,15.24,1.560339,1.554752,-40.603057,-0.961347,-2.942678,9.359978,-5.271724,HOS_HOS,WAS_EDA,JinguStadium,TeamExclusive,Team,20200812-JinguStadium-2,ba815f30-dc70-11ea-88f9-bd503d6648f4,1d2f1139-be90-4066-b0a3-60a0157ea427,v3,,,,"Hisashige, Iwamoto",1000074023,Right,WAS_EDA,147.35317,,,13.70155,,,,16.470882,-40.88582,4.679989,1.586976,-0.802089,-2.635862,-0.68238,1.64365,-1.471339,,,,,,,,,,,,,,,,,,,,,,,,,,,,,,,,,,,,,,,,,,,,,,,,,,,,,
970,2020/8/12,52:38.3,2020/8/12,52:38.3,3,3,"Soma, Tokuyama",1000074011,Right,WAS_EDA,"Jin, Nakamura",1000073711,Left,HOS_HOS,Undefined,6,Bottom,1,0,2,Fastball,Four-Seam,BallCalled,Undefined,Undefined,,Undefined,0,0,,146.86397,-0.608049,-1.566147,2085.503877,223.748987,1:30,1.564433,0.694436,1.926435,-49.17,35.798,31.3488,0.901973,0.568171,132.32239,-4.315964,0.666841,0.416277,,,,,,,,,,,,-17.4314,19.9675,-0.661152,15.24,1.548062,0.943925,-40.365197,-0.597652,-3.658553,9.838501,-5.615811,HOS_HOS,WAS_EDA,JinguStadium,TeamExclusive,Team,20200812-JinguStadium-2,ca2a9e60-dc70-11ea-88f9-bd503d6648f4,1d2f1139-be90-4066-b0a3-60a0157ea427,v3,,,,"Hisashige, Iwamoto",1000074023,Right,WAS_EDA,145.72032,,,14.54157,,,,16.512287,-40.674119,4.91925,1.56406,-0.42132,-2.807906,-0.692594,1.058801,-1.829277,,,,,,,,,,,,,,,,,,,,,,,,,,,,,,,,,,,,,,,,,,,,,,,,,,,,,
971,2020/8/12,53:20.8,2020/8/12,53:20.8,3,4,"Soma, Tokuyama",1000074011,Right,WAS_EDA,"Jin, Nakamura",1000073711,Left,HOS_HOS,Undefined,6,Bottom,1,1,2,Splitter,Slider,FoulBall,Undefined,Undefined,FlyBall,Undefined,0,0,,128.77642,1.67365,-2.139208,1048.177558,79.187366,8:45,1.563636,0.637664,1.76595,-111.2109,-0.9862,-21.0401,0.926503,-0.179524,119.26981,-6.350903,-3.621166,0.474127,150.09162,32.942637,47.806313,3921.785576,20.495728,19.044326,26.533852,98.721494,,63.725166,4.570046,9.4894,-0.8145,-0.582429,15.24,1.597469,1.417165,-35.446744,0.605199,1.574229,6.058904,-9.941777,HOS_HOS,WAS_EDA,JinguStadium,TeamExclusive,Team,20200812-JinguStadium-2,e37fc1b0-dc70-11ea-88f9-bd503d6648f4,1d2f1139-be90-4066-b0a3-60a0157ea427,v3,,,,"Hisashige, Iwamoto",1000074023,Right,WAS_EDA,127.94052,24.023687,,9.50661,,,,16.674829,-35.691156,3.029452,1.564966,1.006244,-4.970889,-0.638316,1.353662,0.787115,1.01424,0.944415,0.128656,223.557871,1.014334,23.497276,-7.239957,1.919853,-0.442013,0.087519,-0.013271,0.001272,-5.50E-05,0.944414,22.672117,-6.361665,0.487783,-0.060178,0.004215,-0.000293,9.20E-05,-8.00E-06,0.128645,25.922589,-2.740043,0.523936,-0.090669,0.015099,-0.002297,0.000221,-9.00E-06,,,,,,,,,,,,,,,,,,,,,,
972,2020/8/12,53:52.3,2020/8/12,53:52.3,3,5,"Soma, Tokuyama",1000074011,Right,WAS_EDA,"Jin, Nakamura",1000073711,Left,HOS_HOS,Undefined,6,Bottom,1,1,2,Fastball,Four-Seam,FoulBall,Undefined,Undefined,FlyBall,Undefined,0,0,,149.65143,-1.286976,-2.198126,2158.73723,211.82576,1:00,1.581792,0.673248,1.9446,-32.4006,49.0524,28.6661,0.896591,0.343252,135.13242,-3.791554,-0.155534,0.407576,113.26451,39.606019,-130.811028,4078.73273,-24.198434,15.225558,-23.206914,66.037888,,-141.795933,3.262272,-16.6377,27.3915,-0.626446,15.24,1.551634,1.434102,-41.131809,-1.014695,-3.637408,9.954514,-3.818207,HOS_HOS,WAS_EDA,JinguStadium,TeamExclusive,Team,20200812-JinguStadium-2,f643d570-dc70-11ea-88f9-bd503d6648f4,1d2f1139-be90-4066-b0a3-60a0157ea427,v3,,,,"Hisashige, Iwamoto",1000074023,Right,WAS_EDA,148.83128,15.225497,,14.51902,,,,16.494588,-41.434325,4.977257,1.580707,-0.89866,-1.909104,-0.671708,1.544643,-1.818704,0.139514,0.826919,-0.339621,42.948036,0.139513,-15.842444,0.091995,-0.053067,0.009963,-0.001699,-7.30E-05,2.60E-05,0,0.826921,20.057325,-8.111802,1.018577,-0.226728,0.04507,-0.008046,0.0011,-7.00E-05,-0.339622,-18.346527,2.988239,-0.613973,0.126251,-0.02449,0.004282,-0.000457,1.90E-05,,,,,,,,,,,,,,,,,,,,,,
973,2020/8/12,54:41.4,2020/8/12,54:41.4,3,6,"Soma, Tokuyama",1000074011,Right,WAS_EDA,"Jin, Nakamura",1000073711,Left,HOS_HOS,Undefined,6,Bottom,1,1,2,Fastball,Four-Seam,InPlay,Undefined,FlyBall,,Out,1,0,,147.89123,-0.398669,-3.897544,2017.78863,210.169874,1:00,1.568927,0.638804,1.86954,-41.5135,42.377,23.016,1.04122,-0.23071,134.26017,-3.530711,-2.269747,0.413629,,,,,,,,,,,,-14.8401,23.0362,-0.549442,15.24,1.557051,2.650824,-40.60533,-0.42548,-3.183181,9.159708,-4.865421,HOS_HOS,WAS_EDA,JinguStadium,TeamExclusive,Team,20200812-JinguStadium-2,13885b60-dc71-11ea-88f9-bd503d6648f4,1d2f1139-be90-4066-b0a3-60a0157ea427,v3,,,,"Hisashige, Iwamoto",1000074023,Right,WAS_EDA,146.65311,,,13.63106,,,,16.570131,-40.904279,4.579854,1.568346,-0.266685,-2.43271,-0.637654,2.754715,-1.591591,,,,,,,,,,,,,,,,,,,,,,,,,,,,,,,,,,,,,,,,,,,,,,,,,,,,,
974,2020/8/12,55:25.6,2020/8/12,55:25.6,4,1,"Soma, Tokuyama",1000074011,Right,WAS_EDA,"Yudai, Murata",1000073800,Left,HOS_HOS,Undefined,6,Bottom,2,0,0,Splitter,Splitter,BallCalled,Undefined,Undefined,,Undefined,0,0,,132.06419,0.578387,-1.378544,1113.574935,238.711524,2:00,1.547635,0.674071,1.836326,-81.3225,23.8076,33.572,0.897735,0.620567,120.43223,-5.403446,1.000013,0.46304,,,,,,,,,,,,-18.1968,12.8771,-0.643311,15.24,1.556167,0.717702,-36.326015,0.068462,-3.128545,7.233002,-7.592719,HOS_HOS,WAS_EDA,JinguStadium,TeamExclusive,Team,20200812-JinguStadium-2,2dd23ef0-dc71-11ea-88f9-bd503d6648f4,1d2f1139-be90-4066-b0a3-60a0157ea427,v3,,,,"Hisashige, Iwamoto",1000074023,Right,WAS_EDA,131.0039,,,11.63196,,,,16.603059,-36.596413,3.616501,1.548302,0.352306,-3.79636,-0.672328,0.834659,-1.564273,,,,,,,,,,,,,,,,,,,,,,,,,,,,,,,,131.02985,1.96494,0.755712,1.209229,-0.427439,0.813757,-0.636515,-0.06679,1.752412,-0.077069,38.524956,-0.637453,-0.455982,-0.032314,35.91871,-3.398487,1.746129,1.298331,-2.694607,-0.086245,-1.146788,0.711866
975,2020/8/12,56:29.9,2020/8/12,56:29.9,4,2,"Soma, Tokuyama",1000074011,Right,WAS_EDA,"Yudai, Murata",1000073800,Left,HOS_HOS,Undefined,6,Bottom,2,1,0,Fastball,Four-Seam,StrikeSwinging,Undefined,Undefined,,Undefined,0,0,,147.99988,-0.526617,-2.46568,2177.971368,201.456786,12:45,1.599312,0.69422,2.014434,-33.0385,48.9698,18.189,1.121765,0.187313,134.46656,-3.077962,-1.164733,0.408963,,,,,,,,,,,,-11.3282,26.8746,-0.64384,15.24,1.58656,1.664862,-40.713269,-0.460729,-2.44387,9.173139,-4.008896,HOS_HOS,WAS_EDA,JinguStadium,TeamExclusive,Team,20200812-JinguStadium-2,542caa90-dc71-11ea-88f9-bd503d6648f4,1d2f1139-be90-4066-b0a3-60a0157ea427,v3,,,,"Hisashige, Iwamoto",1000074023,Right,WAS_EDA,148.32651,,,13.53333,,,,16.42472,-40.97933,4.586569,1.598236,-0.344454,-2.004448,-0.693156,1.735745,-1.221935,,,,,,,,,,,,,,,,,,,,,,,,,,,,,,,,,,,,,,,,,,,,,,,,,,,,,
976,2020/8/12,56:55.1,2020/8/12,56:55.1,4,3,"Soma, Tokuyama",1000074011,Right,WAS_EDA,"Yudai, Murata",1000073800,Left,HOS_HOS,Undefined,6,Bottom,2,1,1,Cutter,Slider,StrikeCalled,Undefined,Undefined,,Undefined,0,0,,134.312,-0.477251,-2.772349,1487.703723,133.664923,10:30,1.555807,0.664766,1.838462,-83.0139,17.4984,-15.3804,0.590802,-0.272153,124.43113,-6.513875,-3.860083,0.452756,,,,,,,,,,,,6.1604,10.2208,-0.597744,15.24,1.539013,1.860324,-36.96204,-0.623452,1.111167,6.591144,-7.963106,HOS_HOS,WAS_EDA,JinguStadium,TeamExclusive,Team,20200812-JinguStadium-2,633ae240-dc71-11ea-88f9-bd503d6648f4,1d2f1139-be90-4066-b0a3-60a0157ea427,v3,,,,"Hisashige, Iwamoto",1000074023,Right,WAS_EDA,133.97941,,,9.88087,,,,16.601558,-37.204043,3.295572,1.556537,-0.331075,-3.981553,-0.665299,1.819526,0.555584,,,,,,,,,,,,,,,,,,,,,,,,,,,,,,,,,,,,,,,,,,,,,,,,,,,,,
977,2020/8/12,57:20.9,2020/8/12,57:20.9,4,4,"Soma, Tokuyama",1000074011,Right,WAS_EDA,"Yudai, Murata",1000073800,Left,HOS_HOS,Undefined,6,Bottom,2,1,2,Fastball,Four-Seam,StrikeSwinging,Strikeout,Undefined,,Undefined,0,0,,148.6161,-0.098603,-3.450004,2195.024392,208.412747,1:00,1.565286,0.660894,1.904165,-39.903,42.0663,21.4051,1.138488,-0.096045,135.97503,-3.105095,-1.931717,0.408865,,,,,,,,,,,,-13.401,22.6258,-0.583825,15.24,1.560609,2.35505,-40.858204,-0.203788,-2.936782,8.52997,-4.848296,HOS_HOS,WAS_EDA,JinguStadium,TeamExclusive,Team,20200812-JinguStadium-2,729c4300-dc71-11ea-88f9-bd503d6648f4,1d2f1139-be90-4066-b0a3-60a0157ea427,v3,,,,"Hisashige, Iwamoto",1000074023,Right,WAS_EDA,148.36179,,,12.64107,,,,16.535388,-41.127753,4.264985,1.564628,-0.050581,-2.424148,-0.659712,2.447853,-1.468391,,,,,,,,,,,,,,,,,,,,,,,,,,,,,,,,72.81352,4.038742,2.393088,1.645654,-0.537062,1.084089,0.127951,-0.612697,1.691928,0.491922,24.26466,-0.417537,13.768703,-0.570836,17.152776,-1.270709,1.718744,5.662963,-4.245281,0.49146,8.211368,-0.086911
978,2020/8/12,59:41.2,2020/8/12,59:41.2,1,1,"Kouichi, Takada",1000073775,Right,HOS_HOS,"Toyo, Kumada",1000089879,Left,WAS_EDA,Undefined,7,Top,0,0,0,Fastball,Four-Seam,StrikeCalled,Undefined,Undefined,,Undefined,0,0,,146.89974,-2.197402,-2.238997,2238.275516,203.307908,12:45,1.603359,0.533363,1.970252,-34.6511,48.8852,19.8948,0.640908,0.10518,134.06512,-4.845893,-0.819265,0.412755,,,,,,,,,,,,-11.9651,27.9253,-0.48615,15.24,1.55407,1.482571,-40.394105,-1.649345,-2.54948,8.76112,-3.856444,HOS_HOS,WAS_EDA,JinguStadium,TeamExclusive,Team,20200812-JinguStadium-2,c637c3e0-dc71-11ea-88f9-bd503d6648f4,1d2f1139-be90-4066-b0a3-60a0157ea427,v3,,,,"Rentaro, Ohgaki",1000089958,Right,HOS_HOS,146.96377,,,12.83462,,,,16.469136,-40.65982,4.38056,1.602319,-1.532384,-1.928222,-0.532287,1.559894,-1.27474,,,,,,,,,,,,,,,,,,,,,,,,,,,,,,,,,,,,,,,,,,,,,,,,,,,,,
979,2020/8/12,59:52.1,2020/8/12,59:52.1,1,2,"Kouichi, Takada",1000073775,Right,HOS_HOS,"Toyo, Kumada",1000089879,Left,WAS_EDA,Undefined,7,Top,0,0,1,Curveball,Curveball,BallCalled,Undefined,Undefined,,Undefined,0,0,,117.68268,3.869257,-0.096299,2075.104117,28.087413,7:00,1.589101,0.56628,1.553519,-173.0897,-35.0488,-21.1383,0.971249,0.327237,107.26875,-8.451169,-1.56844,0.530589,,,,,,,,,,,,10.3245,-18.6702,-0.561461,15.24,1.684342,0.153765,-32.282303,1.469915,1.396269,5.917405,-12.331579,HOS_HOS,WAS_EDA,JinguStadium,TeamExclusive,Team,20200812-JinguStadium-2,ccb2b360-dc71-11ea-88f9-bd503d6648f4,1d2f1139-be90-4066-b0a3-60a0157ea427,v3,,,,"Rentaro, Ohgaki",1000089958,Right,HOS_HOS,114.32573,,,10.41393,,,,16.887268,-32.582851,2.958703,1.593778,2.096242,-6.16579,-0.56747,0.082848,0.698134,,,,,,,,,,,,,,,,,,,,,,,,,,,,,,,,,,,,,,,,,,,,,,,,,,,,,
980,2020/8/12,00:05.5,2020/8/12,00:05.5,1,3,"Kouichi, Takada",1000073775,Right,HOS_HOS,"Toyo, Kumada",1000089879,Left,WAS_EDA,Undefined,7,Top,0,1,1,Fastball,Four-Seam,InPlay,Undefined,LineDrive,LineDrive,Out,1,0,,147.4743,-2.470346,-3.351134,2233.609135,207.749184,1:00,1.608101,0.53614,2.023933,-33.3189,49.2104,24.4674,0.584038,-0.155272,134.49149,-5.030923,-1.601897,0.41026,153.17923,15.197489,21.962771,1515.055306,30.51563,7.390701,13.88954,87.569755,,28.359938,2.956485,-15.3724,28.5741,-0.468262,15.24,1.555447,2.259746,-40.525281,-1.842086,-3.29298,8.911777,-3.68568,HOS_HOS,WAS_EDA,JinguStadium,TeamExclusive,Team,20200812-JinguStadium-2,d4b50630-dc71-11ea-88f9-bd503d6648f4,1d2f1139-be90-4066-b0a3-60a0157ea427,v3,,,,"Rentaro, Ohgaki",1000089958,Right,HOS_HOS,147.85757,8.381629,,12.98281,,,,16.415962,-40.783063,4.455889,1.607189,-1.735474,-1.84284,-0.535005,2.354999,-1.64649,0.470592,0.561811,0.157262,222.214811,0.470629,38.08016,-6.725506,1.39946,-0.26658,0.047964,-0.008899,0.001376,-0.000105,0.561771,11.156009,-4.112396,0.108821,-0.015781,0.003783,0.000543,-0.000332,4.00E-05,0.157222,15.359049,-0.213994,-0.171075,0.050298,-0.010981,0.002631,-0.00057,5.60E-05,,,,,,,,,,,,,,,,,,,,,,
981,2020/8/12,00:33.2,2020/8/12,00:33.2,2,1,"Kouichi, Takada",1000073775,Right,HOS_HOS,"Ginsuke, Kaneko",1000073884,Right,WAS_EDA,Undefined,7,Top,1,0,0,Curveball,Curveball,FoulBall,Undefined,Undefined,,Undefined,0,0,,116.9499,3.885881,-1.11858,2028.830303,33.202756,7:00,1.554673,0.545399,1.446364,-181.0232,-39.2789,-28.7684,0.869773,-0.065703,106.72199,-8.900151,-3.108454,0.53766,,,,,,,,,,,,13.3627,-21.2696,-0.507819,15.24,1.654361,0.760037,-32.064359,1.41967,1.781361,5.879375,-12.642068,HOS_HOS,WAS_EDA,JinguStadium,TeamExclusive,Team,20200812-JinguStadium-2,e5393c10-dc71-11ea-88f9-bd503d6648f4,1d2f1139-be90-4066-b0a3-60a0157ea427,v3,,,,"Rentaro, Ohgaki",1000089958,Right,HOS_HOS,112.82231,,,10.22791,,,,16.994991,-32.384559,2.939688,1.558295,2.108175,-6.321034,-0.54657,0.663022,0.890681,,,,,,,,,,,,,,,,,,,,,,,,,,,,,,,,,,,,,,,,,,,,,,,,,,,,,
982,2020/8/12,00:53.8,2020/8/12,00:53.8,2,2,"Kouichi, Takada",1000073775,Right,HOS_HOS,"Ginsuke, Kaneko",1000073884,Right,WAS_EDA,Undefined,7,Top,1,0,1,Fastball,Four-Seam,FoulBall,Undefined,Undefined,FlyBall,Undefined,0,0,,148.04605,-1.107376,-2.728768,2230.7069,202.716711,12:45,1.609107,0.475168,1.937424,-36.1451,46.2118,18.2668,0.936618,-0.108233,135.30884,-3.854782,-1.428832,0.409831,137.99465,40.109678,41.50807,5270.302119,22.440536,25.211003,24.910674,87.039359,,57.344277,5.202659,-11.4476,25.6597,-0.415873,15.24,1.582532,1.852057,-40.724413,-0.900253,-2.485047,8.714026,-4.236454,HOS_HOS,WAS_EDA,JinguStadium,TeamExclusive,Team,20200812-JinguStadium-2,f1814ee0-dc71-11ea-88f9-bd503d6648f4,1d2f1139-be90-4066-b0a3-60a0157ea427,v3,,,,"Rentaro, Ohgaki",1000089958,Right,HOS_HOS,148.01234,29.642775,,12.73721,,,,16.502357,-40.993636,4.357013,1.608324,-0.769366,-2.118227,-0.474279,1.928834,-1.242523,0.08578,0.954905,0.123108,209.400327,0.086127,21.947602,-6.391975,1.653675,-0.362032,0.071631,-0.011461,0.001167,-5.20E-05,0.955152,24.689718,-6.044139,0.361312,0.003856,-0.021419,0.005499,-0.000568,2.20E-05,0.123178,19.427548,-2.265907,0.477193,-0.08479,0.014176,-0.002227,0.000235,-1.10E-05,,,,,,,,,,,,,,,,,,,,,,
983,2020/8/12,01:16.4,2020/8/12,01:16.4,2,3,"Kouichi, Takada",1000073775,Right,HOS_HOS,"Ginsuke, Kaneko",1000073884,Right,WAS_EDA,Undefined,7,Top,1,0,2,Slider,Curveball,InPlay,Undefined,GroundBall,GroundBall,Single,0,0,,120.09268,1.877058,-1.251459,2106.799941,34.59579,7:15,1.577582,0.504483,1.758875,-163.8163,-35.6245,-27.2831,0.472149,-0.123371,110.76634,-9.873825,-3.178757,0.511311,146.29747,-0.69069,6.891422,,,,,9.812816,,8.009147,0.23947,13.048,-18.5044,-0.470923,15.24,1.612895,0.838021,-33.05285,0.465268,1.857091,5.993373,-12.440337,HOS_HOS,WAS_EDA,JinguStadium,TeamExclusive,Team,20200812-JinguStadium-2,fefe3830-dc71-11ea-88f9-bd503d6648f4,1d2f1139-be90-4066-b0a3-60a0157ea427,v3,,,,"Rentaro, Ohgaki",1000089958,Right,HOS_HOS,118.63633,0.465499,,9.32633,,,,16.682518,-33.313391,2.996687,1.580914,1.006068,-6.220169,-0.505598,0.75729,0.928546,0.363985,0.465499,0.121148,303.527327,0.364417,40.317745,-5.277178,,,,,,,0.465941,-0.5144,-5.985925,,,,,,,0.120892,4.889949,1.318166,,,,,,,,,,,,,,,,,,,,,,,,,,,,
984,2020/8/12,04:26.7,2020/8/12,04:26.7,3,1,"Shota, Suzuki",1000073773,Left,HOS_HOS,"Takuya, Nakagawa",1000074092,Left,WAS_EDA,Undefined,7,Top,1,0,0,Fastball,Four-Seam,StrikeSwinging,Undefined,Undefined,,Undefined,0,0,,145.94031,-2.784442,3.163955,2077.496822,150.410159,11:00,1.656931,-0.539968,1.829452,-35.5482,51.0244,-27.3164,0.513274,0.081309,132.81746,-5.482909,1.23367,0.420189,,,,,,,,,,,,16.2903,29.086,0.465829,15.24,1.587693,-2.072566,-40.043969,-2.061571,3.403919,8.777876,-3.729044,HOS_HOS,WAS_EDA,JinguStadium,TeamExclusive,Team,20200812-JinguStadium-2,70637490-dc72-11ea-88f9-bd503d6648f4,1d2f1139-be90-4066-b0a3-60a0157ea427,v3,,,,"Rentaro, Ohgaki",1000089958,Right,HOS_HOS,144.36352,,,13.12285,,,,16.609834,-40.343127,4.388938,1.655788,-1.934482,-1.864522,0.538441,-2.188575,1.70196,,,,,,,,,,,,,,,,,,,,,,,,,,,,,,,,,,,,,,,,,,,,,,,,,,,,,
985,2020/8/12,04:47.4,2020/8/12,04:47.4,3,2,"Shota, Suzuki",1000073773,Left,HOS_HOS,"Takuya, Nakagawa",1000074092,Left,WAS_EDA,Undefined,7,Top,1,0,1,Fastball,Sinker,StrikeCalled,Undefined,Undefined,,Undefined,0,0,,146.47637,-2.020975,3.726504,2106.00002,146.807648,11:00,1.660454,-0.476662,1.81008,-32.4081,53.6697,-33.2286,0.763498,0.246202,133.21096,-4.499721,1.383518,0.418987,,,,,,,,,,,,19.6488,29.7701,0.388183,15.24,1.609006,-2.443803,-40.191014,-1.517865,4.139783,8.767747,-3.534425,HOS_HOS,WAS_EDA,JinguStadium,TeamExclusive,Team,20200812-JinguStadium-2,7cb28c40-dc72-11ea-88f9-bd503d6648f4,1d2f1139-be90-4066-b0a3-60a0157ea427,v3,,,,"Rentaro, Ohgaki",1000089958,Right,HOS_HOS,144.77792,,,13.26541,,,,16.62929,-40.492956,4.383874,1.659182,-1.396147,-1.767213,0.474797,-2.586367,2.069891,,,,,,,,,,,,,,,,,,,,,,,,,,,,,,,,,,,,,,,,,,,,,,,,,,,,,
986,2020/8/12,05:11.0,2020/8/12,05:11.0,3,3,"Shota, Suzuki",1000073773,Left,HOS_HOS,"Takuya, Nakagawa",1000074092,Left,WAS_EDA,Undefined,7,Top,1,0,2,Slider,Slider,BallCalled,Undefined,Undefined,,Undefined,0,0,,131.17463,-0.911289,4.134035,3033.854164,351.503303,5:45,1.637959,-0.499811,1.719807,-114.5617,-7.5783,1.565,0.232543,0.693286,122.37495,-9.080945,4.243869,0.467103,,,,,,,,,,,,1.7715,-2.5099,0.392546,15.24,1.605401,-2.612752,-36.049226,-1.043243,0.30464,6.121304,-10.238271,HOS_HOS,WAS_EDA,JinguStadium,TeamExclusive,Team,20200812-JinguStadium-2,8ad3cbe0-dc72-11ea-88f9-bd503d6648f4,1d2f1139-be90-4066-b0a3-60a0157ea427,v3,,,,"Rentaro, Ohgaki",1000089958,Right,HOS_HOS,129.86421,,,8.79967,,,,16.721004,-36.299835,3.060652,1.639531,-0.624083,-5.119135,0.499769,-2.625224,0.15232,,,,,,,,,,,,,,,,,,,,,,,,,,,,,,,,,,,,,,,,,,,,,,,,,,,,,
987,2020/8/12,05:51.0,2020/8/12,05:51.0,3,4,"Shota, Suzuki",1000073773,Left,HOS_HOS,"Takuya, Nakagawa",1000074092,Left,WAS_EDA,Undefined,7,Top,1,1,2,Slider,Slider,StrikeSwinging,Strikeout,Undefined,,Undefined,0,0,,129.84372,-1.435401,2.387917,2370.542551,337.225655,5:15,1.634322,-0.546118,1.687621,-121.4473,-12.6783,6.4803,0.010483,0.199362,122.02324,-10.052548,2.843715,0.470985,,,,,,,,,,,,-1.927,-5.0337,0.482411,15.24,1.586364,-1.520297,-35.757994,-1.394768,-0.327566,5.7232,-10.662308,HOS_HOS,WAS_EDA,JinguStadium,TeamExclusive,Team,20200812-JinguStadium-2,a2a360a0-dc72-11ea-88f9-bd503d6648f4,1d2f1139-be90-4066-b0a3-60a0157ea427,v3,,,,"Rentaro, Ohgaki",1000089958,Right,HOS_HOS,128.7939,,,7.82049,,,,16.75367,-35.999448,2.8616,1.635718,-0.944941,-5.331154,0.546259,-1.506477,-0.163783,,,,,,,,,,,,,,,,,,,,,,,,,,,,,,,,,,,,,,,,,,,,,,,,,,,,,
988,2020/8/12,06:25.9,2020/8/12,06:25.9,4,1,"Shota, Suzuki",1000073773,Left,HOS_HOS,"Kotaro, Takizawa",1000073989,Left,WAS_EDA,Undefined,7,Top,2,0,0,Fastball,Sinker,HitByPitch,Undefined,Undefined,,Undefined,0,0,,148.20715,-0.577355,0.684091,2110.909043,142.138358,10:45,1.648037,-0.501118,1.865321,-32.5614,50.8014,-37.3362,1.159717,-0.681705,134.47545,-3.0776,-1.965242,0.412326,,,,,,,,,,,,19.906,27.5589,0.487505,15.24,1.632543,-0.299204,-40.78021,-0.509658,4.296527,9.43089,-3.858312,HOS_HOS,WAS_EDA,JinguStadium,TeamExclusive,Team,20200812-JinguStadium-2,b77322e0-dc72-11ea-88f9-bd503d6648f4,1d2f1139-be90-4066-b0a3-60a0157ea427,v3,,,,"Rentaro, Ohgaki",1000089958,Right,HOS_HOS,147.11657,,,13.73169,,,,16.574524,-41.087674,4.715445,1.647108,-0.383869,-1.929156,0.499543,-0.439279,2.148264,,,,,,,,,,,,,,,,,,,,,,,,,,,,,,,,,,,,,,,,,,,,,,,,,,,,,
989,2020/8/12,07:11.7,2020/8/12,07:11.6,5,1,"Shota, Suzuki",1000073773,Left,HOS_HOS,"Hisashige, Iwamoto",1000074023,Right,WAS_EDA,Undefined,7,Top,2,0,0,ChangeUp,ChangeUp,BallCalled,Undefined,Undefined,,Undefined,0,0,,132.54263,-2.171054,2.411424,1565.955883,131.432291,10:30,1.572977,-0.550461,1.903802,-66.6741,37.2132,-38.1959,0.295093,-0.254139,120.95981,-7.11405,-0.305952,0.460295,,,,,,,,,,,,21.6551,21.9917,0.497974,15.24,1.519768,-1.363887,-36.423829,-1.605188,3.735481,7.407445,-6.013108,HOS_HOS,WAS_EDA,JinguStadium,TeamExclusive,Team,20200812-JinguStadium-2,d2b4d3f0-dc72-11ea-88f9-bd503d6648f4,1d2f1139-be90-4066-b0a3-60a0157ea427,v3,,,,"Rentaro, Ohgaki",1000089958,Right,HOS_HOS,131.78515,,,11.58283,,,,16.535841,-36.686415,3.703723,1.572892,-1.392029,-3.006554,0.54867,-1.496306,1.867741,,,,,,,,,,,,,,,,,,,,,,,,,,,,,,,,,,,,,,,,,,,,,,,,,,,,,
990,2020/8/12,07:36.0,2020/8/12,07:36.0,5,2,"Shota, Suzuki",1000073773,Left,HOS_HOS,"Hisashige, Iwamoto",1000074023,Right,WAS_EDA,Undefined,7,Top,2,1,0,Fastball,Sinker,BallCalled,Undefined,Undefined,,Undefined,0,0,,148.11279,-2.122677,1.177801,2034.905143,140.789561,10:45,1.624557,-0.495208,1.852674,-34.8766,49.0398,-37.6423,0.676786,-0.539439,134.23073,-4.78225,-1.49149,0.413693,,,,,,,,,,,,20.1578,27.6925,0.469716,15.24,1.572253,-0.63903,-40.699905,-1.615951,4.327936,9.502968,-3.861012,HOS_HOS,WAS_EDA,JinguStadium,TeamExclusive,Team,20200812-JinguStadium-2,e12f3010-dc72-11ea-88f9-bd503d6648f4,1d2f1139-be90-4066-b0a3-60a0157ea427,v3,,,,"Rentaro, Ohgaki",1000089958,Right,HOS_HOS,146.63053,,,13.88206,,,,16.586422,-41.013074,4.751484,1.62341,-1.488712,-1.930506,0.493125,-0.781656,2.163968,,,,,,,,,,,,,,,,,,,,,,,,,,,,,,,,,,,,,,,,,,,,,,,,,,,,,
991,2020/8/12,08:15.8,2020/8/12,08:15.8,5,3,"Shota, Suzuki",1000073773,Left,HOS_HOS,"Hisashige, Iwamoto",1000074023,Right,WAS_EDA,Undefined,7,Top,2,2,0,Sinker,ChangeUp,BallCalled,Undefined,Undefined,,Undefined,0,0,,138.91466,-3.171665,3.514168,1600.284812,171.200468,11:45,1.586189,-0.563611,1.786926,-45.5648,50.0691,-7.2808,0.229866,0.359875,127.48524,-6.556988,3.001522,0.441632,,,,,,,,,,,,6.1565,28.759,0.477219,15.24,1.504456,-2.304734,-38.104852,-2.271578,1.172071,7.504279,-4.331489,HOS_HOS,WAS_EDA,JinguStadium,TeamExclusive,Team,20200812-JinguStadium-2,f8ec9c60-dc72-11ea-88f9-bd503d6648f4,1d2f1139-be90-4066-b0a3-60a0157ea427,v3,,,,"Rentaro, Ohgaki",1000089958,Right,HOS_HOS,137.35416,,,11.42942,,,,16.652747,-38.382067,3.75214,1.585415,-2.111569,-2.165744,0.563157,-2.348031,0.586035,,,,,,,,,,,,,,,,,,,,,,,,,,,,,,,,,,,,,,,,,,,,,,,,,,,,,
992,2020/8/12,08:59.8,2020/8/12,08:59.8,5,4,"Shota, Suzuki",1000073773,Left,HOS_HOS,"Hisashige, Iwamoto",1000074023,Right,WAS_EDA,Undefined,7,Top,2,3,0,Fastball,Four-Seam,StrikeCalled,Undefined,Undefined,,Undefined,0,0,,149.34126,-2.472658,3.917646,2242.454417,148.236185,11:00,1.623138,-0.494573,1.818621,-27.9298,55.5398,-32.5233,0.642997,0.289045,134.72383,-4.646356,1.624233,0.41259,,,,,,,,,,,,19.6483,31.2115,0.401918,15.24,1.561357,-2.627435,-40.922156,-1.844204,4.255729,9.779889,-3.046374,HOS_HOS,WAS_EDA,JinguStadium,TeamExclusive,Team,20200812-JinguStadium-2,1327d9f0-dc73-11ea-88f9-bd503d6648f4,1d2f1139-be90-4066-b0a3-60a0157ea427,v3,,,,"Rentaro, Ohgaki",1000089958,Right,HOS_HOS,147.02239,,,14.61743,,,,16.620352,-41.250724,4.889944,1.621596,-1.741858,-1.523187,0.492591,-2.770412,2.127864,,,,,,,,,,,,,,,,,,,,,,,,,,,,,,,,,,,,,,,,,,,,,,,,,,,,,
993,2020/8/12,09:24.3,2020/8/12,09:24.3,5,5,"Shota, Suzuki",1000073773,Left,HOS_HOS,"Hisashige, Iwamoto",1000074023,Right,WAS_EDA,Undefined,7,Top,2,3,1,Fastball,Sinker,BallCalled,Walk,Undefined,,Undefined,0,0,,146.68766,-1.312797,1.745292,2079.363043,135.749784,10:30,1.645028,-0.495373,1.899627,-35.2039,49.9601,-45.7666,0.923614,-0.462137,132.60055,-4.015668,-1.508579,0.416757,,,,,,,,,,,,24.8133,27.6753,0.458106,15.24,1.612953,-0.991831,-40.319009,-1.024826,5.21826,9.477498,-3.986514,HOS_HOS,WAS_EDA,JinguStadium,TeamExclusive,Team,20200812-JinguStadium-2,21c1f310-dc73-11ea-88f9-bd503d6648f4,1d2f1139-be90-4066-b0a3-60a0157ea427,v3,,,,"Rentaro, Ohgaki",1000089958,Right,HOS_HOS,145.55258,,,14.0871,,,,16.539348,-40.623289,4.738749,1.643801,-0.896837,-1.993257,0.492639,-1.159366,2.60913,,,,,,,,,,,,,,,,,,,,,,,,,,,,,,,,,,,,,,,,,,,,,,,,,,,,,
994,2020/8/12,10:06.0,2020/8/12,10:06.0,6,1,"Shota, Suzuki",1000073773,Left,HOS_HOS,"Takuya, Hiruma",1000074108,Left,WAS_EDA,Undefined,7,Top,2,0,0,Fastball,Sinker,BallCalled,Undefined,Undefined,,Undefined,0,0,,147.40629,-1.405565,1.891841,2103.327576,137.124441,10:30,1.637795,-0.531369,1.858338,-33.8261,50.7549,-44.4301,0.903002,-0.442155,133.54254,-3.998212,-1.258594,0.415328,,,,,,,,,,,,24.1363,27.9977,0.489581,15.24,1.602585,-1.105029,-40.513999,-1.093795,5.139247,9.348217,-3.84521,HOS_HOS,WAS_EDA,JinguStadium,TeamExclusive,Team,20200812-JinguStadium-2,3a9b2fa0-dc73-11ea-88f9-bd503d6648f4,1d2f1139-be90-4066-b0a3-60a0157ea427,v3,,,,"Rentaro, Ohgaki",1000089958,Right,HOS_HOS,146.0533,,,13.86375,,,,16.580812,-40.822206,4.674109,1.636557,-0.96702,-1.922605,0.528807,-1.274468,2.569624,,,,,,,,,,,,,,,,,,,,,,,,,,,,,,,,,,,,,,,,,,,,,,,,,,,,,
995,2020/8/12,11:39.4,2020/8/12,11:39.4,6,2,"Shota, Suzuki",1000073773,Left,HOS_HOS,"Takuya, Hiruma",1000074108,Left,WAS_EDA,Undefined,7,Top,2,1,0,Fastball,Sinker,StrikeCalled,Undefined,Undefined,,Undefined,0,0,,146.60638,-2.350875,2.566596,2152.263931,146.136214,10:45,1.600368,-0.535816,1.794562,-31.9748,54.3576,-34.4656,0.614236,-0.15359,132.85953,-4.803323,0.134222,0.419606,,,,,,,,,,,,19.5543,30.4602,0.475091,15.24,1.540338,-1.623209,-40.243367,-1.749258,4.109784,9.192762,-3.404732,HOS_HOS,WAS_EDA,JinguStadium,TeamExclusive,Team,20200812-JinguStadium-2,724118c0-dc73-11ea-88f9-bd503d6648f4,1d2f1139-be90-4066-b0a3-60a0157ea427,v3,,,,"Rentaro, Ohgaki",1000089958,Right,HOS_HOS,144.56418,,,13.74685,,,,16.644806,-40.562997,4.596381,1.599101,-1.630877,-1.702366,0.534013,-1.766104,2.054892,,,,,,,,,,,,,,,,,,,,,,,,,,,,,,,,,,,,,,,,,,,,,,,,,,,,,
996,2020/8/12,12:04.9,2020/8/12,12:04.9,6,3,"Shota, Suzuki",1000073773,Left,HOS_HOS,"Takuya, Hiruma",1000074108,Left,WAS_EDA,Undefined,7,Top,2,1,1,Fastball,Sinker,FoulBall,Undefined,Undefined,,Undefined,0,0,,148.50979,-1.422794,2.145166,2129.301249,141.280822,10:45,1.627118,-0.509315,1.828567,-29.3553,54.4743,-41.319,0.931367,-0.316372,134.19825,-3.698642,-0.778447,0.413479,,,,,,,,,,,,22.8916,29.9479,0.460559,15.24,1.591053,-1.312165,-40.802106,-1.095905,4.931505,9.684212,-3.355015,HOS_HOS,WAS_EDA,JinguStadium,TeamExclusive,Team,20200812-JinguStadium-2,81837fd0-dc73-11ea-88f9-bd503d6648f4,1d2f1139-be90-4066-b0a3-60a0157ea427,v3,,,,"Rentaro, Ohgaki",1000089958,Right,HOS_HOS,146.70642,,,14.31154,,,,16.610906,-41.126198,4.842106,1.62585,-0.983626,-1.677507,0.507234,-1.477203,2.465753,,,,,,,,,,,,,,,,,,,,,,,,,,,,,,,,,,,,,,,,,,,,,,,,,,,,,
997,2020/8/12,12:39.7,2020/8/12,12:39.7,6,4,"Shota, Suzuki",1000073773,Left,HOS_HOS,"Takuya, Hiruma",1000074108,Left,WAS_EDA,Undefined,7,Top,2,1,2,Slider,Slider,StrikeSwinging,Strikeout,Undefined,,Undefined,0,0,,128.42697,1.022288,2.787588,2370.398923,353.227179,5:45,1.646757,-0.457697,1.74888,-117.2657,-7.2603,1.1843,0.764616,0.345934,120.25797,-7.383435,2.870955,0.473655,,,,,,,,,,,,0.9512,-3.4116,0.386847,15.24,1.66397,-1.727741,-35.374253,0.165439,0.158892,5.338801,-10.376557,HOS_HOS,WAS_EDA,JinguStadium,TeamExclusive,Team,20200812-JinguStadium-2,96372e90-dc73-11ea-88f9-bd503d6648f4,1d2f1139-be90-4066-b0a3-60a0157ea427,v3,,,,"Rentaro, Ohgaki",1000089958,Right,HOS_HOS,128.06801,,,8.169,,,,16.692009,-35.59272,2.669401,1.648512,0.590055,-5.188278,0.45768,-1.734243,0.079446,,,,,,,,,,,,,,,,,,,,,,,,,,,,,,,,,,,,,,,,,,,,,,,,,,,,,
998,2020/8/12,14:56.1,2020/8/12,14:56.1,1,1,"Soma, Tokuyama",1000074011,Right,WAS_EDA,"Yuki, Satoh",1000073710,Right,HOS_HOS,Undefined,7,Bottom,0,0,0,Slider,Curveball,StrikeCalled,Undefined,Undefined,,Undefined,0,0,,128.56432,0.786615,-2.385954,3302.332431,80.128033,8:45,1.608512,0.615467,1.825336,-110.432,0.9046,-15.3485,0.726603,-0.212397,117.61956,-7.2386,-3.471593,0.476512,,,,,,,,,,,,6.0833,1.0265,-0.557111,15.24,1.62021,1.542048,-35.342582,0.066856,0.98853,6.939252,-9.639838,HOS_HOS,WAS_EDA,JinguStadium,TeamExclusive,Team,20200812-JinguStadium-2,e7887150-dc73-11ea-88f9-bd503d6648f4,1d2f1139-be90-4066-b0a3-60a0157ea427,v3,,,,"Hisashige, Iwamoto",1000074023,Right,WAS_EDA,127.3001,,,10.94477,,,,16.61433,-35.611399,3.469626,1.610387,0.44029,-4.819919,-0.616106,1.503754,0.494265,,,,,,,,,,,,,,,,,,,,,,,,,,,,,,,,,,,,,,,,,,,,,,,,,,,,,
999,2020/8/12,15:08.6,2020/8/12,15:08.6,1,2,"Soma, Tokuyama",1000074011,Right,WAS_EDA,"Yuki, Satoh",1000073710,Right,HOS_HOS,Undefined,7,Bottom,0,0,1,Slider,Slider,BallCalled,Undefined,Undefined,,Undefined,0,0,,131.4939,-0.911217,-2.963862,3179.345851,143.603078,10:45,1.586159,0.649497,1.799049,-91.5787,12.9768,-7.5972,0.412185,-0.265821,123.00693,-7.512369,-3.500119,0.461772,,,,,,,,,,,,2.2162,8.0127,-0.576319,15.24,1.557421,1.908418,-36.204962,-0.928522,0.386928,5.741507,-8.407691,HOS_HOS,WAS_EDA,JinguStadium,TeamExclusive,Team,20200812-JinguStadium-2,eeff9b20-dc73-11ea-88f9-bd503d6648f4,1d2f1139-be90-4066-b0a3-60a0157ea427,v3,,,,"Hisashige, Iwamoto",1000074023,Right,WAS_EDA,131.36339,,,8.48696,,,,16.641459,-36.426532,2.870753,1.586992,-0.604062,-4.203845,-0.649678,1.893486,0.193464,,,,,,,,,,,,,,,,,,,,,,,,,,,,,,,,,,,,,,,,,,,,,,,,,,,,,
1000,2020/8/12,15:24.5,2020/8/12,15:24.5,1,3,"Soma, Tokuyama",1000074011,Right,WAS_EDA,"Yuki, Satoh",1000073710,Right,HOS_HOS,Undefined,7,Bottom,0,1,1,Fastball,Four-Seam,BallCalled,Undefined,Undefined,,Undefined,0,0,,146.73991,-2.22787,-5.21351,2080.176837,218.628638,1:15,1.582185,0.670286,1.937085,-50.7436,34.5924,25.2354,0.44685,-0.543964,132.86467,-6.024585,-3.425841,0.417177,,,,,,,,,,,,-17.1439,20.6305,-0.556145,15.24,1.529896,3.540135,-40.17498,-1.745981,-3.582484,9.348012,-5.495591,HOS_HOS,WAS_EDA,JinguStadium,TeamExclusive,Team,20200812-JinguStadium-2,f87a8430-dc73-11ea-88f9-bd503d6648f4,1d2f1139-be90-4066-b0a3-60a0157ea427,v3,,,,"Hisashige, Iwamoto",1000074023,Right,WAS_EDA,145.40581,,,13.87524,,,,16.501991,-40.467558,4.674006,1.58185,-1.573977,-2.747795,-0.6687,3.652261,-1.791242,,,,,,,,,,,,,,,,,,,,,,,,,,,,,,,,,,,,,,,,,,,,,,,,,,,,,
1001,2020/8/12,15:39.1,2020/8/12,15:39.1,1,4,"Soma, Tokuyama",1000074011,Right,WAS_EDA,"Yuki, Satoh",1000073710,Right,HOS_HOS,Undefined,7,Bottom,0,2,1,Fastball,Four-Seam,BallCalled,Undefined,Undefined,,Undefined,0,0,,146.35099,-0.124713,-3.429595,2055.324602,204.306275,12:45,1.573218,0.68271,1.900325,-41.0103,44.863,18.8952,1.127986,-0.0938,131.93361,-3.247022,-2.089711,0.418489,,,,,,,,,,,,-12.4503,24.166,-0.605722,15.24,1.567887,2.31087,-40.169718,-0.216798,-2.595232,9.519962,-4.769297,HOS_HOS,WAS_EDA,JinguStadium,TeamExclusive,Team,20200812-JinguStadium-2,011f5890-dc74-11ea-88f9-bd503d6648f4,1d2f1139-be90-4066-b0a3-60a0157ea427,v3,,,,"Hisashige, Iwamoto",1000074023,Right,WAS_EDA,144.95017,,,14.41738,,,,16.538392,-40.476259,4.759981,1.572395,-0.063228,-2.384649,-0.681477,2.394436,-1.297616,,,,,,,,,,,,,,,,,,,,,,,,,,,,,,,,,,,,,,,,,,,,,,,,,,,,,
1002,2020/8/12,15:55.8,2020/8/12,15:55.8,1,5,"Soma, Tokuyama",1000074011,Right,WAS_EDA,"Yuki, Satoh",1000073710,Right,HOS_HOS,Undefined,7,Bottom,0,3,1,Fastball,Four-Seam,BallCalled,Walk,Undefined,,Undefined,0,0,,146.52147,-2.347663,-4.207862,2047.279569,195.979859,12:30,1.552259,0.656778,1.908084,-36.6655,48.8744,13.1472,0.523669,-0.396448,132.83985,-5.141234,-3.276692,0.417675,,,,,,,,,,,,-10.0044,27.9751,-0.562279,15.24,1.496826,2.888785,-40.165325,-1.760288,-2.093782,9.184147,-3.95183,HOS_HOS,WAS_EDA,JinguStadium,TeamExclusive,Team,20200812-JinguStadium-2,0b19f8f0-dc74-11ea-88f9-bd503d6648f4,1d2f1139-be90-4066-b0a3-60a0157ea427,v3,,,,"Hisashige, Iwamoto",1000074023,Right,WAS_EDA,145.2324,,,13.68162,,,,16.530855,-40.459413,4.592074,1.551167,-1.633746,-1.975915,-0.655855,2.95583,-1.046891,,,,,,,,,,,,,,,,,,,,,,,,,,,,,,,,,,,,,,,,,,,,,,,,,,,,,
1003,2020/8/12,16:40.6,2020/8/12,16:40.6,2,1,"Soma, Tokuyama",1000074011,Right,WAS_EDA,"Daiki, Saitoh",1000073731,Right,HOS_HOS,Undefined,7,Bottom,0,0,0,Slider,Slider,InPlay,Undefined,Bunt,,Sacrifice,1,0,,128.88102,0.607801,-2.291652,2363.278928,125.150323,10:15,1.595861,0.625138,1.734885,-95.1767,15.1222,-17.185,0.816891,-0.198027,119.53385,-6.267655,-3.49982,0.474286,,,,,,,,,,,,7.416,8.1326,-0.565056,15.24,1.604181,1.496313,-35.477654,0.009996,1.234307,5.973015,-8.453084,HOS_HOS,WAS_EDA,JinguStadium,TeamExclusive,Team,20200812-JinguStadium-2,25ce8530-dc74-11ea-88f9-bd503d6648f4,1d2f1139-be90-4066-b0a3-60a0157ea427,v3,,,,"Hisashige, Iwamoto",1000074023,Right,WAS_EDA,127.89754,,,9.34718,,,,16.7057,-35.723567,2.986508,1.596606,0.358015,-4.226542,-0.625614,1.445496,0.617154,,,,,,,,,,,,,,,,,,,,,,,,,,,,,,,,,,,,,,,,,,,,,,,,,,,,,
1004,2020/8/12,17:26.5,2020/8/12,17:26.5,3,1,"Soma, Tokuyama",1000074011,Right,WAS_EDA,"Kiri, Takata",1000073715,Left,HOS_HOS,Undefined,7,Bottom,1,0,0,Fastball,Four-Seam,StrikeCalled,Undefined,Undefined,,Undefined,0,0,,146.49917,-1.6853,-4.043284,2002.466538,206.79796,1:00,1.56814,0.683001,1.95053,-43.2563,40.9067,19.328,0.661878,-0.258924,134.09538,-4.936061,-2.669708,0.4143,,,,,,,,,,,,-12.8527,23.3061,-0.595506,15.24,1.528757,2.750304,-40.236074,-1.32873,-2.726948,8.406299,-4.861818,HOS_HOS,WAS_EDA,JinguStadium,TeamExclusive,Team,20200812-JinguStadium-2,412d8240-dc74-11ea-88f9-bd503d6648f4,1d2f1139-be90-4066-b0a3-60a0157ea427,v3,,,,"Hisashige, Iwamoto",1000074023,Right,WAS_EDA,146.41555,,,12.40378,,,,16.489031,-40.496186,4.203149,1.567544,-1.178292,-2.430909,-0.681913,2.834683,-1.363474,,,,,,,,,,,,,,,,,,,,,,,,,,,,,,,,,,,,,,,,,,,,,,,,,,,,,
1005,2020/8/12,17:50.0,2020/8/12,17:50.0,3,2,"Soma, Tokuyama",1000074011,Right,WAS_EDA,"Kiri, Takata",1000073715,Left,HOS_HOS,Undefined,7,Bottom,1,0,1,Cutter,Slider,InPlay,Undefined,GroundBall,,Out,1,0,,133.61955,-1.053785,-2.192089,2107.440906,159.961984,11:15,1.574452,0.665613,1.833002,-87.6511,12.6515,-3.724,0.400155,0.009139,125.42298,-7.382318,-2.455863,0.452283,,,,,,,,,,,,0.7402,7.8446,-0.612955,15.24,1.543383,1.426315,-36.832091,-1.013827,0.134313,5.655405,-8.383254,HOS_HOS,WAS_EDA,JinguStadium,TeamExclusive,Team,20200812-JinguStadium-2,4f29adb0-dc74-11ea-88f9-bd503d6648f4,1d2f1139-be90-4066-b0a3-60a0157ea427,v3,,,,"Hisashige, Iwamoto",1000074023,Right,WAS_EDA,134.11942,,,8.19657,,,,16.607711,-37.041502,2.827702,1.575176,-0.703408,-4.191627,-0.665677,1.421342,0.067156,,,,,,,,,,,,,,,,,,,,,,,,,,,,,,,,,,,,,,,,,,,,,,,,,,,,,
1006,2020/8/12,18:28.0,2020/8/12,18:28.0,4,1,"Soma, Tokuyama",1000074011,Right,WAS_EDA,"Rentaro, Ohgaki",1000089958,Right,HOS_HOS,Undefined,7,Bottom,2,0,0,Fastball,Four-Seam,StrikeSwinging,Undefined,Undefined,,Undefined,0,0,,148.51039,-0.992605,-4.041082,1999.829208,205.445067,12:45,1.574132,0.644956,1.915722,-37.0735,45.343,20.3187,0.923847,-0.2889,135.42215,-3.804903,-2.600514,0.409979,,,,,,,,,,,,-13.3635,25.0076,-0.55516,15.24,1.549541,2.778382,-40.781447,-0.82479,-2.905769,8.831667,-4.368956,HOS_HOS,WAS_EDA,JinguStadium,TeamExclusive,Team,20200812-JinguStadium-2,65d1d970-dc74-11ea-88f9-bd503d6648f4,1d2f1139-be90-4066-b0a3-60a0157ea427,v3,,,,"Hisashige, Iwamoto",1000074023,Right,WAS_EDA,147.95879,,,13.08824,,,,16.523629,-41.05849,4.415833,1.573264,-0.687739,-2.184478,-0.643746,2.869534,-1.452885,,,,,,,,,,,,,,,,,,,,,,,,,,,,,,,,,,,,,,,,,,,,,,,,,,,,,
1007,2020/8/12,18:48.9,2020/8/12,18:48.9,4,2,"Soma, Tokuyama",1000074011,Right,WAS_EDA,"Rentaro, Ohgaki",1000089958,Right,HOS_HOS,Undefined,7,Bottom,2,0,1,Cutter,Slider,FoulBall,Undefined,Undefined,Popup,Undefined,0,0,,133.05081,0.155075,-2.713028,2089.683504,114.357553,9:45,1.575578,0.637698,1.793366,-92.3656,9.9071,-16.0751,0.695864,-0.291522,124.09726,-6.514207,-3.846821,0.456704,99.62349,60.940668,138.377449,4607.689722,-27.962208,18.945278,18.499665,48.247274,,147.311324,4.003478,6.7305,5.7187,-0.569779,15.24,1.572859,1.808405,-36.644971,-0.26039,1.201487,6.014208,-8.785774,HOS_HOS,WAS_EDA,JinguStadium,TeamExclusive,Team,20200812-JinguStadium-2,72440980-dc74-11ea-88f9-bd503d6648f4,1d2f1139-be90-4066-b0a3-60a0157ea427,v3,,,,"Hisashige, Iwamoto",1000074023,Right,WAS_EDA,132.82137,22.007284,,8.95356,,,,16.647383,-36.875228,3.007104,1.57639,0.075979,-4.392887,-0.638134,1.762405,0.600744,0.612368,0.722243,0.27453,337.539327,0.612666,-10.056394,-0.942301,0.39267,-0.052777,-0.000215,-0.000464,0.000541,-6.50E-05,0.722313,24.188287,-8.128862,0.956123,-0.209907,0.055443,-0.015461,0.002652,-0.000178,0.274574,8.926897,-1.43748,0.38372,-0.09042,0.029411,-0.008877,0.001473,-9.50E-05,,,,,,,,,,,,,,,,,,,,,,
1008,2020/8/12,19:19.1,2020/8/12,19:19.1,4,3,"Soma, Tokuyama",1000074011,Right,WAS_EDA,"Rentaro, Ohgaki",1000089958,Right,HOS_HOS,Undefined,7,Bottom,2,0,2,Fastball,Four-Seam,BallCalled,Undefined,Undefined,,Undefined,0,0,,149.56136,-1.756752,-4.97118,2117.349275,215.729524,1:15,1.590869,0.629706,1.90308,-40.4065,40.5727,27.4437,0.690916,-0.496896,137.48732,-4.78105,-3.030463,0.406389,,,,,,,,,,,,-17.4124,22.9224,-0.518246,15.24,1.548403,3.431431,-41.039596,-1.402854,-3.867375,8.223963,-4.71549,HOS_HOS,WAS_EDA,JinguStadium,TeamExclusive,Team,20200812-JinguStadium-2,844d0aa0-dc74-11ea-88f9-bd503d6648f4,1d2f1139-be90-4066-b0a3-60a0157ea427,v3,,,,"Hisashige, Iwamoto",1000074023,Right,WAS_EDA,149.26598,,,12.07404,,,,16.536787,-41.298643,4.111982,1.590253,-1.254321,-2.357745,-0.628251,3.553249,-1.933687,,,,,,,,,,,,,,,,,,,,,,,,,,,,,,,,,,,,,,,,,,,,,,,,,,,,,
1009,2020/8/12,19:50.0,2020/8/12,19:50.0,4,4,"Soma, Tokuyama",1000074011,Right,WAS_EDA,"Rentaro, Ohgaki",1000089958,Right,HOS_HOS,Undefined,7,Bottom,2,1,2,Fastball,Four-Seam,FoulBall,Undefined,Undefined,,Undefined,0,0,,149.40738,-0.840351,-4.20626,2135.834453,214.58588,1:15,1.585539,0.642569,1.900309,-40.6953,40.2042,26.0846,0.941647,-0.281402,137.37843,-3.888019,-2.35878,0.406188,,,,,,,,,,,,-16.2645,22.1468,-0.548337,15.24,1.563913,2.890216,-41.060842,-0.745778,-3.61725,8.206996,-4.88116,HOS_HOS,WAS_EDA,JinguStadium,TeamExclusive,Team,20200812-JinguStadium-2,96bac100-dc74-11ea-88f9-bd503d6648f4,1d2f1139-be90-4066-b0a3-60a0157ea427,v3,,,,"Hisashige, Iwamoto",1000074023,Right,WAS_EDA,149.33956,,,12.02895,,,,16.539773,-41.319816,4.103498,1.585016,-0.591751,-2.44058,-0.64134,3.004359,-1.808625,,,,,,,,,,,,,,,,,,,,,,,,,,,,,,,,,,,,,,,,,,,,,,,,,,,,,
1010,2020/8/12,20:21.8,2020/8/12,20:21.8,4,5,"Soma, Tokuyama",1000074011,Right,WAS_EDA,"Rentaro, Ohgaki",1000089958,Right,HOS_HOS,Undefined,7,Bottom,2,1,2,Fastball,Four-Seam,FoulBall,Undefined,Undefined,,Undefined,0,0,,149.38401,-2.08364,-3.153549,2004.057647,209.870462,1:00,1.566805,0.637919,1.905095,-42.569,38.5441,20.7083,0.554278,-0.042325,137.08964,-5.265543,-1.683201,0.406724,,,,,,,,,,,,-12.9371,22.216,-0.567665,15.24,1.516993,2.160504,-41.065797,-1.646949,-2.864572,8.599728,-4.887497,HOS_HOS,WAS_EDA,JinguStadium,TeamExclusive,Team,20200812-JinguStadium-2,a9b06c10-dc74-11ea-88f9-bd503d6648f4,1d2f1139-be90-4066-b0a3-60a0157ea427,v3,,,,"Hisashige, Iwamoto",1000074023,Right,WAS_EDA,149.14274,,,12.29437,,,,16.53494,-41.336086,4.299864,1.566342,-1.493335,-2.443748,-0.636984,2.250538,-1.432286,,,,,,,,,,,,,,,,,,,,,,,,,,,,,,,,,,,,,,,,,,,,,,,,,,,,,
1011,2020/8/12,20:50.1,2020/8/12,20:50.1,4,6,"Soma, Tokuyama",1000074011,Right,WAS_EDA,"Rentaro, Ohgaki",1000089958,Right,HOS_HOS,Undefined,7,Bottom,2,1,2,Cutter,Slider,BallCalled,Undefined,Undefined,,Undefined,0,0,,137.01383,-2.623924,-3.290152,2154.459717,107.723968,9:30,1.587151,0.623111,1.791116,-93.5009,6.9131,-9.8827,-0.092383,-0.408114,123.90074,-9.396609,-3.9879,0.452535,,,,,,,,,,,,2.2164,6.8026,-0.541285,15.24,1.51591,2.204901,-37.535782,-2.096708,0.399022,9.055702,-8.581945,HOS_HOS,WAS_EDA,JinguStadium,TeamExclusive,Team,20200812-JinguStadium-2,ba8c37d0-dc74-11ea-88f9-bd503d6648f4,1d2f1139-be90-4066-b0a3-60a0157ea427,v3,,,,"Hisashige, Iwamoto",1000074023,Right,WAS_EDA,134.04501,,,13.11309,,,,16.648375,-37.874036,4.527851,1.588241,-1.776151,-4.290972,-0.623366,2.189997,0.199511,,,,,,,,,,,,,,,,,,,,,,,,,,,,,,,,,,,,,,,,,,,,,,,,,,,,,
1012,2020/8/12,21:20.7,2020/8/12,21:20.7,4,7,"Soma, Tokuyama",1000074011,Right,WAS_EDA,"Rentaro, Ohgaki",1000089958,Right,HOS_HOS,Undefined,7,Bottom,2,2,2,Cutter,Slider,InPlay,Undefined,GroundBall,GroundBall,Error,0,1,,135.55928,-0.321401,-2.598538,2086.680708,146.888995,11:00,1.586094,0.623593,1.827745,-92.1469,9.771,-3.851,0.573754,-0.149351,121.78934,-7.076886,-2.870983,0.455911,154.66848,3.175019,-16.09866,1042.018874,,,,31.331923,,-17.883265,0.783783,-0.3195,6.3881,-0.560963,15.24,1.572386,1.706365,-37.193163,-0.566512,-0.056413,8.955388,-8.678564,HOS_HOS,WAS_EDA,JinguStadium,TeamExclusive,Team,20200812-JinguStadium-2,ccc52290-dc74-11ea-88f9-bd503d6648f4,1d2f1139-be90-4066-b0a3-60a0157ea427,v3,,,,"Hisashige, Iwamoto",1000074023,Right,WAS_EDA,133.0524,0.955456,,13.76995,,,,16.611242,-37.521878,4.477694,1.587334,-0.247957,-4.339282,-0.623635,1.708436,-0.028207,0.603699,0.616532,0.126043,112.20404,0.603699,41.215319,-5.642223,0.907979,-0.186027,0.037858,-0.007559,0.00133,-0.000133,0.616532,2.379582,-4.258289,0.313526,-0.053098,0.013201,-0.00258,0.000469,-6.00E-05,0.126043,-11.895146,-0.741364,0.078905,-0.020413,0.003752,-0.000918,0.000305,-6.70E-05,,,,,,,,,,,,,,,,,,,,,,
1013,2020/8/12,22:19.3,2020/8/12,22:19.3,5,1,"Soma, Tokuyama",1000074011,Right,WAS_EDA,"Shota, Suzuki",1000073773,Left,HOS_HOS,Undefined,7,Bottom,2,0,0,Splitter,ChangeUp,BallCalled,Undefined,Undefined,,Undefined,0,0,,132.08936,-0.745881,-1.318382,2141.615896,233.079807,1:45,1.530059,0.640348,1.796945,-77.7297,27.0636,31.8065,0.541627,0.585276,121.60141,-6.426748,0.930885,0.462297,,,,,,,,,,,,-17.1432,15.3628,-0.610172,15.24,1.506405,0.688303,-36.354959,-0.763707,-2.976861,6.69826,-7.138957,HOS_HOS,WAS_EDA,JinguStadium,TeamExclusive,Team,20200812-JinguStadium-2,efafbbd0-dc74-11ea-88f9-bd503d6648f4,1d2f1139-be90-4066-b0a3-60a0157ea427,v3,,,,"Hisashige, Iwamoto",1000074023,Right,WAS_EDA,131.21427,,,10.48795,,,,16.64278,-36.612504,3.34913,1.530492,-0.489218,-3.569479,-0.638838,0.802762,-1.488431,,,,,,,,,,,,,,,,,,,,,,,,,,,,,,,,,,,,,,,,,,,,,,,,,,,,,
1014,2020/8/12,22:42.0,2020/8/12,22:42.0,5,2,"Soma, Tokuyama",1000074011,Right,WAS_EDA,"Shota, Suzuki",1000073773,Left,HOS_HOS,Undefined,7,Bottom,2,1,0,Slider,Slider,StrikeSwinging,Undefined,Undefined,,Undefined,0,0,,134.11264,-1.668908,-2.990024,2087.196385,192.886053,12:30,1.558053,0.673137,1.802517,-91.2692,11.5995,1.8779,0.172483,-0.154671,122.75439,-8.291404,-2.857348,0.458033,,,,,,,,,,,,-3.2165,8.1941,-0.600159,15.24,1.510991,1.914879,-36.828154,-1.430204,-0.567024,7.596387,-8.362145,HOS_HOS,WAS_EDA,JinguStadium,TeamExclusive,Team,20200812-JinguStadium-2,fd369030-dc74-11ea-88f9-bd503d6648f4,1d2f1139-be90-4066-b0a3-60a0157ea427,v3,,,,"Hisashige, Iwamoto",1000074023,Right,WAS_EDA,132.43599,,,11.35824,,,,16.63716,-37.115221,3.798193,1.559067,-1.114199,-4.181073,-0.672927,1.936307,-0.283512,,,,,,,,,,,,,,,,,,,,,,,,,,,,,,,,,,,,,,,,,,,,,,,,,,,,,
1015,2020/8/12,23:27.8,2020/8/12,23:27.8,5,3,"Soma, Tokuyama",1000074011,Right,WAS_EDA,"Shota, Suzuki",1000073773,Left,HOS_HOS,Undefined,7,Bottom,2,1,1,Fastball,Four-Seam,FoulBall,Undefined,Undefined,,Undefined,0,0,,147.58848,-2.321902,-3.604633,2195.749272,211.174287,1:00,1.565512,0.653754,1.994239,-30.5838,51.9409,29.823,0.608982,-0.056965,134.82348,-4.681285,-1.477288,0.410248,,,,,,,,,,,,-17.9726,29.5313,-0.578913,15.24,1.514619,2.406683,-40.542058,-1.72261,-3.868325,8.600126,-3.450484,HOS_HOS,WAS_EDA,JinguStadium,TeamExclusive,Team,20200812-JinguStadium-2,18825360-dc75-11ea-88f9-bd503d6648f4,1d2f1139-be90-4066-b0a3-60a0157ea427,v3,,,,"Hisashige, Iwamoto",1000074023,Right,WAS_EDA,147.86172,,,12.76501,,,,16.445001,-40.796872,4.300063,1.564144,-1.620376,-1.725242,-0.651918,2.521298,-1.934162,,,,,,,,,,,,,,,,,,,,,,,,,,,,,,,,,,,,,,,,,,,,,,,,,,,,,
1016,2020/8/12,23:54.6,2020/8/12,23:54.6,5,4,"Soma, Tokuyama",1000074011,Right,WAS_EDA,"Shota, Suzuki",1000073773,Left,HOS_HOS,Undefined,7,Bottom,2,1,2,Slider,Slider,StrikeSwinging,Strikeout,Undefined,,Undefined,0,0,,132.89107,-1.489867,-2.536952,2090.139098,84.692143,8:45,1.582945,0.641674,1.780114,-103.7357,2.5622,-14.0332,0.123043,-0.217773,120.45208,-9.003915,-3.528032,0.465604,,,,,,,,,,,,5.0199,3.6931,-0.577673,15.24,1.538691,1.682015,-36.460865,-1.361329,0.855741,8.31856,-9.177082,HOS_HOS,WAS_EDA,JinguStadium,TeamExclusive,Team,20200812-JinguStadium-2,28817ac0-dc75-11ea-88f9-bd503d6648f4,1d2f1139-be90-4066-b0a3-60a0157ea427,v3,,,,"Hisashige, Iwamoto",1000074023,Right,WAS_EDA,130.28234,,,12.43899,,,,16.659166,-36.783224,4.15928,1.584554,-1.005701,-4.588541,-0.642211,1.648854,0.42787,,,,,,,,,,,,,,,,,,,,,,,,,,,,,,,,,,,,,,,,,,,,,,,,,,,,,
1017,2020/8/12,26:12.8,2020/8/12,26:12.8,1,1,"Ginji, Miura",1000073786,Right,HOS_HOS,"Kazuto, Yoshizawa",1000074012,Right,WAS_EDA,Undefined,8,Top,0,0,0,Fastball,Four-Seam,StrikeCalled,Undefined,Undefined,,Undefined,0,0,,147.84396,-2.201192,-2.292481,2018.429958,206.030034,12:45,1.559928,0.553716,1.701803,-26.1605,60.2737,27.8816,0.67097,0.179656,132.98749,-4.248613,-0.335902,0.419853,,,,,,,,,,,,-15.8678,33.0779,-0.495848,15.24,1.500277,1.467252,-40.538438,-1.62655,-3.361772,9.857793,-2.798707,HOS_HOS,WAS_EDA,JinguStadium,TeamExclusive,Team,20200812-JinguStadium-2,7adcb370-dc75-11ea-88f9-bd503d6648f4,1d2f1139-be90-4066-b0a3-60a0157ea427,v3,,,,"Rentaro, Ohgaki",1000089958,Right,HOS_HOS,144.47907,,,14.85647,,,,16.73693,-40.900829,4.928897,1.55818,-1.523665,-1.399354,-0.552058,1.590837,-1.680886,,,,,,,,,,,,,,,,,,,,,,,,,,,,,,,,,,,,,,,,,,,,,,,,,,,,,
1018,2020/8/12,26:25.9,2020/8/12,26:25.9,1,2,"Ginji, Miura",1000073786,Right,HOS_HOS,"Kazuto, Yoshizawa",1000074012,Right,WAS_EDA,Undefined,8,Top,0,0,1,Fastball,ChangeUp,FoulBall,Undefined,Undefined,,Undefined,0,0,,147.88316,-1.16913,-3.375747,1324.996341,207.382622,1:00,1.582771,0.535341,1.747682,-29.8703,55.5999,27.2584,0.951602,-0.151348,133.66176,-3.472928,-1.460413,0.417505,,,,,,,,,,,,-16.0778,29.6986,-0.451332,15.24,1.550688,2.23525,-40.550573,-0.908464,-3.43332,9.276896,-3.464683,HOS_HOS,WAS_EDA,JinguStadium,TeamExclusive,Team,20200812-JinguStadium-2,82a4bc60-dc75-11ea-88f9-bd503d6648f4,1d2f1139-be90-4066-b0a3-60a0157ea427,v3,,,,"Rentaro, Ohgaki",1000089958,Right,HOS_HOS,145.29155,,,14.2214,,,,16.690139,-40.88098,4.638448,1.580846,-0.785065,-1.732341,-0.533121,2.357532,-1.71666,,,,,,,,,,,,,,,,,,,,,,,,,,,,,,,,,,,,,,,,,,,,,,,,,,,,,
1019,2020/8/12,26:45.2,2020/8/12,26:45.2,1,3,"Ginji, Miura",1000073786,Right,HOS_HOS,"Kazuto, Yoshizawa",1000074012,Right,WAS_EDA,Undefined,8,Top,0,0,2,Slider,Slider,InPlay,Undefined,GroundBall,,Out,1,0,,132.12381,0.423378,-3.01705,2680.41228,31.959137,7:00,1.552508,0.562636,1.561234,-113.0288,-5.3841,-5.2614,0.543939,-0.356948,122.38355,-7.609135,-3.383086,0.468545,,,,,,,,,,,,0.6947,-2.1605,-0.47563,15.24,1.553963,1.940233,-36.315972,-0.231727,0.120846,6.422205,-10.182497,HOS_HOS,WAS_EDA,JinguStadium,TeamExclusive,Team,20200812-JinguStadium-2,8e3231c0-dc75-11ea-88f9-bd503d6648f4,1d2f1139-be90-4066-b0a3-60a0157ea427,v3,,,,"Rentaro, Ohgaki",1000089958,Right,HOS_HOS,129.46472,,,9.74025,,,,16.879364,-36.604734,3.211102,1.55409,0.226108,-5.091249,-0.562746,1.9348,0.060423,,,,,,,,,,,,,,,,,,,,,,,,,,,,,,,,,,,,,,,,,,,,,,,,,,,,,
1020,2020/8/12,27:19.2,2020/8/12,27:19.2,2,1,"Ginji, Miura",1000073786,Right,HOS_HOS,"Moeto, Suzuki",1000074064,Left,WAS_EDA,Undefined,8,Top,1,0,0,Curveball,Curveball,BallCalled,Undefined,Undefined,,Undefined,0,0,,112.57602,4.209396,0.650938,2576.95288,17.24409,6:30,1.556592,0.504663,1.654307,-194.4842,-43.5567,-15.2466,0.815638,0.538026,101.63326,-9.735093,-0.418086,0.554803,,,,,,,,,,,,8.1227,-23.3578,-0.520977,15.24,1.654588,-0.283097,-30.850097,1.529515,0.989637,6.033174,-12.65246,HOS_HOS,WAS_EDA,JinguStadium,TeamExclusive,Team,20200812-JinguStadium-2,a26bf590-dc75-11ea-88f9-bd503d6648f4,1d2f1139-be90-4066-b0a3-60a0157ea427,v3,,,,"Rentaro, Ohgaki",1000089958,Right,HOS_HOS,109.33609,,,10.94277,,,,16.786366,-31.151043,3.016587,1.562552,2.160643,-6.32623,-0.505625,-0.332462,0.494819,,,,,,,,,,,,,,,,,,,,,,,,,,,,,,,,,,,,,,,,,,,,,,,,,,,,,
1021,2020/8/12,27:33.0,2020/8/12,27:33.0,2,2,"Ginji, Miura",1000073786,Right,HOS_HOS,"Moeto, Suzuki",1000074064,Left,WAS_EDA,Undefined,8,Top,1,1,0,Slider,Slider,FoulBall,Undefined,Undefined,,Undefined,0,0,,132.58609,0.630573,-1.694083,2790.247006,66.089141,8:15,1.520528,0.606104,1.48876,-109.3986,-1.3054,-10.1808,0.608459,0.015655,122.19577,-7.139582,-2.400341,0.46952,,,,,,,,,,,,3.9271,-0.2507,-0.554328,15.24,1.528203,1.13022,-36.445661,-0.097527,0.685345,6.731335,-9.850403,HOS_HOS,WAS_EDA,JinguStadium,TeamExclusive,Team,20200812-JinguStadium-2,aab192f0-dc75-11ea-88f9-bd503d6648f4,1d2f1139-be90-4066-b0a3-60a0157ea427,v3,,,,"Rentaro, Ohgaki",1000089958,Right,HOS_HOS,129.19586,,,10.39032,,,,16.951638,-36.760433,3.365667,1.521994,0.363099,-4.925202,-0.60643,1.098172,0.342672,,,,,,,,,,,,,,,,,,,,,,,,,,,,,,,,,,,,,,,,,,,,,,,,,,,,,
1022,2020/8/12,27:54.2,2020/8/12,27:54.2,2,3,"Ginji, Miura",1000073786,Right,HOS_HOS,"Moeto, Suzuki",1000074064,Left,WAS_EDA,Undefined,8,Top,1,1,1,Slider,Slider,BallCalled,Undefined,Undefined,,Undefined,0,0,,136.42008,-0.500091,-2.866872,2712.272857,94.617544,9:15,1.561941,0.557801,1.605623,-97.4849,3.7702,-7.7462,0.443725,-0.34118,125.32404,-7.475981,-3.407385,0.454426,,,,,,,,,,,,1.8605,3.1523,-0.477134,15.24,1.539348,1.915981,-37.466283,-0.760213,0.34153,7.438511,-9.227993,HOS_HOS,WAS_EDA,JinguStadium,TeamExclusive,Team,20200812-JinguStadium-2,b7581970-dc75-11ea-88f9-bd503d6648f4,1d2f1139-be90-4066-b0a3-60a0157ea427,v3,,,,"Rentaro, Ohgaki",1000089958,Right,HOS_HOS,133.48715,,,11.09604,,,,16.83431,-37.78149,3.719255,1.563277,-0.369177,-4.613996,-0.558017,1.901509,0.170765,,,,,,,,,,,,,,,,,,,,,,,,,,,,,,,,,,,,,,,,,,,,,,,,,,,,,
1023,2020/8/12,28:08.2,2020/8/12,28:08.2,2,4,"Ginji, Miura",1000073786,Right,HOS_HOS,"Moeto, Suzuki",1000074064,Left,WAS_EDA,Undefined,8,Top,1,2,1,Fastball,Four-Seam,InPlay,Undefined,GroundBall,GroundBall,Single,0,0,,146.52678,-2.276365,-2.721202,1944.450387,200.503253,12:45,1.538338,0.573309,1.66577,-35.9152,51.5066,18.1783,0.528739,-0.021761,133.47491,-4.974858,-1.449009,0.422245,154.11496,-7.332579,33.288418,,,,,4.98066,,27.677649,0.108628,-11.1651,28.5016,-0.501845,15.24,1.474395,1.812963,-40.21171,-1.72976,-2.355583,8.749295,-3.79344,HOS_HOS,WAS_EDA,JinguStadium,TeamExclusive,Team,20200812-JinguStadium-2,bfa94f90-dc75-11ea-88f9-bd503d6648f4,1d2f1139-be90-4066-b0a3-60a0157ea427,v3,,,,"Rentaro, Ohgaki",1000089958,Right,HOS_HOS,143.6606,0.724013,,13.05187,,,,16.773851,-40.544073,4.374647,1.537367,-1.585657,-1.89672,-0.572414,1.902446,-1.177791,0.642016,0.724013,-0.08696,,0.642045,35.489342,-7.3284,,,,,,,0.724271,-5.49518,-10.812849,,,,,,,-0.086758,23.279615,-10.912237,,,,,,,,,,,,,,,,,,,,,,,,,,,,
1024,2020/8/12,28:56.8,2020/8/12,28:56.8,3,1,"Ginji, Miura",1000073786,Right,HOS_HOS,"Soma, Tokuyama",1000074011,Right,WAS_EDA,Undefined,8,Top,1,0,0,Fastball,ChangeUp,StrikeCalled,Undefined,Undefined,,Undefined,0,0,,144.31413,-2.068825,-3.467987,1628.70246,207.987878,1:00,1.525131,0.642065,1.643495,-37.4743,53.6501,26.7897,0.558075,-0.081898,130.44645,-4.897934,-1.597599,0.431094,,,,,,,,,,,,-16.0693,29.4245,-0.54992,15.24,1.46572,2.248127,-39.539615,-1.560803,-3.255501,8.985235,-3.84548,HOS_HOS,WAS_EDA,JinguStadium,TeamExclusive,Team,20200812-JinguStadium-2,dc9c8130-dc75-11ea-88f9-bd503d6648f4,1d2f1139-be90-4066-b0a3-60a0157ea427,v3,,,,"Rentaro, Ohgaki",1000089958,Right,HOS_HOS,140.71177,,,13.86767,,,,16.7954,-39.891508,4.492618,1.523897,-1.4102,-1.92274,-0.640461,2.375624,-1.62775,,,,,,,,,,,,,,,,,,,,,,,,,,,,,,,,,,,,,,,,,,,,,,,,,,,,,
1025,2020/8/12,29:25.5,2020/8/12,29:25.5,3,2,"Ginji, Miura",1000073786,Right,HOS_HOS,"Soma, Tokuyama",1000074011,Right,WAS_EDA,Undefined,8,Top,1,0,1,Slider,Slider,BallCalled,Undefined,Undefined,,Undefined,0,0,,132.47696,-1.895565,-1.808045,2843.979352,137.684345,10:30,1.538909,0.619798,1.490517,-95.9725,12.248,-8.2359,0.032172,0.01596,122.68914,-8.696889,-2.379957,0.469796,,,,,,,,,,,,2.917,8.1614,-0.564878,15.24,1.47249,1.190773,-36.397943,-1.634413,0.508528,6.608956,-8.383835,HOS_HOS,WAS_EDA,JinguStadium,TeamExclusive,Team,20200812-JinguStadium-2,edb64050-dc75-11ea-88f9-bd503d6648f4,1d2f1139-be90-4066-b0a3-60a0157ea427,v3,,,,"Rentaro, Ohgaki",1000089958,Right,HOS_HOS,129.11988,,,9.78782,,,,16.949801,-36.707088,3.304478,1.53977,-1.242246,-4.191917,-0.620022,1.166986,0.254264,,,,,,,,,,,,,,,,,,,,,,,,,,,,,,,,,,,,,,,,,,,,,,,,,,,,,
1026,2020/8/12,30:04.3,2020/8/12,30:04.3,3,3,"Ginji, Miura",1000073786,Right,HOS_HOS,"Soma, Tokuyama",1000074011,Right,WAS_EDA,Undefined,8,Top,1,1,1,Fastball,Four-Seam,BallCalled,Undefined,Undefined,,Undefined,1,0,,146.24922,-2.797271,-3.418061,2464.34541,207.368895,1:00,1.530825,0.61179,1.635815,-32.8413,56.0725,27.3751,0.40092,-0.092466,132.17939,-5.295155,-1.507594,0.425833,,,,,,,,,,,,-16.2904,31.138,-0.520614,15.24,1.451518,2.23764,-40.047612,-2.068006,-3.385398,9.223484,-3.335685,HOS_HOS,WAS_EDA,JinguStadium,TeamExclusive,Team,20200812-JinguStadium-2,04d8cc30-dc76-11ea-88f9-bd503d6648f4,1d2f1139-be90-4066-b0a3-60a0157ea427,v3,,,,"Rentaro, Ohgaki",1000089958,Right,HOS_HOS,142.45026,,,14.06982,,,,16.803025,-40.405993,4.611742,1.529353,-1.938396,-1.667843,-0.610114,2.36918,-1.692699,,,,,,,,,,,,,,,,,,,,,,,,,,,,,,,,119.99165,2.054748,0.692736,1.362012,-0.430302,0.319733,0.114398,-0.649758,1.663992,0.352943,38.5248,0.171331,0.885269,-0.601658,32.490198,-2.78057,1.682545,4.355543,-4.019928,0.315424,-1.444516,1.381231
1027,2020/8/12,30:34.4,2020/8/12,30:34.4,3,4,"Ginji, Miura",1000073786,Right,HOS_HOS,"Soma, Tokuyama",1000074011,Right,WAS_EDA,Undefined,8,Top,2,2,1,Fastball,Four-Seam,StrikeSwinging,Undefined,Undefined,,Undefined,0,0,,146.95563,-0.518675,-2.642333,2441.851897,208.128135,1:00,1.534872,0.62198,1.74938,-42.9495,42.7386,21.3902,0.958012,0.085436,134.03616,-3.725398,-1.137434,0.418037,,,,,,,,,,,,-12.6661,22.8877,-0.556478,15.24,1.518556,1.74803,-40.379875,-0.52485,-2.702104,8.600877,-4.923961,HOS_HOS,WAS_EDA,JinguStadium,TeamExclusive,Team,20200812-JinguStadium-2,16cb5f20-dc76-11ea-88f9-bd503d6648f4,1d2f1139-be90-4066-b0a3-60a0157ea427,v3,,,,"Rentaro, Ohgaki",1000089958,Right,HOS_HOS,145.10665,,,12.91947,,,,16.689776,-40.687504,4.300438,1.534179,-0.348734,-2.46198,-0.620729,1.844676,-1.351052,,,,,,,,,,,,,,,,,,,,,,,,,,,,,,,,,,,,,,,,,,,,,,,,,,,,,
1028,2020/8/12,30:47.3,2020/8/12,30:47.3,3,5,"Ginji, Miura",1000073786,Right,HOS_HOS,"Soma, Tokuyama",1000074011,Right,WAS_EDA,Undefined,8,Top,2,2,2,ChangeUp,ChangeUp,InPlay,Undefined,GroundBall,GroundBall,Out,1,0,,135.74844,-1.280361,-1.609554,1733.548422,207.554221,1:00,1.534662,0.525598,1.638638,-59.4152,41.9363,20.2482,0.574454,0.268046,124.61844,-5.628019,-0.192559,0.454642,120.74328,-9.43729,6.746938,,,,,2.863455,,2.924331,0.068698,-11.3252,22.9124,-0.483473,15.24,1.494752,0.947159,-37.319301,-1.067972,-2.070831,7.107,-5.61706,HOS_HOS,WAS_EDA,JinguStadium,TeamExclusive,Team,20200812-JinguStadium-2,1e78db30-dc76-11ea-88f9-bd503d6648f4,1d2f1139-be90-4066-b0a3-60a0157ea427,v3,,,,"Rentaro, Ohgaki",1000089958,Right,HOS_HOS,133.42366,0.414859,,11.13001,,,,16.801195,-37.615437,3.5535,1.534376,-0.83392,-2.80853,-0.524737,1.033447,-1.035415,0.653857,0.414859,-0.155852,,0.653883,32.851794,-10.81503,,,,,,,0.414904,-5.508072,-7.745276,,,,,,,-0.155915,3.899062,7.247152,,,,,,,,,,,,,,,,,,,,,,,,,,,,
1029,2020/8/12,33:04.3,2020/8/12,33:04.3,1,1,"Takuma, Yamashita",1000074022,Right,WAS_EDA,"Shuta, Miyazaki",1000073809,Left,HOS_HOS,Undefined,8,Bottom,0,0,0,Fastball,Four-Seam,StrikeCalled,Undefined,Undefined,,Undefined,0,0,,148.35893,-3.149293,-1.592831,1269.87124,198.865717,12:45,1.680937,0.33307,1.779734,-26.7911,58.3488,18.855,0.519657,0.07029,133.50921,-5.241908,-0.262594,0.416698,,,,,,,,,,,,-10.8794,33.2081,-0.294825,15.24,1.600789,1.028982,-40.678295,-2.306496,-2.317989,10.025071,-2.731222,HOS_HOS,WAS_EDA,JinguStadium,TeamExclusive,Team,20200812-JinguStadium-2,7029f130-dc76-11ea-88f9-bd503d6648f4,1d2f1139-be90-4066-b0a3-60a0157ea427,v3,,,,"Hisashige, Iwamoto",1000074023,Right,WAS_EDA,145.57304,,,14.84972,,,,16.658973,-41.026507,5.012536,1.679255,-2.21163,-1.365611,-0.331964,1.109495,-1.158995,,,,,,,,,,,,,,,,,,,,,,,,,,,,,,,,,,,,,,,,,,,,,,,,,,,,,
1030,2020/8/12,33:17.2,2020/8/12,33:17.2,1,2,"Takuma, Yamashita",1000074022,Right,WAS_EDA,"Shuta, Miyazaki",1000073809,Left,HOS_HOS,Undefined,8,Bottom,0,0,1,Slider,Curveball,BallCalled,Undefined,Undefined,,Undefined,0,0,,122.03142,1.162972,1.439495,2442.624068,90.382058,9:00,1.664136,0.381924,1.679269,-120.6601,4.0227,-41.9133,0.789168,0.373178,112.46801,-7.521205,-1.503722,0.504264,,,,,,,,,,,,22.0723,2.451,-0.416758,15.24,1.685339,-0.6534,-33.572234,0.214793,3.265975,5.75511,-9.44398,HOS_HOS,WAS_EDA,JinguStadium,TeamExclusive,Team,20200812-JinguStadium-2,77ce6c90-dc76-11ea-88f9-bd503d6648f4,1d2f1139-be90-4066-b0a3-60a0157ea427,v3,,,,"Hisashige, Iwamoto",1000074023,Right,WAS_EDA,120.29412,,,9.56341,,,,16.76096,-33.83196,2.877555,1.666029,0.640995,-4.72199,-0.383945,-0.800792,1.632988,,,,,,,,,,,,,,,,,,,,,,,,,,,,,,,,,,,,,,,,,,,,,,,,,,,,,
1031,2020/8/12,33:30.4,2020/8/12,33:30.4,1,3,"Takuma, Yamashita",1000074022,Right,WAS_EDA,"Shuta, Miyazaki",1000073809,Left,HOS_HOS,Undefined,8,Bottom,0,1,1,Fastball,Four-Seam,FoulBall,Undefined,Undefined,Popup,Undefined,0,0,,146.77401,-2.873993,-1.316624,2631.553565,188.297186,12:15,1.65753,0.288562,1.84316,-30.6714,54.2276,7.5108,0.538965,-0.007909,134.21155,-5.216098,-0.784555,0.416108,90.41229,52.587641,-112.951759,4873.926216,,,,40.749522,,-129.226781,3.371764,-4.8114,30.8346,-0.257815,15.24,1.587306,0.88959,-40.343999,-2.117212,-1.024377,8.603938,-3.241796,HOS_HOS,WAS_EDA,JinguStadium,TeamExclusive,Team,20200812-JinguStadium-2,7faac0d0-dc76-11ea-88f9-bd503d6648f4,1d2f1139-be90-4066-b0a3-60a0157ea427,v3,,,,"Hisashige, Iwamoto",1000074023,Right,WAS_EDA,145.77951,15.491338,,12.56247,,,,16.596602,-40.632284,4.301969,1.656426,-2.008592,-1.620898,-0.288197,0.923913,-0.512188,0.261975,0.635979,-0.033076,31.047965,0.261981,-5.950731,-1.252864,0.349025,-0.044383,-0.007643,0.005036,-0.000874,5.30E-05,0.635977,19.947562,-7.644841,0.788555,-0.127536,0.008224,0.002178,-0.000316,3.00E-06,-0.033058,-14.051203,1.231844,0.05202,0.000347,-0.01452,0.009366,-0.002085,0.000161,,,,,,,,,,,,,,,,,,,,,,
1032,2020/8/12,33:48.2,2020/8/12,33:48.2,1,4,"Takuma, Yamashita",1000074022,Right,WAS_EDA,"Shuta, Miyazaki",1000073809,Left,HOS_HOS,Undefined,8,Bottom,0,1,2,Slider,ChangeUp,InPlay,Undefined,LineDrive,LineDrive,Out,1,0,,120.66642,-1.611225,-1.76201,1110.898092,221.759551,1:30,1.619276,0.264852,1.992793,-98.4908,26.1436,19.4071,0.183604,-0.033818,109.95509,-8.887049,-0.371816,0.504166,147.41133,18.855005,14.497654,1670.813524,32.381595,9.287665,8.692472,90.03287,,17.353289,3.348054,-11.6667,16.2854,-0.228597,15.24,1.58022,0.945872,-33.178075,-1.233368,-1.656418,6.578439,-7.494481,HOS_HOS,WAS_EDA,JinguStadium,TeamExclusive,Team,20200812-JinguStadium-2,8a5e50f0-dc76-11ea-88f9-bd503d6648f4,1d2f1139-be90-4066-b0a3-60a0157ea427,v3,,,,"Hisashige, Iwamoto",1000074023,Right,WAS_EDA,120.31753,11.018455,,10.71133,,,,16.446684,-33.416476,3.289219,1.619995,-0.96177,-3.747241,-0.263963,1.0059,-0.828209,0.767618,0.186741,0.021551,189.362382,0.767636,37.515055,-6.710257,1.545151,-0.267971,0.028634,-0.000202,-0.000414,4.20E-05,0.186713,13.235574,-4.007499,-0.039299,-0.016707,0.032148,-0.012768,0.002364,-0.000171,0.021562,9.69984,-1.187086,0.365316,-0.064354,0.000848,0.002745,-0.000619,4.70E-05,,,,,,,,,,,,,,,,,,,,,,
1033,2020/8/12,34:22.0,2020/8/12,34:22.0,2,1,"Takuma, Yamashita",1000074022,Right,WAS_EDA,"Tomoki, Nagahiro",1000073724,Right,HOS_HOS,Undefined,8,Bottom,1,0,0,Fastball,Four-Seam,BallCalled,Undefined,Undefined,,Undefined,0,0,,146.68923,-1.265189,-1.58726,2494.930667,189.963784,12:15,1.691958,0.347166,1.814866,-33.2782,52.6778,8.733,1.001356,-0.014281,132.75741,-3.816985,-0.96984,0.41869,,,,,,,,,,,,-5.6568,28.7483,-0.309278,15.24,1.659021,1.070188,-40.298749,-0.988158,-1.191062,9.293469,-3.753642,HOS_HOS,WAS_EDA,JinguStadium,TeamExclusive,Team,20200812-JinguStadium-2,9e6d3430-dc76-11ea-88f9-bd503d6648f4,1d2f1139-be90-4066-b0a3-60a0157ea427,v3,,,,"Hisashige, Iwamoto",1000074023,Right,WAS_EDA,144.88038,,,13.93181,,,,16.623736,-40.616605,4.646735,1.690622,-0.859776,-1.876821,-0.346578,1.110925,-0.595531,,,,,,,,,,,,,,,,,,,,,,,,,,,,,,,,,,,,,,,,,,,,,,,,,,,,,
1034,2020/8/12,34:35.7,2020/8/12,34:35.7,2,2,"Takuma, Yamashita",1000074022,Right,WAS_EDA,"Tomoki, Nagahiro",1000073724,Right,HOS_HOS,Undefined,8,Bottom,1,1,0,Slider,Slider,StrikeSwinging,Undefined,Undefined,,Undefined,0,0,,125.8939,-0.944276,-0.031629,1200.045408,121.476698,10:00,1.653099,0.349682,1.580039,-99.2424,20.6223,-27.0815,0.389867,0.069797,115.00863,-8.083753,-1.923146,0.494425,,,,,,,,,,,,13.518,12.1811,-0.346198,15.24,1.617405,0.149612,-34.578099,-0.970647,2.098307,6.764348,-7.91587,HOS_HOS,WAS_EDA,JinguStadium,TeamExclusive,Team,20200812-JinguStadium-2,a69f97b0-dc76-11ea-88f9-bd503d6648f4,1d2f1139-be90-4066-b0a3-60a0157ea427,v3,,,,"Hisashige, Iwamoto",1000074023,Right,WAS_EDA,122.68798,,,10.88527,,,,16.859408,-34.893458,3.382174,1.654055,-0.601603,-3.957935,-0.350892,0.051787,1.049153,,,,,,,,,,,,,,,,,,,,,,,,,,,,,,,,,,,,,,,,,,,,,,,,,,,,,
1035,2020/8/12,34:51.3,2020/8/12,34:51.3,2,3,"Takuma, Yamashita",1000074022,Right,WAS_EDA,"Tomoki, Nagahiro",1000073724,Right,HOS_HOS,Undefined,8,Bottom,1,1,1,Slider,Slider,BallCalled,Undefined,Undefined,,Undefined,0,0,,124.79656,-1.387892,-0.401945,3436.31489,108.381215,9:30,1.650846,0.335079,1.620701,-106.9002,14.8697,-32.1357,0.184746,-0.101257,113.99024,-9.068363,-2.653389,0.498339,,,,,,,,,,,,15.8727,9.7305,-0.321062,15.24,1.60331,0.390817,-34.271909,-1.253665,2.411564,6.854514,-8.328287,HOS_HOS,WAS_EDA,JinguStadium,TeamExclusive,Team,20200812-JinguStadium-2,afebcfa0-dc76-11ea-88f9-bd503d6648f4,1d2f1139-be90-4066-b0a3-60a0157ea427,v3,,,,"Hisashige, Iwamoto",1000074023,Right,WAS_EDA,121.72446,,,10.80632,,,,16.818914,-34.586256,3.427257,1.652045,-0.87173,-4.164143,-0.336449,0.280223,1.205782,,,,,,,,,,,,,,,,,,,,,,,,,,,,,,,,,,,,,,,,,,,,,,,,,,,,,
1036,2020/8/12,35:15.5,2020/8/12,35:15.5,2,4,"Takuma, Yamashita",1000074022,Right,WAS_EDA,"Tomoki, Nagahiro",1000073724,Right,HOS_HOS,Undefined,8,Bottom,1,2,1,Fastball,Four-Seam,InPlay,Undefined,LineDrive,LineDrive,Out,1,0,,143.39187,-2.089519,-1.522089,2466.672087,193.646923,12:30,1.670219,0.249398,1.867461,-39.6969,49.6227,11.3026,0.684066,-0.066519,130.11738,-5.101783,-0.72015,0.426803,147.77069,21.157014,9.188819,1939.657625,32.939125,11.070674,6.255498,90.745629,,14.9647,3.532743,-7.0217,28.1673,-0.214631,15.24,1.619031,0.991639,-39.404829,-1.563242,-1.413776,8.874186,-4.135294,HOS_HOS,WAS_EDA,JinguStadium,TeamExclusive,Team,20200812-JinguStadium-2,be587020-dc76-11ea-88f9-bd503d6648f4,1d2f1139-be90-4066-b0a3-60a0157ea427,v3,,,,"Hisashige, Iwamoto",1000074023,Right,WAS_EDA,142.1263,13.04956,,13.2745,,,,16.571912,-39.70365,4.437093,1.669326,-1.423994,-2.067647,-0.248824,1.039245,-0.706888,0.45245,0.680735,0.051766,198.204902,0.452391,37.790656,-7.065817,1.666733,-0.340287,0.06381,-0.010397,0.00115,-5.70E-05,0.680853,14.81198,-4.594567,0.074806,0.026948,-0.01289,0.002712,-0.000188,-2.00E-06,0.051707,6.11448,-0.141107,0.198581,-0.069328,0.017849,-0.003175,0.000334,-1.50E-05,,,,,,,,,,,,,,,,,,,,,,
1037,2020/8/12,35:48.5,2020/8/12,35:48.5,3,1,"Takuma, Yamashita",1000074022,Right,WAS_EDA,"Jin, Nakamura",1000073711,Left,HOS_HOS,Undefined,8,Bottom,2,0,0,Fastball,Four-Seam,StrikeCalled,Undefined,Undefined,,Undefined,0,0,,147.02056,-2.392217,-0.685977,2537.835644,196.019558,12:30,1.66687,0.301732,1.789209,-36.1289,49.3703,13.3556,0.627872,0.24107,133.83494,-5.122769,0.257463,0.417576,,,,,,,,,,,,-7.2935,27.8059,-0.28572,15.24,1.605313,0.412783,-40.3956,-1.806695,-1.550338,8.961324,-3.896129,HOS_HOS,WAS_EDA,JinguStadium,TeamExclusive,Team,20200812-JinguStadium-2,d1ff1bb0-dc76-11ea-88f9-bd503d6648f4,1d2f1139-be90-4066-b0a3-60a0157ea427,v3,,,,"Hisashige, Iwamoto",1000074023,Right,WAS_EDA,145.26696,,,13.18562,,,,16.649829,-40.707153,4.480662,1.665771,-1.671241,-1.948064,-0.301008,0.466683,-0.775169,,,,,,,,,,,,,,,,,,,,,,,,,,,,,,,,,,,,,,,,,,,,,,,,,,,,,
1038,2020/8/12,36:03.5,2020/8/12,36:03.5,3,2,"Takuma, Yamashita",1000074022,Right,WAS_EDA,"Jin, Nakamura",1000073711,Left,HOS_HOS,Undefined,8,Bottom,2,0,1,ChangeUp,ChangeUp,StrikeSwinging,Undefined,Undefined,,Undefined,0,0,,122.10348,0.783196,-0.308436,1221.128431,210.021193,1:00,1.638113,0.31034,1.901522,-87.4051,35.2965,17.9687,0.984276,0.403308,110.79914,-5.706928,0.969775,0.500242,,,,,,,,,,,,-9.4978,18.9544,-0.304324,15.24,1.650767,0.104782,-33.574426,0.18166,-1.386066,6.530979,-7.040527,HOS_HOS,WAS_EDA,JinguStadium,TeamExclusive,Team,20200812-JinguStadium-2,daf7b560-dc76-11ea-88f9-bd503d6648f4,1d2f1139-be90-4066-b0a3-60a0157ea427,v3,,,,"Hisashige, Iwamoto",1000074023,Right,WAS_EDA,121.26137,,,11.30433,,,,16.537164,-33.825812,3.26549,1.638559,0.452659,-3.520264,-0.309384,0.158134,-0.693033,,,,,,,,,,,,,,,,,,,,,,,,,,,,,,,,,,,,,,,,,,,,,,,,,,,,,
1039,2020/8/12,36:23.7,2020/8/12,36:23.7,3,3,"Takuma, Yamashita",1000074022,Right,WAS_EDA,"Jin, Nakamura",1000073711,Left,HOS_HOS,Undefined,8,Bottom,2,0,2,Fastball,ChangeUp,StrikeSwinging,Strikeout,Undefined,,Undefined,0,0,,121.88884,-0.530814,-1.181087,1142.646587,220.33408,1:15,1.653196,0.251571,2.064832,-89.6818,32.0786,23.3735,0.608615,0.156561,109.93546,-7.253144,0.499683,0.498319,,,,,,,,,,,,-13.2452,18.8136,-0.228934,15.24,1.638696,0.597456,-33.511858,-0.568236,-1.905853,7.072531,-7.099563,HOS_HOS,WAS_EDA,JinguStadium,TeamExclusive,Team,20200812-JinguStadium-2,e7035b70-dc76-11ea-88f9-bd503d6648f4,1d2f1139-be90-4066-b0a3-60a0157ea427,v3,,,,"Hisashige, Iwamoto",1000074023,Right,WAS_EDA,121.72916,,,11.95338,,,,16.373412,-33.750212,3.536265,1.653815,-0.328971,-3.549781,-0.250151,0.661686,-0.952927,,,,,,,,,,,,,,,,,,,,,,,,,,,,,,,,83.52675,3.22752,1.847296,1.380225,-0.47454,0.489764,-0.165223,-0.125467,1.540777,-0.83273,23.497632,1.342664,14.535687,-0.089036,18.88083,-1.296083,1.564309,5.697689,-4.242281,-0.826295,11.554277,-0.306968
1040,2020/8/12,38:33.8,2020/8/12,38:33.8,1,1,"Ginji, Miura",1000073786,Right,HOS_HOS,"Toyo, Kumada",1000089879,Right,WAS_EDA,Undefined,9,Top,0,0,0,Fastball,Four-Seam,BallCalled,Undefined,Undefined,,Undefined,0,0,,143.53504,-2.593193,-2.886649,2454.138523,218.674012,1:15,1.544914,0.599076,1.620083,-37.7582,54.3953,40.946,0.424062,0.18207,130.06095,-5.434226,-0.028168,0.433521,,,,,,,,,,,,-22.6274,30.116,-0.522973,15.24,1.470072,1.758109,-39.344296,-1.917483,-4.547668,8.751427,-3.753937,HOS_HOS,WAS_EDA,JinguStadium,TeamExclusive,Team,20200812-JinguStadium-2,348e6e70-dc77-11ea-88f9-bd503d6648f4,1d2f1139-be90-4066-b0a3-60a0157ea427,v3,,,,"Rentaro, Ohgaki",1000089958,Right,HOS_HOS,139.92386,,,13.47409,,,,16.819175,-39.694,4.375713,1.543697,-1.767476,-1.876968,-0.596857,1.939832,-2.273834,,,,,,,,,,,,,,,,,,,,,,,,,,,,,,,,,,,,,,,,,,,,,,,,,,,,,
1041,2020/8/12,38:44.1,2020/8/12,38:44.1,1,2,"Ginji, Miura",1000073786,Right,HOS_HOS,"Toyo, Kumada",1000089879,Right,WAS_EDA,Undefined,9,Top,0,1,0,Fastball,Four-Seam,InPlay,Undefined,FlyBall,LineDrive,Out,1,0,,142.86964,-2.026361,-3.48014,2366.232622,212.566728,1:00,1.535388,0.577458,1.613914,-40.0681,52.6445,31.634,0.553505,-0.103347,129.961,-5.021432,-1.275119,0.434835,149.83207,25.431109,0.399051,3262.529091,33.514104,15.390096,-0.962529,101.160626,,-5.802339,4.827256,-18.4464,28.794,-0.483793,15.24,1.475783,2.212378,-39.17553,-1.537364,-3.691282,8.355718,-4.04472,HOS_HOS,WAS_EDA,JinguStadium,TeamExclusive,Team,20200812-JinguStadium-2,3ab65bf0-dc77-11ea-88f9-bd503d6648f4,1d2f1139-be90-4066-b0a3-60a0157ea427,v3,,,,"Rentaro, Ohgaki",1000089958,Right,HOS_HOS,139.50133,21.389669,,12.90864,,,,16.825781,-39.512312,4.177859,1.534462,-1.37434,-2.02236,-0.575963,2.361157,-1.845641,0.467697,0.621479,0.092429,162.513623,0.467817,37.582017,-7.862031,1.814708,-0.335378,0.048693,-0.005451,0.00043,-1.70E-05,0.621438,17.876388,-3.669325,-0.185137,0.063296,-0.007924,0.000146,0.000116,-1.10E-05,0.0925,0.258836,-1.61382,0.524035,-0.112421,0.015837,-0.001245,3.50E-05,1.00E-06,,,,,,,,,,,,,,,,,,,,,,
1042,2020/8/12,39:15.8,2020/8/12,39:15.8,2,1,"Ginji, Miura",1000073786,Right,HOS_HOS,"Ginsuke, Kaneko",1000073884,Left,WAS_EDA,Undefined,9,Top,1,0,0,Fastball,Four-Seam,StrikeCalled,Undefined,Undefined,,Undefined,0,0,,147.21973,-2.29407,-4.13434,2306.381508,217.842279,1:15,1.553622,0.572302,1.634624,-41.4953,45.2402,32.9979,0.480938,-0.281412,134.68369,-5.366079,-1.833856,0.420584,,,,,,,,,,,,-19.3976,25.1105,-0.461926,15.24,1.487233,2.735234,-40.360293,-1.785584,-4.146428,8.352705,-4.439039,HOS_HOS,WAS_EDA,JinguStadium,TeamExclusive,Team,20200812-JinguStadium-2,4d95e6f0-dc77-11ea-88f9-bd503d6648f4,1d2f1139-be90-4066-b0a3-60a0157ea427,v3,,,,"Rentaro, Ohgaki",1000089958,Right,HOS_HOS,144.22791,,,12.53604,,,,16.805177,-40.682923,4.176353,1.552891,-1.614123,-2.219519,-0.570669,2.895393,-2.073214,,,,,,,,,,,,,,,,,,,,,,,,,,,,,,,,,,,,,,,,,,,,,,,,,,,,,
1043,2020/8/12,39:24.9,2020/8/12,39:25.0,2,2,"Ginji, Miura",1000073786,Right,HOS_HOS,"Ginsuke, Kaneko",1000073884,Left,WAS_EDA,Undefined,9,Top,1,0,1,Fastball,Four-Seam,FoulBall,Undefined,Undefined,FlyBall,Undefined,0,0,,148.29008,-1.041078,-3.541332,2422.275904,223.419857,1:30,1.562042,0.579096,1.691374,-43.6651,41.1527,36.3805,0.828271,-0.067027,135.33669,-4.281975,-0.993229,0.415909,139.33998,32.420131,39.974859,5528.098469,23.210303,19.067708,24.19519,93.637141,,56.040227,4.653603,-20.8958,22.3462,-0.488591,15.24,1.531143,2.321782,-40.713347,-0.914052,-4.534682,8.689261,-4.957199,HOS_HOS,WAS_EDA,JinguStadium,TeamExclusive,Team,20200812-JinguStadium-2,5302c1d0-dc77-11ea-88f9-bd503d6648f4,1d2f1139-be90-4066-b0a3-60a0157ea427,v3,,,,"Rentaro, Ohgaki",1000089958,Right,HOS_HOS,145.84925,22.807738,,12.95339,,,,16.748485,-41.034033,4.344631,1.561501,-0.731101,-2.4786,-0.577367,2.489139,-2.267341,0.212301,0.75967,0.059616,214.759898,0.212429,25.035037,-7.540088,2.110042,-0.478692,0.092056,-0.014124,0.001441,-6.70E-05,0.759709,20.750415,-5.06665,-0.063932,0.138504,-0.047935,0.009013,-0.000842,3.10E-05,0.059625,20.990596,-2.104046,0.506597,-0.101642,0.018496,-0.002969,0.000326,-1.60E-05,,,,,,,,,,,,,,,,,,,,,,
1044,2020/8/12,39:43.8,2020/8/12,39:43.8,2,3,"Ginji, Miura",1000073786,Right,HOS_HOS,"Ginsuke, Kaneko",1000073884,Left,WAS_EDA,Undefined,9,Top,1,0,2,Fastball,Four-Seam,FoulBall,Undefined,Undefined,,Undefined,0,0,,147.33869,-1.491214,-3.524952,2650.40314,212.165771,1:00,1.550971,0.604313,1.730333,-34.9003,51.1197,30.3199,0.777355,-0.095334,133.70889,-4.137749,-1.396875,0.418846,,,,,,,,,,,,-17.9862,27.8972,-0.515974,15.24,1.510025,2.326733,-40.424157,-1.171886,-3.82541,9.041424,-3.873312,HOS_HOS,WAS_EDA,JinguStadium,TeamExclusive,Team,20200812-JinguStadium-2,5e4af0d0-dc77-11ea-88f9-bd503d6648f4,1d2f1139-be90-4066-b0a3-60a0157ea427,v3,,,,"Rentaro, Ohgaki",1000089958,Right,HOS_HOS,144.82647,,,13.62981,,,,16.709079,-40.751412,4.520712,1.549905,-1.031691,-1.936656,-0.602697,2.465194,-1.912705,,,,,,,,,,,,,,,,,,,,,,,,,,,,,,,,,,,,,,,,,,,,,,,,,,,,,
1045,2020/8/12,40:03.0,2020/8/12,40:03.0,2,4,"Ginji, Miura",1000073786,Right,HOS_HOS,"Ginsuke, Kaneko",1000073884,Left,WAS_EDA,Undefined,9,Top,1,0,2,ChangeUp,ChangeUp,FoulBall,Undefined,Undefined,FlyBall,Undefined,0,0,,132.79935,-1.586326,-3.721338,1714.937658,220.7255,1:15,1.531701,0.532262,1.714519,-70.3943,35.6656,27.6452,0.375513,-0.251184,121.1397,-6.739471,-1.782007,0.465083,118.11415,36.647904,38.461208,5334.963005,23.302232,17.573517,24.106567,69.522022,,52.713389,3.927529,-16.7746,20.3025,-0.437698,15.24,1.485054,2.235597,-36.425518,-1.277431,-2.899511,7.280313,-6.297344,HOS_HOS,WAS_EDA,JinguStadium,TeamExclusive,Team,20200812-JinguStadium-2,69b9e1b0-dc77-11ea-88f9-bd503d6648f4,1d2f1139-be90-4066-b0a3-60a0157ea427,v3,,,,"Rentaro, Ohgaki",1000089958,Right,HOS_HOS,130.42841,17.989052,,11.65965,,,,16.724962,-36.721115,3.640156,1.53173,-1.021744,-3.148672,-0.530858,2.353324,-1.449756,0.373015,0.23582,0.226284,217.276614,0.37313,20.608815,-5.67704,1.467466,-0.274117,0.040652,-0.005416,0.000566,-2.80E-05,0.235681,19.588,-5.963177,0.413445,-0.094281,0.029677,-0.008063,0.001307,-8.40E-05,0.226284,16.372916,-1.199533,0.271536,-0.049639,0.008668,-0.001481,0.000169,-8.00E-06,,,,,,,,,,,,,,,,,,,,,,
1046,2020/8/12,40:33.7,2020/8/12,40:33.7,2,5,"Ginji, Miura",1000073786,Right,HOS_HOS,"Ginsuke, Kaneko",1000073884,Left,WAS_EDA,Undefined,9,Top,1,0,2,Slider,Slider,InPlay,Undefined,FlyBall,LineDrive,Out,1,0,,133.47151,1.296517,-1.978856,2512.069835,355.464028,5:45,1.529743,0.563663,1.546855,-112.8315,-6.8913,0.7958,0.774258,0.002786,122.86923,-6.742816,-1.923483,0.46482,126.0509,25.314203,-15.711106,2113.294274,32.267736,12.942771,-9.105999,83.324569,,-15.285524,3.911299,-1.7278,-3.468,-0.50655,15.24,1.556399,1.263581,-36.688614,0.321299,-0.305623,6.808978,-10.420081,HOS_HOS,WAS_EDA,JinguStadium,TeamExclusive,Team,20200812-JinguStadium-2,7c008810-dc77-11ea-88f9-bd503d6648f4,1d2f1139-be90-4066-b0a3-60a0157ea427,v3,,,,"Rentaro, Ohgaki",1000089958,Right,HOS_HOS,130.50204,14.492766,,10.60228,,,,16.893573,-36.994225,3.404489,1.531482,0.788989,-5.210041,-0.563572,1.277299,-0.152811,0.607445,0.770663,-0.0021,174.389947,0.607523,30.46667,-4.957781,1.073912,-0.183865,0.022223,-0.001875,0.000149,-9.00E-06,0.770556,14.975087,-4.248104,0.108536,-0.025763,0.01152,-0.002551,0.00036,-2.30E-05,-0.002042,-8.572922,1.105073,-0.136867,0.022958,-0.006908,0.002011,-0.000324,2.10E-05,,,,,,,,,,,,,,,,,,,,,,
1047,2020/8/12,41:08.5,2020/8/12,41:08.5,3,1,"Ginji, Miura",1000073786,Right,HOS_HOS,"Takuya, Nakagawa",1000074092,Left,WAS_EDA,Undefined,9,Top,2,0,0,Fastball,Four-Seam,BallCalled,Undefined,Undefined,,Undefined,0,0,,146.47483,0.530645,-1.539383,2263.908261,211.2528,1:00,1.558645,0.595764,1.735667,-43.7306,41.7594,23.8637,1.272125,0.397039,134.7396,-2.714353,0.139776,0.417554,,,,,,,,,,,,-13.0647,21.6287,-0.558141,15.24,1.568951,0.956521,-40.316141,0.206566,-2.804849,7.805574,-5.163216,HOS_HOS,WAS_EDA,JinguStadium,TeamExclusive,Team,20200812-JinguStadium-2,90c21980-dc77-11ea-88f9-bd503d6648f4,1d2f1139-be90-4066-b0a3-60a0157ea427,v3,,,,"Rentaro, Ohgaki",1000089958,Right,HOS_HOS,145.27469,,,11.73523,,,,16.704043,-40.598604,3.902787,1.558095,0.393409,-2.581608,-0.594592,1.058021,-1.402424,,,,,,,,,,,,,,,,,,,,,,,,,,,,,,,,,,,,,,,,,,,,,,,,,,,,,
1048,2020/8/12,41:19.1,2020/8/12,41:19.1,3,2,"Ginji, Miura",1000073786,Right,HOS_HOS,"Takuya, Nakagawa",1000074092,Left,WAS_EDA,Undefined,9,Top,2,1,0,Fastball,Four-Seam,BallCalled,Undefined,Undefined,,Undefined,0,0,,146.85403,-0.294898,-3.73069,2373.762724,210.470345,1:00,1.541421,0.564499,1.746168,-43.2126,41.9853,23.2517,1.025405,-0.263489,135.10274,-3.499538,-2.098125,0.41684,,,,,,,,,,,,-14.1576,22.3013,-0.471281,15.24,1.530709,2.508154,-40.354697,-0.372153,-3.046368,7.79154,-5.007966,HOS_HOS,WAS_EDA,JinguStadium,TeamExclusive,Team,20200812-JinguStadium-2,97149970-dc77-11ea-88f9-bd503d6648f4,1d2f1139-be90-4066-b0a3-60a0157ea427,v3,,,,"Rentaro, Ohgaki",1000089958,Right,HOS_HOS,145.52356,,,11.75129,,,,16.693591,-40.634382,3.89577,1.540842,-0.192387,-2.503983,-0.563276,2.617506,-1.523184,,,,,,,,,,,,,,,,,,,,,,,,,,,,,,,,,,,,,,,,,,,,,,,,,,,,,
1049,2020/8/12,41:31.5,2020/8/12,41:31.5,3,3,"Ginji, Miura",1000073786,Right,HOS_HOS,"Takuya, Nakagawa",1000074092,Left,WAS_EDA,Undefined,9,Top,2,2,0,Fastball,Four-Seam,StrikeSwinging,Undefined,Undefined,,Undefined,0,0,,144.3583,-1.232309,-2.444479,2307.606425,209.373203,1:00,1.540424,0.590583,1.703826,-38.057,51.0799,27.1681,0.808762,0.166137,131.93746,-4.089056,-0.537811,0.426367,,,,,,,,,,,,-15.3736,27.507,-0.528756,15.24,1.505239,1.547973,-39.667343,-0.987107,-3.171251,8.145313,-4.132514,HOS_HOS,WAS_EDA,JinguStadium,TeamExclusive,Team,20200812-JinguStadium-2,9e752e00-dc77-11ea-88f9-bd503d6648f4,1d2f1139-be90-4066-b0a3-60a0157ea427,v3,,,,"Rentaro, Ohgaki",1000089958,Right,HOS_HOS,142.27186,,,12.42084,,,,16.735579,-39.973267,4.072656,1.539398,-0.831898,-2.066257,-0.589132,1.667079,-1.585626,,,,,,,,,,,,,,,,,,,,,,,,,,,,,,,,,,,,,,,,,,,,,,,,,,,,,
1050,2020/8/12,41:45.5,2020/8/12,41:45.5,3,4,"Ginji, Miura",1000073786,Right,HOS_HOS,"Takuya, Nakagawa",1000074092,Left,WAS_EDA,Undefined,9,Top,2,2,1,Fastball,Four-Seam,StrikeCalled,Undefined,Undefined,,Undefined,0,0,,147.15219,-1.614622,-3.502903,1185.774822,207.39621,1:00,1.552099,0.562732,1.660354,-36.7853,49.443,24.2384,0.722511,-0.195724,134.76916,-4.362236,-1.809157,0.419353,,,,,,,,,,,,-14.4905,26.7412,-0.470386,15.24,1.505588,2.338263,-40.391697,-1.276157,-3.107963,8.21774,-4.071106,HOS_HOS,WAS_EDA,JinguStadium,TeamExclusive,Team,20200812-JinguStadium-2,a6ca5bc0-dc77-11ea-88f9-bd503d6648f4,1d2f1139-be90-4066-b0a3-60a0157ea427,v3,,,,"Rentaro, Ohgaki",1000089958,Right,HOS_HOS,144.65143,,,12.38304,,,,16.779116,-40.703627,4.10887,1.551095,-1.121625,-2.035553,-0.561381,2.456235,-1.553981,,,,,,,,,,,,,,,,,,,,,,,,,,,,,,,,,,,,,,,,,,,,,,,,,,,,,
1051,2020/8/12,41:59.6,2020/8/12,41:59.6,3,5,"Ginji, Miura",1000073786,Right,HOS_HOS,"Takuya, Nakagawa",1000074092,Left,WAS_EDA,Undefined,9,Top,2,2,2,ChangeUp,ChangeUp,InPlay,Undefined,FlyBall,LineDrive,Double,0,0,,135.52014,0.443291,-2.680681,1472.071014,216.155698,1:15,1.52704,0.552787,1.588998,-69.7966,32.6561,21.5633,0.956266,-0.000442,124.12112,-4.62767,-1.178435,0.457105,157.14737,16.481529,30.155932,1965.537274,27.828214,7.464665,18.70045,77.773346,,39.080375,2.424118,-12.6679,16.9407,-0.479324,15.24,1.53332,1.633269,-37.2302,-0.002136,-2.304528,7.09624,-6.72482,HOS_HOS,WAS_EDA,JinguStadium,TeamExclusive,Team,20200812-JinguStadium-2,af3a6480-dc77-11ea-88f9-bd503d6648f4,1d2f1139-be90-4066-b0a3-60a0157ea427,v3,,,,"Rentaro, Ohgaki",1000089958,Right,HOS_HOS,132.70462,7.75533,,11.39901,,,,16.850917,-37.535992,3.54812,1.527168,0.287651,-3.36241,-0.551845,1.732576,-1.152264,0.495093,0.992498,0.006405,253.677214,0.495118,36.191165,-7.506574,1.660081,-0.207784,-0.068459,0.05367,-0.01455,0.001494,0.992487,12.385402,-6.144633,0.546061,-0.17386,0.092948,-0.039346,0.009382,-0.000918,0.006384,21.029764,0.193862,-0.331699,-0.022701,0.104922,-0.059048,0.015077,-0.001512,,,,,,,,,,,,,,,,,,,,,,
1052,2020/8/12,42:53.0,2020/8/12,42:53.0,4,1,"Ginji, Miura",1000073786,Right,HOS_HOS,"Kotaro, Takizawa",1000073989,Left,WAS_EDA,Undefined,9,Top,2,0,0,ChangeUp,ChangeUp,StrikeCalled,Undefined,Undefined,,Undefined,0,0,,129.01922,0.318904,-3.249287,1407.928857,208.289603,1:00,1.517522,0.563075,1.628992,-78.6827,34.0275,16.4278,0.82202,-0.202643,118.20249,-5.399613,-2.103092,0.479442,,,,,,,,,,,,-10.4432,17.9148,-0.475217,15.24,1.519611,1.930512,-35.42028,-0.110282,-1.718891,6.448483,-6.857981,HOS_HOS,WAS_EDA,JinguStadium,TeamExclusive,Team,20200812-JinguStadium-2,cf0917c0-dc77-11ea-88f9-bd503d6648f4,1d2f1139-be90-4066-b0a3-60a0157ea427,v3,,,,"Rentaro, Ohgaki",1000089958,Right,HOS_HOS,126.52204,,,10.81673,,,,16.810304,-35.705019,3.224241,1.517795,0.192539,-3.428991,-0.562136,2.006411,-0.859445,,,,,,,,,,,,,,,,,,,,,,,,,,,,,,,,,,,,,,,,,,,,,,,,,,,,,
1053,2020/8/12,43:17.1,2020/8/12,43:17.1,4,2,"Ginji, Miura",1000073786,Right,HOS_HOS,"Kotaro, Takizawa",1000073989,Left,WAS_EDA,Undefined,9,Top,2,0,1,Slider,Slider,FoulBall,Undefined,Undefined,LineDrive,Undefined,0,0,,135.95475,-0.39272,-2.605347,2415.668508,139.692695,10:45,1.526173,0.630441,1.588477,-88.413,12.4361,-8.2161,0.529365,-0.198969,126.26188,-6.710244,-3.17797,0.453514,75.95663,24.947825,58.00882,4812.900552,,,,20.505214,,55.422394,1.173855,2.5456,7.2456,-0.55623,15.24,1.507048,1.74305,-37.395537,-0.645685,0.471718,6.489087,-8.463989,HOS_HOS,WAS_EDA,JinguStadium,TeamExclusive,Team,20200812-JinguStadium-2,dd664ef0-dc77-11ea-88f9-bd503d6648f4,1d2f1139-be90-4066-b0a3-60a0157ea427,v3,,,,"Rentaro, Ohgaki",1000089958,Right,HOS_HOS,133.75553,2.032461,,9.69287,,,,16.851938,-37.674211,3.244543,1.526972,-0.282199,-4.231995,-0.63065,1.722792,0.235859,0.684472,-0.563282,0.386968,,0.684472,10.135047,-0.322028,-0.455062,0.171977,-0.052122,0.01231,-0.002766,0.000369,-0.563282,8.899433,-8.204374,1.085025,-0.210929,0.035081,-0.005283,0.001,-6.80E-05,0.386968,16.225023,-2.526657,0.740823,-0.17397,0.0353,-0.006841,0.001119,-7.30E-05,,,,,,,,,,,,,,,,,,,,,,
1054,2020/8/12,43:49.9,2020/8/12,43:49.9,4,3,"Ginji, Miura",1000073786,Right,HOS_HOS,"Kotaro, Takizawa",1000073989,Left,WAS_EDA,Undefined,9,Top,2,0,2,Fastball,Four-Seam,InPlay,Undefined,FlyBall,FlyBall,Out,1,0,,146.82441,-1.523271,-4.009068,2465.519606,215.008956,1:15,1.531624,0.6081,1.753788,-45.1145,41.1604,26.8322,0.647118,-0.262933,133.66148,-4.882501,-2.124625,0.419466,113.45487,35.849673,-20.590438,3980.445207,29.840838,16.749878,-15.285471,63.568056,,-32.654004,3.863007,-16.6316,22.9378,-0.508611,15.24,1.48977,2.682458,-40.277612,-1.244385,-3.518729,8.816486,-4.95374,HOS_HOS,WAS_EDA,JinguStadium,TeamExclusive,Team,20200812-JinguStadium-2,f0e945e0-dc77-11ea-88f9-bd503d6648f4,1d2f1139-be90-4066-b0a3-60a0157ea427,v3,,,,"Rentaro, Ohgaki",1000089958,Right,HOS_HOS,144.61235,16.884199,,13.16293,,,,16.685929,-40.592882,4.408243,1.531101,-1.067243,-2.47687,-0.606783,2.808285,-1.759364,0.30314,0.609406,0.276363,141.37154,0.303118,23.912798,-5.27137,1.231314,-0.215078,0.024363,-0.001561,5.30E-05,-1.00E-06,0.609452,18.456594,-5.749439,0.371542,-0.067326,0.016265,-0.003722,0.000629,-4.50E-05,0.276343,-8.98402,-0.58772,0.319038,-0.062653,0.001076,0.002597,-0.000531,3.50E-05,,,,,,,,,,,,,,,,,,,,,,
1055,2020/8/12,46:02.4,2020/8/12,46:02.4,1,1,"Takuma, Yamashita",1000074022,Right,WAS_EDA,"Yudai, Murata",1000073800,Left,HOS_HOS,Undefined,9,Bottom,0,0,0,Fastball,ChangeUp,FoulBall,Undefined,Undefined,,Undefined,0,0,,147.07792,-2.405963,-0.966572,1275.96709,190.106515,12:15,1.680561,0.291641,1.761548,-27.3301,58.2812,9.8842,0.724442,0.116342,133.9511,-4.514012,-0.269803,0.41785,,,,,,,,,,,,-5.7015,32.1929,-0.268036,15.24,1.618034,0.628583,-40.408327,-1.77216,-1.214839,8.824556,-2.947167,HOS_HOS,WAS_EDA,JinguStadium,TeamExclusive,Team,20200812-JinguStadium-2,3febddb0-dc78-11ea-88f9-bd503d6648f4,1d2f1139-be90-4066-b0a3-60a0157ea427,v3,,,,"Hisashige, Iwamoto",1000074023,Right,WAS_EDA,145.17172,,,13.12682,,,,16.677503,-40.721045,4.412278,1.678984,-1.66772,-1.473583,-0.291074,0.671634,-0.60742,,,,,,,,,,,,,,,,,,,,,,,,,,,,,,,,,,,,,,,,,,,,,,,,,,,,,
1056,2020/8/12,46:19.0,2020/8/12,46:19.0,1,2,"Takuma, Yamashita",1000074022,Right,WAS_EDA,"Yudai, Murata",1000073800,Left,HOS_HOS,Undefined,9,Bottom,0,0,1,ChangeUp,ChangeUp,StrikeSwinging,Undefined,Undefined,,Undefined,0,0,,119.925,-0.622389,-1.234102,1402.160671,214.79144,1:15,1.664726,0.285596,2.020843,-84.7801,39.6455,24.7434,0.643187,0.188576,109.86233,-6.93707,0.539822,0.503744,,,,,,,,,,,,-13.8737,22.574,-0.261199,15.24,1.647711,0.615586,-33.015967,-0.601352,-1.971956,5.932288,-6.598072,HOS_HOS,WAS_EDA,JinguStadium,TeamExclusive,Team,20200812-JinguStadium-2,49d14860-dc78-11ea-88f9-bd503d6648f4,1d2f1139-be90-4066-b0a3-60a0157ea427,v3,,,,"Hisashige, Iwamoto",1000074023,Right,WAS_EDA,120.41836,,,10.06267,,,,16.418307,-33.22701,2.966144,1.664929,-0.366624,-3.299036,-0.284346,0.685739,-0.985978,,,,,,,,,,,,,,,,,,,,,,,,,,,,,,,,,,,,,,,,,,,,,,,,,,,,,
1057,2020/8/12,46:35.0,2020/8/12,46:35.0,1,3,"Takuma, Yamashita",1000074022,Right,WAS_EDA,"Yudai, Murata",1000073800,Left,HOS_HOS,Undefined,9,Bottom,0,0,2,ChangeUp,ChangeUp,BallCalled,Undefined,Undefined,,Undefined,0,0,,120.95288,-1.673292,-1.478284,1129.888352,180.776167,12:00,1.641252,0.270374,1.817398,-77.4227,47.0419,0.5869,0.393827,-0.141643,111.87721,-7.350286,-1.436752,0.503823,,,,,,,,,,,,-1.2664,26.4402,-0.234677,15.24,1.595574,0.856395,-33.279637,-1.223303,-0.184813,5.452645,-5.948122,HOS_HOS,WAS_EDA,JinguStadium,TeamExclusive,Team,20200812-JinguStadium-2,53586670-dc78-11ea-88f9-bd503d6648f4,1d2f1139-be90-4066-b0a3-60a0157ea427,v3,,,,"Hisashige, Iwamoto",1000074023,Right,WAS_EDA,120.39954,,,9.07567,,,,16.622141,-33.505326,2.726323,1.641112,-0.977106,-2.974061,-0.270283,0.864044,-0.092407,,,,,,,,,,,,,,,,,,,,,,,,,,,,,,,,,,,,,,,,,,,,,,,,,,,,,
1058,2020/8/12,46:55.0,2020/8/12,46:55.0,1,4,"Takuma, Yamashita",1000074022,Right,WAS_EDA,"Yudai, Murata",1000073800,Left,HOS_HOS,Undefined,9,Bottom,0,1,2,Fastball,ChangeUp,BallCalled,Undefined,Undefined,,Undefined,0,0,,147.26646,-4.211179,-0.837196,1254.920885,213.668442,1:00,1.659649,0.321489,1.680528,-38.921,47.7144,29.8367,0.06792,0.381231,134.38048,-7.100829,1.257176,0.420342,,,,,,,,,,,,-15.6954,28.0632,-0.301734,15.24,1.544573,0.42812,-40.378238,-3.119113,-3.334912,8.917342,-3.843873,HOS_HOS,WAS_EDA,JinguStadium,TeamExclusive,Team,20200812-JinguStadium-2,5f3e3500-dc78-11ea-88f9-bd503d6648f4,1d2f1139-be90-4066-b0a3-60a0157ea427,v3,,,,"Hisashige, Iwamoto",1000074023,Right,WAS_EDA,144.31117,,,12.88598,,,,16.759045,-40.71233,4.458671,1.658734,-2.975101,-1.921937,-0.320115,0.553064,-1.667456,,,,,,,,,,,,,,,,,,,,,,,,,,,,,,,,,,,,,,,,,,,,,,,,,,,,,
1059,2020/8/12,47:24.7,2020/8/12,47:24.7,1,5,"Takuma, Yamashita",1000074022,Right,WAS_EDA,"Yudai, Murata",1000073800,Left,HOS_HOS,Undefined,9,Bottom,0,2,2,ChangeUp,ChangeUp,StrikeSwinging,Strikeout,Undefined,,Undefined,0,0,,120.53142,-0.49792,-0.281146,1179.14848,222.376028,1:30,1.666942,0.230219,1.900948,-95.4122,29.3945,23.2077,0.572818,0.383247,110.73478,-7.509524,1.371213,0.504515,,,,,,,,,,,,-12.2096,16.8485,-0.225135,15.24,1.650004,0.068004,-33.178716,-0.59601,-1.755816,5.89051,-7.383723,HOS_HOS,WAS_EDA,JinguStadium,TeamExclusive,Team,20200812-JinguStadium-2,70f08aa0-dc78-11ea-88f9-bd503d6648f4,1d2f1139-be90-4066-b0a3-60a0157ea427,v3,,,,"Hisashige, Iwamoto",1000074023,Right,WAS_EDA,120.2344,,,9.79664,,,,16.538398,-33.408436,2.945255,1.667632,-0.308056,-3.691861,-0.229122,0.136478,-0.877908,,,,,,,,,,,,,,,,,,,,,,,,,,,,,,,,,,,,,,,,,,,,,,,,,,,,,
1060,2020/8/12,47:53.2,2020/8/12,47:53.2,2,1,"Takuma, Yamashita",1000074022,Right,WAS_EDA,"Yuki, Satoh",1000073710,Right,HOS_HOS,Undefined,9,Bottom,1,0,0,Fastball,Four-Seam,StrikeCalled,Undefined,Undefined,,Undefined,0,0,,144.86578,-3.125682,-1.915446,2468.165832,203.098047,12:45,1.687701,0.261868,2.040479,-31.896,53.7627,21.6764,0.496176,-0.055453,131.64746,-5.597775,-0.361276,0.417966,,,,,,,,,,,,-12.8253,31.5507,-0.22388,15.24,1.622505,1.230071,-39.808817,-2.249791,-2.639218,8.948548,-3.314079,HOS_HOS,WAS_EDA,JinguStadium,TeamExclusive,Team,20200812-JinguStadium-2,81f08030-dc78-11ea-88f9-bd503d6648f4,1d2f1139-be90-4066-b0a3-60a0157ea427,v3,,,,"Hisashige, Iwamoto",1000074023,Right,WAS_EDA,145.13156,,,13.21832,,,,16.398719,-40.068436,4.474274,1.686382,-2.153641,-1.657039,-0.260678,1.306641,-1.319609,,,,,,,,,,,,,,,,,,,,,,,,,,,,,,,,,,,,,,,,,,,,,,,,,,,,,
1061,2020/8/12,48:06.2,2020/8/12,48:06.2,2,2,"Takuma, Yamashita",1000074022,Right,WAS_EDA,"Yuki, Satoh",1000073710,Right,HOS_HOS,Undefined,9,Bottom,1,0,1,Fastball,Four-Seam,StrikeCalled,Undefined,Undefined,,Undefined,0,0,,144.97877,-2.397259,-3.400717,2513.171608,208.693055,1:00,1.67652,0.293017,1.762666,-39.8087,47.8637,24.718,0.597032,-0.425297,133.09334,-5.368922,-1.66188,0.42285,,,,,,,,,,,,-14.833,26.8115,-0.209264,15.24,1.613275,2.23705,-39.806642,-1.810088,-3.092125,7.925564,-4.217453,HOS_HOS,WAS_EDA,JinguStadium,TeamExclusive,Team,20200812-JinguStadium-2,89c3fad0-dc78-11ea-88f9-bd503d6648f4,1d2f1139-be90-4066-b0a3-60a0157ea427,v3,,,,"Hisashige, Iwamoto",1000074023,Right,WAS_EDA,143.45519,,,11.88543,,,,16.677001,-40.09173,3.962782,1.675656,-1.658383,-2.108726,-0.291733,2.348276,-1.546063,,,,,,,,,,,,,,,,,,,,,,,,,,,,,,,,,,,,,,,,,,,,,,,,,,,,,
1062,2020/8/12,48:22.0,2020/8/12,48:22.0,2,3,"Takuma, Yamashita",1000074022,Right,WAS_EDA,"Yuki, Satoh",1000073710,Right,HOS_HOS,Undefined,9,Bottom,1,0,2,Fastball,Four-Seam,StrikeCalled,Strikeout,Undefined,,Undefined,0,0,,146.40953,-1.987418,-3.233908,2493.955053,209.335025,1:00,1.693972,0.260992,1.865112,-38.3811,46.6358,24.7076,0.749013,-0.404177,134.02957,-4.879776,-1.484387,0.416397,,,,,,,,,,,,-14.924,26.2259,-0.186923,15.24,1.645035,2.147832,-40.225779,-1.523799,-3.167264,8.339454,-4.240839,HOS_HOS,WAS_EDA,JinguStadium,TeamExclusive,Team,20200812-JinguStadium-2,931d7930-dc78-11ea-88f9-bd503d6648f4,1d2f1139-be90-4066-b0a3-60a0157ea427,v3,,,,"Hisashige, Iwamoto",1000074023,Right,WAS_EDA,145.67839,,,12.37997,,,,16.574432,-40.501484,4.169727,1.693094,-1.383596,-2.120419,-0.259661,2.252542,-1.583632,,,,,,,,,,,,,,,,,,,,,,,,,,,,,,,,,,,,,,,,,,,,,,,,,,,,,
1063,2020/8/12,48:48.4,2020/8/12,48:48.4,3,1,"Takuma, Yamashita",1000074022,Right,WAS_EDA,"Daiki, Saitoh",1000073731,Right,HOS_HOS,Undefined,9,Bottom,2,0,0,Slider,Slider,StrikeCalled,Undefined,Undefined,,Undefined,0,0,,127.31253,-0.780119,-0.702395,2301.561838,134.81628,10:30,1.641407,0.352915,1.596071,-90.849,24.9651,-21.5635,0.509395,-0.063954,117.29028,-7.316444,-2.208874,0.485999,,,,,,,,,,,,10.2977,14.1081,-0.331228,15.24,1.611471,0.533649,-35.004504,-0.843566,1.656102,6.271696,-7.537748,HOS_HOS,WAS_EDA,JinguStadium,TeamExclusive,Team,20200812-JinguStadium-2,a2de5f10-dc78-11ea-88f9-bd503d6648f4,1d2f1139-be90-4066-b0a3-60a0157ea427,v3,,,,"Hisashige, Iwamoto",1000074023,Right,WAS_EDA,124.81506,,,10.02226,,,,16.843483,-35.290628,3.135848,1.642111,-0.499683,-3.768874,-0.353851,0.458096,0.828051,,,,,,,,,,,,,,,,,,,,,,,,,,,,,,,,,,,,,,,,,,,,,,,,,,,,,
1064,2020/8/12,49:01.8,2020/8/12,49:01.8,3,2,"Takuma, Yamashita",1000074022,Right,WAS_EDA,"Daiki, Saitoh",1000073731,Right,HOS_HOS,Undefined,9,Bottom,2,0,1,Slider,Slider,FoulBall,Undefined,Undefined,,Undefined,0,0,,127.9331,-0.512231,-0.905827,3133.800863,151.036836,11:00,1.643099,0.343632,1.613025,-79.4189,34.1944,-17.1458,0.702293,-0.087084,118.47794,-6.24768,-2.104148,0.481359,,,,,,,,,,,,8.0838,18.4547,-0.316923,15.24,1.621956,0.637751,-35.208505,-0.627669,1.325038,5.886027,-6.781681,HOS_HOS,WAS_EDA,JinguStadium,TeamExclusive,Team,20200812-JinguStadium-2,aad82660-dc78-11ea-88f9-bd503d6648f4,1d2f1139-be90-4066-b0a3-60a0157ea427,v3,,,,"Hisashige, Iwamoto",1000074023,Right,WAS_EDA,126.01814,,,9.45515,,,,16.827015,-35.472824,2.943014,1.643304,-0.323129,-3.39084,-0.344226,0.578249,0.662519,,,,,,,,,,,,,,,,,,,,,,,,,,,,,,,,,,,,,,,,,,,,,,,,,,,,,
1065,2020/8/12,49:20.9,2020/8/12,49:20.9,3,3,"Takuma, Yamashita",1000074022,Right,WAS_EDA,"Daiki, Saitoh",1000073731,Right,HOS_HOS,Undefined,9,Bottom,2,0,2,Fastball,Four-Seam,StrikeCalled,Strikeout,Undefined,,Undefined,0,0,,146.83069,-2.264168,-2.670958,2544.077402,207.616137,1:00,1.671842,0.266915,1.877542,-32.9942,52.3752,25.8258,0.703352,-0.227436,132.82144,-4.802351,-0.839463,0.417259,,,,,,,,,,,,-15.29,29.5968,-0.206571,15.24,1.617288,1.746052,-40.303478,-1.687074,-3.216866,9.375288,-3.579755,HOS_HOS,WAS_EDA,JinguStadium,TeamExclusive,Team,20200812-JinguStadium-2,b63f9d30-dc78-11ea-88f9-bd503d6648f4,1d2f1139-be90-4066-b0a3-60a0157ea427,v3,,,,"Hisashige, Iwamoto",1000074023,Right,WAS_EDA,145.37728,,,14.00926,,,,16.56123,-40.609656,4.687644,1.670475,-1.570167,-1.789877,-0.265309,1.851109,-1.608433,,,,,,,,,,,,,,,,,,,,,,,,,,,,,,,,,,,,,,,,,,,,,,,,,,,,,
1066,2020/8/12,53:51.2,2020/8/12,53:51.2,1,1,"Hikaru, Yamashita",1000073788,Left,HOS_HOS,"Hisashige, Iwamoto",1000074023,Right,WAS_EDA,Undefined,10,Top,0,0,0,Fastball,Sinker,BallCalled,Undefined,Undefined,,Undefined,0,0,,146.63569,-0.865486,3.440343,2168.241389,140.981593,10:45,1.760091,-0.522022,1.720398,-37.0058,50.45,-38.3512,1.143501,0.073778,132.16297,-3.677472,0.749277,0.422327,,,,,,,,,,,,21.9242,27.0301,0.435813,15.24,1.734889,-2.204084,-40.207952,-0.731465,4.58507,9.429504,-4.153756,HOS_HOS,WAS_EDA,JinguStadium,TeamExclusive,Team,20200812-JinguStadium-2,575986e0-dc79-11ea-88f9-bd503d6648f4,1d2f1139-be90-4066-b0a3-60a0157ea427,v3,,,,"Rentaro, Ohgaki",1000089958,Right,HOS_HOS,143.63273,,,14.47272,,,,16.718305,-40.553159,4.714752,1.758883,-0.579399,-2.076878,0.519576,-2.37194,2.292535,,,,,,,,,,,,,,,,,,,,,,,,,,,,,,,,,,,,,,,,,,,,,,,,,,,,,
1067,2020/8/12,54:18.0,2020/8/12,54:17.9,1,2,"Hikaru, Yamashita",1000073788,Left,HOS_HOS,"Hisashige, Iwamoto",1000074023,Right,WAS_EDA,Undefined,10,Top,0,1,0,Fastball,ChangeUp,FoulBall,Undefined,Undefined,GroundBall,Undefined,0,0,,144.15008,-2.396188,3.57221,1415.930043,145.960783,10:45,1.733902,-0.544917,1.724844,-34.3335,55.7944,-35.5819,0.70776,0.115931,130.73921,-5.010346,1.075496,0.428731,114.39522,10.768222,175.980523,904.349884,,,,35.692373,,174.608628,1.313536,20.7544,31.0314,0.455472,15.24,1.669461,-2.280432,-39.523754,-1.767055,4.214124,8.745625,-3.505819,HOS_HOS,WAS_EDA,JinguStadium,TeamExclusive,Team,20200812-JinguStadium-2,6749ba20-dc79-11ea-88f9-bd503d6648f4,1d2f1139-be90-4066-b0a3-60a0157ea427,v3,,,,"Rentaro, Ohgaki",1000089958,Right,HOS_HOS,141.48745,2.44219,,13.41087,,,,16.714699,-39.848732,4.372812,1.732703,-1.636783,-1.75291,0.54312,-2.437025,2.107062,0.432329,0.710065,-0.119446,125.560498,0.432329,-31.140114,3.766856,-0.881348,0.179756,-0.030093,0.003131,0.000504,-0.000211,0.710065,5.937,-5.231735,0.261457,-0.027167,0.000614,0.000903,-8.00E-05,2.00E-06,-0.119446,2.188167,0.275606,0.095467,-0.045737,0.014766,-0.003805,0.000878,-0.000118,,,,,,,,,,,,,,,,,,,,,,
1068,2020/8/12,54:49.2,2020/8/12,54:49.2,1,3,"Hikaru, Yamashita",1000073788,Left,HOS_HOS,"Hisashige, Iwamoto",1000074023,Right,WAS_EDA,Undefined,10,Top,0,1,1,Fastball,Sinker,FoulBall,Undefined,Undefined,,Undefined,0,0,,147.10835,-1.991368,3.37747,2155.758559,133.040128,10:30,1.757652,-0.519808,1.798208,-41.9423,43.6248,-43.6056,0.773553,0.000917,133.63837,-5.140623,0.301376,0.417742,,,,,,,,,,,,24.903,24.6971,0.439999,15.24,1.705903,-2.157359,-40.38002,-1.556297,5.281322,9.076696,-4.568986,HOS_HOS,WAS_EDA,JinguStadium,TeamExclusive,Team,20200812-JinguStadium-2,79e27820-dc79-11ea-88f9-bd503d6648f4,1d2f1139-be90-4066-b0a3-60a0157ea427,v3,,,,"Rentaro, Ohgaki",1000089958,Right,HOS_HOS,145.20923,,,13.46997,,,,16.641622,-40.693859,4.538348,1.756983,-1.398317,-2.284493,0.51775,-2.339968,2.640661,,,,,,,,,,,,,,,,,,,,,,,,,,,,,,,,,,,,,,,,,,,,,,,,,,,,,
1069,2020/8/12,55:50.3,2020/8/12,55:50.3,1,4,"Hikaru, Yamashita",1000073788,Left,HOS_HOS,"Hisashige, Iwamoto",1000074023,Right,WAS_EDA,Undefined,10,Top,0,1,2,Slider,ChangeUp,BallCalled,Undefined,Undefined,,Undefined,0,0,,136.04007,-2.390403,4.112355,1584.640821,133.001982,10:30,1.770204,-0.462653,1.736753,-67.3485,32.3416,-31.5024,0.41563,0.392357,125.70265,-7.286935,1.900236,0.4509,,,,,,,,,,,,18.6273,18.9029,0.359678,15.24,1.703828,-2.530594,-37.334602,-1.825039,3.428797,6.707062,-6.327129,HOS_HOS,WAS_EDA,JinguStadium,TeamExclusive,Team,20200812-JinguStadium-2,9e4ef670-dc79-11ea-88f9-bd503d6648f4,1d2f1139-be90-4066-b0a3-60a0157ea427,v3,,,,"Rentaro, Ohgaki",1000089958,Right,HOS_HOS,134.53081,,,10.33742,,,,16.703176,-37.596539,3.353531,1.770277,-1.57794,-3.163565,0.461122,-2.664502,1.714398,,,,,,,,,,,,,,,,,,,,,,,,,,,,,,,,,,,,,,,,,,,,,,,,,,,,,
1070,2020/8/12,56:18.3,2020/8/12,56:18.3,1,5,"Hikaru, Yamashita",1000073788,Left,HOS_HOS,"Hisashige, Iwamoto",1000074023,Right,WAS_EDA,Undefined,10,Top,0,2,2,Fastball,Sinker,FoulBall,Undefined,Undefined,,Undefined,0,0,,147.10986,-1.986316,4.3981,2172.163969,139.924438,10:45,1.768173,-0.508598,1.829829,-39.5637,45.8815,-36.1463,0.809712,0.374423,133.52271,-4.974221,1.849099,0.417444,,,,,,,,,,,,21.9051,25.9416,0.405441,15.24,1.717852,-2.917455,-40.334511,-1.537255,4.634654,9.063366,-4.317937,HOS_HOS,WAS_EDA,JinguStadium,TeamExclusive,Team,20200812-JinguStadium-2,af055fe0-dc79-11ea-88f9-bd503d6648f4,1d2f1139-be90-4066-b0a3-60a0157ea427,v3,,,,"Rentaro, Ohgaki",1000089958,Right,HOS_HOS,145.31288,,,13.58715,,,,16.609879,-40.641164,4.531683,1.767393,-1.39116,-2.158969,0.506804,-3.074265,2.317327,,,,,,,,,,,,,,,,,,,,,,,,,,,,,,,,,,,,,,,,,,,,,,,,,,,,,
1071,2020/8/12,56:53.7,2020/8/12,56:53.7,1,6,"Hikaru, Yamashita",1000073788,Left,HOS_HOS,"Hisashige, Iwamoto",1000074023,Right,WAS_EDA,Undefined,10,Top,0,2,2,Fastball,Four-Seam,InPlay,Undefined,GroundBall,GroundBall,Out,2,0,,147.56635,-2.730233,4.296746,2149.939936,150.395349,11:00,1.723625,-0.533367,1.792757,-36.307,49.7567,-26.4761,0.584997,0.420352,133.00848,-5.493376,2.434248,0.418952,84.10271,-1.114378,-28.675488,,,,,6.717914,,-31.270632,0.270939,16.9981,28.5544,0.429317,15.24,1.653767,-2.89538,-40.396488,-2.049807,3.578951,9.725775,-3.794497,HOS_HOS,WAS_EDA,JinguStadium,TeamExclusive,Team,20200812-JinguStadium-2,c4205bf0-dc79-11ea-88f9-bd503d6648f4,1d2f1139-be90-4066-b0a3-60a0157ea427,v3,,,,"Rentaro, Ohgaki",1000089958,Right,HOS_HOS,144.78972,0.538147,,14.55786,,,,16.646371,-40.733675,4.862888,1.722552,-1.918254,-1.897248,0.531849,-3.019461,1.789476,0.327056,0.538147,-0.444508,52.242179,0.327072,20.49182,-1.868222,,,,,,,0.538428,-0.468075,-5.610927,,,,,,,-0.444403,-11.213141,-0.064971,,,,,,,,,,,,,,,,,,,,,,,,,,,,
1072,2020/8/12,57:38.6,2020/8/12,57:38.6,2,1,"Hikaru, Yamashita",1000073788,Left,HOS_HOS,"Takuya, Hiruma",1000074108,Left,WAS_EDA,Undefined,10,Top,2,0,0,Fastball,Four-Seam,FoulBall,Undefined,Undefined,,Undefined,0,0,,150.51711,-1.089632,3.279202,2132.322278,146.531105,11:00,1.751899,-0.529433,1.760752,-34.3091,48.2775,-29.9718,1.099234,0.101877,135.69103,-3.705875,1.170768,0.410402,,,,,,,,,,,,17.7482,26.2276,0.448981,15.24,1.72199,-2.198987,-41.286175,-0.89991,3.911298,9.988019,-4.026663,HOS_HOS,WAS_EDA,JinguStadium,TeamExclusive,Team,20200812-JinguStadium-2,dedbed10-dc79-11ea-88f9-bd503d6648f4,1d2f1139-be90-4066-b0a3-60a0157ea427,v3,,,,"Rentaro, Ohgaki",1000089958,Right,HOS_HOS,147.80631,,,14.82607,,,,16.678102,-41.632629,4.99401,1.750783,-0.760237,-2.013331,0.52761,-2.334659,1.955649,,,,,,,,,,,,,,,,,,,,,,,,,,,,,,,,,,,,,,,,,,,,,,,,,,,,,
1073,2020/8/12,58:02.1,2020/8/12,58:02.1,2,2,"Hikaru, Yamashita",1000073788,Left,HOS_HOS,"Takuya, Hiruma",1000074108,Left,WAS_EDA,Undefined,10,Top,2,0,1,Fastball,Four-Seam,StrikeCalled,Undefined,Undefined,,Undefined,0,0,,150.66777,-2.336693,3.407319,2214.930191,149.32693,11:00,1.749224,-0.470354,1.736171,-37.1511,45.5782,-25.2838,0.712459,0.245758,136.13139,-5.139152,1.631599,0.410756,,,,,,,,,,,,15.3745,25.7477,0.38492,15.24,1.686557,-2.315682,-41.2898,-1.819367,3.393364,9.877607,-4.123786,HOS_HOS,WAS_EDA,JinguStadium,TeamExclusive,Team,20200812-JinguStadium-2,ece67060-dc79-11ea-88f9-bd503d6648f4,1d2f1139-be90-4066-b0a3-60a0157ea427,v3,,,,"Rentaro, Ohgaki",1000089958,Right,HOS_HOS,147.6788,,,14.53638,,,,16.702498,-41.638198,4.938803,1.748164,-1.673915,-2.061893,0.468709,-2.435371,1.696682,,,,,,,,,,,,,,,,,,,,,,,,,,,,,,,,,,,,,,,,,,,,,,,,,,,,,
1074,2020/8/12,58:27.2,2020/8/12,58:27.2,2,3,"Hikaru, Yamashita",1000073788,Left,HOS_HOS,"Takuya, Hiruma",1000074108,Left,WAS_EDA,Undefined,10,Top,2,0,2,Fastball,Four-Seam,BallCalled,Undefined,Undefined,,Undefined,0,0,,150.53058,-0.888443,5.088267,2237.796642,149.735817,11:00,1.790316,-0.453189,1.773988,-38.671,43.5322,-23.7975,1.150824,0.754541,136.62072,-3.794811,3.419926,0.409448,,,,,,,,,,,,15.7657,23.6051,0.32766,15.24,1.765325,-3.539742,-41.228518,-0.779766,3.492332,9.298857,-4.577773,HOS_HOS,WAS_EDA,JinguStadium,TeamExclusive,Team,20200812-JinguStadium-2,fbdd0160-dc79-11ea-88f9-bd503d6648f4,1d2f1139-be90-4066-b0a3-60a0157ea427,v3,,,,"Rentaro, Ohgaki",1000089958,Right,HOS_HOS,148.15054,,,13.90986,,,,16.66499,-41.548674,4.649429,1.789459,-0.622156,-2.288887,0.451602,-3.659981,1.746166,,,,,,,,,,,,,,,,,,,,,,,,,,,,,,,,,,,,,,,,,,,,,,,,,,,,,
1075,2020/8/12,58:50.9,2020/8/12,58:50.9,2,4,"Hikaru, Yamashita",1000073788,Left,HOS_HOS,"Takuya, Hiruma",1000074108,Left,WAS_EDA,Undefined,10,Top,2,1,2,Fastball,Four-Seam,InPlay,Undefined,GroundBall,GroundBall,Out,1,0,,152.08227,-1.85346,4.713129,1285.507312,145.35083,10:45,1.738192,-0.480419,1.768146,-36.4893,43.9594,-28.5292,0.845914,0.573388,138.28892,-4.598246,2.711109,0.405055,110.86102,-17.29442,-39.248246,,,,,3.185768,,-53.023834,0.089856,17.9144,24.5283,0.364228,15.24,1.689034,-3.278841,-41.672189,-1.484492,4.058568,9.407312,-4.249684,HOS_HOS,WAS_EDA,JinguStadium,TeamExclusive,Team,20200812-JinguStadium-2,09f69fe0-dc7a-11ea-88f9-bd503d6648f4,1d2f1139-be90-4066-b0a3-60a0157ea427,v3,,,,"Rentaro, Ohgaki",1000089958,Right,HOS_HOS,149.75737,0.836824,,13.79334,,,,16.671264,-41.994048,4.703656,1.737336,-1.339095,-2.124842,0.478785,-3.4177,2.029284,-0.108966,0.836824,-0.847291,,-0.108973,22.770626,-2.590106,,,,,,,0.83683,-9.15562,-1.752953,,,,,,,-0.847286,-18.60303,-3.243592,,,,,,,,,,,,,,,,,,,,,,,,,,,,
1076,2020/8/12,02:32.0,2020/8/12,02:32.0,1,1,"Jin, Shibata",1000073956,Right,WAS_EDA,"Kiri, Takata",1000073715,Left,HOS_HOS,Undefined,10,Bottom,0,0,0,Fastball,Sinker,BallCalled,Undefined,Undefined,,Undefined,0,0,,147.44909,-0.322466,-1.197118,2342.41111,224.39183,1:30,1.537816,0.641426,1.792781,-44.3344,41.2943,37.4414,1.003178,0.676947,132.8534,-3.661801,1.447945,0.417892,,,,,,,,,,,,-19.9893,22.2234,-0.614499,15.24,1.526845,0.645403,-40.509467,-0.387175,-4.230069,9.822086,-5.103805,HOS_HOS,WAS_EDA,JinguStadium,TeamExclusive,Team,20200812-JinguStadium-2,8dbf3260-dc7a-11ea-88f9-bd503d6648f4,1d2f1139-be90-4066-b0a3-60a0157ea427,v3,,,,"Hisashige, Iwamoto",1000074023,Right,WAS_EDA,145.15708,,,14.59569,,,,16.646102,-40.848973,4.911043,1.537179,-0.210759,-2.551903,-0.639335,0.791618,-2.115035,,,,,,,,,,,,,,,,,,,,,,,,,,,,,,,,,,,,,,,,,,,,,,,,,,,,,
1077,2020/8/12,03:05.9,2020/8/12,03:05.9,1,2,"Jin, Shibata",1000073956,Right,WAS_EDA,"Kiri, Takata",1000073715,Left,HOS_HOS,Undefined,10,Bottom,0,1,0,Fastball,Sinker,InPlay,Undefined,GroundBall,,Out,1,0,,146.3773,-2.12299,-3.26798,1880.490069,225.769019,1:30,1.519705,0.713123,1.930575,-45.3287,40.1056,38.0915,0.469368,0.1759,132.43787,-5.544461,-0.558194,0.417418,,,,,,,,,,,,-22.4359,23.4432,-0.642594,15.24,1.4699,2.108339,-40.186005,-1.643135,-4.68464,9.458264,-4.911677,HOS_HOS,WAS_EDA,JinguStadium,TeamExclusive,Team,20200812-JinguStadium-2,a1f4b070-dc7a-11ea-88f9-bd503d6648f4,1d2f1139-be90-4066-b0a3-60a0157ea427,v3,,,,"Hisashige, Iwamoto",1000074023,Right,WAS_EDA,145.32206,,,13.93943,,,,16.508992,-40.483576,4.729132,1.519164,-1.488606,-2.455838,-0.711244,2.255724,-2.34232,,,,,,,,,,,,,,,,,,,,,,,,,,,,,,,,,,,,,,,,,,,,,,,,,,,,,
1078,2020/8/12,04:50.9,2020/8/12,04:50.9,2,1,"Jin, Shibata",1000073956,Right,WAS_EDA,"Taiki, Jinno",1000073822,Right,HOS_HOS,Undefined,10,Bottom,1,0,0,Fastball,Sinker,BallCalled,Undefined,Undefined,,Undefined,0,0,,148.34132,-3.409675,-2.894677,2368.330265,226.158994,1:30,1.522062,0.663878,1.924579,-42.0572,42.0407,40.4181,0.141869,0.254688,133.22134,-6.601682,-0.018334,0.41414,,,,,,,,,,,,-23.4408,25.6897,-0.60145,15.24,1.443427,1.851278,-40.657119,-2.561558,-4.964921,10.40507,-4.365404,HOS_HOS,WAS_EDA,JinguStadium,TeamExclusive,Team,20200812-JinguStadium-2,e0905e60-dc7a-11ea-88f9-bd503d6648f4,1d2f1139-be90-4066-b0a3-60a0157ea427,v3,,,,"Hisashige, Iwamoto",1000074023,Right,WAS_EDA,146.4722,,,15.11997,,,,16.514487,-40.981991,5.202535,1.521277,-2.42526,-2.182702,-0.661672,2.006296,-2.48246,,,,,,,,,,,,,,,,,,,,,,,,,,,,,,,,,,,,,,,,,,,,,,,,,,,,,
1079,2020/8/12,05:21.7,2020/8/12,05:21.7,2,2,"Jin, Shibata",1000073956,Right,WAS_EDA,"Taiki, Jinno",1000073822,Right,HOS_HOS,Undefined,10,Bottom,1,1,0,Fastball,Four-Seam,BallCalled,Undefined,Undefined,,Undefined,0,0,,147.80723,-3.221355,-3.779851,2362.121052,214.892331,1:15,1.536626,0.61801,1.80484,-27.7716,58.0777,38.2328,0.344834,-0.070307,132.76088,-5.395071,-1.084964,0.41843,,,,,,,,,,,,-22.5935,33.2524,-0.528246,15.24,1.455938,2.468746,-40.462345,-2.351844,-4.75927,9.978927,-2.802108,HOS_HOS,WAS_EDA,JinguStadium,TeamExclusive,Team,20200812-JinguStadium-2,f2ef95d0-dc7a-11ea-88f9-bd503d6648f4,1d2f1139-be90-4066-b0a3-60a0157ea427,v3,,,,"Hisashige, Iwamoto",1000074023,Right,WAS_EDA,144.97044,,,15.04636,,,,16.634111,-40.804716,4.989463,1.534979,-2.255706,-1.401054,-0.615748,2.632034,-2.379635,,,,,,,,,,,,,,,,,,,,,,,,,,,,,,,,,,,,,,,,,,,,,,,,,,,,,
1080,2020/8/12,05:50.0,2020/8/12,05:50.0,2,3,"Jin, Shibata",1000073956,Right,WAS_EDA,"Taiki, Jinno",1000073822,Right,HOS_HOS,Undefined,10,Bottom,1,2,0,Fastball,Sinker,BallCalled,Undefined,Undefined,,Undefined,0,0,,147.88408,-2.586585,-3.196431,2364.889691,224.677403,1:30,1.49842,0.677195,2.000228,-38.7111,43.7537,40.5335,0.386923,0.188426,134.63812,-5.531189,-0.300221,0.410099,,,,,,,,,,,,-23.6604,25.7222,-0.611966,15.24,1.441981,2.076181,-40.631039,-1.955556,-5.08473,9.1213,-4.278818,HOS_HOS,WAS_EDA,JinguStadium,TeamExclusive,Team,20200812-JinguStadium-2,03c3e780-dc7b-11ea-88f9-bd503d6648f4,1d2f1139-be90-4066-b0a3-60a0157ea427,v3,,,,"Hisashige, Iwamoto",1000074023,Right,WAS_EDA,147.91548,,,13.24596,,,,16.439626,-40.899458,4.56065,1.497676,-1.829641,-2.139409,-0.675265,2.225813,-2.542365,,,,,,,,,,,,,,,,,,,,,,,,,,,,,,,,,,,,,,,,,,,,,,,,,,,,,
1081,2020/8/12,06:26.4,2020/8/12,06:26.4,2,4,"Jin, Shibata",1000073956,Right,WAS_EDA,"Taiki, Jinno",1000073822,Right,HOS_HOS,Undefined,10,Bottom,1,3,0,Fastball,Four-Seam,StrikeCalled,Undefined,Undefined,,Undefined,0,0,,146.35497,-1.422629,-4.133512,2287.233313,217.553723,1:15,1.508861,0.614215,1.848697,-37.7289,48.3791,34.9263,0.729156,-0.204505,132.64881,-4.290926,-1.666678,0.41906,,,,,,,,,,,,-21.0017,26.8015,-0.518549,15.24,1.472709,2.721104,-40.146006,-1.119206,-4.399183,9.030923,-4.192593,HOS_HOS,WAS_EDA,JinguStadium,TeamExclusive,Team,20200812-JinguStadium-2,197222e0-dc7b-11ea-88f9-bd503d6648f4,1d2f1139-be90-4066-b0a3-60a0157ea427,v3,,,,"Hisashige, Iwamoto",1000074023,Right,WAS_EDA,144.75248,,,13.70615,,,,16.590579,-40.44868,4.515461,1.507865,-0.97869,-2.096296,-0.612219,2.868544,-2.199592,,,,,,,,,,,,,,,,,,,,,,,,,,,,,,,,,,,,,,,,,,,,,,,,,,,,,
1082,2020/8/12,06:56.3,2020/8/12,06:56.3,2,5,"Jin, Shibata",1000073956,Right,WAS_EDA,"Taiki, Jinno",1000073822,Right,HOS_HOS,Undefined,10,Bottom,1,3,1,Fastball,Four-Seam,InPlay,Undefined,FlyBall,FlyBall,Sacrifice,1,1,,147.49257,-1.212634,-3.633403,2379.820714,216.757174,1:15,1.497142,0.625751,1.808345,-33.7274,51.6672,36.3464,0.816219,-0.039612,133.18726,-3.799054,-1.07019,0.417321,161.01361,36.627193,-5.693496,3288.277463,33.479039,24.944724,-1.809531,107.063468,,3.548018,5.974167,-21.5143,28.3238,-0.539741,15.24,1.465345,2.380948,-40.46926,-0.963338,-4.560605,9.507234,-3.80258,HOS_HOS,WAS_EDA,JinguStadium,TeamExclusive,Team,20200812-JinguStadium-2,2b46a680-dc7b-11ea-88f9-bd503d6648f4,1d2f1139-be90-4066-b0a3-60a0157ea427,v3,,,,"Hisashige, Iwamoto",1000074023,Right,WAS_EDA,145.35582,36.769552,,14.30531,,,,16.631195,-40.794778,4.753617,1.496099,-0.833142,-1.90129,-0.623935,2.537098,-2.280302,0.65707,0.833092,0.040745,192.845386,0.657886,35.700887,-8.608153,2.181287,-0.41746,0.062854,-0.00743,0.000603,-2.30E-05,0.833419,26.679313,-5.367366,0.132297,0.028519,-0.012968,0.002256,-0.000153,3.00E-06,0.040542,-3.556922,2.217863,-0.557638,0.10645,-0.016094,0.001922,-0.000158,6.00E-06,,,,,,,,,,,,,,,,,,,,,,
2290,2020-08-16,14:30:43,2020-08-16,5:30:43,1,1,"Hayate, Nakagawa",1000074142,Right,RIK,"Ginsuke, Kaneko",1000073884,Right,WAS_EDA,Undefined,1,Top,0,0,0,Curveball,Curveball,StrikeCalled,Undefined,Undefined,,Undefined,0,0,,99.10591,6.517724,0.291991,2490.772647,129.210328,10:15,0.229368,0.558278,1.600356,-167.9394,26.976,-25.3833,0.424824,0.388074,89.76207,-5.607212,-1.472356,0.630489,,,,,,,,,,,,12.7737,10.5521,-0.564093,15.24,0.397605,-0.03912,-27.045379,2.561416,1.217652,4.000381,-8.800772,RIK,WAS_EDA,JinguStadium,Spring,Team,20200816-JinguStadium-2,a10201e0-df81-11ea-87c6-2da02a938f7e,959729f8-9d3b-4184-a7b7-c10434da4ceb,v3,,,,"Akihito, Takeba",1000074033,Right,RIK,96.211,,,9.34385,,,,16.838332,-27.28077,2.000191,0.23165,3.079272,-4.400386,-0.559683,-0.110769,0.608826,,,,,,,,,,,,,,,,,,,,,,,,,,,,,,,,,,,,,,,,,,,,,,,,,,,,,
2291,2020-08-16,14:30:54,2020-08-16,5:30:54,1,2,"Hayate, Nakagawa",1000074142,Right,RIK,"Ginsuke, Kaneko",1000073884,Right,WAS_EDA,Undefined,1,Top,0,0,1,Fastball,ChangeUp,BallCalled,Undefined,Undefined,,Undefined,0,0,,131.11873,5.863579,-5.078275,2389.795629,260.200741,2:45,0.289197,0.609728,1.781271,-100.0748,6.4651,22.2593,0.961703,-0.609883,121.23897,-1.333769,-3.52173,0.466134,,,,,,,,,,,,-14.0878,0.9701,-0.485043,15.24,0.428538,3.082247,-35.837733,3.305095,-2.42209,5.29921,-9.639864,RIK,WAS_EDA,JinguStadium,Spring,Team,20200816-JinguStadium-2,a70af5b0-df81-11ea-87c6-2da02a938f7e,959729f8-9d3b-4184-a7b7-c10434da4ceb,v3,,,,"Akihito, Takeba",1000074033,Right,RIK,130.13425,,,9.87975,,,,16.659315,-36.046992,2.649605,0.290508,3.68576,-4.819932,-0.608645,3.177892,-1.211045,,,,,,,,,,,,,,,,,,,,,,,,,,,,,,,,,,,,,,,,,,,,,,,,,,,,,
2292,2020-08-16,14:31:05,2020-08-16,5:31:05,1,3,"Hayate, Nakagawa",1000074142,Right,RIK,"Ginsuke, Kaneko",1000073884,Right,WAS_EDA,Undefined,1,Top,0,1,1,Fastball,ChangeUp,StrikeSwinging,Undefined,Undefined,,Undefined,0,0,,132.44486,4.558789,-4.296734,2356.136427,253.806389,2:30,0.321179,0.697039,1.748206,-93.9367,11.2727,28.7805,0.682116,-0.23698,121.59021,-2.23497,-2.281648,0.463214,,,,,,,,,,,,-17.218,3.8604,-0.589936,15.24,0.430475,2.587611,-36.272776,2.526723,-3.001706,6.109791,-9.13364,RIK,WAS_EDA,JinguStadium,Spring,Team,20200816-JinguStadium-2,ad91cc10-df81-11ea-87c6-2da02a938f7e,959729f8-9d3b-4184-a7b7-c10434da4ceb,v3,,,,"Akihito, Takeba",1000074033,Right,RIK,130.95453,,,10.85466,,,,16.691944,-36.516522,3.054895,0.322404,2.891104,-4.56682,-0.695556,2.707363,-1.500853,,,,,,,,,,,,,,,,,,,,,,,,,,,,,,,,,,,,,,,,,,,,,,,,,,,,,
2293,2020-08-16,14:31:19,2020-08-16,5:31:19,1,4,"Hayate, Nakagawa",1000074142,Right,RIK,"Ginsuke, Kaneko",1000073884,Right,WAS_EDA,Undefined,1,Top,0,1,2,Slider,ChangeUp,StrikeSwinging,Strikeout,Undefined,,Undefined,0,0,,119.88894,4.943157,-2.588567,1447.325075,136.548548,10:30,0.294209,0.664578,1.603509,-103.3063,28.6726,-23.4079,0.681608,-0.31125,109.16169,-2.535205,-4.214904,0.518808,,,,,,,,,,,,9.8618,12.0657,-0.59015,15.24,0.423555,1.59057,-32.800706,2.454124,1.389712,5.616734,-8.106365,RIK,WAS_EDA,JinguStadium,Spring,Team,20200816-JinguStadium-2,b6685ed0-df81-11ea-87c6-2da02a938f7e,959729f8-9d3b-4184-a7b7-c10434da4ceb,v3,,,,"Akihito, Takeba",1000074033,Right,RIK,116.92182,,,10.72725,,,,16.835725,-33.072826,2.808367,0.295143,2.846863,-4.053182,-0.665579,1.523241,0.694856,,,,,,,,,,,,,,,,,,,,,,,,,,,,,,,,124.72148,2.209182,1.36448,0.844702,-0.282987,0.647588,0.364369,-0.782971,1.571876,2.002208,20.594282,2.075767,17.438219,-0.72228,27.953869,-3.182892,1.583556,3.75072,-3.743371,2.012001,19.078931,-0.960946
2294,2020-08-16,14:31:47,2020-08-16,5:31:47,2,1,"Hayate, Nakagawa",1000074142,Right,RIK,"Takuya, Nakagawa",1000074092,Left,WAS_EDA,Undefined,1,Top,1,0,0,Fastball,ChangeUp,InPlay,Undefined,FlyBall,LineDrive,Out,1,0,,132.7708,4.714496,-3.733091,2288.827494,256.699851,2:30,0.350724,0.667253,1.786052,-95.6938,9.1116,25.3926,0.734643,-0.13741,121.12073,-2.237049,-1.949357,0.462324,128.83939,22.841093,25.616926,1502.037048,29.919997,9.943624,15.130071,77.889433,,28.279209,3.123028,-15.4791,2.4085,-0.57667,15.24,0.461014,2.253582,-36.362905,2.631858,-2.691524,6.641252,-9.387862,RIK,WAS_EDA,JinguStadium,Spring,Team,20200816-JinguStadium-2,c6aeef70-df81-11ea-87c6-2da02a938f7e,959729f8-9d3b-4184-a7b7-c10434da4ceb,v3,,,,"Akihito, Takeba",1000074033,Right,RIK,131.20663,10.462959,,11.65007,,,,16.654071,-36.620258,3.320626,0.351979,2.995643,-4.693931,-0.666019,2.35788,-1.345762,0.429892,0.668105,0.122627,217.6855,0.429893,29.740289,-3.583503,0.549609,-0.105321,0.01665,-0.00211,0.000222,-1.30E-05,0.668105,13.892313,-5.38576,0.391178,-0.066086,0.013157,-0.001289,4.50E-05,0,0.122627,14.259986,-0.800783,0.015488,-0.00076,-0.002524,0.000546,-3.50E-05,0,,,,,,,,,,,,,,,,,,,,,,
2295,2020-08-16,14:32:15,2020-08-16,5:32:15,3,1,"Hayate, Nakagawa",1000074142,Right,RIK,"Kotaro, Takizawa",1000073989,Left,WAS_EDA,Undefined,1,Top,2,0,0,Fastball,Sinker,StrikeCalled,Undefined,Undefined,,Undefined,0,0,,134.41519,5.647857,-2.886253,2255.164072,306.160323,4:15,0.283828,0.679771,1.667066,-134.1263,-28.7494,44.3655,0.560875,0.299443,120.78615,-3.974263,0.211872,0.463583,,,,,,,,,,,,-24.3626,-17.5789,-0.606082,15.24,0.424865,1.622106,-36.736336,3.035827,-4.256567,7.819026,-12.877984,RIK,WAS_EDA,JinguStadium,Spring,Team,20200816-JinguStadium-2,d7814550-df81-11ea-87c6-2da02a938f7e,959729f8-9d3b-4184-a7b7-c10434da4ceb,v3,,,,"Akihito, Takeba",1000074033,Right,RIK,130.85038,,,13.62904,,,,16.773338,-37.061258,3.909513,0.287592,3.570975,-6.438992,-0.677165,1.798988,-2.128284,,,,,,,,,,,,,,,,,,,,,,,,,,,,,,,,,,,,,,,,,,,,,,,,,,,,,
2296,2020-08-16,14:32:25,2020-08-16,5:32:25,3,2,"Hayate, Nakagawa",1000074142,Right,RIK,"Kotaro, Takizawa",1000073989,Left,WAS_EDA,Undefined,1,Top,2,0,1,Curveball,Curveball,InPlay,Undefined,FlyBall,FlyBall,Out,1,0,,99.76991,6.920052,0.114427,2537.913669,131.888028,10:30,0.201617,0.587697,1.626175,-154.9841,39.9718,-36.679,0.640301,0.253628,88.87367,-4.391507,-2.437516,0.630555,136.45079,31.961995,-25.681888,3862.380981,29.05533,17.33171,-16.73045,97.015912,,-36.090631,4.371748,18.3426,16.0457,-0.587532,15.24,0.379854,0.088442,-27.159293,2.826621,1.735367,4.607629,-8.288582,RIK,WAS_EDA,JinguStadium,Spring,Team,20200816-JinguStadium-2,dd71cf20-df81-11ea-87c6-2da02a938f7e,959729f8-9d3b-4184-a7b7-c10434da4ceb,v3,,,,"Akihito, Takeba",1000074033,Right,RIK,96.201,20.684964,,10.89624,,,,16.811839,-27.424662,2.303815,0.203312,3.303989,-4.144291,-0.589748,-0.011504,0.867683,-0.031209,0.391486,-0.078469,145.861932,-0.031155,28.978634,-5.732172,1.410692,-0.275224,0.049955,-0.008675,0.001063,-5.80E-05,0.391483,20.06431,-5.420878,0.285016,-0.028722,-0.003394,0.001818,-0.000192,6.00E-06,-0.078468,-13.935969,0.417226,-0.091274,0.016508,-0.002891,0.000509,-6.20E-05,3.00E-06,,,,,,,,,,,,,,,,,,,,,,
2297,2020-08-16,14:35:16,2020-08-16,5:35:16,1,1,"Soma, Tokuyama",1000074011,Right,WAS_EDA,"Shintarou, Miya",1000074185,Right,RIK,Undefined,1,Bottom,0,0,0,Fastball,Four-Seam,StrikeCalled,Undefined,Undefined,,Undefined,0,0,,146.50867,-2.511389,-3.034652,1986.48621,220.171985,1:15,1.616638,0.621287,1.93353,-44.0613,41.1835,32.2251,0.469905,0.091237,132.65642,-5.83895,-0.741256,0.416954,,,,,,,,,,,,-19.0606,24.2635,-0.555693,15.24,1.558379,1.971169,-40.213095,-1.910141,-3.988474,9.407098,-4.729459,RIK,WAS_EDA,JinguStadium,Spring,Team,20200816-JinguStadium-2,437f7330-df82-11ea-87c6-2da02a938f7e,959729f8-9d3b-4184-a7b7-c10434da4ceb,v3,,,,"Hisashige, Iwamoto",1000074023,Right,WAS_EDA,145.48351,,,13.85225,,,,16.505598,-40.508076,4.703549,1.615951,-1.761838,-2.364729,-0.619464,2.096236,-1.994237,,,,,,,,,,,,,,,,,,,,,,,,,,,,,,,,,,,,,,,,,,,,,,,,,,,,,
2298,2020-08-16,14:35:31,2020-08-16,5:35:31,1,2,"Soma, Tokuyama",1000074011,Right,WAS_EDA,"Shintarou, Miya",1000074185,Right,RIK,Undefined,1,Bottom,0,0,1,Fastball,Four-Seam,InPlay,Undefined,GroundBall,,Error,0,0,,147.8191,-2.770429,-3.92841,1043.43188,215.681132,1:15,1.63557,0.610347,1.868658,-39.746,44.5942,29.9264,0.45516,-0.198861,134.15891,-5.771685,-1.810907,0.414736,160.12863,-20.718046,7.297153,,,,,,,,,-18.4151,25.9854,-0.520585,15.24,1.568398,2.630568,-40.527835,-2.098116,-3.927964,9.268022,-4.263944,RIK,WAS_EDA,JinguStadium,Spring,Team,20200816-JinguStadium-2,4c1e5420-df82-11ea-87c6-2da02a938f7e,959729f8-9d3b-4184-a7b7-c10434da4ceb,v3,,,,"Hisashige, Iwamoto",1000074023,Right,WAS_EDA,146.2616,-0.010673,,13.66018,,,,16.570775,-40.831027,4.634011,1.634754,-1.958627,-2.131972,-0.608743,2.759066,-1.963982,0.64703,-0.05475,0.515171,,0.64703,41.266801,,,,,,,,-0.05475,-15.735728,,,,,,,,0.515171,5.284315,,,,,,,,,,,,,,,,,,,,,,,,,,,,,
2299,2020-08-16,14:36:48,2020-08-16,5:36:48,2,1,"Soma, Tokuyama",1000074011,Right,WAS_EDA,"Hidetake, Ohta",1000074058,Right,RIK,Undefined,1,Bottom,0,0,0,Fastball,Four-Seam,StrikeCalled,Undefined,Undefined,,Undefined,0,0,,146.8304,-2.08517,-3.653639,2120.522891,214.564005,1:15,1.586844,0.681597,1.922953,-40.5056,43.8205,28.2888,0.594866,-0.062769,133.90822,-5.144034,-1.644462,0.414702,,,,,,,,,,,,-17.3059,25.1031,-0.601444,15.24,1.537783,2.435089,-40.320519,-1.601958,-3.673261,8.746229,-4.478399,RIK,WAS_EDA,JinguStadium,Spring,Team,20200816-JinguStadium-2,7a658ec0-df82-11ea-87c6-2da02a938f7e,959729f8-9d3b-4184-a7b7-c10434da4ceb,v3,,,,"Hisashige, Iwamoto",1000074023,Right,WAS_EDA,146.27378,,,12.92218,,,,16.51662,-40.596496,4.373114,1.586101,-1.460647,-2.239199,-0.680109,2.550995,-1.836631,,,,,,,,,,,,,,,,,,,,,,,,,,,,,,,,,,,,,,,,,,,,,,,,,,,,,
2300,2020-08-16,14:37:12,2020-08-16,5:37:12,2,2,"Soma, Tokuyama",1000074011,Right,WAS_EDA,"Hidetake, Ohta",1000074058,Right,RIK,Undefined,1,Bottom,0,0,1,Splitter,Slider,InPlay,Undefined,FlyBall,FlyBall,Out,1,0,,132.91492,0.158799,-2.549351,,111.49776,9:45,1.587704,0.643908,1.763855,-97.2872,7.5041,-10.6049,0.659905,-0.185499,121.71163,-6.894243,-3.296474,0.462293,153.8727,32.677579,14.220423,4291.534424,31.880004,19.935023,10.382279,101.910468,,26.214678,5.148086,3.5753,4.6337,-0.57908,15.24,1.584645,1.676207,-36.534561,-0.284356,0.621939,7.298577,-9.000595,RIK,WAS_EDA,JinguStadium,Spring,Team,20200816-JinguStadium-2,8898a8b0-df82-11ea-87c6-2da02a938f7e,959729f8-9d3b-4184-a7b7-c10434da4ceb,v3,,,,"Hisashige, Iwamoto",1000074023,Right,WAS_EDA,131.21549,27.445882,,11.20329,,,,16.676118,-36.820339,3.649289,1.58888,0.068065,-4.500298,-0.644236,1.651855,0.31097,0.470311,0.606663,0.171595,207.888332,0.470373,34.87487,-7.928243,1.94575,-0.414417,0.074668,-0.01029,0.000899,-3.50E-05,0.606894,23.069756,-5.529634,0.286215,-0.012878,-0.005461,0.001393,-0.000102,2.00E-06,0.171619,8.836269,0.422677,-0.249414,0.073959,-0.014861,0.001901,-0.000146,5.00E-06,,,,,,,,,,,,,,,,,,,,,,
2301,2020-08-16,14:37:55,2020-08-16,5:37:55,3,1,"Soma, Tokuyama",1000074011,Right,WAS_EDA,"Kensuke, Mitsui",1000074122,Left,RIK,Undefined,1,Bottom,1,0,0,Fastball,Four-Seam,BallCalled,Undefined,Undefined,,Undefined,0,0,,145.93037,-0.48553,-2.100615,2053.204705,217.638039,1:15,1.598206,0.674326,1.89937,-40.0653,44.9863,32.6486,1.060932,0.409876,133.3571,-3.513629,0.219523,0.416482,,,,,,,,,,,,-18.3893,24.4706,-0.628412,15.24,1.584716,1.31233,-40.161416,-0.470987,-3.88348,8.451036,-4.638906,RIK,WAS_EDA,JinguStadium,Spring,Team,20200816-JinguStadium-2,a222e5c0-df82-11ea-87c6-2da02a938f7e,959729f8-9d3b-4184-a7b7-c10434da4ceb,v3,,,,"Hisashige, Iwamoto",1000074023,Right,WAS_EDA,145.64869,,,12.57327,,,,16.540415,-40.434132,4.225518,1.5975,-0.321289,-2.319453,-0.672783,1.437651,-1.94174,,,,,,,,,,,,,,,,,,,,,,,,,,,,,,,,,,,,,,,,,,,,,,,,,,,,,
2302,2020-08-16,14:38:37,2020-08-16,5:38:37,3,2,"Soma, Tokuyama",1000074011,Right,WAS_EDA,"Kensuke, Mitsui",1000074122,Left,RIK,Undefined,1,Bottom,1,1,0,Fastball,Four-Seam,InPlay,Undefined,LineDrive,GroundBall,Out,2,0,,147.85374,-3.057598,-4.208512,2187.841066,212.799756,1:00,1.611971,0.659114,1.942579,-35.7243,47.732,28.9244,0.394133,-0.233985,134.41748,-5.781151,-2.15408,0.412557,131.66391,7.890969,42.871827,3433.238704,,,,33.973618,,45.582511,1.036367,-18.3332,28.087,-0.568018,15.24,1.542487,2.844292,-40.54326,-2.280041,-3.918193,9.17761,-3.80385,RIK,WAS_EDA,JinguStadium,Spring,Team,20200816-JinguStadium-2,bb2925c0-df82-11ea-87c6-2da02a938f7e,959729f8-9d3b-4184-a7b7-c10434da4ceb,v3,,,,"Hisashige, Iwamoto",1000074023,Right,WAS_EDA,147.03411,1.494264,,13.43625,,,,16.497331,-40.826885,4.588805,1.611133,-2.162487,-1.901925,-0.657789,2.96538,-1.959097,0.88974,0.357237,0.139659,271.325316,0.88974,26.549954,-4.787798,0.544676,-0.093359,0.014422,-0.000939,-2.40E-05,2.00E-06,0.357237,5.021091,-5.881493,0.793802,-0.139966,0.03439,-0.006691,0.000924,-8.10E-05,0.139659,24.647423,-1.150106,-0.207003,0.055789,-0.017358,0.004446,-0.000758,7.20E-05,,,,,,,,,,,,,,,,,,,,,,
2303,2020-08-16,14:40:36,2020-08-16,5:40:36,1,1,"Hayate, Nakagawa",1000074142,Right,RIK,"Hisashige, Iwamoto",1000074023,Right,WAS_EDA,Undefined,2,Top,0,0,0,Fastball,ChangeUp,StrikeCalled,Undefined,Undefined,,Undefined,0,0,,133.37674,4.05045,-2.749249,2322.464723,273.710662,3:00,0.360597,0.705266,1.718832,-103.3765,1.379,28.7274,0.481791,0.210216,121.44256,-3.430165,-0.735009,0.462214,,,,,,,,,,,,-16.3803,-1.0698,-0.636252,15.24,0.457858,1.613906,-36.570108,2.163293,-2.869728,6.972524,-9.994074,RIK,WAS_EDA,JinguStadium,Spring,Team,20200816-JinguStadium-2,02399760-df83-11ea-87c6-2da02a938f7e,959729f8-9d3b-4184-a7b7-c10434da4ceb,v3,,,,"Akihito, Takeba",1000074033,Right,RIK,131.2379,,,11.93418,,,,16.721024,-36.851401,3.486262,0.362451,2.566485,-4.997037,-0.703697,1.72968,-1.434864,,,,,,,,,,,,,,,,,,,,,,,,,,,,,,,,,,,,,,,,,,,,,,,,,,,,,
2304,2020-08-16,14:40:46,2020-08-16,5:40:46,1,2,"Hayate, Nakagawa",1000074142,Right,RIK,"Hisashige, Iwamoto",1000074023,Right,WAS_EDA,Undefined,2,Top,0,0,1,Fastball,ChangeUp,StrikeCalled,Undefined,Undefined,,Undefined,0,0,,132.17496,4.355586,-4.088709,2311.51257,272.736881,3:00,0.30344,0.672036,1.817271,-104.3274,1.6371,36.5846,0.496677,-0.119645,119.90311,-3.236108,-1.513886,0.464874,,,,,,,,,,,,-21.5811,-1.2126,-0.575448,15.24,0.402247,2.414263,-36.188491,2.356211,-3.69207,7.008318,-10.014099,RIK,WAS_EDA,JinguStadium,Spring,Team,20200816-JinguStadium-2,0821bcc0-df83-11ea-87c6-2da02a938f7e,959729f8-9d3b-4184-a7b7-c10434da4ceb,v3,,,,"Akihito, Takeba",1000074033,Right,RIK,130.48709,,,12.27186,,,,16.62267,-36.455278,3.504159,0.305297,2.737419,-5.00705,-0.670027,2.554809,-1.846035,,,,,,,,,,,,,,,,,,,,,,,,,,,,,,,,,,,,,,,,,,,,,,,,,,,,,
2305,2020-08-16,14:41:07,2020-08-16,5:41:07,1,3,"Hayate, Nakagawa",1000074142,Right,RIK,"Hisashige, Iwamoto",1000074023,Right,WAS_EDA,Undefined,2,Top,0,0,2,Fastball,ChangeUp,StrikeSwinging,Strikeout,Undefined,,Undefined,0,0,,135.59686,3.609592,-3.776992,2322.478808,277.643238,3:15,0.332613,0.712842,1.686796,-103.2245,-1.5083,34.6167,0.332344,-0.018616,123.62703,-3.831834,-1.357372,0.45546,,,,,,,,,,,,-20.0491,-2.3049,-0.615661,15.24,0.420121,2.279604,-37.165962,1.906729,-3.632063,7.122475,-10.224198,RIK,WAS_EDA,JinguStadium,Spring,Team,20200816-JinguStadium-2,14d86fe0-df83-11ea-87c6-2da02a938f7e,959729f8-9d3b-4184-a7b7-c10434da4ceb,v3,,,,"Akihito, Takeba",1000074033,Right,RIK,133.18415,,,11.96982,,,,16.75344,-37.454874,3.561237,0.334367,2.321458,-5.112099,-0.711118,2.426933,-1.816032,,,,,,,,,,,,,,,,,,,,,,,,,,,,,,,,,,,,,,,,,,,,,,,,,,,,,
2306,2020-08-16,14:41:38,2020-08-16,5:41:38,2,1,"Hayate, Nakagawa",1000074142,Right,RIK,"Takuya, Hiruma",1000074108,Left,WAS_EDA,Undefined,2,Top,1,0,0,Sinker,Sinker,BallCalled,Undefined,Undefined,,Undefined,0,0,,132.61272,4.435592,-2.166306,2288.818359,303.494778,4:00,0.293626,0.664138,1.74121,-133.3429,-27.0947,46.2176,0.223108,0.510898,120.2386,-5.17662,1.082453,0.465495,,,,,,,,,,,,-24.9426,-15.8831,-0.612321,15.24,0.397161,1.148459,-36.367177,2.255085,-4.289891,7.373271,-12.538382,RIK,WAS_EDA,JinguStadium,Spring,Team,20200816-JinguStadium-2,27562bd0-df83-11ea-87c6-2da02a938f7e,959729f8-9d3b-4184-a7b7-c10434da4ceb,v3,,,,"Akihito, Takeba",1000074033,Right,RIK,130.31277,,,12.37411,,,,16.699536,-36.661897,3.686635,0.297006,2.756262,-6.269191,-0.661653,1.319932,-2.144946,,,,,,,,,,,,,,,,,,,,,,,,,,,,,,,,,,,,,,,,,,,,,,,,,,,,,
2307,2020-08-16,14:41:49,2020-08-16,5:41:49,2,2,"Hayate, Nakagawa",1000074142,Right,RIK,"Takuya, Hiruma",1000074108,Left,WAS_EDA,Undefined,2,Top,1,1,0,Fastball,ChangeUp,BallCalled,Undefined,Undefined,,Undefined,0,0,,132.23538,4.007545,-1.529064,2322.477381,265.825431,2:45,0.308368,0.683605,1.786103,-99.8468,4.9358,26.7331,0.446962,0.517853,121.31767,-3.243057,0.355356,0.462274,,,,,,,,,,,,-14.5561,0.9523,-0.647635,15.24,0.400648,0.842417,-36.323318,2.150028,-2.533996,6.406195,-9.640876,RIK,WAS_EDA,JinguStadium,Spring,Team,20200816-JinguStadium-2,2dc9c850-df83-11ea-87c6-2da02a938f7e,959729f8-9d3b-4184-a7b7-c10434da4ceb,v3,,,,"Akihito, Takeba",1000074033,Right,RIK,131.22094,,,10.91771,,,,16.6539,-36.571831,3.203097,0.309988,2.524024,-4.820438,-0.682221,0.940717,-1.266998,,,,,,,,,,,,,,,,,,,,,,,,,,,,,,,,,,,,,,,,,,,,,,,,,,,,,
2308,2020-08-16,14:42:02,2020-08-16,5:42:02,2,3,"Hayate, Nakagawa",1000074142,Right,RIK,"Takuya, Hiruma",1000074108,Left,WAS_EDA,Undefined,2,Top,1,2,0,Slider,Curveball,FoulBall,Undefined,Undefined,Popup,Undefined,0,0,,120.68987,4.171413,-1.186294,,138.514573,10:30,0.292129,0.67935,1.687082,-97.4819,31.5386,-24.2662,0.508083,0.098671,109.48077,-2.953383,-2.885122,0.512961,101.28734,52.479769,-130.669137,5900.860214,-24.507024,15.854023,-22.880758,47.787743,,-138.804934,3.517912,11.366,14.0473,-0.645979,15.24,0.394951,0.793817,-33.079675,2.064916,1.620116,6.009739,-7.804337,RIK,WAS_EDA,JinguStadium,Spring,Team,20200816-JinguStadium-2,35283a00-df83-11ea-87c6-2da02a938f7e,959729f8-9d3b-4184-a7b7-c10434da4ceb,v3,,,,"Akihito, Takeba",1000074033,Right,RIK,118.25468,17.550436,,11.20911,,,,16.752099,-33.353254,3.004869,0.292864,2.420189,-3.902168,-0.680437,0.720066,0.810058,0.130164,0.504625,-0.08573,23.78666,0.130186,-11.167963,-0.777268,0.590793,-0.160421,0.027975,-0.00131,-0.000211,2.10E-05,0.504657,22.314117,-8.602887,1.083881,-0.200345,0.02322,-0.001059,0.000151,-2.30E-05,-0.085726,-12.997317,1.415476,-0.10388,-0.001479,0.000913,0.002091,-0.000603,4.80E-05,,,,,,,,,,,,,,,,,,,,,,
2309,2020-08-16,14:42:18,2020-08-16,5:42:18,2,4,"Hayate, Nakagawa",1000074142,Right,RIK,"Takuya, Hiruma",1000074108,Left,WAS_EDA,Undefined,2,Top,1,2,1,Fastball,ChangeUp,BallCalled,Undefined,Undefined,,Undefined,0,0,,134.20584,4.562995,-0.903138,2356.816795,249.96502,2:15,0.288938,0.701037,1.709258,-92.3473,11.578,22.7254,0.666585,0.67132,121.67071,-2.151105,0.691081,0.460379,,,,,,,,,,,,-12.0251,3.652,-0.679243,15.24,0.401023,0.464492,-36.782583,2.555804,-2.124073,7.279991,-9.161578,RIK,WAS_EDA,JinguStadium,Spring,Team,20200816-JinguStadium-2,3f294300-df83-11ea-87c6-2da02a938f7e,959729f8-9d3b-4184-a7b7-c10434da4ceb,v3,,,,"Akihito, Takeba",1000074033,Right,RIK,131.76105,,,12.53513,,,,16.729886,-37.076288,3.639995,0.290455,2.92542,-4.580789,-0.699711,0.550186,-1.062037,,,,,,,,,,,,,,,,,,,,,,,,,,,,,,,,,,,,,,,,,,,,,,,,,,,,,
2310,2020-08-16,14:42:32,2020-08-16,5:42:32,2,5,"Hayate, Nakagawa",1000074142,Right,RIK,"Takuya, Hiruma",1000074108,Left,WAS_EDA,Undefined,2,Top,1,3,1,Fastball,Slider,InPlay,Undefined,GroundBall,GroundBall,Out,1,0,,132.25001,4.315092,-3.47299,2356.136496,245.356265,2:15,0.291068,0.69598,1.738024,-95.7359,10.0966,15.3836,0.563802,-0.137743,121.10892,-2.617974,-2.395066,0.464584,131.42487,-4.427639,23.549193,,,,,3.348814,,26.797343,0.081758,-10.0717,3.2325,-0.608307,15.24,0.39454,2.126979,-36.249469,2.358843,-1.745411,6.410343,-9.246473,RIK,WAS_EDA,JinguStadium,Spring,Team,20200816-JinguStadium-2,47166020-df83-11ea-87c6-2da02a938f7e,959729f8-9d3b-4184-a7b7-c10434da4ceb,v3,,,,"Akihito, Takeba",1000074033,Right,RIK,130.56848,0.29312,,11.14109,,,,16.702081,-36.507107,3.205172,0.292267,2.730469,-4.623236,-0.695202,2.197129,-0.872705,0.286024,0.29312,0.291569,,0.285998,33.37082,-3.759013,,,,,,,0.293131,-2.820106,-9.362792,,,,,,,0.29155,14.545367,4.343884,,,,,,,,,,,,,,,,,,,,,,,,,,,,
2311,2020-08-16,14:43:02,2020-08-16,5:43:02,3,1,"Hayate, Nakagawa",1000074142,Right,RIK,"Kazuto, Yoshizawa",1000074012,Right,WAS_EDA,Undefined,2,Top,2,0,0,Curveball,Curveball,InPlay,Undefined,Popup,Popup,Out,1,0,,100.63509,8.094136,-1.121184,1244.526191,139.379815,10:45,0.212899,0.567366,1.732611,-150.5024,37.9993,-27.2447,1.023284,-0.02365,90.09894,-2.9069,-3.025607,0.620029,129.27363,63.543523,-25.378807,2217.292786,27.721236,38.29066,-18.858922,49.107532,,-33.76959,6.126804,12.9044,14.5771,-0.536479,15.24,0.410741,0.636549,-27.360871,3.456819,1.24989,4.359941,-8.394745,RIK,WAS_EDA,JinguStadium,Spring,Team,20200816-JinguStadium-2,597b3ce0-df83-11ea-87c6-2da02a938f7e,959729f8-9d3b-4184-a7b7-c10434da4ceb,v3,,,,"Akihito, Takeba",1000074033,Right,RIK,97.83406,43.500393,,10.53616,,,,16.706006,-27.59349,2.17997,0.214359,3.904709,-4.197372,-0.568662,0.569863,0.624945,0.934072,1.972482,-0.175831,171.628508,0.937067,14.404818,-4.876742,1.363264,-0.205593,0.008533,0.001991,-0.000266,9.00E-06,1.974709,32.105725,-7.419014,0.450773,0.104532,-0.070287,0.015335,-0.001509,5.70E-05,-0.176567,-6.845621,1.10297,-0.242859,0.030784,-0.002575,0.000467,-8.10E-05,5.00E-06,,,,,,,,,,,,,,,,,,,,,,
2312,2020-08-16,14:45:22,2020-08-16,5:45:22,1,1,"Soma, Tokuyama",1000074011,Right,WAS_EDA,"Kenta, Yamada",1000074117,Right,RIK,Undefined,2,Bottom,0,0,0,Fastball,Four-Seam,BallCalled,Undefined,Undefined,,Undefined,0,0,,148.42702,-0.472441,-1.565279,2086.860575,201.068561,12:45,1.605215,0.629395,1.825391,-39.2633,43.9269,15.8982,1.079074,0.346106,135.26277,-3.431285,-0.440365,0.411899,,,,,,,,,,,,-9.2482,23.6689,-0.592791,15.24,1.591229,1.032016,-40.824564,-0.472332,-2.01312,8.935102,-4.654462,RIK,WAS_EDA,JinguStadium,Spring,Team,20200816-JinguStadium-2,acb40450-df83-11ea-87c6-2da02a938f7e,959729f8-9d3b-4184-a7b7-c10434da4ceb,v3,,,,"Hisashige, Iwamoto",1000074023,Right,WAS_EDA,147.26912,,,13.16425,,,,16.613851,-41.124154,4.467551,1.604449,-0.31627,-2.327231,-0.628525,1.099514,-1.00656,,,,,,,,,,,,,,,,,,,,,,,,,,,,,,,,,,,,,,,,,,,,,,,,,,,,,
2313,2020-08-16,14:45:35,2020-08-16,5:45:35,1,2,"Soma, Tokuyama",1000074011,Right,WAS_EDA,"Kenta, Yamada",1000074117,Right,RIK,Undefined,2,Bottom,0,1,0,Fastball,Four-Seam,StrikeSwinging,Undefined,Undefined,,Undefined,0,0,,148.96542,-1.265805,-3.556863,2019.526413,203.075108,12:45,1.59368,0.663474,1.848756,-40.283,42.9253,17.0633,0.833053,-0.170478,134.85511,-4.308637,-2.350872,0.411944,,,,,,,,,,,,-11.4956,23.8996,-0.5804,15.24,1.561124,2.451501,-40.877748,-1.042434,-2.490156,9.572604,-4.629546,RIK,WAS_EDA,JinguStadium,Spring,Team,20200816-JinguStadium-2,b4aae570-df83-11ea-87c6-2da02a938f7e,959729f8-9d3b-4184-a7b7-c10434da4ceb,v3,,,,"Hisashige, Iwamoto",1000074023,Right,WAS_EDA,147.2531,,,14.1103,,,,16.590286,-41.19274,4.786302,1.592919,-0.890096,-2.314773,-0.662416,2.53344,-1.245078,,,,,,,,,,,,,,,,,,,,,,,,,,,,,,,,,,,,,,,,,,,,,,,,,,,,,
2314,2020-08-16,14:45:50,2020-08-16,5:45:50,1,3,"Soma, Tokuyama",1000074011,Right,WAS_EDA,"Kenta, Yamada",1000074117,Right,RIK,Undefined,2,Bottom,0,1,1,Fastball,Four-Seam,InPlay,Undefined,FlyBall,LineDrive,Out,1,0,,147.49239,-0.868473,-2.251111,2019.543796,215.635471,1:15,1.618811,0.645013,1.892922,-46.6991,36.5902,24.3835,0.907309,0.255279,135.01785,-4.356602,-0.519105,0.412144,143.09619,26.431984,-23.670281,1431.916041,29.858196,13.658631,-15.251374,91.737281,,-31.077091,3.783458,-14.263,20.3757,-0.595007,15.24,1.596116,1.475975,-40.588521,-0.78371,-3.078381,8.581333,-5.408956,RIK,WAS_EDA,JinguStadium,Spring,Team,20200816-JinguStadium-2,bd5b5290-df83-11ea-87c6-2da02a938f7e,959729f8-9d3b-4184-a7b7-c10434da4ceb,v3,,,,"Hisashige, Iwamoto",1000074023,Right,WAS_EDA,147.18148,15.955846,,12.47455,,,,16.547081,-40.863933,4.290666,1.618483,-0.610113,-2.704478,-0.643963,1.574773,-1.53919,0.518898,0.865349,-0.234769,132.892399,0.518829,32.60183,-6.09754,1.420607,-0.28236,0.044075,-0.005297,0.000464,-2.10E-05,0.865406,17.691544,-5.704054,0.358974,-0.041228,0.003317,0.0001,2.40E-05,-6.00E-06,-0.234834,-14.287422,-0.02274,0.345482,-0.112884,0.022939,-0.002486,0.000102,1.00E-06,,,,,,,,,,,,,,,,,,,,,,
2315,2020-08-16,14:46:23,2020-08-16,5:46:23,2,1,"Soma, Tokuyama",1000074011,Right,WAS_EDA,"Sou, Shibata",1000074204,Left,RIK,Undefined,2,Bottom,1,0,0,Splitter,Curveball,BallCalled,Undefined,Undefined,,Undefined,0,0,,128.76187,2.272752,0.030154,,40.513153,7:15,1.631433,0.63442,1.768261,-117.5291,-6.6229,-8.505,1.100755,0.557918,118.22189,-6.231132,-0.56997,0.47559,,,,,,,,,,,,4.3319,-3.7754,-0.634577,15.24,1.679991,0.021117,-35.422126,0.938083,0.712949,6.460704,-10.428011,RIK,WAS_EDA,JinguStadium,Spring,Team,20200816-JinguStadium-2,d0f26dc0-df83-11ea-87c6-2da02a938f7e,959729f8-9d3b-4184-a7b7-c10434da4ceb,v3,,,,"Hisashige, Iwamoto",1000074023,Right,WAS_EDA,127.54691,,,10.53997,,,,16.671714,-35.682304,3.230352,1.633758,1.358027,-5.214006,-0.634849,-0.007594,0.356475,,,,,,,,,,,,,,,,,,,,,,,,,,,,,,,,,,,,,,,,,,,,,,,,,,,,,
2316,2020-08-16,14:46:37,2020-08-16,5:46:37,2,2,"Soma, Tokuyama",1000074011,Right,WAS_EDA,"Sou, Shibata",1000074204,Left,RIK,Undefined,2,Bottom,1,1,0,Fastball,Four-Seam,StrikeCalled,Undefined,Undefined,,Undefined,0,0,,147.90399,-1.267394,-1.870597,1996.086034,211.717842,1:00,1.610286,0.670383,1.943676,-43.3241,39.0961,22.5603,0.8214,0.371253,135.22403,-4.525867,-0.26242,0.409988,,,,,,,,,,,,-13.0182,22.0441,-0.63042,15.24,1.57994,1.217431,-40.701106,-1.046215,-2.821735,8.733503,-5.028512,RIK,WAS_EDA,JinguStadium,Spring,Team,20200816-JinguStadium-2,d97477e0-df83-11ea-87c6-2da02a938f7e,959729f8-9d3b-4184-a7b7-c10434da4ceb,v3,,,,"Hisashige, Iwamoto",1000074023,Right,WAS_EDA,147.95537,,,12.67996,,,,16.495765,-40.969678,4.366752,1.609735,-0.891579,-2.514256,-0.669192,1.304205,-1.410868,,,,,,,,,,,,,,,,,,,,,,,,,,,,,,,,,,,,,,,,,,,,,,,,,,,,,
2317,2020-08-16,14:46:52,2020-08-16,5:46:52,2,3,"Soma, Tokuyama",1000074011,Right,WAS_EDA,"Sou, Shibata",1000074204,Left,RIK,Undefined,2,Bottom,1,1,1,Fastball,Sinker,InPlay,Undefined,FlyBall,LineDrive,Out,1,0,,146.82244,-0.611251,-2.852004,2006.366588,224.241502,1:30,1.590021,0.683703,1.907559,-48.9516,35.3149,31.7536,0.928495,0.199029,133.85397,-4.273134,-0.595802,0.414555,140.27181,26.047856,12.48464,2038.478851,32.471161,13.685311,8.351334,89.905568,,17.841361,3.854033,-18.6087,19.6014,-0.621048,15.24,1.573292,1.856465,-40.377735,-0.605938,-3.959063,8.81072,-5.636404,RIK,WAS_EDA,JinguStadium,Spring,Team,20200816-JinguStadium-2,e25e92a0-df83-11ea-87c6-2da02a938f7e,959729f8-9d3b-4184-a7b7-c10434da4ceb,v3,,,,"Hisashige, Iwamoto",1000074023,Right,WAS_EDA,146.3256,15.957817,,12.96846,,,,16.532352,-40.658758,4.40536,1.589751,-0.426162,-2.818202,-0.682274,1.982742,-1.979531,0.550616,0.900729,-0.208418,213.835868,0.550705,34.17576,-5.935758,1.282274,-0.229653,0.03205,-0.003622,0.000329,-1.60E-05,0.900663,17.112515,-5.318017,0.33882,-0.069035,0.016428,-0.003008,0.000401,-2.50E-05,-0.208507,7.570844,0.389798,-0.252517,0.050295,-0.003095,-0.001072,0.000238,-1.50E-05,,,,,,,,,,,,,,,,,,,,,,
2318,2020-08-16,14:47:28,2020-08-16,5:47:28,3,1,"Soma, Tokuyama",1000074011,Right,WAS_EDA,"Kai, Tominaga",1000074173,Left,RIK,Undefined,2,Bottom,2,0,0,ChangeUp,Slider,StrikeSwinging,Undefined,Undefined,,Undefined,0,0,,130.57795,0.005728,-1.493754,,124.082215,10:15,1.610631,0.631579,1.757917,-100.963,7.4008,-5.8987,0.602626,0.14878,119.79001,-7.308943,-1.909861,0.470107,,,,,,,,,,,,1.928,4.8514,-0.593491,15.24,1.603478,0.964289,-35.913705,-0.395098,0.324767,6.918822,-8.989439,RIK,WAS_EDA,JinguStadium,Spring,Team,20200816-JinguStadium-2,f7ccded0-df83-11ea-87c6-2da02a938f7e,959729f8-9d3b-4184-a7b7-c10434da4ceb,v3,,,,"Hisashige, Iwamoto",1000074023,Right,WAS_EDA,129.03445,,,10.78794,,,,16.681686,-36.190382,3.459411,1.61209,-0.035619,-4.494719,-0.631792,0.951301,0.162383,,,,,,,,,,,,,,,,,,,,,,,,,,,,,,,,,,,,,,,,,,,,,,,,,,,,,
2319,2020-08-16,14:47:43,2020-08-16,5:47:43,3,2,"Soma, Tokuyama",1000074011,Right,WAS_EDA,"Kai, Tominaga",1000074173,Left,RIK,Undefined,2,Bottom,2,0,1,Fastball,Four-Seam,InPlay,Undefined,Popup,,Out,1,0,,147.64078,-0.39175,-2.995435,2086.87147,212.898466,1:00,1.59057,0.661724,1.916369,-42.2668,40.091,24.4084,1.05771,0.063643,135.96425,-3.557227,-1.261169,0.409833,131.00013,83.737512,5.739999,,,,,,,,,-14.6593,21.8634,-0.595841,15.24,1.579255,2.008985,-40.641592,-0.424324,-3.197008,7.962997,-5.038522,RIK,WAS_EDA,JinguStadium,Spring,Team,20200816-JinguStadium-2,00aebc30-df84-11ea-87c6-2da02a938f7e,959729f8-9d3b-4184-a7b7-c10434da4ceb,v3,,,,"Hisashige, Iwamoto",1000074023,Right,WAS_EDA,148.01146,10.167539,,11.67653,,,,16.523862,-40.892368,3.981499,1.590119,-0.265648,-2.519261,-0.660694,2.109668,-1.598504,0.513022,0.979799,-0.061812,178.455939,0.513022,3.94953,-4.504913,1.628906,-0.446536,0.112267,-0.024753,-0.000418,0.005146,0.979799,36.171777,-8.710778,1.049541,-0.142068,-0.009014,0.066968,-0.142325,0.128664,-0.061812,0.397,-1.462236,0.742924,-0.238746,0.06736,-0.017679,0.003514,0.000131,,,,,,,,,,,,,,,,,,,,,,
2320,2020-08-16,14:49:39,2020-08-16,5:49:39,1,1,"Hayate, Nakagawa",1000074142,Right,RIK,"Moeto, Suzuki",1000074064,Left,WAS_EDA,Undefined,3,Top,0,0,0,Fastball,ChangeUp,StrikeCalled,Undefined,Undefined,,Undefined,0,0,,131.60092,4.34598,-3.417581,2322.477453,263.940399,2:45,0.310058,0.6661,1.809541,-98.4615,6.4011,34.7499,0.558857,0.046105,121.62514,-2.785793,-0.970058,0.46245,,,,,,,,,,,,-19.7238,1.6784,-0.585272,15.24,0.409351,1.997604,-36.125375,2.369081,-3.429914,5.68965,-9.514781,RIK,WAS_EDA,JinguStadium,Spring,Team,20200816-JinguStadium-2,4607e0e0-df84-11ea-87c6-2da02a938f7e,959729f8-9d3b-4184-a7b7-c10434da4ceb,v3,,,,"Akihito, Takeba",1000074033,Right,RIK,131.17085,,,9.97578,,,,16.631051,-36.343802,2.844825,0.31139,2.734354,-4.757391,-0.664488,2.129279,-1.714957,,,,,,,,,,,,,,,,,,,,,,,,,,,,,,,,,,,,,,,,,,,,,,,,,,,,,
2321,2020-08-16,14:49:50,2020-08-16,5:49:50,1,2,"Hayate, Nakagawa",1000074142,Right,RIK,"Moeto, Suzuki",1000074064,Left,WAS_EDA,Undefined,3,Top,0,0,1,Fastball,ChangeUp,StrikeCalled,Undefined,Undefined,,Undefined,0,0,,133.86139,4.066698,-1.895353,2389.807438,272.6889,3:00,0.348525,0.682945,1.8374,-99.5549,1.6402,23.5387,0.503449,0.383134,123.31915,-3.166948,-0.231325,0.454291,,,,,,,,,,,,-13.1775,-0.668,-0.639243,15.24,0.439164,1.106638,-36.786365,2.225142,-2.363669,6.25938,-9.926471,RIK,WAS_EDA,JinguStadium,Spring,Team,20200816-JinguStadium-2,4c78e550-df84-11ea-87c6-2da02a938f7e,959729f8-9d3b-4184-a7b7-c10434da4ceb,v3,,,,"Akihito, Takeba",1000074033,Right,RIK,133.52668,,,10.54224,,,,16.6028,-37.017526,3.12969,0.35022,2.591729,-4.963236,-0.681724,1.193929,-1.181835,,,,,,,,,,,,,,,,,,,,,,,,,,,,,,,,,,,,,,,,,,,,,,,,,,,,,
2322,2020-08-16,14:50:09,2020-08-16,5:50:09,1,3,"Hayate, Nakagawa",1000074142,Right,RIK,"Moeto, Suzuki",1000074064,Left,WAS_EDA,Undefined,3,Top,0,0,2,Fastball,Splitter,BallCalled,Undefined,Undefined,,Undefined,0,0,,135.48706,3.692111,-1.495915,1178.068274,280.933734,3:15,0.335067,0.7103,1.740004,-101.2727,-1.6986,22.3206,0.372605,0.508613,125.27919,-3.611333,0.073523,0.450638,,,,,,,,,,,,-12.2477,-2.2444,-0.673823,15.24,0.4218,0.865286,-37.258698,1.981762,-2.260112,6.221248,-10.220821,RIK,WAS_EDA,JinguStadium,Spring,Team,20200816-JinguStadium-2,57932680-df84-11ea-87c6-2da02a938f7e,959729f8-9d3b-4184-a7b7-c10434da4ceb,v3,,,,"Akihito, Takeba",1000074033,Right,RIK,134.60911,,,10.20788,,,,16.700652,-37.501797,3.110624,0.336558,2.381146,-5.11041,-0.70936,0.953601,-1.130056,,,,,,,,,,,,,,,,,,,,,,,,,,,,,,,,,,,,,,,,,,,,,,,,,,,,,
2323,2020-08-16,14:50:22,2020-08-16,5:50:22,1,4,"Hayate, Nakagawa",1000074142,Right,RIK,"Moeto, Suzuki",1000074064,Left,WAS_EDA,Undefined,3,Top,0,1,2,Slider,Slider,FoulBall,Undefined,Undefined,LineDrive,Undefined,0,0,,124.90746,5.184214,-1.001999,2659.083125,159.935993,11:15,0.280002,0.688775,1.578611,-111.4813,7.9767,-1.837,0.656258,0.383015,115.71106,-2.777466,-1.129735,0.493585,109.96717,19.1899,-129.218687,4327.318307,-23.130123,3.003997,-24.271824,42.415145,,-134.715037,1.670208,0.3658,2.0423,-0.660204,15.24,0.417029,0.60813,-34.271409,2.652092,0.057425,4.937693,-9.486035,RIK,WAS_EDA,JinguStadium,Spring,Team,20200816-JinguStadium-2,5fb647c0-df84-11ea-87c6-2da02a938f7e,959729f8-9d3b-4184-a7b7-c10434da4ceb,v3,,,,"Akihito, Takeba",1000074033,Right,RIK,122.8967,4.393263,,9.1964,,,,16.861782,-34.504278,2.468847,0.281403,3.099467,-4.743018,-0.68882,0.605421,0.028712,-0.399895,0.625142,-0.375416,54.680991,-0.399898,-18.240532,0.014746,0.294396,-0.098564,0.054941,-0.023377,0.005552,-0.000509,0.62514,10.040819,-7.183632,0.752737,-0.170321,0.055172,-0.016004,0.002748,-0.000116,-0.375415,-22.350675,3.229811,-0.424421,0.097811,-0.028583,0.008318,-0.00083,-0.000126,,,,,,,,,,,,,,,,,,,,,,
2324,2020-08-16,14:50:39,2020-08-16,5:50:39,1,5,"Hayate, Nakagawa",1000074142,Right,RIK,"Moeto, Suzuki",1000074064,Left,WAS_EDA,Undefined,3,Top,0,1,2,Fastball,ChangeUp,FoulBall,Undefined,Undefined,,Undefined,0,0,,134.90196,4.506773,-3.701968,2468.081947,277.12567,3:15,0.327204,0.688098,1.730525,-101.3522,-0.2534,23.4869,0.599551,-0.130363,124.40074,-2.787163,-2.057397,0.454075,,,,,,,,,,,,-14.1745,-2.0596,-0.594741,15.24,0.435634,2.281671,-36.995823,2.502188,-2.579006,6.130932,-10.181387,RIK,WAS_EDA,JinguStadium,Spring,Team,20200816-JinguStadium-2,69851d30-df84-11ea-87c6-2da02a938f7e,959729f8-9d3b-4184-a7b7-c10434da4ceb,v3,,,,"Akihito, Takeba",1000074033,Right,RIK,133.59027,,,10.50123,,,,16.710258,-37.238677,3.065466,0.328532,2.905484,-5.090693,-0.687143,2.383829,-1.289503,,,,,,,,,,,,,,,,,,,,,,,,,,,,,,,,,,,,,,,,,,,,,,,,,,,,,
2325,2020-08-16,14:50:57,2020-08-16,5:50:57,1,6,"Hayate, Nakagawa",1000074142,Right,RIK,"Moeto, Suzuki",1000074064,Left,WAS_EDA,Undefined,3,Top,0,1,2,Slider,ChangeUp,StrikeSwinging,Strikeout,Undefined,,Undefined,0,0,,121.38562,4.72267,-0.744582,1422.869824,133.240586,10:30,0.295435,0.672891,1.584112,-96.7942,32.7404,-30.3891,0.684634,0.155522,109.80053,-2.31668,-2.858611,0.513982,,,,,,,,,,,,14.5118,14.029,-0.649005,15.24,0.420504,0.575973,-33.224032,2.38033,2.084821,6.108954,-7.79119,RIK,WAS_EDA,JinguStadium,Spring,Team,20200816-JinguStadium-2,74095ff0-df84-11ea-87c6-2da02a938f7e,959729f8-9d3b-4184-a7b7-c10434da4ceb,v3,,,,"Akihito, Takeba",1000074033,Right,RIK,118.01977,,,11.5851,,,,16.854759,-33.519626,3.054477,0.296207,2.757322,-3.895595,-0.674434,0.475094,1.042411,,,,,,,,,,,,,,,,,,,,,,,,,,,,,,,,123.78207,2.207209,1.343488,0.863721,-0.356911,0.650039,-0.115443,-0.541024,1.512287,-1.010699,20.416265,2.036045,-17.615771,-0.507854,25.882992,-1.900342,1.520192,3.678447,-3.562594,-1.064131,-21.370361,2.52567
2326,2020-08-16,14:51:20,2020-08-16,5:51:20,2,1,"Hayate, Nakagawa",1000074142,Right,RIK,"Soma, Tokuyama",1000074011,Right,WAS_EDA,Undefined,3,Top,1,0,0,Fastball,Slider,FoulBall,Undefined,Undefined,,Undefined,0,0,,129.90695,4.327284,-3.309293,2288.818302,249.865021,2:15,0.273548,0.638673,1.798086,-98.6556,10.29,19.4298,0.515811,-0.10446,118.8549,-2.847306,-1.942138,0.471367,,,,,,,,,,,,-12.2031,3.2605,-0.558882,15.24,0.373081,1.972944,-35.623136,2.328054,-2.038763,6.301426,-9.261923,RIK,WAS_EDA,JinguStadium,Spring,Team,20200816-JinguStadium-2,81f00790-df84-11ea-87c6-2da02a938f7e,959729f8-9d3b-4184-a7b7-c10434da4ceb,v3,,,,"Akihito, Takeba",1000074033,Right,RIK,128.68943,,,11.05205,,,,16.64228,-35.87033,3.150713,0.274629,2.691383,-4.630961,-0.637846,2.052921,-1.019381,,,,,,,,,,,,,,,,,,,,,,,,,,,,,,,,,,,,,,,,,,,,,,,,,,,,,
2327,2020-08-16,14:51:36,2020-08-16,5:51:36,2,2,"Hayate, Nakagawa",1000074142,Right,RIK,"Soma, Tokuyama",1000074011,Right,WAS_EDA,Undefined,3,Top,1,0,1,Fastball,Slider,BallCalled,Undefined,Undefined,,Undefined,0,0,,133.94377,3.679931,-2.622528,2490.771904,259.767474,2:45,0.303134,0.716087,1.815215,-95.6505,6.4526,19.0885,0.389318,0.165175,122.56336,-3.285007,-1.275841,0.456325,,,,,,,,,,,,-11.5318,1.7728,-0.653842,15.24,0.385982,1.59503,-36.776833,1.993505,-2.051262,6.786678,-9.491305,RIK,WAS_EDA,JinguStadium,Spring,Team,20200816-JinguStadium-2,8bbf7940-df84-11ea-87c6-2da02a938f7e,959729f8-9d3b-4184-a7b7-c10434da4ceb,v3,,,,"Akihito, Takeba",1000074033,Right,RIK,132.9316,,,11.38041,,,,16.624836,-37.031505,3.393339,0.304493,2.349668,-4.745652,-0.71514,1.672004,-1.025631,,,,,,,,,,,,,,,,,,,,,,,,,,,,,,,,,,,,,,,,,,,,,,,,,,,,,
2328,2020-08-16,14:51:48,2020-08-16,5:51:48,2,3,"Hayate, Nakagawa",1000074142,Right,RIK,"Soma, Tokuyama",1000074011,Right,WAS_EDA,Undefined,3,Top,1,1,1,Fastball,ChangeUp,FoulBall,Undefined,Undefined,,Undefined,0,0,,132.55474,4.6987,-2.804273,2356.157226,262.329717,2:45,0.276694,0.651976,1.725873,-98.1685,6.7437,28.9169,0.635069,0.143484,121.90702,-2.388492,-0.776893,0.46256,,,,,,,,,,,,-16.5474,1.2664,-0.582006,15.24,0.390562,1.646999,-36.364879,2.598193,-2.900496,6.117167,-9.584668,RIK,WAS_EDA,JinguStadium,Spring,Team,20200816-JinguStadium-2,92ab7a10-df84-11ea-87c6-2da02a938f7e,959729f8-9d3b-4184-a7b7-c10434da4ceb,v3,,,,"Akihito, Takeba",1000074033,Right,RIK,131.13987,,,10.64772,,,,16.714924,-36.612145,3.058583,0.277708,2.985621,-4.792334,-0.65095,1.764241,-1.450248,,,,,,,,,,,,,,,,,,,,,,,,,,,,,,,,,,,,,,,,,,,,,,,,,,,,,
2329,2020-08-16,14:52:09,2020-08-16,5:52:09,2,4,"Hayate, Nakagawa",1000074142,Right,RIK,"Soma, Tokuyama",1000074011,Right,WAS_EDA,Undefined,3,Top,1,1,2,Slider,Curveball,StrikeCalled,Strikeout,Undefined,,Undefined,0,0,,120.36213,4.667148,-0.132378,,134.257185,10:30,0.274652,0.665526,1.600298,-105.488,23.1796,-20.3778,0.559455,0.423834,111.15828,-2.920582,-1.552061,0.512259,,,,,,,,,,,,10.1012,9.9015,-0.659936,15.24,0.396006,0.169241,-33.035231,2.293104,1.466694,4.841244,-8.368948,RIK,WAS_EDA,JinguStadium,Spring,Team,20200816-JinguStadium-2,9f69f560-df84-11ea-87c6-2da02a938f7e,959729f8-9d3b-4184-a7b7-c10434da4ceb,v3,,,,"Akihito, Takeba",1000074033,Right,RIK,118.41675,,,9.20385,,,,16.839657,-33.268831,2.420622,0.275616,2.696924,-4.184474,-0.666394,0.098469,0.733347,,,,,,,,,,,,,,,,,,,,,,,,,,,,,,,,117.93183,3.329237,2.435072,0.894165,-0.484708,0.508952,-0.39837,-0.778787,1.558723,1.744287,21.280771,1.41328,16.751032,-0.749546,26.795302,-2.394904,1.568884,3.324368,-3.905674,1.757834,17.873588,-1.22832
2330,2020-08-16,14:52:37,2020-08-16,5:52:37,3,1,"Hayate, Nakagawa",1000074142,Right,RIK,"Toyo, Kumada",1000089879,Left,WAS_EDA,Undefined,3,Top,2,0,0,Curveball,Curveball,StrikeCalled,Undefined,Undefined,,Undefined,0,0,,103.73922,6.514265,-0.904033,,131.115085,10:15,0.212667,0.599354,1.590114,-146.8335,30.3046,-28.6414,0.619556,0.053834,94.35577,-4.076897,-2.892818,0.60105,,,,,,,,,,,,13.5561,12.2103,-0.571238,15.24,0.383669,0.562975,-28.323991,2.752296,1.425886,4.148052,-8.522314,RIK,WAS_EDA,JinguStadium,Spring,Team,20200816-JinguStadium-2,afbabf30-df84-11ea-87c6-2da02a938f7e,959729f8-9d3b-4184-a7b7-c10434da4ceb,v3,,,,"Akihito, Takeba",1000074033,Right,RIK,100.92335,,,9.38345,,,,16.8488,-28.558628,2.074026,0.214349,3.234366,-4.261157,-0.600802,0.482318,0.712943,,,,,,,,,,,,,,,,,,,,,,,,,,,,,,,,,,,,,,,,,,,,,,,,,,,,,
2331,2020-08-16,14:52:50,2020-08-16,5:52:50,3,2,"Hayate, Nakagawa",1000074142,Right,RIK,"Toyo, Kumada",1000089879,Left,WAS_EDA,Undefined,3,Top,2,0,1,Fastball,ChangeUp,BallCalled,Undefined,Undefined,,Undefined,0,0,,135.53695,3.078715,-2.758241,2356.136516,267.317007,3:00,0.292319,0.696844,1.776617,-95.1971,3.5654,22.6721,0.2145,0.141462,125.78165,-3.800633,-1.162064,0.448798,,,,,,,,,,,,-13.1821,0.8312,-0.629816,15.24,0.362211,1.689484,-37.282358,1.620734,-2.443952,5.989354,-9.652542,RIK,WAS_EDA,JinguStadium,Spring,Team,20200816-JinguStadium-2,b77dbf10-df84-11ea-87c6-2da02a938f7e,959729f8-9d3b-4184-a7b7-c10434da4ceb,v3,,,,"Akihito, Takeba",1000074033,Right,RIK,135.16112,,,9.7553,,,,16.664121,-37.510443,2.994677,0.293491,1.98832,-4.826271,-0.695927,1.782554,-1.221976,,,,,,,,,,,,,,,,,,,,,,,,,,,,,,,,,,,,,,,,,,,,,,,,,,,,,
2332,2020-08-16,14:53:00,2020-08-16,5:53:00,3,3,"Hayate, Nakagawa",1000074142,Right,RIK,"Toyo, Kumada",1000089879,Left,WAS_EDA,Undefined,3,Top,2,1,1,Fastball,Slider,InPlay,Undefined,GroundBall,GroundBall,Out,1,0,,132.01342,4.62041,-2.121733,2255.159099,250.679273,2:15,0.296169,0.691364,1.743638,-96.1082,8.118,16.2234,0.65061,0.250946,122.87024,-2.30369,-0.982349,0.461045,148.32775,-5.346593,-11.554732,,,,,1.797932,,-9.821647,0.035931,-9.4034,2.4446,-0.638583,15.24,0.40683,1.269337,-36.278005,2.550678,-1.661026,5.253953,-9.37483,RIK,WAS_EDA,JinguStadium,Spring,Team,20200816-JinguStadium-2,bd918850-df84-11ea-87c6-2da02a938f7e,959729f8-9d3b-4184-a7b7-c10434da4ceb,v3,,,,"Akihito, Takeba",1000074033,Right,RIK,131.57077,0.151563,,9.14318,,,,16.697183,-36.48843,2.626976,0.297154,2.926149,-4.687415,-0.690753,1.335862,-0.830513,0.340087,0.151563,-0.021968,,0.340089,40.19047,-9.754144,,,,,,,0.151571,-3.842284,-10.474151,,,,,,,-0.021975,-8.214485,8.08818,,,,,,,,,,,,,,,,,,,,,,,,,,,,
2333,2020-08-16,14:55:26,2020-08-16,5:55:26,1,1,"Soma, Tokuyama",1000074011,Right,WAS_EDA,"Reo, Higashi",1000074110,Right,RIK,Undefined,3,Bottom,0,0,0,Fastball,Four-Seam,FoulBall,Undefined,Undefined,,Undefined,0,0,,147.49563,-1.487408,-3.271318,,204.540635,12:45,1.616279,0.628222,1.886978,-35.9396,46.7572,20.2858,0.83754,-0.09049,136.25384,-4.189876,-1.833394,0.410676,,,,,,,,,,,,-12.317,25.7125,-0.55409,15.24,1.579683,2.212994,-40.565221,-1.168172,-2.687998,7.566653,-4.195296,RIK,WAS_EDA,JinguStadium,Spring,Team,20200816-JinguStadium-2,14925440-df85-11ea-87c6-2da02a938f7e,959729f8-9d3b-4184-a7b7-c10434da4ceb,v3,,,,"Hisashige, Iwamoto",1000074023,Right,WAS_EDA,147.70774,,,11.24179,,,,16.552206,-40.809253,3.783326,1.615176,-1.032869,-2.097648,-0.626859,2.299684,-1.343999,,,,,,,,,,,,,,,,,,,,,,,,,,,,,,,,,,,,,,,,,,,,,,,,,,,,,
2334,2020-08-16,14:55:58,2020-08-16,5:55:58,1,2,"Soma, Tokuyama",1000074011,Right,WAS_EDA,"Reo, Higashi",1000074110,Right,RIK,Undefined,3,Bottom,0,0,1,Curveball,Curveball,BallCalled,Undefined,Undefined,,Undefined,0,0,,118.75446,0.05541,-1.51606,2524.432014,37.906556,7:15,1.619985,0.544892,1.812329,-168.6192,-38.0259,-32.7707,-0.050537,-0.211519,110.01915,-12.016147,-3.844228,0.516078,,,,,,,,,,,,15.8713,-18.8226,-0.505819,15.24,1.609782,0.996658,-32.702076,-0.573513,2.201008,6.109966,-12.41695,RIK,WAS_EDA,JinguStadium,Spring,Team,20200816-JinguStadium-2,27f4cae0-df85-11ea-87c6-2da02a938f7e,959729f8-9d3b-4184-a7b7-c10434da4ceb,v3,,,,"Hisashige, Iwamoto",1000074023,Right,WAS_EDA,117.54043,,,8.73531,,,,16.629268,-32.960621,3.054983,1.622934,-0.048087,-6.208475,-0.546022,0.903522,1.100504,,,,,,,,,,,,,,,,,,,,,,,,,,,,,,,,,,,,,,,,,,,,,,,,,,,,,
2335,2020-08-16,14:56:19,2020-08-16,5:56:19,1,3,"Soma, Tokuyama",1000074011,Right,WAS_EDA,"Reo, Higashi",1000074110,Right,RIK,Undefined,3,Bottom,0,1,1,Fastball,Four-Seam,FoulBall,Undefined,Undefined,FlyBall,Undefined,0,0,,149.57497,-1.750685,-4.715683,,211.786688,1:00,1.604943,0.645396,1.880468,-44.1814,36.7076,21.308,0.668449,-0.472087,138.03877,-5.028539,-3.210182,0.406162,125.82723,38.273145,47.360945,5185.760705,19.18242,20.144645,27.498376,73.083537,,64.469028,4.344301,-14.0444,20.8568,-0.537679,15.24,1.561659,3.282744,-41.071751,-1.422508,-3.133139,7.996055,-5.153762,RIK,WAS_EDA,JinguStadium,Spring,Team,20200816-JinguStadium-2,340db760-df85-11ea-87c6-2da02a938f7e,959729f8-9d3b-4184-a7b7-c10434da4ceb,v3,,,,"Hisashige, Iwamoto",1000074023,Right,WAS_EDA,149.34921,21.553684,,11.5362,,,,16.559822,-41.327902,3.998028,1.604584,-1.257409,-2.576881,-0.644449,3.383113,-1.566569,0.362877,0.651489,0.477045,221.540824,0.362913,18.586346,-5.517666,1.330131,-0.286537,0.052953,-0.007792,0.000769,-3.50E-05,0.651523,21.64856,-6.440021,0.566762,-0.093679,0.011043,-0.000604,4.10E-05,-4.00E-06,0.477037,20.185619,-1.66729,0.166803,-0.007318,-0.001849,4.00E-06,5.20E-05,-4.00E-06,,,,,,,,,,,,,,,,,,,,,,
2336,2020-08-16,14:56:42,2020-08-16,5:56:42,1,4,"Soma, Tokuyama",1000074011,Right,WAS_EDA,"Reo, Higashi",1000074110,Right,RIK,Undefined,3,Bottom,0,1,2,Splitter,Slider,BallinDirt,Undefined,Undefined,,Undefined,0,0,,135.88381,-3.860903,-5.197419,,186.091816,12:15,1.597735,0.632064,1.863607,-91.415,8.9847,0.6044,-0.41062,-0.830627,124.87207,-10.442101,-5.154724,0.452502,,,,,,,,,,,,-4.3381,8.2704,-0.510349,15.24,1.501162,3.378627,-37.171858,-2.860694,-0.777101,7.9107,-8.325121,RIK,WAS_EDA,JinguStadium,Spring,Team,20200816-JinguStadium-2,41d7d650-df85-11ea-87c6-2da02a938f7e,959729f8-9d3b-4184-a7b7-c10434da4ceb,v3,,,,"Hisashige, Iwamoto",1000074023,Right,WAS_EDA,134.05454,,,11.01174,,,,16.577131,-37.455337,3.95535,1.598329,-2.562363,-4.162561,-0.631921,3.406475,-0.388551,,,,,,,,,,,,,,,,,,,,,,,,,,,,,,,,,,,,,,,,,,,,,,,,,,,,,
2337,2020-08-16,14:57:11,2020-08-16,5:57:11,1,5,"Soma, Tokuyama",1000074011,Right,WAS_EDA,"Reo, Higashi",1000074110,Right,RIK,Undefined,3,Bottom,0,2,2,Slider,Slider,FoulBall,Undefined,Undefined,,Undefined,0,0,,134.06472,1.401761,-1.186462,,45.429892,7:30,1.585696,0.670892,1.696484,-112.2509,-7.7324,-11.454,0.862477,0.218482,121.71626,-6.704277,-1.991192,0.461691,,,,,,,,,,,,4.8701,-4.0253,-0.638774,15.24,1.613679,0.819348,-36.831625,0.424509,0.854536,7.919774,-10.512952,RIK,WAS_EDA,JinguStadium,Spring,Team,20200816-JinguStadium-2,530d81e0-df85-11ea-87c6-2da02a938f7e,959729f8-9d3b-4184-a7b7-c10434da4ceb,v3,,,,"Hisashige, Iwamoto",1000074023,Right,WAS_EDA,131.38665,,,12.34847,,,,16.743333,-37.153475,3.959887,1.587746,0.851742,-5.256476,-0.671365,0.78462,0.427268,,,,,,,,,,,,,,,,,,,,,,,,,,,,,,,,,,,,,,,,,,,,,,,,,,,,,
2338,2020-08-16,14:57:36,2020-08-16,5:57:36,1,6,"Soma, Tokuyama",1000074011,Right,WAS_EDA,"Reo, Higashi",1000074110,Right,RIK,Undefined,3,Bottom,0,2,2,Fastball,Sinker,InPlay,Undefined,LineDrive,LineDrive,Out,1,0,,148.91103,-2.093737,-4.571667,2053.204724,223.979445,1:30,1.564522,0.66702,1.846229,-40.4905,41.1243,37.4872,0.566789,-0.250598,137.84526,-5.103159,-1.92604,0.40798,161.70823,17.77647,19.83514,3290.176392,30.571164,9.317559,13.766833,96.135189,,32.258716,3.340466,-22.1749,23.2136,-0.561067,15.24,1.512151,3.084695,-40.905931,-1.648565,-4.928444,7.56584,-4.647332,RIK,WAS_EDA,JinguStadium,Spring,Team,20200816-JinguStadium-2,62355c10-df85-11ea-87c6-2da02a938f7e,959729f8-9d3b-4184-a7b7-c10434da4ceb,v3,,,,"Hisashige, Iwamoto",1000074023,Right,WAS_EDA,148.68361,11.417102,,11.06576,,,,16.59441,-41.155676,3.78292,1.564037,-1.495158,-2.323666,-0.665577,3.247381,-2.464222,0.3813,0.621782,0.259984,232.02743,0.38126,40.238053,-8.603926,2.012399,-0.464399,0.105592,-0.020145,0.002481,-0.000137,0.621846,13.711605,-4.508668,0.04429,0.073416,-0.038577,0.010515,-0.001452,8.20E-05,0.260043,14.511793,1.148331,-0.618019,0.224433,-0.069867,0.015595,-0.002068,0.000119,,,,,,,,,,,,,,,,,,,,,,
2339,2020-08-16,14:58:12,2020-08-16,5:58:12,2,1,"Soma, Tokuyama",1000074011,Right,WAS_EDA,"Akihito, Takeba",1000074033,Right,RIK,Undefined,3,Bottom,1,0,0,Slider,Slider,StrikeCalled,Undefined,Undefined,,Undefined,0,0,,129.72952,0.654387,-0.357736,,72.113906,8:30,1.60735,0.624772,1.771908,-108.8129,0.7353,-8.3891,0.704696,0.439493,118.94195,-7.23001,-0.950391,0.472669,,,,,,,,,,,,4.0933,0.6369,-0.615205,15.24,1.615774,0.260129,-35.706526,-0.012498,0.680504,6.938511,-9.700774,RIK,WAS_EDA,JinguStadium,Spring,Team,20200816-JinguStadium-2,7791cdf0-df85-11ea-87c6-2da02a938f7e,959729f8-9d3b-4184-a7b7-c10434da4ceb,v3,,,,"Hisashige, Iwamoto",1000074023,Right,WAS_EDA,128.33505,,,10.78757,,,,16.668627,-35.983066,3.469256,1.608568,0.374135,-4.850387,-0.625032,0.233007,0.340252,,,,,,,,,,,,,,,,,,,,,,,,,,,,,,,,,,,,,,,,,,,,,,,,,,,,,
2340,2020-08-16,14:58:24,2020-08-16,5:58:24,2,2,"Soma, Tokuyama",1000074011,Right,WAS_EDA,"Akihito, Takeba",1000074033,Right,RIK,Undefined,3,Bottom,1,0,1,Fastball,Four-Seam,BallCalled,Undefined,Undefined,,Undefined,0,0,,149.49383,-0.143238,-3.6021,2086.319789,208.747462,1:00,1.595214,0.644306,1.837232,-34.1955,47.2529,24.6005,1.212747,-0.12781,137.13359,-2.727857,-1.864767,0.407564,,,,,,,,,,,,-14.934,25.0949,-0.559916,15.24,1.589488,2.457887,-41.093044,-0.214759,-3.323177,8.305433,-4.222415,RIK,WAS_EDA,JinguStadium,Spring,Team,20200816-JinguStadium-2,7ef5e4f0-df85-11ea-87c6-2da02a938f7e,959729f8-9d3b-4184-a7b7-c10434da4ceb,v3,,,,"Hisashige, Iwamoto",1000074023,Right,WAS_EDA,148.83546,,,12.36025,,,,16.602387,-41.367483,4.152717,1.594279,-0.075237,-2.111208,-0.642947,2.567696,-1.661588,,,,,,,,,,,,,,,,,,,,,,,,,,,,,,,,,,,,,,,,,,,,,,,,,,,,,
2341,2020-08-16,14:58:42,2020-08-16,5:58:42,2,3,"Soma, Tokuyama",1000074011,Right,WAS_EDA,"Akihito, Takeba",1000074033,Right,RIK,Undefined,3,Bottom,1,1,1,Slider,Slider,StrikeSwinging,Undefined,Undefined,,Undefined,0,0,,132.9721,-0.014564,-2.096298,2120.535483,107.493073,9:30,1.58393,0.619752,1.760615,-99.1347,5.5338,-6.9952,0.58845,-0.045,121.80844,-7.195858,-2.589485,0.462022,,,,,,,,,,,,2.038,3.8474,-0.566476,15.24,1.576403,1.37146,-36.558229,-0.407252,0.355152,7.277235,-9.136199,RIK,WAS_EDA,JinguStadium,Spring,Team,20200816-JinguStadium-2,8954ec70-df85-11ea-87c6-2da02a938f7e,959729f8-9d3b-4184-a7b7-c10434da4ceb,v3,,,,"Hisashige, Iwamoto",1000074023,Right,WAS_EDA,131.2925,,,11.16366,,,,16.679099,-36.843581,3.638618,1.585349,-0.049008,-4.5681,-0.61998,1.357534,0.177576,,,,,,,,,,,,,,,,,,,,,,,,,,,,,,,,,,,,,,,,,,,,,,,,,,,,,
2342,2020-08-16,14:59:02,2020-08-16,5:59:02,2,4,"Soma, Tokuyama",1000074011,Right,WAS_EDA,"Akihito, Takeba",1000074033,Right,RIK,Undefined,3,Bottom,1,1,2,Fastball,Sinker,FoulBall,Undefined,Undefined,FlyBall,Undefined,0,0,,146.56351,-0.20207,-3.854607,1970.821632,219.984377,1:15,1.573935,0.693812,1.955892,-43.2577,39.442,31.2362,1.084609,-0.075531,135.82804,-3.43315,-1.632709,0.410683,129.70026,34.316128,125.566625,4827.976227,-22.959223,16.930565,24.433545,82.263183,,141.06966,3.810958,-18.5673,21.4408,-0.611455,15.24,1.567059,2.570644,-40.343156,-0.288686,-4.021573,7.201789,-5.162692,RIK,WAS_EDA,JinguStadium,Spring,Team,20200816-JinguStadium-2,95766470-df85-11ea-87c6-2da02a938f7e,959729f8-9d3b-4184-a7b7-c10434da4ceb,v3,,,,"Hisashige, Iwamoto",1000074023,Right,WAS_EDA,147.70514,18.140729,,10.73546,,,,16.484469,-40.564702,3.600895,1.573497,-0.129868,-2.581346,-0.692437,2.694358,-2.010786,-0.135636,1.007739,0.084526,293.084856,-0.135489,-17.312498,-0.647669,0.425742,-0.092083,0.009464,0.000396,-0.00015,7.00E-06,1.007706,20.311973,-6.867443,0.646092,-0.119521,0.020894,-0.003239,0.00045,-3.00E-05,0.084665,24.201224,-5.49485,1.268327,-0.231378,0.033818,-0.0049,0.000633,-4.00E-05,,,,,,,,,,,,,,,,,,,,,,
2343,2020-08-16,14:59:31,2020-08-16,5:59:31,2,5,"Soma, Tokuyama",1000074011,Right,WAS_EDA,"Akihito, Takeba",1000074033,Right,RIK,Undefined,3,Bottom,1,1,2,Splitter,Slider,InPlay,Undefined,GroundBall,,Out,1,0,,131.93037,0.273427,-2.7424,,40.064464,7:15,1.597225,0.629458,1.801894,-108.1856,-3.0095,-5.1471,0.592809,-0.198406,121.72694,-7.543933,-3.105989,0.463141,,,,,,,,,,,,0.7799,-0.8488,-0.562027,15.24,1.596454,1.761925,-36.294143,-0.252338,0.13482,6.753608,-9.95338,RIK,WAS_EDA,JinguStadium,Spring,Team,20200816-JinguStadium-2,a6f28ee0-df85-11ea-87c6-2da02a938f7e,959729f8-9d3b-4184-a7b7-c10434da4ceb,v3,,,,"Hisashige, Iwamoto",1000074023,Right,WAS_EDA,130.97527,,,10.20343,,,,16.638458,-36.553442,3.376804,1.598806,0.129813,-4.97669,-0.629575,1.756748,0.06741,,,,,,,,,,,,,,,,,,,,,,,,,,,,,,,,,,,,,,,,,,,,,,,,,,,,,
2344,2020-08-16,15:00:07,2020-08-16,6:00:07,3,1,"Soma, Tokuyama",1000074011,Right,WAS_EDA,"Hayate, Nakagawa",1000074142,Left,RIK,Undefined,3,Bottom,2,0,0,Slider,Slider,StrikeCalled,Undefined,Undefined,,Undefined,0,0,,131.33449,0.477725,-0.43514,,65.280149,8:15,1.590559,0.660668,1.826141,-106.7065,0.1119,-7.4862,0.658443,0.462891,119.71043,-7.292327,-0.965814,0.466743,,,,,,,,,,,,3.4841,0.8977,-0.649747,15.24,1.595131,0.309492,-36.121593,-0.115018,0.589629,7.440097,-9.654734,RIK,WAS_EDA,JinguStadium,Spring,Team,20200816-JinguStadium-2,bbf6f5b0-df85-11ea-87c6-2da02a938f7e,959729f8-9d3b-4184-a7b7-c10434da4ceb,v3,,,,"Hisashige, Iwamoto",1000074023,Right,WAS_EDA,129.96449,,,11.62405,,,,16.613173,-36.403332,3.720048,1.592564,0.250583,-4.827367,-0.661044,0.287164,0.294815,,,,,,,,,,,,,,,,,,,,,,,,,,,,,,,,,,,,,,,,,,,,,,,,,,,,,
2345,2020-08-16,15:00:20,2020-08-16,6:00:20,3,2,"Soma, Tokuyama",1000074011,Right,WAS_EDA,"Hayate, Nakagawa",1000074142,Left,RIK,Undefined,3,Bottom,2,0,1,Fastball,Four-Seam,BallCalled,Undefined,Undefined,,Undefined,0,0,,148.67011,0.652132,-1.762388,2096.249652,207.993412,1:00,1.601741,0.677754,1.916634,-41.281,41.1976,20.4315,1.372202,0.386879,134.58358,-2.480309,-0.308888,0.410133,,,,,,,,,,,,-11.8424,21.6446,-0.639249,15.24,1.613905,1.152014,-40.877318,0.330917,-2.56828,9.475075,-5.112528,RIK,WAS_EDA,JinguStadium,Spring,Team,20200816-JinguStadium-2,c4247730-df85-11ea-87c6-2da02a938f7e,959729f8-9d3b-4184-a7b7-c10434da4ceb,v3,,,,"Hisashige, Iwamoto",1000074023,Right,WAS_EDA,147.90307,,,14.08653,,,,16.522138,-41.173436,4.737538,1.601066,0.490695,-2.556264,-0.676506,1.232279,-1.28414,,,,,,,,,,,,,,,,,,,,,,,,,,,,,,,,,,,,,,,,,,,,,,,,,,,,,
2346,2020-08-16,15:00:37,2020-08-16,6:00:37,3,3,"Soma, Tokuyama",1000074011,Right,WAS_EDA,"Hayate, Nakagawa",1000074142,Left,RIK,Undefined,3,Bottom,2,1,1,Fastball,Four-Seam,StrikeSwinging,Undefined,Undefined,,Undefined,0,0,,149.25356,-1.838939,-2.871701,1985.886453,214.244466,1:15,1.584011,0.690844,1.987735,-43.6597,36.9743,23.4313,0.632336,0.12142,136.4984,-5.122415,-1.198561,0.405522,,,,,,,,,,,,-14.281,21.4561,-0.631022,15.24,1.542627,1.945192,-41.044764,-1.464858,-3.147181,8.902036,-5.078274,RIK,WAS_EDA,JinguStadium,Spring,Team,20200816-JinguStadium-2,cdf32590-df85-11ea-87c6-2da02a938f7e,959729f8-9d3b-4184-a7b7-c10434da4ceb,v3,,,,"Hisashige, Iwamoto",1000074023,Right,WAS_EDA,149.58515,,,12.75516,,,,16.451905,-41.306773,4.451018,1.583542,-1.315392,-2.539137,-0.689636,2.037822,-1.573591,,,,,,,,,,,,,,,,,,,,,,,,,,,,,,,,,,,,,,,,,,,,,,,,,,,,,
2347,2020-08-16,15:00:55,2020-08-16,6:00:55,3,4,"Soma, Tokuyama",1000074011,Right,WAS_EDA,"Hayate, Nakagawa",1000074142,Left,RIK,Undefined,3,Bottom,2,1,2,Fastball,Four-Seam,InPlay,Undefined,GroundBall,GroundBall,Out,1,0,,147.84251,-1.862936,-2.827137,2019.558414,214.390638,1:15,1.608705,0.676343,1.979221,-43.046,39.3428,25.1134,0.656184,0.135813,134.99758,-5.107902,-1.034725,0.40991,167.91265,-37.890933,39.262912,,,,,0.782156,,12.003132,0.010786,-15.2067,22.7622,-0.617189,15.24,1.56655,1.88766,-40.653559,-1.464726,-3.281446,8.887081,-4.894802,RIK,WAS_EDA,JinguStadium,Spring,Team,20200816-JinguStadium-2,d904b430-df85-11ea-87c6-2da02a938f7e,959729f8-9d3b-4184-a7b7-c10434da4ceb,v3,,,,"Hisashige, Iwamoto",1000074023,Right,WAS_EDA,147.98356,0.307417,,12.84492,,,,16.460561,-40.91951,4.44354,1.608191,-1.318246,-2.447401,-0.675148,1.98586,-1.640723,0.457298,0.307417,-0.086243,,0.457297,28.500172,3.030143,,,,,,,0.307416,-28.645467,13.382081,,,,,,,-0.086242,23.29515,-20.29448,,,,,,,,,,,,,,,,,,,,,,,,,,,,
2348,2020-08-16,15:03:05,2020-08-16,6:03:05,1,1,"Hayate, Nakagawa",1000074142,Right,RIK,"Ginsuke, Kaneko",1000073884,Right,WAS_EDA,Undefined,4,Top,0,0,0,Slider,Curveball,FoulBall,Undefined,Undefined,,Undefined,0,0,,117.44551,5.210253,-2.594901,,148.986714,11:00,0.295069,0.621416,1.737721,-105.0196,29.6758,-15.5323,0.730258,-0.271391,107.38142,-2.439246,-3.682987,0.52412,,,,,,,,,,,,6.187,12.7521,-0.553849,15.24,0.420882,1.522799,-32.158447,2.577152,0.841887,5.164613,-8.07142,RIK,WAS_EDA,JinguStadium,Spring,Team,20200816-JinguStadium-2,26380a40-df86-11ea-87c6-2da02a938f7e,959729f8-9d3b-4184-a7b7-c10434da4ceb,v3,,,,"Akihito, Takeba",1000074033,Right,RIK,115.73679,,,10.0641,,,,16.701915,-32.392379,2.582307,0.29587,2.942747,-4.03571,-0.621961,1.484665,0.420944,,,,,,,,,,,,,,,,,,,,,,,,,,,,,,,,,,,,,,,,,,,,,,,,,,,,,
2349,2020-08-16,15:03:19,2020-08-16,6:03:19,1,2,"Hayate, Nakagawa",1000074142,Right,RIK,"Ginsuke, Kaneko",1000073884,Right,WAS_EDA,Undefined,4,Top,0,0,1,Slider,Curveball,FoulBall,Undefined,Undefined,LineDrive,Undefined,0,0,,117.85761,4.57768,-1.340109,,149.585379,11:00,0.279966,0.680384,1.557101,-103.265,32.6949,-16.9613,0.565023,0.125871,108.11078,-2.869503,-2.517719,0.526575,95.73304,27.42154,151.204959,2825.260162,-30.382466,5.341275,14.178274,45.893459,,156.181974,2.204047,7.6099,14.4476,-0.640214,15.24,0.4021,0.832255,-32.308677,2.200976,1.048711,5.038808,-7.815639,RIK,WAS_EDA,JinguStadium,Spring,Team,20200816-JinguStadium-2,2ee235d0-df86-11ea-87c6-2da02a938f7e,959729f8-9d3b-4184-a7b7-c10434da4ceb,v3,,,,"Akihito, Takeba",1000074033,Right,RIK,115.19729,6.759196,,9.74683,,,,16.882622,-32.56385,2.519404,0.280618,2.596772,-3.907819,-0.681016,0.779147,0.524356,0.383352,0.566634,-0.116914,308.362759,0.383352,-20.685879,0.893754,-0.154982,0.027921,-0.00349,0.00065,-1.30E-05,-1.10E-05,0.566634,12.246745,-6.550519,0.591778,-0.1242,0.022594,-0.004186,0.000792,-6.90E-05,-0.116914,11.369846,-1.908337,0.378684,-0.069939,0.013107,-0.002635,0.000342,-1.70E-05,,,,,,,,,,,,,,,,,,,,,,
2350,2020-08-16,15:03:35,2020-08-16,6:03:35,1,3,"Hayate, Nakagawa",1000074142,Right,RIK,"Ginsuke, Kaneko",1000073884,Right,WAS_EDA,Undefined,4,Top,0,0,2,Fastball,ChangeUp,BallCalled,Undefined,Undefined,,Undefined,0,0,,132.73363,5.922071,-4.671513,2288.839999,259.747757,2:45,0.275391,0.657029,1.764563,-96.4066,7.5578,27.8166,1.002105,-0.39232,122.80829,-1.007095,-2.72568,0.460465,,,,,,,,,,,,-16.6149,1.5277,-0.541576,15.24,0.417961,2.83514,-36.299137,3.394401,-2.934088,5.35668,-9.536874,RIK,WAS_EDA,JinguStadium,Spring,Team,20200816-JinguStadium-2,37cbb450-df86-11ea-87c6-2da02a938f7e,959729f8-9d3b-4184-a7b7-c10434da4ceb,v3,,,,"Akihito, Takeba",1000074033,Right,RIK,131.73629,,,9.92534,,,,16.676047,-36.51044,2.67834,0.276642,3.770599,-4.768437,-0.655696,2.95088,-1.467044,,,,,,,,,,,,,,,,,,,,,,,,,,,,,,,,,,,,,,,,,,,,,,,,,,,,,
2351,2020-08-16,15:03:49,2020-08-16,6:03:49,1,4,"Hayate, Nakagawa",1000074142,Right,RIK,"Ginsuke, Kaneko",1000073884,Right,WAS_EDA,Undefined,4,Top,0,1,2,Fastball,Slider,FoulBall,Undefined,Undefined,LineDrive,Undefined,0,0,,134.72866,4.586563,-3.351329,2490.772941,256.999316,2:30,0.294804,0.705561,1.775406,-93.7346,7.5275,20.365,0.66209,-0.041484,123.61357,-2.205599,-1.920618,0.454442,137.615,11.281904,77.086602,4684.745139,4.975261,4.890494,33.156682,68.771056,,86.499391,2.55782,-12.473,1.8489,-0.623471,15.24,0.402755,2.065508,-36.937291,2.59231,-2.250954,6.455437,-9.472996,RIK,WAS_EDA,JinguStadium,Spring,Team,20200816-JinguStadium-2,4036db10-df86-11ea-87c6-2da02a938f7e,959729f8-9d3b-4184-a7b7-c10434da4ceb,v3,,,,"Akihito, Takeba",1000074033,Right,RIK,133.48248,4.966994,,11.11509,,,,16.664767,-37.18546,3.227719,0.296098,2.956485,-4.736498,-0.70454,2.152043,-1.125477,-0.15453,0.620801,0.053242,248.113166,-0.154529,8.377657,-4.014952,0.836376,-0.173669,0.035455,-0.00606,0.000739,-4.60E-05,0.620801,7.478469,-3.414882,0.192419,-0.027524,0.007392,-0.001184,0.000118,-6.00E-06,0.053242,36.539612,-4.894236,0.609041,-0.100281,0.015299,-0.001986,0.000215,-1.30E-05,,,,,,,,,,,,,,,,,,,,,,
2352,2020-08-16,15:04:07,2020-08-16,6:04:07,1,5,"Hayate, Nakagawa",1000074142,Right,RIK,"Ginsuke, Kaneko",1000073884,Right,WAS_EDA,Undefined,4,Top,0,1,2,Slider,Slider,BallCalled,Undefined,Undefined,,Undefined,0,0,,125.86617,4.794473,-4.835013,2759.967843,164.408203,11:30,0.286335,0.645013,1.633724,-104.8363,11.8109,-2.5739,0.61647,-0.765988,117.55671,-2.681602,-5.013412,0.487744,,,,,,,,,,,,-1.099,4.3699,-0.512114,15.24,0.409245,2.927745,-34.471622,2.482144,-0.175891,4.53078,-9.10725,RIK,WAS_EDA,JinguStadium,Spring,Team,20200816-JinguStadium-2,4b69fb70-df86-11ea-87c6-2da02a938f7e,959729f8-9d3b-4184-a7b7-c10434da4ceb,v3,,,,"Akihito, Takeba",1000074033,Right,RIK,124.36858,,,8.30946,,,,16.806896,-34.676956,2.26539,0.287402,2.894881,-4.553625,-0.644979,2.935716,-0.087946,,,,,,,,,,,,,,,,,,,,,,,,,,,,,,,,,,,,,,,,,,,,,,,,,,,,,
2353,2020-08-16,15:04:23,2020-08-16,6:04:23,1,6,"Hayate, Nakagawa",1000074142,Right,RIK,"Ginsuke, Kaneko",1000073884,Right,WAS_EDA,Undefined,4,Top,0,2,2,Slider,Slider,FoulBall,Undefined,Undefined,,Undefined,0,0,,122.90014,3.832228,-1.737853,,145.562527,10:45,0.282959,0.689522,1.627041,-100.2712,23.9079,-13.9069,0.378186,0.053374,112.51746,-3.422951,-2.707792,0.503245,,,,,,,,,,,,5.7034,10.716,-0.640575,15.24,0.38003,1.090183,-33.703155,1.870432,0.85321,5.620559,-8.203559,RIK,WAS_EDA,JinguStadium,Spring,Team,20200816-JinguStadium-2,54eb9b40-df86-11ea-87c6-2da02a938f7e,959729f8-9d3b-4184-a7b7-c10434da4ceb,v3,,,,"Akihito, Takeba",1000074033,Right,RIK,120.53782,,,10.38268,,,,16.811474,-33.964214,2.810279,0.284305,2.251463,-4.10178,-0.690291,1.050554,0.426605,,,,,,,,,,,,,,,,,,,,,,,,,,,,,,,,,,,,,,,,,,,,,,,,,,,,,
2354,2020-08-16,15:04:44,2020-08-16,6:04:44,1,7,"Hayate, Nakagawa",1000074142,Right,RIK,"Ginsuke, Kaneko",1000073884,Right,WAS_EDA,Undefined,4,Top,0,2,2,Fastball,ChangeUp,InPlay,Undefined,FlyBall,FlyBall,Single,0,0,,128.8489,4.855987,-1.237732,1380.019961,201.667924,12:45,0.263374,0.663929,1.588373,-101.713,12.2429,3.5062,0.641723,0.34418,117.40123,-2.466879,-0.99372,0.482084,128.55474,28.362875,4.598218,4541.873932,33.194008,14.828577,4.720411,77.185471,,14.833713,4.005775,-2.5973,3.7541,-0.629398,15.24,0.391302,0.745562,-35.302141,2.577621,-0.424865,6.374684,-9.192562,RIK,WAS_EDA,JinguStadium,Spring,Team,20200816-JinguStadium-2,616ce680-df86-11ea-87c6-2da02a938f7e,959729f8-9d3b-4184-a7b7-c10434da4ceb,v3,,,,"Akihito, Takeba",1000074033,Right,RIK,125.8286,16.372997,,11.44767,,,,16.851519,-35.591951,3.187342,0.264616,2.99554,-4.596281,-0.663732,0.764878,-0.212432,0.371893,0.645589,-0.34264,210.574727,0.371994,31.318729,-6.143611,1.341226,-0.256092,0.043044,-0.0063,0.000659,-3.30E-05,0.645396,16.969704,-5.010904,0.332335,-0.081161,0.018547,-0.002757,0.00026,-1.10E-05,-0.342755,2.52255,1.409435,-0.360151,0.066392,-0.009442,0.001171,-0.000135,9.00E-06,,,,,,,,,,,,,,,,,,,,,,
2355,2020-08-16,15:05:52,2020-08-16,6:05:52,2,1,"Hayate, Nakagawa",1000074142,Right,RIK,"Takuya, Nakagawa",1000074092,Left,WAS_EDA,Undefined,4,Top,0,0,0,Fastball,ChangeUp,BallCalled,Undefined,Undefined,,Undefined,0,0,,133.42289,4.264091,-1.983659,2356.136546,274.1632,3:15,0.28627,0.724978,1.672396,-102.6489,0.6223,26.8115,0.478671,0.427225,123.73404,-3.099161,-0.107668,0.458928,,,,,,,,,,,,-14.6017,-1.2089,-0.674239,15.24,0.391933,1.138294,-36.662098,2.298628,-2.622421,5.672179,-10.023758,RIK,WAS_EDA,JinguStadium,Spring,Team,20200816-JinguStadium-2,8a0ad980-df86-11ea-87c6-2da02a938f7e,959729f8-9d3b-4184-a7b7-c10434da4ceb,v3,,,,"Akihito, Takeba",1000074033,Right,RIK,132.17769,,,9.68885,,,,16.768308,-36.897793,2.836089,0.287765,2.715142,-5.011879,-0.723802,1.247263,-1.31121,,,,,,,,,,,,,,,,,,,,,,,,,,,,,,,,,,,,,,,,,,,,,,,,,,,,,
2356,2020-08-16,15:06:21,2020-08-16,6:06:21,2,2,"Hayate, Nakagawa",1000074142,Right,RIK,"Takuya, Nakagawa",1000074092,Left,WAS_EDA,Undefined,4,Top,0,1,0,Fastball,Sinker,FoulBall,Undefined,Undefined,,Undefined,0,0,,132.20665,6.181058,-3.385285,2120.522892,302.495216,4:00,0.250609,0.695461,1.694591,-128.1344,-21.3598,38.3671,0.739355,0.114003,120.86212,-2.983083,-0.70554,0.466647,,,,,,,,,,,,-21.4293,-13.6864,-0.609402,15.24,0.403915,1.950435,-36.158041,3.373488,-3.702547,6.243499,-12.171385,RIK,WAS_EDA,JinguStadium,Spring,Team,20200816-JinguStadium-2,9b0d8e30-df86-11ea-87c6-2da02a938f7e,959729f8-9d3b-4184-a7b7-c10434da4ceb,v3,,,,"Akihito, Takeba",1000074033,Right,RIK,129.99116,,,11.34453,,,,16.74647,-36.417238,3.12175,0.253377,3.878779,-6.085693,-0.693564,2.104145,-1.851273,,,,,,,,,,,,,,,,,,,,,,,,,,,,,,,,,,,,,,,,,,,,,,,,,,,,,
2357,2020-08-16,15:07:11,2020-08-16,6:07:11,2,3,"Hayate, Nakagawa",1000074142,Right,RIK,"Takuya, Nakagawa",1000074092,Left,WAS_EDA,Undefined,4,Top,0,1,1,Slider,Curveball,BallCalled,Undefined,Undefined,,Undefined,0,0,,119.89347,3.20402,-0.197732,,134.38831,10:30,0.269518,0.710909,1.577397,-109.5232,21.2934,-17.8687,0.094192,0.47551,110.09899,-4.683102,-1.442178,0.516519,,,,,,,,,,,,8.7822,9.6549,-0.703587,15.24,0.350473,0.195734,-32.927709,1.420077,1.254247,5.355667,-8.427759,RIK,WAS_EDA,JinguStadium,Spring,Team,20200816-JinguStadium-2,b9184a50-df86-11ea-87c6-2da02a938f7e,959729f8-9d3b-4184-a7b7-c10434da4ceb,v3,,,,"Akihito, Takeba",1000074033,Right,RIK,117.44007,,,9.79447,,,,16.862321,-33.190529,2.677834,0.270637,1.833656,-4.21388,-0.711682,0.134184,0.627124,,,,,,,,,,,,,,,,,,,,,,,,,,,,,,,,,,,,,,,,,,,,,,,,,,,,,
2358,2020-08-16,15:07:44,2020-08-16,6:07:44,2,4,"Hayate, Nakagawa",1000074142,Right,RIK,"Takuya, Nakagawa",1000074092,Left,WAS_EDA,Undefined,4,Top,0,2,1,Fastball,Slider,BallCalled,Undefined,Undefined,,Undefined,0,0,,133.74987,5.171131,-1.318562,2321.980156,266.724329,3:00,0.285891,0.763637,1.698803,-99.7619,4.1255,20.2749,0.764844,0.590938,122.36164,-2.028638,0.101884,0.460295,,,,,,,,,,,,-11.0421,-0.2764,-0.730649,15.24,0.41412,0.74322,-36.666336,2.902183,-1.958869,6.523355,-9.85568,RIK,WAS_EDA,JinguStadium,Spring,Team,20200816-JinguStadium-2,ccbb9a80-df86-11ea-87c6-2da02a938f7e,959729f8-9d3b-4184-a7b7-c10434da4ceb,v3,,,,"Akihito, Takeba",1000074033,Right,RIK,131.78515,,,11.38824,,,,16.741165,-36.932445,3.261677,0.28753,3.304228,-4.92784,-0.762597,0.823128,-0.979434,,,,,,,,,,,,,,,,,,,,,,,,,,,,,,,,,,,,,,,,,,,,,,,,,,,,,
2359,2020-08-16,15:08:12,2020-08-16,6:08:12,2,5,"Hayate, Nakagawa",1000074142,Right,RIK,"Takuya, Nakagawa",1000074092,Left,WAS_EDA,Undefined,4,Top,0,3,1,Fastball,ChangeUp,StrikeCalled,Undefined,Undefined,,Undefined,1,0,,132.62097,3.608826,-2.342522,2288.818359,256.105356,2:30,0.29305,0.750212,1.769449,-95.148,8.3375,22.9019,0.36673,0.314856,122.74873,-3.278274,-0.730716,0.459404,,,,,,,,,,,,-13.0684,2.9833,-0.693283,15.24,0.376571,1.385154,-36.461388,1.924788,-2.313169,5.849744,-9.278585,RIK,WAS_EDA,JinguStadium,Spring,Team,20200816-JinguStadium-2,dd507230-df86-11ea-87c6-2da02a938f7e,959729f8-9d3b-4184-a7b7-c10434da4ceb,v3,,,,"Akihito, Takeba",1000074033,Right,RIK,132.04075,,,9.87224,,,,16.671097,-36.69027,2.924872,0.294158,2.287829,-4.639293,-0.74925,1.475661,-1.156584,,,,,,,,,,,,,,,,,,,,,,,,,,,,,,,,129.27213,1.985486,0.754236,1.23125,-0.083616,0.336137,-0.308512,-0.391661,1.548706,-0.290598,38.524621,0.486473,-0.069574,-0.347244,35.179713,-2.939523,1.5638,4.034413,-3.990366,-0.309684,-0.879122,0.876075
2360,2020-08-16,15:08:46,2020-08-16,6:08:46,2,6,"Hayate, Nakagawa",1000074142,Right,RIK,"Takuya, Nakagawa",1000074092,Left,WAS_EDA,Undefined,4,Top,1,3,2,Fastball,ChangeUp,FoulBall,Undefined,Undefined,,Undefined,0,0,,134.22559,3.63117,-3.551964,2322.477453,257.404996,2:30,0.295571,0.729414,1.817638,-92.8736,8.4134,24.9501,0.396416,-0.026215,123.35615,-3.121063,-1.793958,0.454498,,,,,,,,,,,,-15.1407,2.7986,-0.645207,15.24,0.377274,2.173446,-36.848822,1.983193,-2.717341,6.473686,-9.30438,RIK,WAS_EDA,JinguStadium,Spring,Team,20200816-JinguStadium-2,f13cb240-df86-11ea-87c6-2da02a938f7e,959729f8-9d3b-4184-a7b7-c10434da4ceb,v3,,,,"Akihito, Takeba",1000074033,Right,RIK,133.46608,,,10.86944,,,,16.622927,-37.090982,3.236843,0.296579,2.331241,-4.65219,-0.72841,2.275093,-1.35867,,,,,,,,,,,,,,,,,,,,,,,,,,,,,,,,,,,,,,,,,,,,,,,,,,,,,
2361,2020-08-16,15:09:04,2020-08-16,6:09:04,2,7,"Hayate, Nakagawa",1000074142,Right,RIK,"Takuya, Nakagawa",1000074092,Left,WAS_EDA,Undefined,4,Top,1,3,2,Slider,Curveball,BallCalled,Walk,Undefined,,Undefined,0,0,,120.6845,4.288848,-0.286389,,132.003686,10:30,0.251448,0.704065,1.634286,-107.8036,20.2677,-18.5556,0.401544,0.436654,110.92524,-3.492425,-1.582087,0.51107,,,,,,,,,,,,9.1042,8.5874,-0.694595,15.24,0.359828,0.250149,-33.123495,2.075131,1.320652,5.215441,-8.56097,RIK,WAS_EDA,JinguStadium,Spring,Team,20200816-JinguStadium-2,fc1fdde0-df86-11ea-87c6-2da02a938f7e,959729f8-9d3b-4184-a7b7-c10434da4ceb,v3,,,,"Akihito, Takeba",1000074033,Right,RIK,118.69213,,,9.75926,,,,16.805425,-33.369068,2.60772,0.252629,2.478231,-4.280485,-0.70491,0.187965,0.660326,,,,,,,,,,,,,,,,,,,,,,,,,,,,,,,,,,,,,,,,,,,,,,,,,,,,,
2362,2020-08-16,15:09:36,2020-08-16,6:09:36,3,1,"Hayate, Nakagawa",1000074142,Right,RIK,"Kotaro, Takizawa",1000073989,Left,WAS_EDA,Undefined,4,Top,1,0,0,Fastball,Sinker,BallCalled,Undefined,Undefined,,Undefined,0,0,,133.87036,4.862917,-2.418581,2086.863797,298.030785,4:00,0.300542,0.745286,1.634904,-125.6085,-21.2035,45.4885,0.438894,0.508516,122.71683,-4.109794,0.755701,0.46144,,,,,,,,,,,,-24.2648,-12.7431,-0.683094,15.24,0.423178,1.319062,-36.713602,2.564322,-4.316381,6.52915,-12.073479,RIK,WAS_EDA,JinguStadium,Spring,Team,20200816-JinguStadium-2,0f2eb640-df87-11ea-87c6-2da02a938f7e,959729f8-9d3b-4184-a7b7-c10434da4ceb,v3,,,,"Akihito, Takeba",1000074033,Right,RIK,131.45802,,,11.15353,,,,16.806208,-36.991087,3.264575,0.303292,3.077439,-6.03674,-0.743052,1.502506,-2.15819,,,,,,,,,,,,,,,,,,,,,,,,,,,,,,,,,,,,,,,,,,,,,,,,,,,,,
2363,2020-08-16,15:09:54,2020-08-16,6:09:55,3,2,"Hayate, Nakagawa",1000074142,Right,RIK,"Kotaro, Takizawa",1000073989,Left,WAS_EDA,Undefined,4,Top,1,1,0,Fastball,ChangeUp,BallCalled,Undefined,Undefined,,Undefined,0,0,,134.81463,3.212194,-5.049279,2389.795138,278.924641,3:15,0.338932,0.76335,1.72349,-103.5404,-2.9721,34.639,0.221143,-0.329293,125.4782,-4.207317,-2.628939,0.452882,,,,,,,,,,,,-20.3544,-2.5243,-0.635465,15.24,0.414154,3.104393,-36.995846,1.65119,-3.734183,5.556301,-10.269761,RIK,WAS_EDA,JinguStadium,Spring,Team,20200816-JinguStadium-2,1a491e80-df87-11ea-87c6-2da02a938f7e,959729f8-9d3b-4184-a7b7-c10434da4ceb,v3,,,,"Akihito, Takeba",1000074033,Right,RIK,133.9421,,,9.33642,,,,16.717713,-37.217118,2.77815,0.340254,2.060168,-5.13488,-0.762054,3.253102,-1.867091,,,,,,,,,,,,,,,,,,,,,,,,,,,,,,,,,,,,,,,,,,,,,,,,,,,,,
2364,2020-08-16,15:10:18,2020-08-16,6:10:18,3,3,"Hayate, Nakagawa",1000074142,Right,RIK,"Kotaro, Takizawa",1000073989,Left,WAS_EDA,Undefined,4,Top,1,2,0,Fastball,ChangeUp,FoulBall,Undefined,Undefined,LineDrive,Undefined,0,0,,133.40041,4.804043,-4.124355,2322.48104,282.71948,3:30,0.279117,0.747534,1.749567,-108.1765,-5.0234,34.2854,0.567512,-0.082147,123.08069,-2.97333,-1.722633,0.458665,151.01366,21.259673,-33.494729,4433.892628,26.144258,10.185358,-20.990319,88.712663,,-47.118068,3.156874,-19.8572,-4.5385,-0.645396,15.24,0.393411,2.474414,-36.563426,2.637101,-3.534791,5.877531,-10.614546,RIK,WAS_EDA,JinguStadium,Spring,Team,20200816-JinguStadium-2,28800900-df87-11ea-87c6-2da02a938f7e,959729f8-9d3b-4184-a7b7-c10434da4ceb,v3,,,,"Akihito, Takeba",1000074033,Right,RIK,132.25333,11.461726,,10.31972,,,,16.691387,-36.795995,2.938765,0.280754,3.05711,-5.307273,-0.746074,2.614283,-1.767396,0.181205,0.553488,0.101079,114.969738,0.181291,32.598169,-7.384307,1.623485,-0.31493,0.055693,-0.01031,0.001597,-0.000119,0.553449,15.211787,-5.831782,0.453125,-0.082628,0.016715,-0.002386,0.000224,-9.00E-06,0.101173,-21.577983,-0.514457,0.516166,-0.136436,0.026304,-0.004453,0.000705,-6.00E-05,,,,,,,,,,,,,,,,,,,,,,
2365,2020-08-16,15:11:02,2020-08-16,6:11:02,3,4,"Hayate, Nakagawa",1000074142,Right,RIK,"Kotaro, Takizawa",1000073989,Left,WAS_EDA,Undefined,4,Top,1,2,1,Fastball,ChangeUp,FoulBall,Undefined,Undefined,FlyBall,Undefined,0,0,,133.51692,4.238471,-3.790452,2356.136546,275.402424,3:15,0.325235,0.72603,1.693036,-102.8433,0.8066,20.559,0.508737,-0.149444,123.20209,-3.14837,-2.35431,0.459769,137.58098,41.425148,-35.589504,5400.180542,24.322625,23.477786,-23.076735,85.580704,,-51.9075,4.542436,-12.6606,-1.3051,-0.627753,15.24,0.429028,2.32693,-36.617113,2.289643,-2.256928,5.997303,-10.039308,RIK,WAS_EDA,JinguStadium,Spring,Team,20200816-JinguStadium-2,42c61c00-df87-11ea-87c6-2da02a938f7e,959729f8-9d3b-4184-a7b7-c10434da4ceb,v3,,,,"Akihito, Takeba",1000074033,Right,RIK,131.93595,25.86978,,10.31483,,,,16.747629,-36.863212,2.998652,0.32662,2.701605,-5.019654,-0.725138,2.419543,-1.128464,0.296318,0.493351,0.158829,139.673857,0.295914,23.313016,-6.951622,2.084754,-0.48975,0.098695,-0.015935,0.001653,-7.50E-05,0.493518,25.282076,-7.279384,0.603024,-0.085029,0.020058,-0.006449,0.001149,-7.40E-05,0.158845,-16.677256,0.612974,-0.050465,-0.001586,-0.000585,0.000462,-5.30E-05,1.00E-06,,,,,,,,,,,,,,,,,,,,,,
2366,2020-08-16,15:11:36,2020-08-16,6:11:36,3,5,"Hayate, Nakagawa",1000074142,Right,RIK,"Kotaro, Takizawa",1000073989,Left,WAS_EDA,Undefined,4,Top,1,2,2,Fastball,Splitter,FoulBall,Undefined,Undefined,,Undefined,0,0,,129.95863,5.252255,-2.730021,,260.093418,2:45,0.30015,0.733222,1.680814,-104.3892,7.0063,20.2134,0.759085,0.1567,117.89505,-2.293085,-1.317633,0.476638,,,,,,,,,,,,-12.1029,0.8434,-0.662366,15.24,0.431743,1.59771,-35.558248,2.849719,-2.00197,6.675231,-9.667137,RIK,WAS_EDA,JinguStadium,Spring,Team,20200816-JinguStadium-2,56d12eb0-df87-11ea-87c6-2da02a938f7e,959729f8-9d3b-4184-a7b7-c10434da4ceb,v3,,,,"Akihito, Takeba",1000074033,Right,RIK,127.26644,,,12.06359,,,,16.758968,-35.842265,3.337616,0.301744,3.261035,-4.833569,-0.732157,1.68289,-1.000985,,,,,,,,,,,,,,,,,,,,,,,,,,,,,,,,,,,,,,,,,,,,,,,,,,,,,
2367,2020-08-16,15:12:18,2020-08-16,6:12:18,3,6,"Hayate, Nakagawa",1000074142,Right,RIK,"Kotaro, Takizawa",1000073989,Left,WAS_EDA,Undefined,4,Top,1,2,2,Fastball,Sinker,BallCalled,Undefined,Undefined,,Undefined,0,0,,134.86792,4.721631,-2.813656,2154.181434,305.193717,4:15,0.283152,0.733631,1.647958,-133.2358,-27.7544,44.9214,0.303877,0.378682,120.51699,-4.854686,0.322906,0.463813,,,,,,,,,,,,-24.7366,-16.6008,-0.66112,15.24,0.400529,1.576565,-36.87723,2.445853,-4.317364,8.454405,-12.704038,RIK,WAS_EDA,JinguStadium,Spring,Team,20200816-JinguStadium-2,6fbdcc30-df87-11ea-87c6-2da02a938f7e,959729f8-9d3b-4184-a7b7-c10434da4ceb,v3,,,,"Akihito, Takeba",1000074033,Right,RIK,130.78556,,,14.35092,,,,16.792045,-37.231348,4.227203,0.286939,2.977971,-6.352019,-0.730943,1.7574,-2.158682,,,,,,,,,,,,,,,,,,,,,,,,,,,,,,,,,,,,,,,,,,,,,,,,,,,,,
2368,2020-08-16,15:12:48,2020-08-16,6:12:48,3,7,"Hayate, Nakagawa",1000074142,Right,RIK,"Kotaro, Takizawa",1000073989,Left,WAS_EDA,Undefined,4,Top,1,3,2,Slider,Slider,FoulBall,Undefined,Undefined,,Undefined,0,0,,125.86227,5.467347,-1.372421,,247.085034,2:15,0.253242,0.721956,1.639503,-113.869,6.4483,5.6495,0.68192,0.38624,113.27142,-2.768461,-0.978303,0.495357,,,,,,,,,,,,-3.7964,0.663,-0.684969,15.24,0.393532,0.795072,-34.393626,2.826941,-0.58322,6.671716,-9.704791,RIK,WAS_EDA,JinguStadium,Spring,Team,20200816-JinguStadium-2,81f35b90-df87-11ea-87c6-2da02a938f7e,959729f8-9d3b-4184-a7b7-c10434da4ceb,v3,,,,"Akihito, Takeba",1000074033,Right,RIK,122.45703,,,12.59085,,,,16.798413,-34.694612,3.335858,0.256123,3.26476,-4.852395,-0.721432,0.821383,-0.29161,,,,,,,,,,,,,,,,,,,,,,,,,,,,,,,,,,,,,,,,,,,,,,,,,,,,,
2369,2020-08-16,15:13:17,2020-08-16,6:13:17,3,8,"Hayate, Nakagawa",1000074142,Right,RIK,"Kotaro, Takizawa",1000073989,Left,WAS_EDA,Undefined,4,Top,1,3,2,Fastball,Slider,FoulBall,Undefined,Undefined,FlyBall,Undefined,0,0,,132.2603,4.68197,-3.326953,2356.136547,268.914223,3:00,0.3045,0.722188,1.824485,-101.561,3.5061,19.9504,0.61672,-0.019219,120.68356,-2.704167,-1.921282,0.462901,128.6445,44.700382,-52.674014,5543.231964,15.993467,23.83383,-29.46747,79.190041,,-69.50129,4.43303,-12.5073,-0.4692,-0.643445,15.24,0.410729,2.015783,-36.247435,2.582974,-2.159044,6.658324,-9.887642,RIK,WAS_EDA,JinguStadium,Spring,Team,20200816-JinguStadium-2,92e82d90-df87-11ea-87c6-2da02a938f7e,959729f8-9d3b-4184-a7b7-c10434da4ceb,v3,,,,"Akihito, Takeba",1000074033,Right,RIK,131.04312,25.081869,,11.57674,,,,16.615737,-36.499271,3.329162,0.305962,2.956951,-4.943821,-0.721232,2.097444,-1.079522,0.186214,0.623362,0.020618,136.69566,0.185955,15.409386,-5.139085,1.458413,-0.351937,0.07666,-0.012929,0.001329,-5.90E-05,0.623442,25.132963,-7.686133,0.854976,-0.171499,0.037014,-0.008297,0.001229,-7.40E-05,0.020638,-20.198271,1.488357,-0.289028,0.053878,-0.011947,0.002327,-0.000243,1.00E-05,,,,,,,,,,,,,,,,,,,,,,
2370,2020-08-16,15:14:01,2020-08-16,6:14:01,3,9,"Hayate, Nakagawa",1000074142,Right,RIK,"Kotaro, Takizawa",1000073989,Left,WAS_EDA,Undefined,4,Top,1,3,2,Fastball,Slider,FoulBall,Undefined,Undefined,Popup,Undefined,0,0,,128.7582,4.684289,-3.118525,2523.014337,266.211206,2:45,0.291046,0.703771,1.722007,-107.5722,3.4605,8.3386,0.551952,-0.10027,118.84978,-3.061889,-2.534677,0.475861,110.04864,54.327208,-132.416486,2932.54851,-24.940736,21.123278,-22.407274,57.212197,,-139.780276,3.953132,-6.0922,-0.2125,-0.623798,15.24,0.404135,1.886238,-35.318437,2.473701,-1.010274,5.584286,-9.841882,RIK,WAS_EDA,JinguStadium,Spring,Team,20200816-JinguStadium-2,ad1401d0-df87-11ea-87c6-2da02a938f7e,959729f8-9d3b-4184-a7b7-c10434da4ceb,v3,,,,"Akihito, Takeba",1000074033,Right,RIK,127.4742,21.341044,,9.90842,,,,16.718639,-35.551459,2.792143,0.292344,2.884386,-4.920941,-0.703387,1.928395,-0.505137,0.416669,0.525247,0.114696,20.762593,0.416726,-12.026289,-1.160888,0.748136,-0.193404,0.026794,0.001071,-0.000703,5.40E-05,0.525373,24.82921,-8.947403,1.169053,-0.183008,0.004703,0.004818,-0.000743,3.20E-05,0.114682,-13.160391,1.177105,-0.066413,-0.013065,0.002814,0.001863,-0.000576,4.60E-05,,,,,,,,,,,,,,,,,,,,,,
2371,2020-08-16,15:14:29,2020-08-16,6:14:29,3,10,"Hayate, Nakagawa",1000074142,Right,RIK,"Kotaro, Takizawa",1000073989,Left,WAS_EDA,Undefined,4,Top,1,3,2,Fastball,ChangeUp,FoulBall,Undefined,Undefined,FlyBall,Undefined,0,0,,133.40273,4.685745,-2.825034,2288.773374,288.025362,3:30,0.301399,0.731218,1.734422,-106.7131,-4.5042,21.1808,0.569939,0.139871,124.24297,-2.969831,-1.339554,0.456561,113.6213,33.04167,-152.848084,4649.162099,-30.312886,10.366772,-14.326749,58.732719,,-158.057429,2.620203,-12.2825,-4.0463,-0.660455,15.24,0.413619,1.709496,-36.646555,2.567607,-2.21535,5.316738,-10.536457,RIK,WAS_EDA,JinguStadium,Spring,Team,20200816-JinguStadium-2,bddbd060-df87-11ea-87c6-2da02a938f7e,959729f8-9d3b-4184-a7b7-c10434da4ceb,v3,,,,"Akihito, Takeba",1000074033,Right,RIK,132.86277,10.505449,,9.15976,,,,16.706727,-36.858736,2.658369,0.30276,2.988097,-5.268229,-0.730442,1.797906,-1.107675,0.247305,0.542613,-0.12663,11.61456,0.247304,-23.541543,1.075413,-0.037639,0.000345,0.001602,0.000569,-0.000192,8.00E-06,0.542646,17.207129,-8.38706,0.973375,-0.162497,0.016549,0.000279,3.00E-05,-2.60E-05,-0.12662,-12.074386,1.115273,0.174366,-0.038197,0.004876,0.001624,-0.000356,-1.00E-06,,,,,,,,,,,,,,,,,,,,,,
2372,2020-08-16,15:14:52,2020-08-16,6:14:52,3,11,"Hayate, Nakagawa",1000074142,Right,RIK,"Kotaro, Takizawa",1000073989,Left,WAS_EDA,Undefined,4,Top,1,3,2,Slider,Curveball,InPlay,Undefined,FlyBall,FlyBall,Triple,0,1,,121.37977,5.047807,-1.577223,,124.32018,10:15,0.293309,0.721715,1.674083,-110.5069,15.8099,-18.0667,0.631762,0.091234,111.46278,-2.931569,-2.839892,0.507557,158.11025,34.863368,16.404082,2968.311308,31.926351,22.124813,10.238793,116.557236,,19.584639,5.826586,8.1807,5.7321,-0.678084,15.24,0.419264,0.995743,-33.280911,2.528138,1.197229,5.300595,-8.96777,RIK,WAS_EDA,JinguStadium,Spring,Team,20200816-JinguStadium-2,cbcb78b0-df87-11ea-87c6-2da02a938f7e,959729f8-9d3b-4184-a7b7-c10434da4ceb,v3,,,,"Akihito, Takeba",1000074033,Right,RIK,119.51356,33.271164,,9.917,,,,16.766205,-33.523105,2.650298,0.294387,2.937894,-4.483885,-0.722332,0.94104,0.598614,0.656663,0.612079,-0.099363,196.041236,0.657449,34.554894,-7.224061,1.718217,-0.299799,0.036018,-0.002888,0.000163,-6.00E-06,0.612231,25.102447,-5.312692,0.210353,-0.000842,-0.007953,0.002272,-0.000239,9.00E-06,-0.099374,10.177746,-0.748937,-0.009821,0.022442,-0.004357,0.000199,2.60E-05,-2.00E-06,,,,,,,,,,,,,,,,,,,,,,
2373,2020-08-16,15:15:59,2020-08-16,6:15:59,4,1,"Hayate, Nakagawa",1000074142,Right,RIK,"Hisashige, Iwamoto",1000074023,Right,WAS_EDA,Undefined,4,Top,1,0,0,Fastball,ChangeUp,FoulBall,Undefined,Undefined,FlyBall,Undefined,0,0,,134.4412,4.713368,-3.883513,2389.798811,265.123992,2:45,0.30829,0.711628,1.770706,-95.969,5.0685,29.2425,0.690638,-0.09836,124.28142,-2.2099,-1.831463,0.453937,110.73247,25.877828,154.379567,2503.395013,-31.4228,6.960387,11.693159,52.37887,,162.003872,2.241919,-17.1165,0.7248,-0.616592,15.24,0.419613,2.36468,-36.866864,2.659996,-3.104517,5.823968,-9.675193,RIK,WAS_EDA,JinguStadium,Spring,Team,20200816-JinguStadium-2,f361bfb0-df87-11ea-87c6-2da02a938f7e,959729f8-9d3b-4184-a7b7-c10434da4ceb,v3,,,,"Akihito, Takeba",1000074033,Right,RIK,133.63077,7.47071,,10.15979,,,,16.669994,-37.092077,2.911984,0.309517,3.034135,-4.837597,-0.710356,2.484732,-1.552258,-0.163396,0.718642,0.11971,299.966437,-0.163396,-24.953685,1.786941,-0.333377,0.057225,-0.009586,0.001576,-0.000137,4.00E-06,0.718642,13.424882,-7.358004,0.811828,-0.167385,0.031178,-0.005589,0.000776,-4.70E-05,0.119711,11.966715,-3.452761,0.883768,-0.198072,0.041906,-0.007763,0.001013,-6.60E-05,,,,,,,,,,,,,,,,,,,,,,
2374,2020-08-16,15:16:18,2020-08-16,6:16:18,4,2,"Hayate, Nakagawa",1000074142,Right,RIK,"Hisashige, Iwamoto",1000074023,Right,WAS_EDA,Undefined,4,Top,1,0,1,Fastball,ChangeUp,FoulBall,Undefined,Undefined,FlyBall,Undefined,0,0,,133.62237,5.683219,-4.16418,2154.181988,270.285722,3:00,0.304532,0.71689,1.743147,-101.0324,2.6353,51.7986,0.917364,0.050512,122.3663,-1.595504,-0.537669,0.459808,109.39411,28.379662,158.18314,4792.21729,-32.158043,8.308302,9.486148,56.001764,,165.993847,2.413843,-28.8128,-1.2625,-0.614593,15.24,0.442538,2.411359,-36.553432,3.235206,-5.101225,6.203082,-10.03017,RIK,WAS_EDA,JinguStadium,Spring,Team,20200816-JinguStadium-2,ff010f60-df87-11ea-87c6-2da02a938f7e,959729f8-9d3b-4184-a7b7-c10434da4ceb,v3,,,,"Akihito, Takeba",1000074033,Right,RIK,131.92467,8.662002,,11.25606,,,,16.697656,-36.799963,3.101541,0.306039,3.633839,-5.015085,-0.714457,2.614099,-2.550613,-0.093497,0.9053,-0.045949,304.876225,-0.093494,-24.820663,1.575873,-0.368217,0.070978,-0.012478,0.00166,-0.000114,5.00E-06,0.905315,14.442079,-7.476721,0.839283,-0.162415,0.021436,0.000108,-0.000891,0.000134,-0.045971,9.938024,-3.065023,0.815552,-0.178475,0.038496,-0.008295,0.001467,-0.000135,,,,,,,,,,,,,,,,,,,,,,
2375,2020-08-16,15:16:43,2020-08-16,6:16:43,4,3,"Hayate, Nakagawa",1000074142,Right,RIK,"Hisashige, Iwamoto",1000074023,Right,WAS_EDA,Undefined,4,Top,1,0,2,Slider,Curveball,StrikeSwinging,Strikeout,Undefined,,Undefined,0,0,,123.65397,5.293056,-3.514644,,118.542041,10:00,0.26516,0.727151,1.614997,-106.7293,16.8939,-24.5859,0.719676,-0.525697,113.10139,-2.388206,-5.220208,0.502117,,,,,,,,,,,,9.9263,6.0552,-0.627458,15.24,0.403187,2.192615,-33.808082,2.719724,1.493393,5.686662,-8.895652,RIK,WAS_EDA,JinguStadium,Spring,Team,20200816-JinguStadium-2,0d7ca400-df88-11ea-87c6-2da02a938f7e,959729f8-9d3b-4184-a7b7-c10434da4ceb,v3,,,,"Akihito, Takeba",1000074033,Right,RIK,120.80857,,,10.55258,,,,16.824592,-34.073575,2.843331,0.266517,3.135034,-4.447826,-0.728197,2.122893,0.746696,,,,,,,,,,,,,,,,,,,,,,,,,,,,,,,,,,,,,,,,,,,,,,,,,,,,,
2376,2020-08-16,15:18:00,2020-08-16,6:18:00,5,1,"Hayate, Nakagawa",1000074142,Right,RIK,"Takuya, Hiruma",1000074108,Left,WAS_EDA,Undefined,4,Top,2,0,0,Fastball,ChangeUp,BallCalled,Undefined,Undefined,,Undefined,0,0,,134.47476,3.831942,-3.24117,2322.466633,279.40786,3:15,0.343738,0.746483,1.812115,-103.7058,-2.7002,33.5822,0.393375,0.165008,123.51939,-3.684424,-0.87383,0.453866,,,,,,,,,,,,-19.1743,-2.8381,-0.669982,15.24,0.430009,1.930744,-36.919184,2.059021,-3.453533,6.515918,-10.317835,RIK,WAS_EDA,JinguStadium,Spring,Team,20200816-JinguStadium-2,3b944320-df88-11ea-87c6-2da02a938f7e,959729f8-9d3b-4184-a7b7-c10434da4ceb,v3,,,,"Akihito, Takeba",1000074033,Right,RIK,133.65188,,,10.95537,,,,16.628299,-37.1634,3.257959,0.345591,2.445731,-5.158917,-0.744771,2.060182,-1.726766,,,,,,,,,,,,,,,,,,,,,,,,,,,,,,,,,,,,,,,,,,,,,,,,,,,,,
2377,2020-08-16,15:18:18,2020-08-16,6:18:18,5,2,"Hayate, Nakagawa",1000074142,Right,RIK,"Takuya, Hiruma",1000074108,Left,WAS_EDA,Undefined,4,Top,2,1,0,Fastball,Slider,BallCalled,Undefined,Undefined,,Undefined,0,0,,127.77659,6.250012,-2.439082,2591.785215,251.772184,2:30,0.27791,0.699614,1.685198,-108.7118,5.5559,7.3004,0.980311,0.077236,116.98564,-1.569074,-1.92918,0.482743,,,,,,,,,,,,-5.1647,-0.0226,-0.63559,15.24,0.435477,1.453616,-34.945598,3.394887,-0.835035,5.720304,-9.810299,RIK,WAS_EDA,JinguStadium,Spring,Team,20200816-JinguStadium-2,4635f8f0-df88-11ea-87c6-2da02a938f7e,959729f8-9d3b-4184-a7b7-c10434da4ceb,v3,,,,"Akihito, Takeba",1000074033,Right,RIK,125.6568,,,10.79095,,,,16.754689,-35.192667,2.860152,0.279696,3.818608,-4.905149,-0.699152,1.489683,-0.417517,,,,,,,,,,,,,,,,,,,,,,,,,,,,,,,,,,,,,,,,,,,,,,,,,,,,,
2378,2020-08-16,15:18:35,2020-08-16,6:18:35,5,3,"Hayate, Nakagawa",1000074142,Right,RIK,"Takuya, Hiruma",1000074108,Left,WAS_EDA,Undefined,4,Top,2,2,0,Fastball,ChangeUp,FoulBall,Undefined,Undefined,LineDrive,Undefined,0,0,,134.07457,5.465977,-3.844392,2389.794013,273.664562,3:00,0.342902,0.736065,1.7928,-100.6188,1.0089,25.0642,0.892068,-0.103082,123.68427,-1.790707,-2.084347,0.455261,105.79499,21.840307,-173.13399,3719.329834,,,,40.133387,,-172.528676,1.666844,-15.0218,-1.8126,-0.643132,15.24,0.470976,2.350966,-36.725892,3.120584,-2.700958,5.851554,-10.132554,RIK,WAS_EDA,JinguStadium,Spring,Team,20200816-JinguStadium-2,50bc85a0-df88-11ea-87c6-2da02a938f7e,959729f8-9d3b-4184-a7b7-c10434da4ceb,v3,,,,"Akihito, Takeba",1000074033,Right,RIK,133.24221,4.858901,,10.3903,,,,16.647917,-36.949535,2.925777,0.344308,3.507845,-5.066277,-0.734957,2.454196,-1.350479,0.330154,0.798407,0.134601,353.941446,0.330154,-27.082563,1.946818,-0.119528,0.018968,0.00175,-0.00015,-3.20E-05,-7.00E-06,0.798407,10.932763,-7.928277,0.875555,-0.184598,0.037373,-0.00648,0.001154,-0.000117,0.134601,-3.26105,-0.003604,0.026622,-0.006184,0.00174,-0.000319,4.90E-05,-5.00E-06,,,,,,,,,,,,,,,,,,,,,,
2379,2020-08-16,15:18:57,2020-08-16,6:18:57,5,4,"Hayate, Nakagawa",1000074142,Right,RIK,"Takuya, Hiruma",1000074108,Left,WAS_EDA,Undefined,4,Top,2,2,1,Fastball,Slider,StrikeCalled,Undefined,Undefined,,Undefined,0,0,,127.43789,4.927881,-3.638989,,96.090903,9:15,0.319237,0.732087,1.704672,-111.2477,3.894,-4.5251,0.615483,-0.350171,116.33337,-3.099046,-3.954943,0.484586,,,,,,,,,,,,-0.1754,-0.2578,-0.636493,15.24,0.43994,2.239152,-34.87167,2.571624,-0.028019,6.160888,-9.847832,RIK,WAS_EDA,JinguStadium,Spring,Team,20200816-JinguStadium-2,5de4e650-df88-11ea-87c6-2da02a938f7e,959729f8-9d3b-4184-a7b7-c10434da4ceb,v3,,,,"Akihito, Takeba",1000074033,Right,RIK,125.17898,,,11.10453,,,,16.735069,-35.134815,3.080444,0.321117,2.992248,-4.923916,-0.732158,2.240349,-0.01401,,,,,,,,,,,,,,,,,,,,,,,,,,,,,,,,,,,,,,,,,,,,,,,,,,,,,
2380,2020-08-16,15:19:22,2020-08-16,6:19:22,5,5,"Hayate, Nakagawa",1000074142,Right,RIK,"Takuya, Hiruma",1000074108,Left,WAS_EDA,Undefined,4,Top,2,2,2,Fastball,Slider,FoulBall,Undefined,Undefined,GroundBall,Undefined,0,0,,134.04556,5.699549,-3.785954,2453.683723,299.99833,4:00,0.310863,0.694163,1.742944,-112.3754,-8.4422,20.1339,0.814233,-0.180973,121.82136,-2.398234,-2.376895,0.460396,89.82402,10.580581,44.609525,1823.90213,,,,24.021209,,46.359982,1.043956,-12.8521,-7.3459,-0.599156,15.24,0.448372,2.327948,-36.644689,3.200164,-2.263546,6.920035,-11.100432,RIK,WAS_EDA,JinguStadium,Spring,Team,20200816-JinguStadium-2,6cd0f000-df88-11ea-87c6-2da02a938f7e,959729f8-9d3b-4184-a7b7-c10434da4ceb,v3,,,,"Akihito, Takeba",1000074033,Right,RIK,131.75606,1.762526,,12.22419,,,,16.697453,-36.91889,3.460017,0.312853,3.640011,-5.550216,-0.693176,2.417639,-1.131773,0.377785,0.769186,0.171088,271.165816,0.377785,17.46092,-1.89585,0.053568,-0.024676,0.004924,-7.40E-05,-1.80E-05,-1.10E-05,0.769186,4.581479,-5.421183,0.329616,-0.024177,0.009512,-0.00149,1.00E-06,1.70E-05,0.171088,17.224532,-0.694253,-0.002076,-0.010267,0.00185,5.90E-05,-1.00E-06,-9.00E-06,,,,,,,,,,,,,,,,,,,,,,
2381,2020-08-16,15:20:02,2020-08-16,6:20:02,5,6,"Hayate, Nakagawa",1000074142,Right,RIK,"Takuya, Hiruma",1000074108,Left,WAS_EDA,Undefined,4,Top,2,2,2,Fastball,ChangeUp,StrikeSwinging,Strikeout,Undefined,,Undefined,0,0,,136.21169,4.314591,-2.326867,2356.136546,267.168213,3:00,0.317251,0.773849,1.741,-95.4489,4.5404,30.6018,0.59124,0.418781,124.14733,-2.606211,-0.177481,0.451577,,,,,,,,,,,,-17.0729,0.3123,-0.716771,15.24,0.420483,1.365643,-37.358027,2.423814,-3.126819,7.154812,-9.749445,RIK,WAS_EDA,JinguStadium,Spring,Team,20200816-JinguStadium-2,84975d00-df88-11ea-87c6-2da02a938f7e,959729f8-9d3b-4184-a7b7-c10434da4ceb,v3,,,,"Akihito, Takeba",1000074033,Right,RIK,134.32938,,,12.06436,,,,16.698954,-37.636409,3.577406,0.318797,2.803149,-4.874722,-0.772273,1.487302,-1.56341,,,,,,,,,,,,,,,,,,,,,,,,,,,,,,,,97.74891,2.648013,1.553408,1.094604,-0.355139,0.552891,-0.417054,-0.338378,1.513054,-1.182936,21.922635,1.045236,-16.109757,-0.326164,21.905435,-1.441657,1.535836,4.854656,-4.841305,-1.194196,-14.888884,1.152036
2382,2020-08-16,15:22:17,2020-08-16,6:22:17,1,1,"Soma, Tokuyama",1000074011,Right,WAS_EDA,"Shintarou, Miya",1000074185,Right,RIK,Undefined,4,Bottom,0,0,0,Slider,Slider,FoulBall,Undefined,Undefined,,Undefined,0,0,,132.56313,-0.840758,-2.384409,,149.897133,11:00,1.631333,0.615862,1.810273,-94.3401,9.7712,-3.8492,0.449989,-0.097198,122.26879,-7.67899,-2.656626,0.460791,,,,,,,,,,,,0.3516,6.4689,-0.557637,15.24,1.604447,1.535959,-36.469433,-0.898484,0.06132,6.867361,-8.678423,RIK,WAS_EDA,JinguStadium,Spring,Team,20200816-JinguStadium-2,d4ff2a20-df88-11ea-87c6-2da02a938f7e,959729f8-9d3b-4184-a7b7-c10434da4ceb,v3,,,,"Hisashige, Iwamoto",1000074023,Right,WAS_EDA,131.64328,,,10.29434,,,,16.629941,-36.730233,3.43368,1.63231,-0.568906,-4.339212,-0.615923,1.53363,0.03066,,,,,,,,,,,,,,,,,,,,,,,,,,,,,,,,,,,,,,,,,,,,,,,,,,,,,
2383,2020-08-16,15:22:35,2020-08-16,6:22:35,1,2,"Soma, Tokuyama",1000074011,Right,WAS_EDA,"Shintarou, Miya",1000074185,Right,RIK,Undefined,4,Bottom,0,0,1,Slider,Slider,BallCalled,Undefined,Undefined,,Undefined,0,0,,134.67944,-1.657088,-3.176938,,161.652278,11:30,1.613865,0.639249,1.796306,-86.2897,14.5481,-3.8562,0.281179,-0.299272,124.75223,-7.894431,-3.449089,0.453489,,,,,,,,,,,,-0.0916,9.4078,-0.560946,15.24,1.567123,2.072832,-37.025113,-1.409927,-0.016544,6.77059,-8.107838,RIK,WAS_EDA,JinguStadium,Spring,Team,20200816-JinguStadium-2,dfac51a0-df88-11ea-87c6-2da02a938f7e,959729f8-9d3b-4184-a7b7-c10434da4ceb,v3,,,,"Hisashige, Iwamoto",1000074023,Right,WAS_EDA,133.76302,,,9.92721,,,,16.643907,-37.280954,3.385295,1.614611,-1.103555,-4.053919,-0.639284,2.073457,-0.008272,,,,,,,,,,,,,,,,,,,,,,,,,,,,,,,,,,,,,,,,,,,,,,,,,,,,,
2384,2020-08-16,15:22:50,2020-08-16,6:22:50,1,3,"Soma, Tokuyama",1000074011,Right,WAS_EDA,"Shintarou, Miya",1000074185,Right,RIK,Undefined,4,Bottom,0,1,1,Slider,Slider,BallCalled,Undefined,Undefined,,Undefined,0,0,,130.78287,-0.937729,-1.789192,,49.038193,7:45,1.578311,0.657404,1.792069,-111.0584,-3.5166,-7.887,0.202139,0.071916,120.52357,-8.946124,-2.347304,0.468321,,,,,,,,,,,,2.7762,-0.2058,-0.612798,15.24,1.547472,1.15965,-35.980504,-1.024647,0.469302,6.956599,-9.841434,RIK,WAS_EDA,JinguStadium,Spring,Team,20200816-JinguStadium-2,e85bad50-df88-11ea-87c6-2da02a938f7e,959729f8-9d3b-4184-a7b7-c10434da4ceb,v3,,,,"Hisashige, Iwamoto",1000074023,Right,WAS_EDA,129.52668,,,10.2593,,,,16.648183,-36.251745,3.478299,1.579942,-0.640926,-4.920717,-0.657657,1.141352,0.234651,,,,,,,,,,,,,,,,,,,,,,,,,,,,,,,,,,,,,,,,,,,,,,,,,,,,,
2385,2020-08-16,15:23:09,2020-08-16,6:23:09,1,4,"Soma, Tokuyama",1000074011,Right,WAS_EDA,"Shintarou, Miya",1000074185,Right,RIK,Undefined,4,Bottom,0,2,1,Fastball,Four-Seam,StrikeSwinging,Undefined,Undefined,,Undefined,0,0,,149.21841,-0.726398,-3.39722,2053.204701,216.647378,1:15,1.570215,0.69395,1.850661,-45.0036,36.5866,25.4175,0.914934,-0.01115,137.06833,-4.074279,-1.599473,0.407919,,,,,,,,,,,,-15.3114,20.0832,-0.61531,15.24,1.550133,2.305263,-41.029872,-0.688661,-3.39537,8.313018,-5.353117,RIK,WAS_EDA,JinguStadium,Spring,Team,20200816-JinguStadium-2,f3d091a0-df88-11ea-87c6-2da02a938f7e,959729f8-9d3b-4184-a7b7-c10434da4ceb,v3,,,,"Hisashige, Iwamoto",1000074023,Right,WAS_EDA,148.70607,,,12.15009,,,,16.589208,-41.302329,4.156509,1.569828,-0.513214,-2.676558,-0.692688,2.416546,-1.697685,,,,,,,,,,,,,,,,,,,,,,,,,,,,,,,,,,,,,,,,,,,,,,,,,,,,,
2386,2020-08-16,15:23:25,2020-08-16,6:23:25,1,5,"Soma, Tokuyama",1000074011,Right,WAS_EDA,"Shintarou, Miya",1000074185,Right,RIK,Undefined,4,Bottom,0,2,2,Fastball,Four-Seam,FoulBall,Undefined,Undefined,LineDrive,Undefined,0,0,,148.4096,-0.71954,-3.015841,2053.204705,215.661939,1:15,1.575293,0.691978,1.899412,-44.3474,38.092,25.4643,0.929201,0.097815,135.50937,-4.04523,-1.208289,0.410036,116.51683,18.267854,159.514182,3433.227539,-32.329123,4.87045,8.88538,51.120015,,166.602301,1.96674,-15.3516,21.0573,-0.624818,15.24,1.556235,2.023075,-40.808703,-0.669376,-3.343664,8.815915,-5.220271,RIK,WAS_EDA,JinguStadium,Spring,Team,20200816-JinguStadium-2,fd8bb800-df88-11ea-87c6-2da02a938f7e,959729f8-9d3b-4184-a7b7-c10434da4ceb,v3,,,,"Hisashige, Iwamoto",1000074023,Right,WAS_EDA,147.93821,5.415143,,12.90023,,,,16.540365,-41.088661,4.407957,1.574859,-0.503601,-2.610135,-0.690748,2.129256,-1.671832,0.203147,0.928735,-0.091972,272.649529,0.203147,-28.790877,2.891359,-0.875227,0.206044,-0.043776,0.008434,-0.001169,7.50E-05,0.928735,10.145373,-6.053725,0.367149,0.001773,-0.017494,0.005242,-0.000827,9.00E-05,-0.091971,10.756314,-3.994367,1.216366,-0.287731,0.061399,-0.011866,0.001651,-0.000107,,,,,,,,,,,,,,,,,,,,,,
2387,2020-08-16,15:24:03,2020-08-16,6:24:03,1,6,"Soma, Tokuyama",1000074011,Right,WAS_EDA,"Shintarou, Miya",1000074185,Right,RIK,Undefined,4,Bottom,0,2,2,Fastball,Four-Seam,BallCalled,Undefined,Undefined,,Undefined,0,0,,149.00321,-1.220816,-4.911783,2154.181979,212.266278,1:00,1.582397,0.681677,1.915089,-38.2948,44.701,26.3478,0.855187,-0.43803,134.33491,-4.141369,-3.04725,0.411418,,,,,,,,,,,,-17.4993,24.9838,-0.572475,15.24,1.552582,3.372562,-40.820933,-0.992344,-3.767786,9.812457,-4.427368,RIK,WAS_EDA,JinguStadium,Spring,Team,20200816-JinguStadium-2,13f9c0f0-df89-11ea-87c6-2da02a938f7e,959729f8-9d3b-4184-a7b7-c10434da4ceb,v3,,,,"Hisashige, Iwamoto",1000074023,Right,WAS_EDA,147.44142,,,14.6683,,,,16.523837,-41.128381,4.906229,1.581501,-0.853624,-2.213684,-0.679995,3.490616,-1.883893,,,,,,,,,,,,,,,,,,,,,,,,,,,,,,,,,,,,,,,,,,,,,,,,,,,,,
2388,2020-08-16,15:24:22,2020-08-16,6:24:22,1,7,"Soma, Tokuyama",1000074011,Right,WAS_EDA,"Shintarou, Miya",1000074185,Right,RIK,Undefined,4,Bottom,0,3,2,Slider,Slider,FoulBall,Undefined,Undefined,Popup,Undefined,0,0,,133.21241,1.446614,-2.298455,,37.127324,7:15,1.572866,0.667234,1.808513,-108.6676,-3.9176,-5.7135,0.895673,-0.040196,120.64959,-6.465283,-2.702112,0.462202,101.64556,45.899466,139.69677,5257.129669,-28.225557,14.108593,18.095424,51.70746,,149.284349,3.214737,1.0754,-2.1374,-0.610909,15.24,1.600767,1.495367,-36.586216,0.493083,0.185694,7.98588,-10.17573,RIK,WAS_EDA,JinguStadium,Spring,Team,20200816-JinguStadium-2,1f34a980-df89-11ea-87c6-2da02a938f7e,959729f8-9d3b-4184-a7b7-c10434da4ceb,v3,,,,"Hisashige, Iwamoto",1000074023,Right,WAS_EDA,131.24141,15.212042,,12.56281,,,,16.631101,-36.88861,3.99294,1.574801,0.878397,-5.087865,-0.6674,1.488336,0.092847,0.328941,0.899966,0.050547,320.6842,0.328947,-14.985545,-0.187837,0.309985,-0.084809,0.023014,-0.007082,0.001586,-0.000142,0.899952,20.276602,-8.289326,0.997671,-0.219443,0.05595,-0.015026,0.002666,-0.000194,0.050537,12.709973,-2.822528,0.754286,-0.169323,0.047685,-0.014186,0.002577,-0.00019,,,,,,,,,,,,,,,,,,,,,,
2389,2020-08-16,15:24:48,2020-08-16,6:24:48,1,8,"Soma, Tokuyama",1000074011,Right,WAS_EDA,"Shintarou, Miya",1000074185,Right,RIK,Undefined,4,Bottom,0,3,2,Fastball,Four-Seam,BallCalled,Walk,Undefined,,Undefined,0,0,,149.29602,-2.652976,-5.448982,1952.41966,219.147778,1:15,1.539153,0.698013,1.919939,-40.7674,41.9438,31.743,0.382525,-0.519429,135.00641,-5.738006,-3.204154,0.410712,,,,,,,,,,,,-20.7335,24.723,-0.57744,15.24,1.477086,3.736445,-40.849083,-2.035274,-4.478824,9.671082,-4.46601,RIK,WAS_EDA,JinguStadium,Spring,Team,20200816-JinguStadium-2,2eaee970-df89-11ea-87c6-2da02a938f7e,959729f8-9d3b-4184-a7b7-c10434da4ceb,v3,,,,"Hisashige, Iwamoto",1000074023,Right,WAS_EDA,147.69491,,,14.28961,,,,16.519442,-41.150878,4.835541,1.538424,-1.895908,-2.233005,-0.69622,3.876211,-2.239412,,,,,,,,,,,,,,,,,,,,,,,,,,,,,,,,,,,,,,,,,,,,,,,,,,,,,
2390,2020-08-16,15:26:08,2020-08-16,6:26:08,2,1,"Soma, Tokuyama",1000074011,Right,WAS_EDA,"Hidetake, Ohta",1000074058,Right,RIK,Undefined,4,Bottom,0,0,0,Fastball,Four-Seam,StrikeSwinging,Undefined,Undefined,,Undefined,0,0,,147.48467,-1.574237,-3.443197,2086.863798,219.468874,1:15,1.584531,0.675462,1.897831,-42.9595,40.3294,31.0977,0.711322,0.016988,135.21209,-4.792121,-1.236864,0.412143,,,,,,,,,,,,-18.4389,22.7598,-0.598769,15.24,1.546002,2.284784,-40.54032,-1.264861,-3.980217,8.356038,-4.893722,RIK,WAS_EDA,JinguStadium,Spring,Team,20200816-JinguStadium-2,5e52a6d0-df89-11ea-87c6-2da02a938f7e,959729f8-9d3b-4184-a7b7-c10434da4ceb,v3,,,,"Hisashige, Iwamoto",1000074023,Right,WAS_EDA,147.18177,,,12.27258,,,,16.542045,-40.807811,4.178019,1.583985,-1.108205,-2.446861,-0.673948,2.412198,-1.990108,,,,,,,,,,,,,,,,,,,,,,,,,,,,,,,,,,,,,,,,,,,,,,,,,,,,,
2391,2020-08-16,15:26:34,2020-08-16,6:26:34,2,2,"Soma, Tokuyama",1000074011,Right,WAS_EDA,"Hidetake, Ohta",1000074058,Right,RIK,Undefined,4,Bottom,0,0,1,Fastball,Four-Seam,StrikeSwinging,Undefined,Undefined,,Undefined,0,0,,148.51795,-0.785689,-3.928244,2086.863799,217.474114,1:15,1.56387,0.710127,1.855161,-39.1983,44.6231,31.9448,0.949817,-0.079777,134.0394,-3.763272,-1.67042,0.413459,,,,,,,,,,,,-19.3866,24.3927,-0.619525,15.24,1.542827,2.628188,-40.738175,-0.688246,-4.16431,9.635329,-4.567027,RIK,WAS_EDA,JinguStadium,Spring,Team,20200816-JinguStadium-2,6e09efc0-df89-11ea-87c6-2da02a938f7e,959729f8-9d3b-4184-a7b7-c10434da4ceb,v3,,,,"Hisashige, Iwamoto",1000074023,Right,WAS_EDA,146.71354,,,14.47855,,,,16.583708,-41.054756,4.817664,1.562975,-0.53819,-2.283514,-0.708126,2.765012,-2.082155,,,,,,,,,,,,,,,,,,,,,,,,,,,,,,,,,,,,,,,,,,,,,,,,,,,,,
2392,2020-08-16,15:27:23,2020-08-16,6:27:23,2,3,"Soma, Tokuyama",1000074011,Right,WAS_EDA,"Hidetake, Ohta",1000074058,Right,RIK,Undefined,4,Bottom,0,0,2,Fastball,Four-Seam,BallCalled,Undefined,Undefined,,Undefined,0,0,,147.65129,-2.52803,-5.040574,2154.181977,210.985253,1:00,1.594612,0.654854,1.952707,-35.2703,48.5046,27.3979,0.530194,-0.487487,134.00096,-5.226097,-3.097663,0.413344,,,,,,,,,,,,-17.9925,27.999,-0.546001,15.24,1.537183,3.431299,-40.445931,-1.893691,-3.82675,9.137613,-3.851653,RIK,WAS_EDA,JinguStadium,Spring,Team,20200816-JinguStadium-2,8b09cb90-df89-11ea-87c6-2da02a938f7e,959729f8-9d3b-4184-a7b7-c10434da4ceb,v3,,,,"Hisashige, Iwamoto",1000074023,Right,WAS_EDA,146.7542,,,13.65033,,,,16.48653,-40.726575,4.568806,1.593528,-1.775395,-1.925827,-0.653192,3.54883,-1.913375,,,,,,,,,,,,,,,,,,,,,,,,,,,,,,,,,,,,,,,,,,,,,,,,,,,,,
2393,2020-08-16,15:27:51,2020-08-16,6:27:51,2,4,"Soma, Tokuyama",1000074011,Right,WAS_EDA,"Hidetake, Ohta",1000074058,Right,RIK,Undefined,4,Bottom,0,1,2,Slider,Slider,InPlay,Undefined,GroundBall,,Out,1,0,,135.58914,-0.944229,-3.220801,,142.155937,10:45,1.569707,0.632155,1.783578,-92.531,10.6765,-5.1001,0.376534,-0.331973,121.24951,-7.710705,-3.580372,0.458786,,,,,,,,,,,,-0.3928,7.4452,-0.551963,15.24,1.539894,2.114922,-37.143851,-0.978648,-0.068741,9.359705,-8.503862,RIK,WAS_EDA,JinguStadium,Spring,Team,20200816-JinguStadium-2,9c202f50-df89-11ea-87c6-2da02a938f7e,959729f8-9d3b-4184-a7b7-c10434da4ceb,v3,,,,"Hisashige, Iwamoto",1000074023,Right,WAS_EDA,132.21845,,,14.33963,,,,16.655247,-37.498777,4.679852,1.570891,-0.656177,-4.251931,-0.632211,2.117529,-0.034371,,,,,,,,,,,,,,,,,,,,,,,,,,,,,,,,,,,,,,,,,,,,,,,,,,,,,
2394,2020-08-16,15:28:39,2020-08-16,6:28:39,3,1,"Soma, Tokuyama",1000074011,Right,WAS_EDA,"Kensuke, Mitsui",1000074122,Left,RIK,Undefined,4,Bottom,1,0,0,Fastball,Four-Seam,BallCalled,Undefined,Undefined,,Undefined,0,0,,148.10217,-0.676496,-1.834825,2021.083792,212.102109,1:00,1.577111,0.696257,1.864356,-39.3052,43.9642,25.8863,0.993315,0.437888,134.81853,-3.647435,0.0011,0.412095,,,,,,,,,,,,-14.6295,23.9584,-0.654942,15.24,1.558797,1.171241,-40.734177,-0.612602,-3.165734,9.016891,-4.622201,RIK,WAS_EDA,JinguStadium,Spring,Team,20200816-JinguStadium-2,b887c2c0-df89-11ea-87c6-2da02a938f7e,959729f8-9d3b-4184-a7b7-c10434da4ceb,v3,,,,"Hisashige, Iwamoto",1000074023,Right,WAS_EDA,147.19903,,,13.28364,,,,16.574957,-41.028618,4.508445,1.576337,-0.461667,-2.3111,-0.694876,1.274617,-1.582867,,,,,,,,,,,,,,,,,,,,,,,,,,,,,,,,,,,,,,,,,,,,,,,,,,,,,
2395,2020-08-16,15:29:22,2020-08-16,6:29:22,3,2,"Soma, Tokuyama",1000074011,Right,WAS_EDA,"Kensuke, Mitsui",1000074122,Left,RIK,Undefined,4,Bottom,1,1,0,Fastball,Four-Seam,InPlay,Undefined,LineDrive,LineDrive,Out,1,0,,147.20024,-1.464747,-2.892366,2120.522943,218.913618,1:15,1.59472,0.674169,1.92828,-46.3801,35.7448,27.1025,0.719172,0.13266,136.78556,-4.903249,-0.964157,0.409253,171.61424,6.903245,11.48602,715.255651,32.635629,1.513536,7.683717,44.528835,,14.15443,1.103481,-15.9115,20.2131,-0.61136,15.24,1.559389,1.921724,-40.547086,-1.20492,-3.481822,7.261492,-5.383527,RIK,WAS_EDA,JinguStadium,Spring,Team,20200816-JinguStadium-2,d2772a40-df89-11ea-87c6-2da02a938f7e,959729f8-9d3b-4184-a7b7-c10434da4ceb,v3,,,,"Hisashige, Iwamoto",1000074023,Right,WAS_EDA,148.22121,2.044811,,10.41468,,,,16.512369,-40.774315,3.630746,1.594458,-1.036457,-2.691764,-0.6732,2.030678,-1.740911,0.526512,0.712793,-0.139838,281.927092,0.526512,46.377271,-8.864324,2.154698,-0.546032,0.144332,-0.037513,0.007961,-0.000946,0.712793,5.729678,-6.516593,0.860439,-0.223654,0.059449,-0.01544,0.00332,-0.000395,-0.139838,9.423779,0.668377,-0.175581,0.045248,-0.012017,0.00307,-0.000647,7.70E-05,,,,,,,,,,,,,,,,,,,,,,
2396,2020-08-16,15:30:06,2020-08-16,6:30:06,4,1,"Soma, Tokuyama",1000074011,Right,WAS_EDA,"Kenta, Yamada",1000074117,Right,RIK,Undefined,4,Bottom,2,0,0,Slider,Slider,BallCalled,Undefined,Undefined,,Undefined,0,0,,133.26639,1.380731,-2.491132,,135.108448,10:30,1.572306,0.630286,1.788829,-96.0651,9.5323,-5.6434,1.003012,-0.13188,119.83411,-5.654092,-2.889078,0.464068,,,,,,,,,,,,0.7529,4.8936,-0.568413,15.24,1.599848,1.617884,-36.556507,0.504509,0.12908,8.329619,-8.96763,RIK,WAS_EDA,JinguStadium,Spring,Team,20200816-JinguStadium-2,ec54b770-df89-11ea-87c6-2da02a938f7e,959729f8-9d3b-4184-a7b7-c10434da4ceb,v3,,,,"Hisashige, Iwamoto",1000074023,Right,WAS_EDA,130.71374,,,13.43228,,,,16.649859,-36.876352,4.16481,1.573864,0.848854,-4.483815,-0.630443,1.612928,0.06454,,,,,,,,,,,,,,,,,,,,,,,,,,,,,,,,,,,,,,,,,,,,,,,,,,,,,
2397,2020-08-16,15:30:29,2020-08-16,6:30:29,4,2,"Soma, Tokuyama",1000074011,Right,WAS_EDA,"Kenta, Yamada",1000074117,Right,RIK,Undefined,4,Bottom,2,1,0,Slider,Slider,BallCalled,Undefined,Undefined,,Undefined,0,0,,131.70279,-1.09271,-3.918088,,187.529831,12:15,1.578117,0.656329,1.786785,-98.2498,10.3964,0.8354,0.28545,-0.446474,118.80274,-8.246039,-3.859237,0.470719,,,,,,,,,,,,-3.832,7.4413,-0.559449,15.24,1.544293,2.467089,-36.078482,-1.06909,-0.638241,8.279691,-8.567255,RIK,WAS_EDA,JinguStadium,Spring,Team,20200816-JinguStadium-2,fa247bb0-df89-11ea-87c6-2da02a938f7e,959729f8-9d3b-4184-a7b7-c10434da4ceb,v3,,,,"Hisashige, Iwamoto",1000074023,Right,WAS_EDA,128.86662,,,12.90005,,,,16.652168,-36.401119,4.139845,1.579448,-0.735248,-4.283628,-0.65607,2.49196,-0.31912,,,,,,,,,,,,,,,,,,,,,,,,,,,,,,,,126.41074,2.066985,0.7872,1.279785,0.397993,0.280534,0.448754,-0.463229,1.661408,0.951422,38.524995,1.900468,-1.632262,-0.355543,33.941701,-2.753053,1.649369,3.995764,-2.970909,0.946993,-2.17797,0.125804
2398,2020-08-16,15:31:21,2020-08-16,6:31:21,4,3,"Soma, Tokuyama",1000074011,Right,WAS_EDA,"Kenta, Yamada",1000074117,Right,RIK,Undefined,4,Bottom,2,2,0,Fastball,Four-Seam,BallCalled,Undefined,Undefined,,Undefined,0,0,,147.39922,-1.805868,-4.841225,2154.182083,221.542765,1:30,1.582452,0.642507,1.910305,-39.1395,44.2373,36.937,0.681625,-0.351748,135.24172,-4.75277,-2.226203,0.412361,,,,,,,,,,,,-22.3368,24.9312,-0.535153,15.24,1.539204,3.243787,-40.453418,-1.408412,-4.8123,8.128144,-4.435408,RIK,WAS_EDA,JinguStadium,Spring,Team,20200816-JinguStadium-2,194e8a80-df8a-11ea-87c6-2da02a938f7e,959729f8-9d3b-4184-a7b7-c10434da4ceb,v3,,,,"Hisashige, Iwamoto",1000074023,Right,WAS_EDA,147.10423,,,12.1575,,,,16.529701,-40.711728,4.064072,1.581723,-1.267456,-2.217704,-0.64067,3.396721,-2.40615,,,,,,,,,,,,,,,,,,,,,,,,,,,,,,,,,,,,,,,,,,,,,,,,,,,,,
2399,2020-08-16,15:31:45,2020-08-16,6:31:45,4,4,"Soma, Tokuyama",1000074011,Right,WAS_EDA,"Kenta, Yamada",1000074117,Right,RIK,Undefined,4,Bottom,2,3,0,Fastball,Four-Seam,BallCalled,Walk,Undefined,,Undefined,0,0,,146.86664,-2.638968,-5.043371,2187.841192,209.963076,1:00,1.564905,0.638647,1.93231,-35.7166,49.1138,26.6441,0.463801,-0.513823,133.42922,-5.364745,-3.156368,0.41594,,,,,,,,,,,,-17.601,28.3722,-0.528,15.24,1.50405,3.419247,-40.229601,-1.966547,-3.706373,8.979619,-3.832112,RIK,WAS_EDA,JinguStadium,Spring,Team,20200816-JinguStadium-2,276bd280-df8a-11ea-87c6-2da02a938f7e,959729f8-9d3b-4184-a7b7-c10434da4ceb,v3,,,,"Hisashige, Iwamoto",1000074023,Right,WAS_EDA,145.83847,,,13.43742,,,,16.507156,-40.511455,4.489809,1.563889,-1.846264,-1.916056,-0.637149,3.535584,-1.853186,,,,,,,,,,,,,,,,,,,,,,,,,,,,,,,,,,,,,,,,,,,,,,,,,,,,,
2400,2020-08-16,15:32:35,2020-08-16,6:32:35,5,1,"Soma, Tokuyama",1000074011,Right,WAS_EDA,"Sou, Shibata",1000074204,Left,RIK,Undefined,4,Bottom,2,0,0,Slider,Slider,StrikeCalled,Undefined,Undefined,,Undefined,0,0,,134.60744,0.645308,-2.161608,,146.666965,11:00,1.581744,0.643575,1.859047,-86.4201,14.6286,-7.4807,0.899588,-0.040864,122.82403,-5.690439,-2.691729,0.453963,,,,,,,,,,,,2.2489,8.0878,-0.592426,15.24,1.591484,1.431959,-37.011293,0.090699,0.401112,7.552783,-8.364122,RIK,WAS_EDA,JinguStadium,Spring,Team,20200816-JinguStadium-2,4501acc0-df8a-11ea-87c6-2da02a938f7e,959729f8-9d3b-4184-a7b7-c10434da4ceb,v3,,,,"Hisashige, Iwamoto",1000074023,Right,WAS_EDA,133.62332,,,11.78342,,,,16.58033,-37.283806,3.776391,1.582767,0.392487,-4.182061,-0.643831,1.417486,0.200556,,,,,,,,,,,,,,,,,,,,,,,,,,,,,,,,,,,,,,,,,,,,,,,,,,,,,
2401,2020-08-16,15:33:03,2020-08-16,6:33:03,5,2,"Soma, Tokuyama",1000074011,Right,WAS_EDA,"Sou, Shibata",1000074204,Left,RIK,Undefined,4,Bottom,2,0,1,Slider,Slider,FoulBall,Undefined,Undefined,LineDrive,Undefined,0,0,,135.00715,-0.558069,-2.730088,,156.098278,11:15,1.558471,0.660121,1.813632,-88.341,13.8123,-4.5114,0.517118,-0.157336,122.23471,-7.019191,-3.048888,0.456437,145.75105,24.196912,43.641809,2968.311313,22.934232,12.383966,24.457019,89.626104,,54.210943,3.655076,0.0763,8.5642,-0.593602,15.24,1.539026,1.788689,-37.064086,-0.702411,0.013498,8.336809,-8.292095,RIK,WAS_EDA,JinguStadium,Spring,Team,20200816-JinguStadium-2,55acf2a0-df8a-11ea-87c6-2da02a938f7e,959729f8-9d3b-4184-a7b7-c10434da4ceb,v3,,,,"Hisashige, Iwamoto",1000074023,Right,WAS_EDA,132.89896,14.557918,,12.77244,,,,16.625728,-37.374478,4.168404,1.559431,-0.393684,-4.146047,-0.660188,1.788186,0.006749,0.74873,0.498804,0.087085,224.980737,0.748719,26.725799,-6.797309,1.698644,-0.378864,0.074913,-0.011827,0.001222,-5.80E-05,0.498831,16.592367,-5.279751,0.254311,-0.016498,-0.001466,0.000195,8.70E-05,-1.10E-05,0.087092,25.486259,-2.655863,0.511104,-0.089643,0.015052,-0.002375,0.000254,-1.20E-05,,,,,,,,,,,,,,,,,,,,,,
2402,2020-08-16,15:34:11,2020-08-16,6:34:11,5,3,"Soma, Tokuyama",1000074011,Right,WAS_EDA,"Sou, Shibata",1000074204,Left,RIK,Undefined,4,Bottom,2,0,2,Fastball,Four-Seam,BallCalled,Undefined,Undefined,,Undefined,0,0,,147.79173,0.100967,-1.126703,2053.204587,217.697566,1:15,1.566089,0.702858,1.814213,-44.0579,39.8543,28.7583,1.154057,0.671909,134.79272,-3.196265,0.907427,0.413682,,,,,,,,,,,,-15.5019,21.1547,-0.677453,15.24,1.565559,0.649189,-40.664234,-0.08922,-3.350455,8.80441,-5.234448,RIK,WAS_EDA,JinguStadium,Spring,Team,20200816-JinguStadium-2,7e71ce90-df8a-11ea-87c6-2da02a938f7e,959729f8-9d3b-4184-a7b7-c10434da4ceb,v3,,,,"Hisashige, Iwamoto",1000074023,Right,WAS_EDA,146.63421,,,12.99901,,,,16.625251,-40.963063,4.402205,1.565572,0.088442,-2.617224,-0.701417,0.762906,-1.675228,,,,,,,,,,,,,,,,,,,,,,,,,,,,,,,,,,,,,,,,,,,,,,,,,,,,,
2403,2020-08-16,15:34:44,2020-08-16,6:34:44,5,4,"Soma, Tokuyama",1000074011,Right,WAS_EDA,"Sou, Shibata",1000074204,Left,RIK,Undefined,4,Bottom,2,1,2,Fastball,Four-Seam,FoulBall,Undefined,Undefined,Popup,Undefined,0,0,,147.29972,-2.931563,-2.295674,2053.219565,212.917645,1:00,1.588836,0.652436,1.979307,-42.0271,40.6958,24.6764,0.346954,0.25654,135.19856,-6.08823,-0.532996,0.41074,103.61097,45.411459,-123.194529,2539.180965,-21.391994,15.29911,-25.816839,55.783679,,-134.912437,3.353955,-14.5191,24.1433,-0.604626,15.24,1.523872,1.50686,-40.504429,-2.212478,-3.123797,8.465129,-4.612207,RIK,WAS_EDA,JinguStadium,Spring,Team,20200816-JinguStadium-2,91e75800-df8a-11ea-87c6-2da02a938f7e,959729f8-9d3b-4184-a7b7-c10434da4ceb,v3,,,,"Hisashige, Iwamoto",1000074023,Right,WAS_EDA,147.68449,15.620432,,12.10117,,,,16.460587,-40.758725,4.232564,1.588255,-2.073926,-2.306103,-0.651302,1.6007,-1.561898,0.361505,0.298399,-0.250714,34.700123,0.361545,-11.063557,-0.798755,0.239977,-0.011695,-0.013871,0.005817,-0.00096,6.00E-05,0.298457,20.494196,-7.828416,0.803448,-0.12115,0.001932,0.004543,-0.000866,5.60E-05,-0.250714,-16.907591,1.843368,-0.177023,0.039068,-0.009696,0.003372,-0.000583,3.40E-05,,,,,,,,,,,,,,,,,,,,,,
2404,2020-08-16,15:35:20,2020-08-16,6:35:20,5,5,"Soma, Tokuyama",1000074011,Right,WAS_EDA,"Sou, Shibata",1000074204,Left,RIK,Undefined,4,Bottom,2,1,2,Fastball,Four-Seam,BallCalled,Undefined,Undefined,,Undefined,0,0,,147.94871,-3.109509,-4.455006,2053.206019,217.052233,1:15,1.591291,0.666069,1.921913,-38.9449,44.2874,31.3803,0.325197,-0.273604,135.14621,-6.047063,-2.229733,0.412003,,,,,,,,,,,,-19.5148,26.0792,-0.568075,15.24,1.519242,3.00689,-40.565526,-2.337029,-4.198277,8.743245,-4.196136,RIK,WAS_EDA,JinguStadium,Spring,Team,20200816-JinguStadium-2,a7867830-df8a-11ea-87c6-2da02a938f7e,959729f8-9d3b-4184-a7b7-c10434da4ceb,v3,,,,"Hisashige, Iwamoto",1000074023,Right,WAS_EDA,147.23186,,,12.8025,,,,16.517983,-40.840046,4.371622,1.590552,-2.205279,-2.098068,-0.664555,3.138708,-2.099138,,,,,,,,,,,,,,,,,,,,,,,,,,,,,,,,,,,,,,,,,,,,,,,,,,,,,
2405,2020-08-16,15:36:19,2020-08-16,6:36:19,5,6,"Soma, Tokuyama",1000074011,Right,WAS_EDA,"Sou, Shibata",1000074204,Left,RIK,Undefined,4,Bottom,2,2,2,Slider,Slider,FoulBall,Undefined,Undefined,,Undefined,0,0,,137.48275,-0.500129,-1.245953,2154.147789,194.519297,12:30,1.582473,0.651913,1.84726,-78.6167,16.7167,3.6542,0.655183,0.336917,127.56538,-6.22713,-0.986774,0.440938,123.28913,35.953258,-87.646379,,,,,,,,,-2.6588,9.7338,-0.622681,15.24,1.565535,0.80713,-37.885671,-0.63461,-0.505483,6.69041,-7.95609,RIK,WAS_EDA,JinguStadium,Spring,Team,20200816-JinguStadium-2,caa2f6e0-df8a-11ea-87c6-2da02a938f7e,959729f8-9d3b-4184-a7b7-c10434da4ceb,v3,,,,"Hisashige, Iwamoto",1000074023,Right,WAS_EDA,137.57045,11.776633,,9.91737,,,,16.593026,-38.12386,3.345205,1.583086,-0.351362,-3.978045,-0.651736,0.825126,-0.252742,0.138183,0.559488,-0.286928,132.459605,0.138183,1.138489,-1.214818,0.076517,0.00611,-0.001457,3.90E-05,1.90E-05,-2.00E-06,0.559488,20.107261,-1.222648,0.290902,-0.031251,0.000724,0.000125,8.40E-05,-4.70E-05,-0.286928,-27.699415,2.090336,-0.119874,-0.00579,0.002423,-0.002083,0.002173,-0.000944,,,,,,,,,,,,,,,,,,,,,,
2406,2020-08-16,15:36:54,2020-08-16,6:36:54,5,7,"Soma, Tokuyama",1000074011,Right,WAS_EDA,"Sou, Shibata",1000074204,Left,RIK,Undefined,4,Bottom,2,2,2,Fastball,Four-Seam,FoulBall,Undefined,Undefined,LineDrive,Undefined,0,0,,147.59887,-1.442555,-1.933889,2115.056272,214.799517,1:15,1.565673,0.689678,1.97946,-42.3782,39.8152,25.9162,0.737961,0.407548,135.29625,-4.634745,-0.082401,0.409424,120.45477,20.391531,-163.148431,2525.194976,-32.031929,5.330312,-9.903364,52.796095,,-163.291647,1.915641,-14.9049,22.6311,-0.649654,15.24,1.532552,1.248384,-40.635348,-1.162086,-3.227394,8.524015,-4.906274,RIK,WAS_EDA,JinguStadium,Spring,Team,20200816-JinguStadium-2,df687ff0-df8a-11ea-87c6-2da02a938f7e,959729f8-9d3b-4184-a7b7-c10434da4ceb,v3,,,,"Hisashige, Iwamoto",1000074023,Right,WAS_EDA,148.15941,5.712321,,12.30262,,,,16.460385,-40.890545,4.262007,1.565145,-1.015199,-2.453137,-0.688476,1.345007,-1.613697,0.078553,0.653425,-0.40512,7.816803,0.078553,-30.016104,2.209051,-0.275659,0.064849,-0.010028,0.002129,-0.000429,3.60E-05,0.653425,11.658463,-7.237259,0.697651,-0.141218,0.028391,-0.004391,0.000697,-6.90E-05,-0.40512,-9.091883,0.872226,-0.118251,0.026316,-0.004291,0.000867,-0.000164,1.40E-05,,,,,,,,,,,,,,,,,,,,,,
2407,2020-08-16,15:37:31,2020-08-16,6:37:31,5,8,"Soma, Tokuyama",1000074011,Right,WAS_EDA,"Sou, Shibata",1000074204,Left,RIK,Undefined,4,Bottom,2,2,2,Fastball,Four-Seam,InPlay,Undefined,LineDrive,LineDrive,Out,1,0,,147.55321,-0.705478,-3.443544,2053.163462,201.171247,12:45,1.571505,0.678574,1.961111,-39.8967,43.404,15.7363,0.974557,-0.129804,133.97116,-3.738333,-2.323484,0.412173,148.66102,8.152127,36.440204,2392.891618,26.110488,1.570071,21.032552,42.866935,,40.082355,1.185342,-10.8713,24.0808,-0.604723,15.24,1.553996,2.36477,-40.548118,-0.625925,-2.322171,9.242948,-4.662865,RIK,WAS_EDA,JinguStadium,Spring,Team,20200816-JinguStadium-2,f57974c0-df8a-11ea-87c6-2da02a938f7e,959729f8-9d3b-4184-a7b7-c10434da4ceb,v3,,,,"Hisashige, Iwamoto",1000074023,Right,WAS_EDA,147.17138,2.390595,,13.58205,,,,16.478613,-40.829483,4.621474,1.570889,-0.483982,-2.331433,-0.677786,2.43546,-1.161086,0.704353,0.975538,0.108547,281.250216,0.704353,32.884975,-5.486798,0.605321,-0.112458,0.018381,-0.002559,0.000405,-4.40E-05,0.975538,5.85567,-6.415467,0.798719,-0.152967,0.036695,-0.007227,0.00117,-0.00012,0.108547,24.280531,-1.343235,0.449009,-0.097101,0.023417,-0.004993,0.000855,-8.80E-05,,,,,,,,,,,,,,,,,,,,,,
2408,2020-08-16,15:39:56,2020-08-16,6:39:56,1,1,"Hayate, Nakagawa",1000074142,Right,RIK,"Kazuto, Yoshizawa",1000074012,Right,WAS_EDA,Undefined,5,Top,0,0,0,Fastball,Slider,BallCalled,Undefined,Undefined,,Undefined,0,0,,129.00047,5.873582,-4.707667,2187.650991,279.578867,3:15,0.31899,0.727089,1.86128,-110.3351,0.4291,17.1582,0.882582,-0.4312,117.36096,-2.139479,-3.501006,0.475285,,,,,,,,,,,,-11.9095,-2.5651,-0.617671,15.24,0.450584,2.822304,-35.224807,3.223307,-1.941998,6.271565,-10.224928,RIK,WAS_EDA,JinguStadium,Spring,Team,20200816-JinguStadium-2,4c212430-df8b-11ea-87c6-2da02a938f7e,959729f8-9d3b-4184-a7b7-c10434da4ceb,v3,,,,"Akihito, Takeba",1000074033,Right,RIK,127.6286,,,11.63951,,,,16.578436,-35.462307,3.135782,0.321188,3.610518,-5.112464,-0.725942,2.895846,-0.970999,,,,,,,,,,,,,,,,,,,,,,,,,,,,,,,,,,,,,,,,,,,,,,,,,,,,,
2409,2020-08-16,15:40:06,2020-08-16,6:40:06,1,2,"Hayate, Nakagawa",1000074142,Right,RIK,"Kazuto, Yoshizawa",1000074012,Right,WAS_EDA,Undefined,5,Top,0,1,0,Fastball,Splitter,InPlay,Undefined,GroundBall,GroundBall,Out,1,0,,129.18043,5.313551,-3.376776,1144.409165,277.275726,3:15,0.300186,0.761255,1.738477,-111.4029,-0.9339,30.6695,0.702167,0.107841,118.80851,-2.707693,-1.227988,0.474651,139.39425,0.972391,14.69414,2288.810507,,,,15.757388,,15.938767,0.430703,-17.5971,-2.755,-0.677247,15.24,0.428123,1.946097,-35.392577,2.854767,-2.926677,5.6883,-10.264847,RIK,WAS_EDA,JinguStadium,Spring,Team,20200816-JinguStadium-2,5232a380-df8b-11ea-87c6-2da02a938f7e,959729f8-9d3b-4184-a7b7-c10434da4ceb,v3,,,,"Akihito, Takeba",1000074033,Right,RIK,127.79903,0.718459,,10.37192,,,,16.702185,-35.626805,2.84415,0.30187,3.277443,-5.132424,-0.759863,2.066609,-1.463339,-0.059008,0.698752,-0.101651,281.138862,-0.056625,37.374889,-4.805984,,,,,,,0.700454,0.604393,-5.188009,,,,,,,-0.102996,9.862313,0.990124,,,,,,,,,,,,,,,,,,,,,,,,,,,,
2410,2020-08-16,15:40:33,2020-08-16,6:40:33,2,1,"Hayate, Nakagawa",1000074142,Right,RIK,"Moeto, Suzuki",1000074064,Left,WAS_EDA,Undefined,5,Top,1,0,0,Fastball,ChangeUp,InPlay,Undefined,GroundBall,,Out,1,0,,130.42758,5.237834,-3.779299,2247.30342,290.475935,3:45,0.291122,0.728832,1.679413,-118.235,-8.6631,31.4821,0.609141,-0.03512,119.58712,-3.235626,-1.582908,0.47272,128.46069,1.329175,6.056953,,,,,,,,,-18.2564,-6.7613,-0.630905,15.24,0.421323,2.208007,-35.70721,2.788072,-3.079914,6.011027,-10.947293,RIK,WAS_EDA,JinguStadium,Spring,Team,20200816-JinguStadium-2,62219e40-df8b-11ea-87c6-2da02a938f7e,959729f8-9d3b-4184-a7b7-c10434da4ceb,v3,,,,"Akihito, Takeba",1000074033,Right,RIK,128.32115,0.471933,,10.84045,,,,16.761381,-35.962411,3.005513,0.293089,3.252844,-5.473646,-0.727423,2.338766,-1.539957,0.225762,0.456055,0.122758,327.649077,0.225659,35.480221,-5.756224,,,,,,,0.457798,0.740608,-9.994811,,,,,,,0.121889,3.807704,2.652089,,,,,,,,,,,,,,,,,,,,,,,,,,,,
2411,2020-08-16,15:41:26,2020-08-16,6:41:26,3,1,"Hayate, Nakagawa",1000074142,Right,RIK,"Soma, Tokuyama",1000074011,Right,WAS_EDA,Undefined,5,Top,2,0,0,Fastball,ChangeUp,BallCalled,Undefined,Undefined,,Undefined,0,0,,127.58769,6.111802,-4.461965,2255.159272,256.73285,2:30,0.277043,0.705334,1.793497,-100.9372,13.2918,41.7263,1.00941,-0.142865,115.81195,-1.217626,-1.535454,0.482662,,,,,,,,,,,,-24.0883,3.7938,-0.598205,15.24,0.421393,2.52343,-34.824655,3.364092,-3.839473,6.125012,-9.201958,RIK,WAS_EDA,JinguStadium,Spring,Team,20200816-JinguStadium-2,81ff93c0-df8b-11ea-87c6-2da02a938f7e,959729f8-9d3b-4184-a7b7-c10434da4ceb,v3,,,,"Akihito, Takeba",1000074033,Right,RIK,125.67808,,,11.77574,,,,16.646237,-35.071114,3.062506,0.278578,3.734362,-4.600979,-0.702851,2.677923,-1.919737,,,,,,,,,,,,,,,,,,,,,,,,,,,,,,,,,,,,,,,,,,,,,,,,,,,,,
2412,2020-08-16,15:41:35,2020-08-16,6:41:35,3,2,"Hayate, Nakagawa",1000074142,Right,RIK,"Soma, Tokuyama",1000074011,Right,WAS_EDA,Undefined,5,Top,2,1,0,Fastball,ChangeUp,InPlay,Undefined,GroundBall,GroundBall,Out,1,0,,129.47685,4.918932,-4.083186,2221.500177,287.35138,3:30,0.305521,0.701115,1.811014,-118.4163,-8.0106,36.7052,0.519071,-0.088238,117.67442,-3.662263,-1.501838,0.474515,127.91861,-49.403065,7.324511,,,,,0.711601,,15.546654,0.009044,-21.7009,-6.604,-0.604342,15.24,0.417477,2.363352,-35.439248,2.600101,-3.567594,6.596161,-10.892337,RIK,WAS_EDA,JinguStadium,Spring,Team,20200816-JinguStadium-2,874b7920-df8b-11ea-87c6-2da02a938f7e,959729f8-9d3b-4184-a7b7-c10434da4ceb,v3,,,,"Akihito, Takeba",1000074033,Right,RIK,127.83569,0.243397,,11.80243,,,,16.629527,-35.696938,3.298081,0.307588,3.025628,-5.446168,-0.699393,2.502726,-1.783797,0.478278,0.243397,0.164875,,0.478278,22.933878,-1.6244,,,,,,,0.243397,-26.980268,7.582305,,,,,,,0.164875,2.947636,-9.890743,,,,,,,,,,,,,,,,,,,,,,,,,,,,
2413,2020-08-16,15:44:23,2020-08-16,6:44:23,1,1,"Soma, Tokuyama",1000074011,Right,WAS_EDA,"Kai, Tominaga",1000074173,Left,RIK,Undefined,5,Bottom,0,0,0,Slider,ChangeUp,InPlay,Undefined,GroundBall,GroundBall,Out,1,0,,132.70015,-0.859553,-2.166477,1245.38216,224.207132,1:30,1.581554,0.641303,1.800882,-71.0174,32.0938,28.397,0.628013,0.312066,122.91478,-6.050805,-0.15966,0.458572,100.96285,-81.92428,58.013138,,,,,0.975694,,-24.061833,0.01954,-16.0256,17.8953,-0.590311,15.24,1.555593,1.254206,-36.538978,-0.810174,-2.831715,6.277097,-6.64456,RIK,WAS_EDA,JinguStadium,Spring,Team,20200816-JinguStadium-2,eb409d70-df8b-11ea-87c6-2da02a938f7e,959729f8-9d3b-4184-a7b7-c10434da4ceb,v3,,,,"Hisashige, Iwamoto",1000074023,Right,WAS_EDA,132.28017,0.541877,,9.78537,,,,16.639502,-36.778615,3.138548,1.58168,-0.556508,-3.32228,-0.640255,1.362311,-1.415858,0.848625,0.541877,-0.460712,,0.848625,2.087302,3.933617,,,,,,,0.541877,-27.767248,1.804248,,,,,,,-0.460711,3.34131,-6.25924,,,,,,,,,,,,,,,,,,,,,,,,,,,,
2414,2020-08-16,15:45:01,2020-08-16,6:45:01,2,1,"Soma, Tokuyama",1000074011,Right,WAS_EDA,"Reo, Higashi",1000074110,Right,RIK,Undefined,5,Bottom,1,0,0,Curveball,Curveball,StrikeCalled,Undefined,Undefined,,Undefined,0,0,,113.36674,3.632946,-1.514232,2423.454733,22.540749,6:45,1.606718,0.56526,1.857877,-187.5503,-45.045,-20.5215,0.757126,-0.066938,104.35904,-9.905636,-2.970682,0.539101,,,,,,,,,,,,9.422,-24.4235,-0.528472,15.24,1.68044,0.905193,-31.178016,1.334343,1.192251,5.370566,-12.897168,RIK,WAS_EDA,JinguStadium,Spring,Team,20200816-JinguStadium-2,02018150-df8c-11ea-87c6-2da02a938f7e,959729f8-9d3b-4184-a7b7-c10434da4ceb,v3,,,,"Hisashige, Iwamoto",1000074023,Right,WAS_EDA,112.52068,,,9.0077,,,,16.583954,-31.408665,2.685283,1.61124,1.888237,-6.448584,-0.566248,0.85399,0.596126,,,,,,,,,,,,,,,,,,,,,,,,,,,,,,,,,,,,,,,,,,,,,,,,,,,,,
2415,2020-08-16,15:45:14,2020-08-16,6:45:14,2,2,"Soma, Tokuyama",1000074011,Right,WAS_EDA,"Reo, Higashi",1000074110,Right,RIK,Undefined,5,Bottom,1,0,1,Slider,Slider,BallCalled,Undefined,Undefined,,Undefined,0,0,,132.79156,0.524966,-4.457015,2053.212338,184.656934,12:15,1.572359,0.669077,1.788749,-96.9178,6.9506,0.3272,0.752264,-0.592075,122.83148,-6.47777,-4.434025,0.460253,,,,,,,,,,,,-3.0225,4.1305,-0.55893,15.24,1.578552,2.841218,-36.470107,-0.046322,-0.530652,6.430131,-9.08147,RIK,WAS_EDA,JinguStadium,Spring,Team,20200816-JinguStadium-2,09d63470-df8c-11ea-87c6-2da02a938f7e,959729f8-9d3b-4184-a7b7-c10434da4ceb,v3,,,,"Hisashige, Iwamoto",1000074023,Right,WAS_EDA,131.79712,,,9.96008,,,,16.651421,-36.718115,3.215066,1.573583,0.303947,-4.540735,-0.668909,2.861685,-0.265326,,,,,,,,,,,,,,,,,,,,,,,,,,,,,,,,,,,,,,,,,,,,,,,,,,,,,
2416,2020-08-16,15:45:31,2020-08-16,6:45:31,2,3,"Soma, Tokuyama",1000074011,Right,WAS_EDA,"Reo, Higashi",1000074110,Right,RIK,Undefined,5,Bottom,1,1,1,Slider,Slider,StrikeSwinging,Undefined,Undefined,,Undefined,0,0,,134.12816,-1.605356,-2.334946,,180.37163,12:00,1.590191,0.649757,1.820859,-91.1923,8.5562,0.0398,0.224163,-0.009973,126.08158,-8.165757,-2.33213,0.451033,,,,,,,,,,,,-1.2926,5.9846,-0.593437,15.24,1.545221,1.506946,-36.961859,-1.391593,-0.236182,5.699762,-8.713159,RIK,WAS_EDA,JinguStadium,Spring,Team,20200816-JinguStadium-2,13b25050-df8c-11ea-87c6-2da02a938f7e,959729f8-9d3b-4184-a7b7-c10434da4ceb,v3,,,,"Hisashige, Iwamoto",1000074023,Right,WAS_EDA,134.4914,,,8.04658,,,,16.619997,-37.174055,2.849881,1.59099,-1.067212,-4.35658,-0.649703,1.515739,-0.118091,,,,,,,,,,,,,,,,,,,,,,,,,,,,,,,,,,,,,,,,,,,,,,,,,,,,,
2417,2020-08-16,15:45:52,2020-08-16,6:45:52,2,4,"Soma, Tokuyama",1000074011,Right,WAS_EDA,"Reo, Higashi",1000074110,Right,RIK,Undefined,5,Bottom,1,1,2,Slider,Slider,InPlay,Undefined,FlyBall,LineDrive,Out,1,0,,135.43543,-0.538036,-2.798064,,151.728666,11:00,1.565428,0.637253,1.816302,-88.7195,12.9348,-4.9862,0.525977,-0.204081,122.42748,-7.029159,-3.150447,0.455321,137.59941,23.871315,18.794698,3898.143768,30.987989,11.818616,12.801222,81.424818,,29.023759,3.557772,0.2259,8.1355,-0.569186,15.24,1.546513,1.840517,-37.172352,-0.693637,0.040125,8.494331,-8.361845,RIK,WAS_EDA,JinguStadium,Spring,Team,20200816-JinguStadium-2,2046d570-df8c-11ea-87c6-2da02a938f7e,959729f8-9d3b-4184-a7b7-c10434da4ceb,v3,,,,"Hisashige, Iwamoto",1000074023,Right,WAS_EDA,133.22472,13.228246,,13.00795,,,,16.622887,-37.487027,4.247166,1.566471,-0.383871,-4.180922,-0.637341,1.83903,0.020062,0.583359,0.501158,0.197751,217.046235,0.583372,33.088283,-6.857563,1.585602,-0.345042,0.0688,-0.01129,0.001224,-6.10E-05,0.501157,15.467798,-5.111972,0.304814,-0.041282,0.004123,-0.000282,5.90E-05,-6.00E-06,0.197751,11.260908,-0.077184,0.004084,0.001429,-0.000603,0.000111,-1.30E-05,1.00E-06,,,,,,,,,,,,,,,,,,,,,,
2418,2020-08-16,15:46:27,2020-08-16,6:46:27,3,1,"Soma, Tokuyama",1000074011,Right,WAS_EDA,"Akihito, Takeba",1000074033,Right,RIK,Undefined,5,Bottom,2,0,0,Fastball,Four-Seam,StrikeSwinging,Undefined,Undefined,,Undefined,0,0,,147.23297,-1.019096,-4.115338,2255.14498,203.110788,12:45,1.552388,0.653051,1.841964,-32.5375,52.2002,21.1037,0.938659,-0.299227,134.05077,-3.506519,-2.62629,0.415712,,,,,,,,,,,,-13.72,28.3293,-0.556477,15.24,1.525947,2.797157,-40.405419,-0.816333,-2.926616,8.722425,-3.763717,RIK,WAS_EDA,JinguStadium,Spring,Team,20200816-JinguStadium-2,35630a00-df8c-11ea-87c6-2da02a938f7e,959729f8-9d3b-4184-a7b7-c10434da4ceb,v3,,,,"Hisashige, Iwamoto",1000074023,Right,WAS_EDA,145.91823,,,13.18221,,,,16.597208,-40.697349,4.361212,1.55116,-0.690366,-1.881858,-0.651734,2.895107,-1.463308,,,,,,,,,,,,,,,,,,,,,,,,,,,,,,,,,,,,,,,,,,,,,,,,,,,,,
2419,2020-08-16,15:46:41,2020-08-16,6:46:41,3,2,"Soma, Tokuyama",1000074011,Right,WAS_EDA,"Akihito, Takeba",1000074033,Right,RIK,Undefined,5,Bottom,2,0,1,Fastball,Four-Seam,StrikeCalled,Undefined,Undefined,,Undefined,0,0,,147.83261,-1.575673,-3.635621,2119.285436,216.992369,1:15,1.578632,0.674188,1.921817,-37.7277,45.5768,32.2505,0.757906,-0.025553,134.44955,-4.443451,-1.345157,0.412182,,,,,,,,,,,,-19.2965,25.6052,-0.594517,15.24,1.541072,2.416114,-40.597253,-1.23583,-4.1451,9.005685,-4.306373,RIK,WAS_EDA,JinguStadium,Spring,Team,20200816-JinguStadium-2,3dc38260-df8c-11ea-87c6-2da02a938f7e,959729f8-9d3b-4184-a7b7-c10434da4ceb,v3,,,,"Hisashige, Iwamoto",1000074023,Right,WAS_EDA,147.16807,,,13.38306,,,,16.517463,-40.87965,4.502842,1.577707,-1.100792,-2.153186,-0.672319,2.546095,-2.07255,,,,,,,,,,,,,,,,,,,,,,,,,,,,,,,,,,,,,,,,,,,,,,,,,,,,,
2420,2020-08-16,15:46:56,2020-08-16,6:46:56,3,3,"Soma, Tokuyama",1000074011,Right,WAS_EDA,"Akihito, Takeba",1000074033,Right,RIK,Undefined,5,Bottom,2,0,2,Slider,Slider,BallinDirt,Undefined,Undefined,,Undefined,0,0,,136.79745,-2.398458,-3.552616,,231.452847,1:45,1.578659,0.686847,1.792842,-88.3553,11.1435,9.7218,0.014521,-0.22279,124.86419,-8.801082,-2.866433,0.450468,,,,,,,,,,,,-7.7697,8.5306,-0.600039,15.24,1.513402,2.282805,-37.515774,-1.926373,-1.416397,8.121344,-8.251538,RIK,WAS_EDA,JinguStadium,Spring,Team,20200816-JinguStadium-2,46266bc0-df8c-11ea-87c6-2da02a938f7e,959729f8-9d3b-4184-a7b7-c10434da4ceb,v3,,,,"Hisashige, Iwamoto",1000074023,Right,WAS_EDA,134.66002,,,11.93326,,,,16.646848,-37.819099,4.060672,1.579596,-1.618185,-4.125769,-0.686288,2.335706,-0.708199,,,,,,,,,,,,,,,,,,,,,,,,,,,,,,,,,,,,,,,,,,,,,,,,,,,,,
2421,2020-08-16,15:47:19,2020-08-16,6:47:19,3,4,"Soma, Tokuyama",1000074011,Right,WAS_EDA,"Akihito, Takeba",1000074033,Right,RIK,Undefined,5,Bottom,2,1,2,Fastball,Four-Seam,FoulBall,Undefined,Undefined,FlyBall,Undefined,0,0,,151.33392,-0.707682,-4.578564,2189.402885,208.674655,1:00,1.573968,0.665422,1.819317,-28.4264,52.7182,27.2818,1.089072,-0.358363,136.57436,-2.911106,-2.658023,0.406803,125.74315,31.145075,147.340487,4255.771637,-29.901493,12.840418,15.166539,72.063177,,161.072373,3.01588,-17.485,28.3552,-0.556459,15.24,1.554922,3.173942,-41.47584,-0.59335,-3.896848,9.906114,-3.487174,RIK,WAS_EDA,JinguStadium,Spring,Team,20200816-JinguStadium-2,545280d0-df8c-11ea-87c6-2da02a938f7e,959729f8-9d3b-4184-a7b7-c10434da4ceb,v3,,,,"Hisashige, Iwamoto",1000074023,Right,WAS_EDA,149.11385,12.963473,,14.75956,,,,16.619795,-41.804092,4.953057,1.572669,-0.477798,-1.743587,-0.663771,3.303069,-1.948424,-0.27503,1.069006,0.391078,299.777769,-0.275031,-25.167528,1.565538,-0.363671,0.076221,-0.015832,0.002574,-0.000291,1.70E-05,1.069009,18.065213,-7.880364,0.985894,-0.221072,0.045217,-0.007545,0.000964,-6.20E-05,0.39108,16.132124,-4.249574,0.807509,-0.176516,0.035058,-0.006445,0.000822,-4.80E-05,,,,,,,,,,,,,,,,,,,,,,
2422,2020-08-16,15:47:47,2020-08-16,6:47:47,3,5,"Soma, Tokuyama",1000074011,Right,WAS_EDA,"Akihito, Takeba",1000074033,Right,RIK,Undefined,5,Bottom,2,1,2,Slider,Slider,InPlay,Undefined,GroundBall,GroundBall,Out,1,0,,137.00941,0.258305,-3.07871,,212.816662,1:00,1.57418,0.657775,1.796909,-86.7698,12.3864,5.7653,0.779684,-0.156618,124.10075,-6.085756,-2.672039,0.449691,145.65547,-8.261778,3.568677,,,,,3.834536,,8.191859,0.090336,-5.405,7.1474,-0.582592,15.24,1.5746,1.99468,-37.60841,-0.175438,-0.987646,8.33927,-8.500621,RIK,WAS_EDA,JinguStadium,Spring,Team,20200816-JinguStadium-2,64b57310-df8c-11ea-87c6-2da02a938f7e,959729f8-9d3b-4184-a7b7-c10434da4ceb,v3,,,,"Hisashige, Iwamoto",1000074023,Right,WAS_EDA,134.89253,0.603971,,12.90866,,,,16.642356,-37.918093,4.169635,1.575254,0.140237,-4.250311,-0.657346,2.031357,-0.493823,0.207995,0.603971,0.263672,305.560378,0.207944,39.969753,-2.843108,,,,,,,0.603991,-5.816843,-9.624252,,,,,,,0.263657,2.494522,7.032457,,,,,,,,,,,,,,,,,,,,,,,,,,,,
2423,2020-08-16,15:51:55,2020-08-16,6:51:55,1,1,"Hayate, Nakagawa",1000074142,Right,RIK,"Toyo, Kumada",1000089879,Left,WAS_EDA,Undefined,6,Top,0,0,0,Fastball,ChangeUp,BallCalled,Undefined,Undefined,,Undefined,0,0,,129.01577,6.124954,-2.224467,2288.972536,276.718536,3:15,0.336567,0.760863,1.834492,-110.0346,0.3122,24.5201,0.973357,0.377733,117.67734,-1.864483,-0.494817,0.474389,,,,,,,,,,,,-13.9245,-2.7258,-0.709261,15.24,0.476327,1.258805,-35.312538,3.374438,-2.287911,6.13883,-10.254525,RIK,WAS_EDA,JinguStadium,Spring,Team,20200816-JinguStadium-2,f8cecf60-df8c-11ea-87c6-2da02a938f7e,959729f8-9d3b-4184-a7b7-c10434da4ceb,v3,,,,"Akihito, Takeba",1000074033,Right,RIK,127.86978,,,11.33843,,,,16.60545,-35.549119,3.069415,0.338666,3.769631,-5.127262,-0.759472,1.346978,-1.143956,,,,,,,,,,,,,,,,,,,,,,,,,,,,,,,,,,,,,,,,,,,,,,,,,,,,,
2424,2020-08-16,15:52:05,2020-08-16,6:52:05,1,2,"Hayate, Nakagawa",1000074142,Right,RIK,"Toyo, Kumada",1000089879,Left,WAS_EDA,Undefined,6,Top,0,1,0,Fastball,ChangeUp,BallCalled,Undefined,Undefined,,Undefined,0,0,,128.31613,6.309989,-2.28066,2322.477456,271.23763,3:00,0.303563,0.786686,1.709727,-110.1468,2.3043,30.9637,1.006006,0.447133,117.91309,-1.607539,-0.11349,0.478891,,,,,,,,,,,,-16.9467,-1.5886,-0.729693,15.24,0.460107,1.252907,-35.121867,3.446849,-2.779225,5.519341,-10.067184,RIK,WAS_EDA,JinguStadium,Spring,Team,20200816-JinguStadium-2,fe650430-df8c-11ea-87c6-2da02a938f7e,959729f8-9d3b-4184-a7b7-c10434da4ceb,v3,,,,"Akihito, Takeba",1000074033,Right,RIK,126.66776,,,10.40304,,,,16.730738,-35.355358,2.759671,0.305283,3.872732,-5.033592,-0.785183,1.37048,-1.389613,,,,,,,,,,,,,,,,,,,,,,,,,,,,,,,,,,,,,,,,,,,,,,,,,,,,,
2425,2020-08-16,15:52:17,2020-08-16,6:52:17,1,3,"Hayate, Nakagawa",1000074142,Right,RIK,"Toyo, Kumada",1000089879,Left,WAS_EDA,Undefined,6,Top,0,2,0,Fastball,Slider,FoulBall,Undefined,Undefined,Popup,Undefined,0,0,,129.73065,4.823046,-2.973107,2319.88236,284.765437,3:30,0.294037,0.745042,1.749364,-112.5194,-2.2254,21.0534,0.542753,0.111027,118.30008,-3.313422,-1.495761,0.474275,100.38765,34.961824,-121.754364,4935.264958,-20.064299,8.532735,-26.861677,49.191109,,-129.972578,2.525096,-12.7471,-3.4742,-0.671189,15.24,0.408426,1.748275,-35.545984,2.55717,-2.114493,6.450977,-10.382953,RIK,WAS_EDA,JinguStadium,Spring,Team,20200816-JinguStadium-2,05dbb8d0-df8d-11ea-87c6-2da02a938f7e,959729f8-9d3b-4184-a7b7-c10434da4ceb,v3,,,,"Akihito, Takeba",1000074033,Right,RIK,127.9004,9.593705,,11.43058,,,,16.690929,-35.808335,3.225489,0.295844,2.979427,-5.191476,-0.744037,1.834267,-1.057247,0.121128,0.532432,-0.115862,36.563303,0.121128,-12.027093,-0.327421,0.070038,-0.014588,0.002755,-0.000438,5.80E-05,-4.00E-06,0.532433,15.979168,-7.842109,0.854091,-0.176583,0.033105,-0.004389,0.000558,-4.70E-05,-0.115862,-19.432261,1.976269,-0.127179,0.021659,0.000428,0.000528,-0.000259,2.50E-05,,,,,,,,,,,,,,,,,,,,,,
2426,2020-08-16,15:52:36,2020-08-16,6:52:36,1,4,"Hayate, Nakagawa",1000074142,Right,RIK,"Toyo, Kumada",1000089879,Left,WAS_EDA,Undefined,6,Top,0,2,1,Fastball,ChangeUp,InPlay,Undefined,GroundBall,GroundBall,Out,1,0,,131.73427,4.89754,-4.238046,2248.469847,285.019174,3:30,0.30879,0.763203,1.814359,-111.5504,-6.1184,33.6845,0.584877,-0.100124,121.04094,-3.161174,-1.869629,0.463704,149.40945,-1.806778,17.987061,,,,,1.811329,,29.791503,0.032299,-19.9274,-5.3337,-0.662691,15.24,0.420396,2.521758,-36.092167,2.664747,-3.439784,6.04433,-10.727337,RIK,WAS_EDA,JinguStadium,Spring,Team,20200816-JinguStadium-2,10d46840-df8d-11ea-87c6-2da02a938f7e,959729f8-9d3b-4184-a7b7-c10434da4ceb,v3,,,,"Akihito, Takeba",1000074033,Right,RIK,130.81615,0.055714,,10.69334,,,,16.626537,-36.323627,3.022165,0.310487,3.075537,-5.363668,-0.76178,2.65348,-1.719892,0.300944,0.055714,0.48223,,0.300941,39.455678,-3.229393,,,,,,,0.055715,-1.308997,-12.884071,,,,,,,0.482228,12.810287,3.801752,,,,,,,,,,,,,,,,,,,,,,,,,,,,
2427,2020-08-16,15:53:05,2020-08-16,6:53:05,2,1,"Hayate, Nakagawa",1000074142,Right,RIK,"Ginsuke, Kaneko",1000073884,Right,WAS_EDA,Undefined,6,Top,1,0,0,Curveball,Curveball,BallCalled,Undefined,Undefined,,Undefined,0,0,,97.18722,6.253231,-0.560654,1077.091649,145.246787,10:45,0.239174,0.607502,1.598279,-168.8968,32.9757,-18.5403,0.348643,0.261497,88.45026,-5.933651,-1.849146,0.641643,,,,,,,,,,,,8.7964,13.8946,-0.590082,15.24,0.400015,0.329945,-26.540784,2.389579,0.810575,3.721251,-8.526293,RIK,WAS_EDA,JinguStadium,Spring,Team,20200816-JinguStadium-2,22568620-df8d-11ea-87c6-2da02a938f7e,959729f8-9d3b-4184-a7b7-c10434da4ceb,v3,,,,"Akihito, Takeba",1000074033,Right,RIK,94.53861,,,8.73696,,,,16.840358,-26.764227,1.860626,0.241161,2.901543,-4.263146,-0.608433,0.281274,0.405287,,,,,,,,,,,,,,,,,,,,,,,,,,,,,,,,,,,,,,,,,,,,,,,,,,,,,
2428,2020-08-16,15:53:16,2020-08-16,6:53:16,2,2,"Hayate, Nakagawa",1000074142,Right,RIK,"Ginsuke, Kaneko",1000073884,Right,WAS_EDA,Undefined,6,Top,1,1,0,Fastball,ChangeUp,InPlay,Undefined,FlyBall,LineDrive,Triple,0,0,,129.76934,5.309482,-3.076033,2288.818359,254.95232,2:30,0.287748,0.718919,1.836136,-97.4188,11.0987,30.0191,0.818865,0.149931,118.87844,-1.780872,-0.958836,0.47044,135.00862,26.376251,26.123916,4971.027374,28.599151,13.356759,17.498921,78.364303,,40.295072,3.66707,-17.387,3.2571,-0.647485,15.24,0.40846,1.777012,-35.559795,2.949133,-2.906467,6.018374,-9.262183,RIK,WAS_EDA,JinguStadium,Spring,Team,20200816-JinguStadium-2,28bcdc30-df8d-11ea-87c6-2da02a938f7e,959729f8-9d3b-4184-a7b7-c10434da4ceb,v3,,,,"Akihito, Takeba",1000074033,Right,RIK,128.94298,14.618556,,10.8909,,,,16.604191,-35.789935,3.009187,0.288915,3.303315,-4.631092,-0.717562,1.888154,-1.453234,0.184048,0.789013,-0.143162,228.445661,0.184127,30.162679,-6.771522,1.41345,-0.255022,0.033829,-0.002931,0.000132,-1.00E-06,0.788963,16.663183,-5.60451,0.48655,-0.127265,0.036049,-0.007631,0.001024,-6.10E-05,-0.143247,14.797451,0.098274,-0.156523,0.00135,0.016461,-0.006119,0.000964,-5.90E-05,,,,,,,,,,,,,,,,,,,,,,
2429,2020-08-16,15:54:09,2020-08-16,6:54:09,3,1,"Hayate, Nakagawa",1000074142,Right,RIK,"Takuya, Nakagawa",1000074092,Left,WAS_EDA,Undefined,6,Top,1,0,0,Fastball,ChangeUp,FoulBall,Undefined,Undefined,GroundBall,Undefined,0,0,,128.66287,4.7876,-2.580192,1312.704646,250.33743,2:15,0.32394,0.733744,1.646342,-108.196,6.4052,7.39,0.613928,0.070228,116.2734,-3.032188,-2.064773,0.483447,133.01422,-2.486092,43.96008,,,,,7.148103,,43.667566,0.180337,-5.6638,0.6187,-0.664293,15.24,0.445251,1.551039,-35.207156,2.512584,-0.91276,6.924096,-9.706946,RIK,WAS_EDA,JinguStadium,Spring,Team,20200816-JinguStadium-2,489ddef0-df8d-11ea-87c6-2da02a938f7e,959729f8-9d3b-4184-a7b7-c10434da4ceb,v3,,,,"Akihito, Takeba",1000074033,Right,RIK,125.47384,0.276783,,12.38947,,,,16.793418,-35.511349,3.462048,0.325499,2.939034,-4.853473,-0.733314,1.591139,-0.45638,0.519492,0.276783,0.219574,,0.519461,26.573574,-4.335503,,,,,,,0.276733,-1.599093,0.360132,,,,,,,0.219431,25.634289,2.874064,,,,,,,,,,,,,,,,,,,,,,,,,,,,
2430,2020-08-16,15:54:38,2020-08-16,6:54:38,3,2,"Hayate, Nakagawa",1000074142,Right,RIK,"Takuya, Nakagawa",1000074092,Left,WAS_EDA,Undefined,6,Top,1,0,1,Sinker,ChangeUp,BallCalled,Undefined,Undefined,,Undefined,0,0,,135.8265,3.73868,-2.662787,2187.779818,283.433545,3:30,0.312537,0.796705,1.581856,-111.0289,-8.4748,48.7705,0.276929,0.520356,123.84249,-4.208219,0.731361,0.457332,,,,,,,,,,,,-26.0985,-5.845,-0.725996,15.24,0.408355,1.476153,-37.252073,1.930079,-4.746754,7.201043,-10.869734,RIK,WAS_EDA,JinguStadium,Spring,Team,20200816-JinguStadium-2,59be54d0-df8d-11ea-87c6-2da02a938f7e,959729f8-9d3b-4184-a7b7-c10434da4ceb,v3,,,,"Akihito, Takeba",1000074033,Right,RIK,132.63897,,,11.98401,,,,16.858695,-37.563673,3.600521,0.314661,2.400429,-5.434867,-0.794316,1.681553,-2.373377,,,,,,,,,,,,,,,,,,,,,,,,,,,,,,,,,,,,,,,,,,,,,,,,,,,,,
2431,2020-08-16,15:54:58,2020-08-16,6:54:58,3,3,"Hayate, Nakagawa",1000074142,Right,RIK,"Takuya, Nakagawa",1000074092,Left,WAS_EDA,Undefined,6,Top,1,1,1,Sinker,ChangeUp,BallCalled,Undefined,Undefined,,Undefined,0,0,,134.93054,4.224616,-2.601678,2423.454733,284.093864,3:30,0.325327,0.771151,1.737869,-109.3822,-7.7616,42.8771,0.434751,0.460515,123.42417,-3.669229,0.409577,0.455245,,,,,,,,,,,,-23.3103,-5.6643,-0.707779,15.24,0.425474,1.468296,-37.025225,2.273238,-4.205844,6.82635,-10.828652,RIK,WAS_EDA,JinguStadium,Spring,Team,20200816-JinguStadium-2,65863b20-df8d-11ea-87c6-2da02a938f7e,959729f8-9d3b-4184-a7b7-c10434da4ceb,v3,,,,"Akihito, Takeba",1000074033,Right,RIK,133.24681,,,11.50636,,,,16.702559,-37.293903,3.413175,0.327614,2.699442,-5.414326,-0.768827,1.633833,-2.102922,,,,,,,,,,,,,,,,,,,,,,,,,,,,,,,,,,,,,,,,,,,,,,,,,,,,,
2432,2020-08-16,15:55:19,2020-08-16,6:55:19,3,4,"Hayate, Nakagawa",1000074142,Right,RIK,"Takuya, Nakagawa",1000074092,Left,WAS_EDA,Undefined,6,Top,1,2,1,Fastball,ChangeUp,InPlay,Undefined,FlyBall,FlyBall,Out,1,1,,134.24335,5.149659,-3.429872,2389.377865,283.779341,3:30,0.311103,0.758757,1.699258,-109.4275,-6.2428,37.459,0.689443,0.155754,122.92438,-2.711887,-0.810934,0.458735,149.85041,31.677536,8.526937,2789.497374,33.147972,19.153955,5.033523,109.990001,,8.729336,5.230502,-21.1782,-5.6264,-0.671778,15.24,0.43803,2.021568,-36.770926,2.857306,-3.783743,6.466131,-10.811883,RIK,WAS_EDA,JinguStadium,Spring,Team,20200816-JinguStadium-2,726313e0-df8d-11ea-87c6-2da02a938f7e,959729f8-9d3b-4184-a7b7-c10434da4ceb,v3,,,,"Akihito, Takeba",1000074033,Right,RIK,132.23309,26.812638,,11.31897,,,,16.741561,-37.034032,3.233066,0.312815,3.297242,-5.405942,-0.757168,2.175528,-1.891872,0.439188,0.68439,-0.158727,185.512706,0.439597,35.023912,-6.555929,1.541873,-0.300206,0.049786,-0.006754,0.000626,-2.70E-05,0.684248,21.861119,-4.96884,0.175047,0.01347,-0.014786,0.003884,-0.000427,1.80E-05,-0.158807,5.253943,-0.602905,0.050835,0.004934,-0.00291,0.000463,-3.60E-05,1.00E-06,,,,,,,,,,,,,,,,,,,,,,
2433,2020-08-16,15:56:02,2020-08-16,6:56:02,4,1,"Hayate, Nakagawa",1000074142,Right,RIK,"Kotaro, Takizawa",1000073989,Left,WAS_EDA,Undefined,6,Top,2,0,0,Fastball,Splitter,InPlay,Undefined,FlyBall,LineDrive,Error,0,0,,131.39975,5.435679,-4.969256,1043.431692,294.421586,3:45,0.316108,0.736717,1.773809,-125.6693,-17.1711,45.697,0.610251,-0.218048,118.73861,-3.627199,-1.769646,0.470398,138.41796,25.465434,25.524475,1466.274261,29.496485,11.995494,15.939861,84.060605,,31.868849,3.399041,-26.9041,-11.7139,-0.615867,15.24,0.443518,2.903732,-35.880414,2.917213,-4.516556,7.003879,-11.773136,RIK,WAS_EDA,JinguStadium,Spring,Team,20200816-JinguStadium-2,8bbe51b0-df8d-11ea-87c6-2da02a938f7e,959729f8-9d3b-4184-a7b7-c10434da4ceb,v3,,,,"Akihito, Takeba",1000074033,Right,RIK,128.95453,13.262436,,12.66114,,,,16.666881,-36.157869,3.50194,0.318717,3.3836,-5.886568,-0.734441,3.082653,-2.258278,0.409841,0.548325,0.204771,231.876343,0.409844,31.325711,-5.22068,1.095871,-0.225412,0.041508,-0.006634,0.00077,-4.30E-05,0.548329,16.531825,-5.979441,0.492789,-0.087122,0.013403,-0.001231,0.000111,-8.00E-06,0.20477,14.958159,-0.359464,-0.152793,0.058504,-0.015759,0.002514,-0.000238,1.10E-05,,,,,,,,,,,,,,,,,,,,,,
2434,2020-08-16,15:57:14,2020-08-16,6:57:14,5,1,"Hayate, Nakagawa",1000074142,Right,RIK,"Hisashige, Iwamoto",1000074023,Right,WAS_EDA,Undefined,6,Top,2,0,0,Curveball,Curveball,BallCalled,Undefined,Undefined,,Undefined,0,0,,101.56229,6.718821,1.203487,,148.138434,11:00,0.220145,0.640736,1.716276,-159.7602,24.0143,-11.1317,0.542506,0.871723,91.52468,-4.907597,0.424539,0.612206,,,,,,,,,,,,6.6474,8.3675,-0.671021,15.24,0.382888,-0.541938,-27.718653,2.786121,0.661793,4.418506,-8.97361,RIK,WAS_EDA,JinguStadium,Spring,Team,20200816-JinguStadium-2,b6f53f10-df8d-11ea-87c6-2da02a938f7e,959729f8-9d3b-4184-a7b7-c10434da4ceb,v3,,,,"Akihito, Takeba",1000074033,Right,RIK,99.08436,,,10.03761,,,,16.723492,-27.954129,2.209253,0.221663,3.264354,-4.486805,-0.6412,-0.577207,0.330897,,,,,,,,,,,,,,,,,,,,,,,,,,,,,,,,,,,,,,,,,,,,,,,,,,,,,
2435,2020-08-16,15:57:53,2020-08-16,6:57:53,5,2,"Hayate, Nakagawa",1000074142,Right,RIK,"Hisashige, Iwamoto",1000074023,Right,WAS_EDA,Undefined,6,Top,2,1,0,Slider,Other,InPlay,Undefined,FlyBall,FlyBall,Out,1,0,,118.80885,5.686589,-2.948266,,128.171358,10:15,0.27997,0.738063,1.711459,-121.5394,10.0066,-8.1867,0.68972,-0.183236,109.1422,-3.077484,-3.520397,0.517957,125.67063,38.191361,-16.573579,4220.002806,31.847533,22.419835,-10.481448,81.307946,,-21.77653,4.990509,2.3391,2.505,-0.660621,15.24,0.419063,1.709741,-32.522576,2.802971,0.327414,4.97824,-9.456007,RIK,WAS_EDA,JinguStadium,Spring,Team,20200816-JinguStadium-2,ce0bbd00-df8d-11ea-87c6-2da02a938f7e,959729f8-9d3b-4184-a7b7-c10434da4ceb,v3,,,,"Akihito, Takeba",1000074033,Right,RIK,117.11406,25.363284,,9.66664,,,,16.728896,-32.749689,2.48912,0.281348,3.234364,-4.728004,-0.738281,1.694804,0.163707,0.803376,0.645886,0.179197,168.712513,0.803612,26.291534,-5.546937,1.328811,-0.233765,0.031659,-0.003845,0.000404,-2.20E-05,0.645821,21.584597,-5.100435,0.211136,-0.020867,-0.00101,0.000944,-8.00E-05,0,0.179185,-7.82589,0.783675,-0.171376,0.02965,-0.004513,0.000696,-8.30E-05,4.00E-06,,,,,,,,,,,,,,,,,,,,,,
2436,2020-08-16,16:00:14,2020-08-16,7:00:14,1,1,"Soma, Tokuyama",1000074011,Right,WAS_EDA,"Hayate, Nakagawa",1000074142,Left,RIK,Undefined,6,Bottom,0,0,0,Slider,ChangeUp,FoulBall,Undefined,Undefined,,Undefined,0,0,,131.4938,0.069606,-3.798378,,237.300331,2:00,1.562973,0.649312,1.753823,-80.3548,25.1271,34.7006,0.779218,-0.082977,122.07214,-5.761585,-1.358982,0.463814,,,,,,,,,,,,-20.1429,13.6076,-0.555844,15.24,1.558762,2.244936,-36.169778,-0.263056,-3.502401,5.873355,-7.440584,RIK,WAS_EDA,JinguStadium,Spring,Team,20200816-JinguStadium-2,22139440-df8e-11ea-87c6-2da02a938f7e,959729f8-9d3b-4184-a7b7-c10434da4ceb,v3,,,,"Hisashige, Iwamoto",1000074023,Right,WAS_EDA,130.78526,,,9.42166,,,,16.686932,-36.403976,2.936677,1.563336,0.033636,-3.720292,-0.648145,2.384594,-1.7512,,,,,,,,,,,,,,,,,,,,,,,,,,,,,,,,,,,,,,,,,,,,,,,,,,,,,
2437,2020-08-16,16:00:36,2020-08-16,7:00:36,1,2,"Soma, Tokuyama",1000074011,Right,WAS_EDA,"Hayate, Nakagawa",1000074142,Left,RIK,Undefined,6,Bottom,0,0,1,Fastball,Four-Seam,BallCalled,Undefined,Undefined,,Undefined,0,0,,145.86813,-0.749635,-1.573052,2019.545425,208.656522,1:00,1.558159,0.685474,1.907127,-42.5868,42.2055,21.6612,0.921511,0.459862,133.73915,-3.949987,-0.032363,0.415846,,,,,,,,,,,,-12.2599,23.1839,-0.651098,15.24,1.538622,0.995687,-40.158854,-0.668003,-2.596622,8.206274,-4.896338,RIK,WAS_EDA,JinguStadium,Spring,Team,20200816-JinguStadium-2,2f1e33c0-df8e-11ea-87c6-2da02a938f7e,959729f8-9d3b-4184-a7b7-c10434da4ceb,v3,,,,"Hisashige, Iwamoto",1000074023,Right,WAS_EDA,145.87122,,,12.12898,,,,16.532424,-40.422092,4.103137,1.557531,-0.51094,-2.448169,-0.684373,1.078981,-1.298311,,,,,,,,,,,,,,,,,,,,,,,,,,,,,,,,,,,,,,,,,,,,,,,,,,,,,
2438,2020-08-16,16:00:49,2020-08-16,7:00:49,1,3,"Soma, Tokuyama",1000074011,Right,WAS_EDA,"Hayate, Nakagawa",1000074142,Left,RIK,Undefined,6,Bottom,0,1,1,Fastball,Four-Seam,FoulBall,Undefined,Undefined,,Undefined,0,0,,147.4091,-0.864197,-3.024698,1989.712321,220.169921,1:15,1.587497,0.691467,1.999411,-41.6062,41.0269,32.3938,0.929585,0.169386,134.3973,-4.018672,-0.710547,0.410518,125.34135,54.845336,-68.68142,2610.68298,,,,,,,,-19.1799,22.9621,-0.62942,15.24,1.567122,1.988677,-40.54833,-0.742885,-4.116599,8.856253,-4.878272,RIK,WAS_EDA,JinguStadium,Spring,Team,20200816-JinguStadium-2,3720ada0-df8e-11ea-87c6-2da02a938f7e,959729f8-9d3b-4184-a7b7-c10434da4ceb,v3,,,,"Hisashige, Iwamoto",1000074023,Right,WAS_EDA,147.76469,30.454947,,13.0118,,,,16.440359,-40.809661,4.428126,1.586919,-0.598937,-2.439136,-0.689894,2.11015,-2.0583,0.178426,0.578308,0.058591,147.409578,0.178425,7.288486,-4.280054,1.354811,-0.335566,0.069231,-0.010319,0.000586,6.10E-05,0.578308,28.466378,-7.544211,0.77086,-0.122772,0.012896,-0.000137,-0.000301,6.30E-05,0.058591,-18.675317,1.969192,-0.210146,-0.007327,0.013889,-0.004976,0.001194,-0.00013,,,,,,,,,,,,,,,,,,,,,,
2439,2020-08-16,16:01:07,2020-08-16,7:01:07,1,4,"Soma, Tokuyama",1000074011,Right,WAS_EDA,"Hayate, Nakagawa",1000074142,Left,RIK,Undefined,6,Bottom,0,1,2,Splitter,ChangeUp,FoulBall,Undefined,Undefined,,Undefined,0,0,,136.34927,-0.914692,-3.632544,1447.155063,230.936608,1:45,1.570755,0.682514,1.824443,-62.6881,35.8148,40.3211,0.684934,0.058164,124.91326,-5.542804,-0.784485,0.448208,,,,,,,,,,,,-23.4579,19.9835,-0.597839,15.24,1.544546,2.193109,-37.470505,-0.826537,-4.315795,7.299631,-6.130075,RIK,WAS_EDA,JinguStadium,Spring,Team,20200816-JinguStadium-2,41de28d0-df8e-11ea-87c6-2da02a938f7e,959729f8-9d3b-4184-a7b7-c10434da4ceb,v3,,,,"Hisashige, Iwamoto",1000074023,Right,WAS_EDA,135.33906,,,11.43601,,,,16.615902,-37.737593,3.649815,1.570685,-0.602242,-3.065038,-0.680972,2.351021,-2.157897,,,,,,,,,,,,,,,,,,,,,,,,,,,,,,,,,,,,,,,,,,,,,,,,,,,,,
2440,2020-08-16,16:01:34,2020-08-16,7:01:34,1,5,"Soma, Tokuyama",1000074011,Right,WAS_EDA,"Hayate, Nakagawa",1000074142,Left,RIK,Undefined,6,Bottom,0,1,2,Slider,Slider,StrikeSwinging,Strikeout,Undefined,,Undefined,0,0,,134.79628,-0.650691,-3.275614,,202.936508,12:45,1.585651,0.65564,1.8181,-84.6833,14.3073,5.0159,0.554619,-0.220927,126.19665,-6.770419,-2.921344,0.449316,,,,,,,,,,,,-4.3919,8.4975,-0.576767,15.24,1.564141,2.10164,-37.118897,-0.75161,-0.808771,5.795479,-8.241837,RIK,WAS_EDA,JinguStadium,Spring,Team,20200816-JinguStadium-2,52060de0-df8e-11ea-87c6-2da02a938f7e,959729f8-9d3b-4184-a7b7-c10434da4ceb,v3,,,,"Hisashige, Iwamoto",1000074023,Right,WAS_EDA,135.00528,,,8.59964,,,,16.622448,-37.334119,2.897739,1.586369,-0.44554,-4.120918,-0.655371,2.131675,-0.404385,,,,,,,,,,,,,,,,,,,,,,,,,,,,,,,,109.74628,3.000132,2.074375,0.925757,-0.187075,0.479672,0.252435,1.301957,1.487112,-0.886364,19.876913,1.597034,-18.155569,1.311225,21.030061,-1.048131,1.497674,3.639152,-3.808248,-0.931826,-21.155179,2.728467
2441,2020-08-16,16:02:05,2020-08-16,7:02:05,2,1,"Soma, Tokuyama",1000074011,Right,WAS_EDA,"Shintarou, Miya",1000074185,Right,RIK,Undefined,6,Bottom,1,0,0,Fastball,Four-Seam,FoulBall,Undefined,Undefined,,Undefined,0,0,,145.69277,-2.566194,-3.368191,2053.204712,212.499675,1:00,1.571754,0.647316,1.971947,-39.3391,45.0355,27.0772,0.458302,-0.025833,134.11682,-5.530727,-1.438197,0.414821,,,,,,,,,,,,-16.475,26.1047,-0.576321,15.24,1.514355,2.232744,-40.056689,-1.922347,-3.481705,7.933147,-4.289853,RIK,WAS_EDA,JinguStadium,Spring,Team,20200816-JinguStadium-2,646d3490-df8e-11ea-87c6-2da02a938f7e,959729f8-9d3b-4184-a7b7-c10434da4ceb,v3,,,,"Hisashige, Iwamoto",1000074023,Right,WAS_EDA,146.23188,,,11.57595,,,,16.468338,-40.299225,3.966574,1.571121,-1.791196,-2.144926,-0.646209,2.339188,-1.740852,,,,,,,,,,,,,,,,,,,,,,,,,,,,,,,,,,,,,,,,,,,,,,,,,,,,,
2442,2020-08-16,16:02:31,2020-08-16,7:02:31,2,2,"Soma, Tokuyama",1000074011,Right,WAS_EDA,"Shintarou, Miya",1000074185,Right,RIK,Undefined,6,Bottom,1,0,1,Slider,Slider,FoulBall,Undefined,Undefined,GroundBall,Undefined,0,0,,133.66881,-0.486297,-2.178512,,26.957804,7:00,1.577141,0.64453,1.792881,-103.7992,0.2237,-1.7016,0.401401,0.010593,121.65447,-8.017941,-2.298802,0.460595,76.40132,29.027494,-56.610869,2861.032555,,,,28.668281,,-55.505393,1.637381,-0.8616,1.4953,-0.590801,15.24,1.557997,1.405111,-36.72694,-0.725421,-0.150145,7.951826,-9.546075,RIK,WAS_EDA,JinguStadium,Spring,Team,20200816-JinguStadium-2,73788610-df8e-11ea-87c6-2da02a938f7e,959729f8-9d3b-4184-a7b7-c10434da4ceb,v3,,,,"Hisashige, Iwamoto",1000074023,Right,WAS_EDA,131.69928,3.931835,,12.01434,,,,16.646816,-37.03028,3.975913,1.578724,-0.361265,-4.773037,-0.644512,1.410839,-0.075073,1.128453,-0.030453,-0.545105,6.827529,1.128453,10.2122,-0.539116,-0.054481,0.021456,-0.008196,0.000251,0.000307,-3.40E-05,-0.030453,10.297819,-7.182336,0.734976,-0.147108,0.024282,-0.002672,0.00101,-0.000198,-0.545105,-15.494011,0.60976,0.20831,-0.063844,0.019459,-0.001191,-0.00035,3.00E-05,,,,,,,,,,,,,,,,,,,,,,
2443,2020-08-16,16:03:00,2020-08-16,7:03:00,2,3,"Soma, Tokuyama",1000074011,Right,WAS_EDA,"Shintarou, Miya",1000074185,Right,RIK,Undefined,6,Bottom,1,0,2,Fastball,Four-Seam,StrikeSwinging,Strikeout,Undefined,,Undefined,0,0,,148.13153,-0.72938,-4.222705,2053.204687,208.867619,1:00,1.576781,0.664271,1.904055,-30.1654,53.8929,28.0362,1.069524,-0.244557,133.21189,-3.0825,-2.236917,0.414042,,,,,,,,,,,,-17.806,29.2736,-0.569926,15.24,1.558312,2.853086,-40.614989,-0.593441,-3.788871,9.848643,-3.577648,RIK,WAS_EDA,JinguStadium,Spring,Team,20200816-JinguStadium-2,84e34b60-df8e-11ea-87c6-2da02a938f7e,959729f8-9d3b-4184-a7b7-c10434da4ceb,v3,,,,"Hisashige, Iwamoto",1000074023,Right,WAS_EDA,146.50674,,,14.91964,,,,16.534643,-40.92772,4.924321,1.575352,-0.479837,-1.788824,-0.662433,2.973397,-1.894435,,,,,,,,,,,,,,,,,,,,,,,,,,,,,,,,,,,,,,,,,,,,,,,,,,,,,
2444,2020-08-16,16:03:36,2020-08-16,7:03:36,3,1,"Soma, Tokuyama",1000074011,Right,WAS_EDA,"Hidetake, Ohta",1000074058,Right,RIK,Undefined,6,Bottom,2,0,0,Slider,Slider,StrikeSwinging,Undefined,Undefined,,Undefined,0,0,,133.76616,-0.832728,-3.098368,,141.108242,10:45,1.569039,0.672454,1.806438,-97.3901,7.6323,-2.9514,0.359271,-0.23417,120.42948,-7.939832,-3.306842,0.462803,,,,,,,,,,,,-1.2185,5.824,-0.596707,15.24,1.542231,1.999413,-36.676216,-0.914867,-0.209396,8.6593,-8.805817,RIK,WAS_EDA,JinguStadium,Spring,Team,20200816-JinguStadium-2,9aa7cde0-df8e-11ea-87c6-2da02a938f7e,959729f8-9d3b-4184-a7b7-c10434da4ceb,v3,,,,"Hisashige, Iwamoto",1000074023,Right,WAS_EDA,131.07102,,,13.33668,,,,16.632366,-37.003496,4.32965,1.570519,-0.582051,-4.402909,-0.672425,2.007327,-0.104698,,,,,,,,,,,,,,,,,,,,,,,,,,,,,,,,,,,,,,,,,,,,,,,,,,,,,
2445,2020-08-16,16:03:51,2020-08-16,7:03:51,3,2,"Soma, Tokuyama",1000074011,Right,WAS_EDA,"Hidetake, Ohta",1000074058,Right,RIK,Undefined,6,Bottom,2,0,1,Slider,Slider,BallCalled,Undefined,Undefined,,Undefined,0,0,,135.97156,-0.293714,-3.925725,,205.726924,12:45,1.580824,0.621695,1.782779,-84.8096,14.5222,5.5829,0.649345,-0.436081,125.32001,-6.445193,-3.532868,0.45009,,,,,,,,,,,,-5.455,8.5559,-0.524682,15.24,1.56757,2.536371,-37.351081,-0.530225,-1.001362,6.965725,-8.236053,RIK,WAS_EDA,JinguStadium,Spring,Team,20200816-JinguStadium-2,a377a9e0-df8e-11ea-87c6-2da02a938f7e,959729f8-9d3b-4184-a7b7-c10434da4ceb,v3,,,,"Hisashige, Iwamoto",1000074023,Right,WAS_EDA,134.77319,,,10.65155,,,,16.657013,-37.614416,3.482862,1.581729,-0.218866,-4.118027,-0.621283,2.574227,-0.500681,,,,,,,,,,,,,,,,,,,,,,,,,,,,,,,,,,,,,,,,,,,,,,,,,,,,,
2446,2020-08-16,16:04:08,2020-08-16,7:04:08,3,3,"Soma, Tokuyama",1000074011,Right,WAS_EDA,"Hidetake, Ohta",1000074058,Right,RIK,Undefined,6,Bottom,2,1,1,Slider,Slider,FoulBall,Undefined,Undefined,,Undefined,0,0,,133.24683,-0.503374,-1.544702,,138.911551,10:45,1.586341,0.673178,1.817125,-95.8003,9.1666,-4.6597,0.486017,0.189904,120.39991,-7.506829,-1.874691,0.46268,,,,,,,,,,,,1.0981,6.141,-0.635509,15.24,1.567779,1.008624,-36.603346,-0.689109,0.188739,8.357056,-8.751158,RIK,WAS_EDA,JinguStadium,Spring,Team,20200816-JinguStadium-2,ada456c0-df8e-11ea-87c6-2da02a938f7e,959729f8-9d3b-4184-a7b7-c10434da4ceb,v3,,,,"Hisashige, Iwamoto",1000074023,Right,WAS_EDA,131.10574,,,12.84691,,,,16.622351,-36.917607,4.178528,1.587505,-0.360028,-4.375579,-0.673304,1.001527,0.094369,,,,,,,,,,,,,,,,,,,,,,,,,,,,,,,,,,,,,,,,,,,,,,,,,,,,,
2447,2020-08-16,16:04:38,2020-08-16,7:04:38,3,4,"Soma, Tokuyama",1000074011,Right,WAS_EDA,"Hidetake, Ohta",1000074058,Right,RIK,Undefined,6,Bottom,2,1,2,Fastball,Four-Seam,BallCalled,Undefined,Undefined,,Undefined,0,0,,149.2138,-1.407528,-5.455975,2154.181985,206.568564,1:00,1.578017,0.648265,1.899298,-29.2017,53.2766,25.2528,0.888335,-0.638031,135.37313,-3.66699,-3.673893,0.410133,,,,,,,,,,,,-17.0147,29.3695,-0.525205,15.24,1.543998,3.772733,-40.865797,-1.084573,-3.700675,9.186974,-3.418826,RIK,WAS_EDA,JinguStadium,Spring,Team,20200816-JinguStadium-2,bf9d2b40-df8e-11ea-87c6-2da02a938f7e,959729f8-9d3b-4184-a7b7-c10434da4ceb,v3,,,,"Hisashige, Iwamoto",1000074023,Right,WAS_EDA,147.90336,,,13.84067,,,,16.539862,-41.15698,4.593487,1.576657,-0.976212,-1.709413,-0.646641,3.890026,-1.850338,,,,,,,,,,,,,,,,,,,,,,,,,,,,,,,,,,,,,,,,,,,,,,,,,,,,,
2448,2020-08-16,16:04:59,2020-08-16,7:04:59,3,5,"Soma, Tokuyama",1000074011,Right,WAS_EDA,"Hidetake, Ohta",1000074058,Right,RIK,Undefined,6,Bottom,2,2,2,Fastball,Four-Seam,InPlay,Undefined,FlyBall,FlyBall,Out,1,0,,148.44901,-1.193492,-2.739849,1986.248931,216.960304,1:15,1.570129,0.67951,1.885507,-38.0367,44.1377,31.3294,0.853443,0.221135,136.08949,-4.06057,-0.516747,0.409376,113.64763,45.58746,-22.484901,3176.348926,30.532941,24.550896,-13.851579,69.018834,,-25.894831,4.716163,-18.1324,24.46,-0.618391,15.24,1.54032,1.799114,-40.84159,-0.979978,-3.972845,8.472564,-4.447419,RIK,WAS_EDA,JinguStadium,Spring,Team,20200816-JinguStadium-2,cbf03a90-df8e-11ea-87c6-2da02a938f7e,959729f8-9d3b-4184-a7b7-c10434da4ceb,v3,,,,"Hisashige, Iwamoto",1000074023,Right,WAS_EDA,148.17659,24.955115,,12.35952,,,,16.554591,-41.113397,4.236282,1.56947,-0.837301,-2.22371,-0.678152,1.926567,-1.986423,0.439992,0.846076,-0.225753,171.928256,0.440164,20.409,-3.942312,0.98408,-0.158413,0.017888,-0.002542,0.000418,-3.00E-05,0.846248,22.546266,-5.899926,0.386021,-0.045637,-0.003771,0.002306,-0.000217,3.00E-06,-0.22581,-8.447699,1.15696,-0.293393,0.046571,-0.004693,0.00055,-9.50E-05,7.00E-06,,,,,,,,,,,,,,,,,,,,,,
2449,2020-08-16,16:07:03,2020-08-16,7:07:03,1,1,"Hayate, Nakagawa",1000074142,Right,RIK,"Takuya, Hiruma",1000074108,Left,WAS_EDA,Undefined,7,Top,0,0,0,Slider,Curveball,StrikeCalled,Undefined,Undefined,,Undefined,0,0,,115.06461,5.703482,0.15359,2625.409292,124.144472,10:15,0.285672,0.732555,1.607185,-121.9657,22.0003,-25.6435,0.704281,0.520091,104.05482,-3.123894,-1.632061,0.541857,,,,,,,,,,,,12.8065,8.2299,-0.734509,15.24,0.434348,0.031214,-31.45564,2.697273,1.651706,5.401626,-8.745205,RIK,WAS_EDA,JinguStadium,Spring,Team,20200816-JinguStadium-2,15c39cc0-df8f-11ea-87c6-2da02a938f7e,959729f8-9d3b-4184-a7b7-c10434da4ceb,v3,,,,"Akihito, Takeba",1000074033,Right,RIK,111.94836,,,11.00979,,,,16.831676,-31.727789,2.700813,0.287352,3.137881,-4.372603,-0.733985,-0.052003,0.825853,,,,,,,,,,,,,,,,,,,,,,,,,,,,,,,,,,,,,,,,,,,,,,,,,,,,,
2450,2020-08-16,16:07:13,2020-08-16,7:07:13,1,2,"Hayate, Nakagawa",1000074142,Right,RIK,"Takuya, Hiruma",1000074108,Left,WAS_EDA,Undefined,7,Top,0,0,1,Fastball,ChangeUp,InPlay,Undefined,FlyBall,FlyBall,Out,1,0,,130.57519,5.667908,-3.207519,2154.18493,287.002344,3:30,0.315385,0.742397,1.655629,-121.0588,-10.5807,45.6745,0.730511,0.282618,118.73362,-3.013426,-0.022347,0.474671,145.00894,43.476113,-31.714267,5400.399746,25.738118,28.34368,-21.486646,92.73378,,-45.586541,5.707366,-25.0799,-8.1576,-0.659685,15.24,0.458954,1.776693,-35.715346,3.036747,-4.199769,6.51562,-11.172681,RIK,WAS_EDA,JinguStadium,Spring,Team,20200816-JinguStadium-2,1bf26810-df8f-11ea-87c6-2da02a938f7e,959729f8-9d3b-4184-a7b7-c10434da4ceb,v3,,,,"Akihito, Takeba",1000074033,Right,RIK,127.79377,33.715083,,11.84157,,,,16.785024,-35.996104,3.25781,0.317728,3.518178,-5.58634,-0.740142,1.957661,-2.099885,-0.007743,0.715445,-0.288251,148.818758,-0.006506,24.84012,-7.548718,2.192592,-0.450824,0.062684,-0.00528,0.000246,-5.00E-06,0.715493,27.71304,-6.798279,0.406432,0.048314,-0.038892,0.009394,-0.001021,4.30E-05,-0.288363,-15.364484,0.722247,0.136679,-0.090184,0.023371,-0.003096,0.000199,-5.00E-06,,,,,,,,,,,,,,,,,,,,,,
2451,2020-08-16,16:07:48,2020-08-16,7:07:48,2,1,"Hayate, Nakagawa",1000074142,Right,RIK,"Kazuto, Yoshizawa",1000074012,Right,WAS_EDA,Undefined,7,Top,1,0,0,Slider,Slider,FoulBall,Undefined,Undefined,LineDrive,Undefined,0,0,,114.30048,6.258355,-2.396267,,136.773023,10:30,0.268781,0.722102,1.737485,-119.5742,23.8017,-18.3327,0.85917,-0.142198,103.83103,-2.440262,-3.679589,0.540745,95.2669,33.601696,160.540148,3325.821818,-32.270314,7.167626,9.096778,45.689297,,166.088136,2.439174,7.6292,8.9416,-0.6594,15.24,0.420613,1.382775,-31.229278,3.02629,0.974063,5.115932,-8.665022,RIK,WAS_EDA,JinguStadium,Spring,Team,20200816-JinguStadium-2,30c9f280-df8f-11ea-87c6-2da02a938f7e,959729f8-9d3b-4184-a7b7-c10434da4ceb,v3,,,,"Akihito, Takeba",1000074033,Right,RIK,112.17849,8.866817,,10.46945,,,,16.701981,-31.467866,2.557966,0.270056,3.430394,-4.332511,-0.722828,1.337348,0.487032,0.220903,0.836026,0.156709,328.699286,0.220911,-20.78261,0.928516,0.018312,0.019423,-0.011427,0.004789,-0.000842,4.40E-05,0.836046,14.643831,-7.2998,0.657506,-0.090662,-0.002636,0.006225,-0.001287,9.60E-05,0.156714,7.342705,-1.394788,0.135901,-0.022079,-0.000325,0.000319,-6.20E-05,1.50E-05,,,,,,,,,,,,,,,,,,,,,,
2452,2020-08-16,16:08:02,2020-08-16,7:08:02,2,2,"Hayate, Nakagawa",1000074142,Right,RIK,"Kazuto, Yoshizawa",1000074012,Right,WAS_EDA,Undefined,7,Top,1,0,1,Slider,Curveball,StrikeCalled,Undefined,Undefined,,Undefined,0,0,,115.94969,6.318492,-2.869654,,127.647006,10:15,0.254992,0.701308,1.706795,-124.3748,14.3884,-13.7051,0.818767,-0.252989,106.20643,-2.657301,-3.826515,0.531976,,,,,,,,,,,,5.0872,4.5046,-0.62527,15.24,0.411084,1.647256,-31.690003,3.072854,0.675277,4.787412,-9.208718,RIK,WAS_EDA,JinguStadium,Spring,Team,20200816-JinguStadium-2,38d768e0-df8f-11ea-87c6-2da02a938f7e,959729f8-9d3b-4184-a7b7-c10434da4ceb,v3,,,,"Akihito, Takeba",1000074033,Right,RIK,114.02777,,,9.74326,,,,16.732904,-31.914739,2.393706,0.256688,3.50514,-4.604359,-0.701854,1.615556,0.337638,,,,,,,,,,,,,,,,,,,,,,,,,,,,,,,,,,,,,,,,,,,,,,,,,,,,,
2453,2020-08-16,16:08:17,2020-08-16,7:08:17,2,3,"Hayate, Nakagawa",1000074142,Right,RIK,"Kazuto, Yoshizawa",1000074012,Right,WAS_EDA,Undefined,7,Top,1,0,2,Slider,Other,StrikeCalled,Strikeout,Undefined,,Undefined,0,0,,121.31005,4.158745,-2.172268,,138.092793,10:30,0.301021,0.723451,1.677706,-109.6263,15.6927,-11.2159,0.393183,-0.008228,112.35923,-3.738082,-2.956426,0.505549,,,,,,,,,,,,4.4076,6.5304,-0.664693,15.24,0.403008,1.313395,-33.311821,2.01126,0.651276,4.876408,-8.841694,RIK,WAS_EDA,JinguStadium,Spring,Team,20200816-JinguStadium-2,41ff01d0-df8f-11ea-87c6-2da02a938f7e,959729f8-9d3b-4184-a7b7-c10434da4ceb,v3,,,,"Akihito, Takeba",1000074033,Right,RIK,119.98841,,,8.95082,,,,16.762427,-33.533944,2.438204,0.302222,2.414003,-4.420847,-0.723843,1.283729,0.325638,,,,,,,,,,,,,,,,,,,,,,,,,,,,,,,,,,,,,,,,,,,,,,,,,,,,,
2454,2020-08-16,16:08:44,2020-08-16,7:08:44,3,1,"Hayate, Nakagawa",1000074142,Right,RIK,"Moeto, Suzuki",1000074064,Left,WAS_EDA,Undefined,7,Top,2,0,0,Fastball,Slider,InPlay,Undefined,GroundBall,GroundBall,Single,0,0,,131.68503,5.300568,-3.461804,2322.478312,298.520125,4:00,0.314466,0.727934,1.780366,-115.3553,-9.9071,23.2973,0.669438,-0.020902,121.5177,-3.000693,-1.825713,0.46374,136.26766,-1.479601,-4.337964,1502.036381,,,,10.251141,,-5.616683,0.273434,-13.9304,-7.3436,-0.643619,15.24,0.43832,2.076692,-36.098412,2.893204,-2.416882,5.734648,-11.080735,RIK,WAS_EDA,JinguStadium,Spring,Team,20200816-JinguStadium-2,522fc080-df8f-11ea-87c6-2da02a938f7e,959729f8-9d3b-4184-a7b7-c10434da4ceb,v3,,,,"Akihito, Takeba",1000074033,Right,RIK,130.80613,0.655921,,10.16733,,,,16.66062,-36.323393,2.867324,0.316287,3.327921,-5.540367,-0.726951,2.17151,-1.208441,0.196903,0.655921,0.006531,81.572142,0.197198,37.716883,-4.12811,,,,,,,0.656299,-0.995684,-5.141565,,,,,,,0.00712,-2.890782,-2.950022,,,,,,,,,,,,,,,,,,,,,,,,,,,,
2455,2020-08-16,16:09:27,2020-08-16,7:09:27,4,1,"Hayate, Nakagawa",1000074142,Right,RIK,"Soma, Tokuyama",1000074011,Right,WAS_EDA,Undefined,7,Top,2,0,0,Fastball,ChangeUp,InPlay,Undefined,GroundBall,GroundBall,Single,0,0,,129.48528,4.775364,-3.685207,2375.124528,268.852739,3:00,0.292062,0.739279,1.811562,-104.5627,3.032,26.5569,0.602475,-0.038481,120.58592,-2.76644,-1.816474,0.468436,127.93329,-1.654684,-29.354479,,,,,8.069151,,-26.184885,0.21097,-15.6251,-0.2188,-0.651591,15.24,0.401191,2.174188,-35.546481,2.579602,-2.652881,4.970488,-9.843798,RIK,WAS_EDA,JinguStadium,Spring,Team,20200816-JinguStadium-2,6bf5a700-df8f-11ea-87c6-2da02a938f7e,959729f8-9d3b-4184-a7b7-c10434da4ceb,v3,,,,"Akihito, Takeba",1000074033,Right,RIK,129.49476,0.499809,,8.89936,,,,16.629583,-35.740259,2.485244,0.293143,2.963369,-4.921899,-0.73837,2.277612,-1.32644,0.878517,0.499809,0.124222,55.37004,0.878617,30.955004,-3.779883,,,,,,,0.500039,-1.040587,-6.307437,,,,,,,0.124335,-17.420441,-0.22296,,,,,,,,,,,,,,,,,,,,,,,,,,,,
2456,2020-08-16,16:10:26,2020-08-16,7:10:26,5,1,"Hayate, Nakagawa",1000074142,Right,RIK,"Toyo, Kumada",1000089879,Left,WAS_EDA,Undefined,7,Top,2,0,0,Fastball,Splitter,InPlay,Undefined,FlyBall,FlyBall,Out,1,0,,131.49314,4.358712,-4.393403,1144.408843,296.582083,4:00,0.340248,0.759075,1.804521,-117.8305,-11.3723,29.0088,0.400808,-0.195931,120.33827,-4.154274,-2.354992,0.465955,130.43804,41.481334,9.903119,4184.390073,33.241353,25.032191,4.374834,85.229112,,3.097554,5.207524,-17.8103,-7.8641,-0.653734,15.24,0.43893,2.635465,-36.025176,2.288398,-3.043361,6.43852,-11.150445,RIK,WAS_EDA,JinguStadium,Spring,Team,20200816-JinguStadium-2,8ee76c30-df8f-11ea-87c6-2da02a938f7e,959729f8-9d3b-4184-a7b7-c10434da4ceb,v3,,,,"Akihito, Takeba",1000074033,Right,RIK,130.1842,28.673943,,11.15487,,,,16.636266,-36.273862,3.21926,0.342223,2.719081,-5.575222,-0.757798,2.753015,-1.521681,0.51531,0.360784,0.195641,168.010324,0.515637,26.733231,-5.285478,1.304189,-0.224422,0.028253,-0.003193,0.000336,-1.80E-05,0.36095,23.996315,-5.667174,0.315558,-0.029762,-0.003708,0.001745,-0.000161,3.00E-06,0.195712,4.666992,-1.769431,0.405365,-0.069746,0.010168,-0.001516,0.000179,-9.00E-06,,,,,,,,,,,,,,,,,,,,,,
2457,2020-08-16,16:12:52,2020-08-16,7:12:52,1,1,"Soma, Tokuyama",1000074011,Right,WAS_EDA,"Kensuke, Mitsui",1000074122,Left,RIK,Undefined,7,Bottom,0,0,0,Slider,ChangeUp,BallCalled,Undefined,Undefined,,Undefined,0,0,,136.24636,-2.060401,-3.457266,1581.993621,220.417292,1:15,1.580139,0.627564,1.842324,-59.2302,37.625,29.8801,0.405111,-0.05041,127.11003,-6.396613,-1.343825,0.444443,,,,,,,,,,,,-17.4246,21.3976,-0.547376,15.24,1.527221,2.129318,-37.488719,-1.565295,-3.268859,6.001766,-5.79247,RIK,WAS_EDA,JinguStadium,Spring,Team,20200816-JinguStadium-2,e5d377a0-df8f-11ea-87c6-2da02a938f7e,959729f8-9d3b-4184-a7b7-c10434da4ceb,v3,,,,"Hisashige, Iwamoto",1000074023,Right,WAS_EDA,136.48544,,,9.13633,,,,16.598213,-37.705536,3.000883,1.579988,-1.356039,-2.896235,-0.626432,2.247407,-1.634429,,,,,,,,,,,,,,,,,,,,,,,,,,,,,,,,,,,,,,,,,,,,,,,,,,,,,
2458,2020-08-16,16:13:06,2020-08-16,7:13:06,1,2,"Soma, Tokuyama",1000074011,Right,WAS_EDA,"Kensuke, Mitsui",1000074122,Left,RIK,Undefined,7,Bottom,0,1,0,Slider,ChangeUp,StrikeCalled,Undefined,Undefined,,Undefined,0,0,,136.70852,-0.478504,-4.002991,,236.466876,2:00,1.567212,0.650554,1.825815,-67.9839,28.6341,39.3126,0.751874,-0.088902,127.00223,-5.445205,-1.227747,0.443898,,,,,,,,,,,,-22.5803,15.8278,-0.556862,15.24,1.551116,2.448985,-37.607448,-0.571224,-4.252459,6.216289,-6.825857,RIK,WAS_EDA,JinguStadium,Spring,Team,20200816-JinguStadium-2,ee3130e0-df8f-11ea-87c6-2da02a938f7e,959729f8-9d3b-4184-a7b7-c10434da4ceb,v3,,,,"Hisashige, Iwamoto",1000074023,Right,WAS_EDA,136.65286,,,9.70629,,,,16.614722,-37.833999,3.108144,1.567401,-0.322457,-3.412929,-0.648939,2.603964,-2.126229,,,,,,,,,,,,,,,,,,,,,,,,,,,,,,,,,,,,,,,,,,,,,,,,,,,,,
2459,2020-08-16,16:13:23,2020-08-16,7:13:23,1,3,"Soma, Tokuyama",1000074011,Right,WAS_EDA,"Kensuke, Mitsui",1000074122,Left,RIK,Undefined,7,Bottom,0,1,1,Slider,Slider,InPlay,Undefined,FlyBall,FlyBall,Out,1,0,,131.95153,1.024265,-2.051991,,123.874278,10:15,1.588707,0.688235,1.824108,-96.1541,8.8652,-8.4544,0.916741,0.023749,121.11751,-5.979967,-2.649912,0.462796,128.06843,53.432257,-14.802278,6222.724914,30.145227,34.254681,-14.676134,77.071223,,-30.442402,5.821019,2.9452,4.6998,-0.638283,15.24,1.606915,1.338649,-36.305044,0.284492,0.508154,6.920137,-8.995774,RIK,WAS_EDA,JinguStadium,Spring,Team,20200816-JinguStadium-2,f853a490-df8f-11ea-87c6-2da02a938f7e,959729f8-9d3b-4184-a7b7-c10434da4ceb,v3,,,,"Hisashige, Iwamoto",1000074023,Right,WAS_EDA,131.073,35.129406,,10.83402,,,,16.61611,-36.566405,3.460068,1.589754,0.624246,-4.497887,-0.688479,1.319457,0.254077,0.796632,0.930578,-0.036862,154.049506,0.798173,20.459169,-5.624467,1.622209,-0.274029,0.015894,0.003061,-0.000578,2.80E-05,0.930198,28.57449,-7.128932,0.534769,0.025935,-0.043925,0.012089,-0.001408,6.20E-05,-0.036743,-5.418416,-1.27915,0.482782,-0.110458,0.014949,-0.000718,-4.80E-05,5.00E-06,,,,,,,,,,,,,,,,,,,,,,
2460,2020-08-16,16:13:59,2020-08-16,7:13:59,2,1,"Soma, Tokuyama",1000074011,Right,WAS_EDA,"Kenta, Yamada",1000074117,Right,RIK,Undefined,7,Bottom,1,0,0,Fastball,Four-Seam,StrikeCalled,Undefined,Undefined,,Undefined,0,0,,149.59408,-2.497037,-3.231708,2187.822757,219.527176,1:15,1.560897,0.678082,1.956124,-35.9971,44.2742,34.5146,0.4997,0.116745,137.42133,-5.219287,-0.773065,0.404608,,,,,,,,,,,,-20.1585,25.5378,-0.609487,15.24,1.504407,2.153405,-41.126577,-1.909885,-4.485659,8.458788,-4.12401,RIK,WAS_EDA,JinguStadium,Spring,Team,20200816-JinguStadium-2,0dc43ab0-df90-11ea-87c6-2da02a938f7e,959729f8-9d3b-4184-a7b7-c10434da4ceb,v3,,,,"Hisashige, Iwamoto",1000074023,Right,WAS_EDA,149.92273,,,12.17274,,,,16.483913,-41.381631,4.229394,1.56012,-1.785536,-2.062005,-0.676457,2.288658,-2.242829,,,,,,,,,,,,,,,,,,,,,,,,,,,,,,,,,,,,,,,,,,,,,,,,,,,,,
2461,2020-08-16,16:14:13,2020-08-16,7:14:13,2,2,"Soma, Tokuyama",1000074011,Right,WAS_EDA,"Kenta, Yamada",1000074117,Right,RIK,Undefined,7,Bottom,1,0,1,Splitter,Slider,StrikeSwinging,Undefined,Undefined,,Undefined,0,0,,138.10609,-2.032163,-3.093362,2053.621089,210.221839,1:00,1.554155,0.660174,1.881323,-80.6702,14.1743,6.6574,0.174314,-0.144894,127.9077,-7.896128,-2.620776,0.439806,,,,,,,,,,,,-5.487,9.4903,-0.589201,15.24,1.502246,2.022241,-37.979932,-1.657541,-1.042955,7.097779,-8.002751,RIK,WAS_EDA,JinguStadium,Spring,Team,20200816-JinguStadium-2,15e4eaf0-df90-11ea-87c6-2da02a938f7e,959729f8-9d3b-4184-a7b7-c10434da4ceb,v3,,,,"Hisashige, Iwamoto",1000074023,Right,WAS_EDA,137.92453,,,10.1984,,,,16.558935,-38.225623,3.54889,1.554827,-1.380525,-4.001375,-0.659826,2.058343,-0.521478,,,,,,,,,,,,,,,,,,,,,,,,,,,,,,,,,,,,,,,,,,,,,,,,,,,,,
2462,2020-08-16,16:14:35,2020-08-16,7:14:35,2,3,"Soma, Tokuyama",1000074011,Right,WAS_EDA,"Kenta, Yamada",1000074117,Right,RIK,Undefined,7,Bottom,1,0,2,Fastball,Four-Seam,BallCalled,Undefined,Undefined,,Undefined,0,0,,146.43789,0.876588,-3.682652,2053.188855,220.821156,1:15,1.585522,0.653858,1.937564,-44.1811,39.394,31.9823,1.390142,-0.060813,134.69481,-2.433647,-1.409953,0.412851,,,,,,,,,,,,-18.9427,20.7003,-0.574138,15.24,1.602331,2.43753,-40.281088,0.468529,-4.062022,7.745723,-5.367742,RIK,WAS_EDA,JinguStadium,Spring,Team,20200816-JinguStadium-2,23385340-df90-11ea-87c6-2da02a938f7e,959729f8-9d3b-4184-a7b7-c10434da4ceb,v3,,,,"Hisashige, Iwamoto",1000074023,Right,WAS_EDA,146.92956,,,11.74308,,,,16.502434,-40.523117,3.872862,1.585071,0.636253,-2.683871,-0.652286,2.564455,-2.031011,,,,,,,,,,,,,,,,,,,,,,,,,,,,,,,,,,,,,,,,,,,,,,,,,,,,,
2463,2020-08-16,16:14:58,2020-08-16,7:14:58,2,4,"Soma, Tokuyama",1000074011,Right,WAS_EDA,"Kenta, Yamada",1000074117,Right,RIK,Undefined,7,Bottom,1,1,2,Fastball,Four-Seam,BallCalled,Undefined,Undefined,,Undefined,0,0,,149.36044,-2.121238,-5.782225,2221.494681,220.209138,1:15,1.570837,0.658385,1.865779,-39.1743,42.2305,33.7204,0.578049,-0.639256,137.88514,-5.043127,-3.40813,0.407455,,,,,,,,,,,,-20.9193,23.8354,-0.525121,15.24,1.518565,3.975081,-40.938953,-1.662121,-4.648816,7.724765,-4.509793,RIK,WAS_EDA,JinguStadium,Spring,Team,20200816-JinguStadium-2,31256380-df90-11ea-87c6-2da02a938f7e,959729f8-9d3b-4184-a7b7-c10434da4ceb,v3,,,,"Hisashige, Iwamoto",1000074023,Right,WAS_EDA,148.87532,,,11.4753,,,,16.574446,-41.18998,3.862383,1.570197,-1.515569,-2.254896,-0.656751,4.12615,-2.324408,,,,,,,,,,,,,,,,,,,,,,,,,,,,,,,,,,,,,,,,,,,,,,,,,,,,,
2464,2020-08-16,16:15:17,2020-08-16,7:15:17,2,5,"Soma, Tokuyama",1000074011,Right,WAS_EDA,"Kenta, Yamada",1000074117,Right,RIK,Undefined,7,Bottom,1,2,2,Slider,Slider,BallCalled,Undefined,Undefined,,Undefined,0,0,,138.01968,-1.629976,-3.313336,,142.025983,10:45,1.555862,0.680451,1.8226,-88.3536,8.3395,-4.0973,0.210913,-0.297682,126.61729,-8.036078,-3.602984,0.444071,,,,,,,,,,,,-0.3196,6.394,-0.600311,15.24,1.510672,2.213925,-37.905207,-1.433029,-0.059836,7.866577,-8.609511,RIK,WAS_EDA,JinguStadium,Spring,Team,20200816-JinguStadium-2,3c245480-df90-11ea-87c6-2da02a938f7e,959729f8-9d3b-4184-a7b7-c10434da4ceb,v3,,,,"Hisashige, Iwamoto",1000074023,Right,WAS_EDA,136.59975,,,11.40239,,,,16.617225,-38.189957,3.933288,1.556904,-1.121387,-4.304755,-0.680489,2.216091,-0.029918,,,,,,,,,,,,,,,,,,,,,,,,,,,,,,,,,,,,,,,,,,,,,,,,,,,,,
2465,2020-08-16,16:15:42,2020-08-16,7:15:42,2,6,"Soma, Tokuyama",1000074011,Right,WAS_EDA,"Kenta, Yamada",1000074117,Right,RIK,Undefined,7,Bottom,1,3,2,Fastball,Four-Seam,StrikeSwinging,Strikeout,Undefined,,Undefined,0,0,,150.2266,-1.281686,-3.008521,2086.86382,202.736657,12:45,1.557813,0.69966,1.921496,-35.2308,44.12,17.5553,0.845046,0.029633,138.7253,-3.934835,-1.760998,0.402282,,,,,,,,,,,,-10.9721,24.4406,-0.633307,15.24,1.526985,2.085727,-41.347643,-1.041503,-2.484007,7.990425,-4.273452,RIK,WAS_EDA,JinguStadium,Spring,Team,20200816-JinguStadium-2,4b1407b0-df90-11ea-87c6-2da02a938f7e,959729f8-9d3b-4184-a7b7-c10434da4ceb,v3,,,,"Hisashige, Iwamoto",1000074023,Right,WAS_EDA,150.78986,,,11.5013,,,,16.518478,-41.593975,3.995212,1.557062,-0.909759,-2.136726,-0.698787,2.162304,-1.242003,,,,,,,,,,,,,,,,,,,,,,,,,,,,,,,,,,,,,,,,,,,,,,,,,,,,,
2466,2020-08-16,16:16:15,2020-08-16,7:16:15,3,1,"Soma, Tokuyama",1000074011,Right,WAS_EDA,"Sou, Shibata",1000074204,Left,RIK,Undefined,7,Bottom,2,0,0,Curveball,Curveball,BallCalled,Undefined,Undefined,,Undefined,0,0,,117.30942,0.99515,-0.857749,2524.432014,42.251684,7:30,1.60136,0.630217,1.853348,-166.3616,-33.8341,-34.3603,0.218429,0.044717,108.73854,-10.979181,-3.302913,0.519885,,,,,,,,,,,,17.2002,-17.1571,-0.607831,15.24,1.614185,0.619788,-32.324356,-0.0202,2.342016,5.717128,-12.142802,RIK,WAS_EDA,JinguStadium,Spring,Team,20200816-JinguStadium-2,5eb84240-df90-11ea-87c6-2da02a938f7e,959729f8-9d3b-4184-a7b7-c10434da4ceb,v3,,,,"Hisashige, Iwamoto",1000074023,Right,WAS_EDA,116.67955,,,8.57087,,,,16.588207,-32.561937,2.858564,1.604539,0.484406,-6.071401,-0.631565,0.522463,1.171008,,,,,,,,,,,,,,,,,,,,,,,,,,,,,,,,,,,,,,,,,,,,,,,,,,,,,
2467,2020-08-16,16:16:32,2020-08-16,7:16:32,3,2,"Soma, Tokuyama",1000074011,Right,WAS_EDA,"Sou, Shibata",1000074204,Left,RIK,Undefined,7,Bottom,2,1,0,Fastball,Sinker,BallCalled,Undefined,Undefined,,Undefined,0,0,,148.86994,-0.328327,-2.325692,2146.705906,230.833057,1:45,1.576167,0.702214,1.962479,-42.1426,37.9518,43.9125,1.062704,0.489582,137.6938,-3.483412,0.807208,0.404162,,,,,,,,,,,,-24.3234,20.7352,-0.654054,15.24,1.56667,1.453961,-41.031397,-0.378641,-5.431266,7.735855,-5.176603,RIK,WAS_EDA,JinguStadium,Spring,Team,20200816-JinguStadium-2,69059680-df90-11ea-87c6-2da02a938f7e,959729f8-9d3b-4184-a7b7-c10434da4ceb,v3,,,,"Hisashige, Iwamoto",1000074023,Right,WAS_EDA,150.0882,,,11.17614,,,,16.47792,-41.264128,3.867927,1.575718,-0.222904,-2.588302,-0.700254,1.617359,-2.715633,,,,,,,,,,,,,,,,,,,,,,,,,,,,,,,,,,,,,,,,,,,,,,,,,,,,,
2468,2020-08-16,16:16:52,2020-08-16,7:16:52,3,3,"Soma, Tokuyama",1000074011,Right,WAS_EDA,"Sou, Shibata",1000074204,Left,RIK,Undefined,7,Bottom,2,2,0,Slider,Slider,StrikeCalled,Undefined,Undefined,,Undefined,0,0,,131.72355,-0.094577,-1.33123,,103.281158,9:30,1.5732,0.654687,1.808484,-99.4661,5.3505,-10.0381,0.551788,0.177798,121.9789,-7.295927,-2.041696,0.462349,,,,,,,,,,,,4.2936,3.7467,-0.621622,15.24,1.564133,0.888883,-36.278873,-0.44671,0.745053,6.440566,-9.156505,RIK,WAS_EDA,JinguStadium,Spring,Team,20200816-JinguStadium-2,75222c80-df90-11ea-87c6-2da02a938f7e,959729f8-9d3b-4184-a7b7-c10434da4ceb,v3,,,,"Hisashige, Iwamoto",1000074023,Right,WAS_EDA,131.19967,,,9.74465,,,,16.631682,-36.525102,3.220283,1.574519,-0.096649,-4.578252,-0.65506,0.860399,0.372527,,,,,,,,,,,,,,,,,,,,,,,,,,,,,,,,,,,,,,,,,,,,,,,,,,,,,
2469,2020-08-16,16:17:11,2020-08-16,7:17:11,3,4,"Soma, Tokuyama",1000074011,Right,WAS_EDA,"Sou, Shibata",1000074204,Left,RIK,Undefined,7,Bottom,2,2,1,Slider,Slider,StrikeCalled,Undefined,Undefined,,Undefined,0,0,,132.83261,0.957724,-1.192147,,82.669817,8:45,1.554974,0.682491,1.734091,-103.3373,2.185,-9.9385,0.793749,0.244399,121.0768,-6.532153,-1.891998,0.463903,,,,,,,,,,,,4.1358,1.4727,-0.651191,15.24,1.571819,0.808201,-36.512904,0.18717,0.716509,7.479457,-9.551512,RIK,WAS_EDA,JinguStadium,Spring,Team,20200816-JinguStadium-2,802d2b70-df90-11ea-87c6-2da02a938f7e,959729f8-9d3b-4184-a7b7-c10434da4ceb,v3,,,,"Hisashige, Iwamoto",1000074023,Right,WAS_EDA,130.7602,,,11.75581,,,,16.705424,-36.811864,3.739729,1.556707,0.568951,-4.775756,-0.682924,0.779562,0.358255,,,,,,,,,,,,,,,,,,,,,,,,,,,,,,,,,,,,,,,,,,,,,,,,,,,,,
2470,2020-08-16,16:17:33,2020-08-16,7:17:33,3,5,"Soma, Tokuyama",1000074011,Right,WAS_EDA,"Sou, Shibata",1000074204,Left,RIK,Undefined,7,Bottom,2,2,2,Fastball,Four-Seam,InPlay,Undefined,GroundBall,,Error,0,0,,150.13881,-1.410027,-4.45415,2186.260903,217.69663,1:15,1.554526,0.706493,1.915314,-33.0715,47.2254,34.588,0.826438,-0.201374,137.51118,-3.926571,-2.003018,0.404673,135.00456,-61.265166,38.303937,,,,,,,,,-21.0043,26.2625,-0.608216,15.24,1.52077,3.04024,-41.234511,-1.12098,-4.693817,8.587718,-3.937796,RIK,WAS_EDA,JinguStadium,Spring,Team,20200816-JinguStadium-2,8d516d70-df90-11ea-87c6-2da02a938f7e,959729f8-9d3b-4184-a7b7-c10434da4ceb,v3,,,,"Hisashige, Iwamoto",1000074023,Right,WAS_EDA,149.89887,0.52069,,12.62763,,,,16.524821,-41.501232,4.293859,1.553687,-0.998679,-1.968898,-0.704905,3.186022,-2.346909,0.258583,0.599056,0.172843,,0.258583,14.147954,,,,,,,,0.599056,-32.883138,,,,,,,,0.172843,11.174959,,,,,,,,,,,,,,,,,,,,,,,,,,,,,
2471,2020-08-16,16:18:30,2020-08-16,7:18:30,4,1,"Soma, Tokuyama",1000074011,Right,WAS_EDA,"Kai, Tominaga",1000074173,Left,RIK,Undefined,7,Bottom,2,0,0,Fastball,Sinker,FoulBall,Undefined,Undefined,Popup,Undefined,0,0,,146.83989,-1.100963,-2.454444,2086.919098,230.974736,1:45,1.53382,0.699014,1.895534,-46.362,36.9624,42.6768,0.760225,0.435031,135.52368,-4.549503,0.577936,0.412231,106.27233,58.494741,-121.450269,5042.552921,-21.961507,22.068625,-25.334124,51.360134,,-134.643741,4.113179,-23.7707,20.6303,-0.645542,15.24,1.505857,1.526664,-40.440066,-0.945077,-5.138438,7.795249,-5.347042,RIK,WAS_EDA,JinguStadium,Spring,Team,20200816-JinguStadium-2,af276260-df90-11ea-87c6-2da02a938f7e,959729f8-9d3b-4184-a7b7-c10434da4ceb,v3,,,,"Hisashige, Iwamoto",1000074023,Right,WAS_EDA,147.15051,23.113288,,11.31621,,,,16.544949,-40.690832,3.897625,1.533492,-0.773068,-2.673521,-0.697312,1.691963,-2.569219,0.236951,0.761953,-0.444494,24.613785,0.236894,-8.048481,-1.527652,0.632973,-0.111611,-3.30E-05,0.004923,-0.00086,4.70E-05,0.762045,25.165358,-8.443102,0.970895,-0.134893,-0.002131,0.004566,-0.000601,2.40E-05,-0.444526,-13.159611,1.32137,-0.09137,0.001616,-0.004346,0.003479,-0.000692,4.40E-05,,,,,,,,,,,,,,,,,,,,,,
2472,2020-08-16,16:19:21,2020-08-16,7:19:21,4,2,"Soma, Tokuyama",1000074011,Right,WAS_EDA,"Kai, Tominaga",1000074173,Left,RIK,Undefined,7,Bottom,2,0,1,Fastball,Four-Seam,StrikeCalled,Undefined,Undefined,,Undefined,1,0,,148.44965,-2.350424,-3.237559,2120.687338,213.291946,1:00,1.55877,0.675469,1.974441,-34.8359,47.1961,29.2065,0.551155,0.060443,135.18894,-5.013743,-1.155156,0.409022,,,,,,,,,,,,-17.5974,27.202,-0.607421,15.24,1.506334,2.163831,-40.781135,-1.777325,-3.814697,9.081777,-3.909894,RIK,WAS_EDA,JinguStadium,Spring,Team,20200816-JinguStadium-2,cd8d36d0-df90-11ea-87c6-2da02a938f7e,959729f8-9d3b-4184-a7b7-c10434da4ceb,v3,,,,"Hisashige, Iwamoto",1000074023,Right,WAS_EDA,148.30514,,,13.2607,,,,16.465071,-41.053046,4.540889,1.557795,-1.660262,-1.954947,-0.673917,2.278045,-1.907349,,,,,,,,,,,,,,,,,,,,,,,,,,,,,,,,130.14697,1.950321,0.73472,1.215601,-0.191892,0.495739,-0.048307,0.043446,1.735009,-0.548837,38.524716,1.803585,0.165074,0.137248,35.146303,-2.905483,1.727981,3.772114,-3.052988,-0.562018,0.211679,0.313952
2473,2020-08-16,16:21:18,2020-08-16,7:21:18,1,1,"Hayate, Nakagawa",1000074142,Right,RIK,"Ginsuke, Kaneko",1000073884,Right,WAS_EDA,Undefined,8,Top,0,0,0,Slider,Slider,BallCalled,Undefined,Undefined,,Undefined,0,0,,117.62009,5.307106,-5.03766,673.184155,149.580566,11:00,0.316074,0.750921,1.565297,-104.989,33.2546,-17.1967,0.799726,-0.870695,107.42202,-2.250002,-6.222331,0.530979,,,,,,,,,,,,5.145,14.2027,-0.604982,15.24,0.459098,2.905901,-32.071099,2.602289,0.696047,5.155598,-7.885235,RIK,WAS_EDA,JinguStadium,Spring,Team,20200816-JinguStadium-2,13432180-df91-11ea-87c6-2da02a938f7e,959729f8-9d3b-4184-a7b7-c10434da4ceb,v3,,,,"Akihito, Takeba",1000074033,Right,RIK,114.24186,,,10.19807,,,,16.873702,-32.332659,2.577799,0.316928,3.002332,-3.942617,-0.751512,2.870588,0.348024,,,,,,,,,,,,,,,,,,,,,,,,,,,,,,,,,,,,,,,,,,,,,,,,,,,,,
2474,2020-08-16,16:21:30,2020-08-16,7:21:30,1,2,"Hayate, Nakagawa",1000074142,Right,RIK,"Ginsuke, Kaneko",1000073884,Right,WAS_EDA,Undefined,8,Top,0,1,0,Fastball,ChangeUp,FoulBall,Undefined,Undefined,,Undefined,0,0,,130.16985,4.78913,-3.914492,2322.477453,257.850125,2:30,0.319827,0.732922,1.776391,-100.0974,8.2902,24.7875,0.682135,-0.130049,119.66014,-2.454106,-2.175077,0.470159,,,,,,,,,,,,-15.0629,2.1815,-0.63717,15.24,0.43236,2.327502,-35.667162,2.609223,-2.54083,5.862578,-9.438676,RIK,WAS_EDA,JinguStadium,Spring,Team,20200816-JinguStadium-2,1ab31f60-df91-11ea-87c6-2da02a938f7e,959729f8-9d3b-4184-a7b7-c10434da4ceb,v3,,,,"Akihito, Takeba",1000074033,Right,RIK,129.02022,,,10.5097,,,,16.664058,-35.90047,2.931289,0.321049,2.984846,-4.719338,-0.731807,2.428617,-1.270415,,,,,,,,,,,,,,,,,,,,,,,,,,,,,,,,,,,,,,,,,,,,,,,,,,,,,
2475,2020-08-16,16:21:44,2020-08-16,7:21:44,1,3,"Hayate, Nakagawa",1000074142,Right,RIK,"Ginsuke, Kaneko",1000073884,Right,WAS_EDA,Undefined,8,Top,0,1,1,Slider,Slider,BallCalled,Undefined,Undefined,,Undefined,0,0,,118.06757,5.73332,-0.13819,,101.954836,9:30,0.275368,0.721201,1.468191,-130.649,7.0073,-14.1397,0.629726,0.539907,107.84008,-3.572109,-1.114451,0.52985,,,,,,,,,,,,6.8071,0.9988,-0.715481,15.24,0.43595,0.145841,-32.299506,2.709331,0.935882,5.127784,-9.669331,RIK,WAS_EDA,JinguStadium,Spring,Team,20200816-JinguStadium-2,23089b40-df91-11ea-87c6-2da02a938f7e,959729f8-9d3b-4184-a7b7-c10434da4ceb,v3,,,,"Akihito, Takeba",1000074033,Right,RIK,114.4853,,,10.22749,,,,16.971438,-32.573224,2.563892,0.277551,3.225475,-4.834666,-0.721932,0.095884,0.467941,,,,,,,,,,,,,,,,,,,,,,,,,,,,,,,,,,,,,,,,,,,,,,,,,,,,,
2476,2020-08-16,16:21:57,2020-08-16,7:21:57,1,4,"Hayate, Nakagawa",1000074142,Right,RIK,"Ginsuke, Kaneko",1000073884,Right,WAS_EDA,Undefined,8,Top,0,2,1,Fastball,ChangeUp,BallCalled,Undefined,Undefined,,Undefined,0,0,,130.01671,5.1105,-1.847785,2389.79564,278.616461,3:15,0.302264,0.763555,1.751636,-110.7166,-2.1,33.1639,0.649909,0.570671,119.66316,-2.877355,0.482754,0.470655,,,,,,,,,,,,-18.3238,-3.6515,-0.719401,15.24,0.423659,1.004562,-35.684988,2.760199,-3.092821,5.891915,-10.422978,RIK,WAS_EDA,JinguStadium,Spring,Team,20200816-JinguStadium-2,2a8f5570-df91-11ea-87c6-2da02a938f7e,959729f8-9d3b-4184-a7b7-c10434da4ceb,v3,,,,"Akihito, Takeba",1000074033,Right,RIK,128.8842,,,10.35355,,,,16.689568,-35.923528,2.945958,0.303368,3.182183,-5.211489,-0.762607,1.129777,-1.546411,,,,,,,,,,,,,,,,,,,,,,,,,,,,,,,,,,,,,,,,,,,,,,,,,,,,,
2477,2020-08-16,16:22:13,2020-08-16,7:22:13,1,5,"Hayate, Nakagawa",1000074142,Right,RIK,"Ginsuke, Kaneko",1000073884,Right,WAS_EDA,Undefined,8,Top,0,3,1,Fastball,Slider,StrikeCalled,Undefined,Undefined,,Undefined,0,0,,129.46413,5.464313,-1.798595,2322.60952,295.628494,3:45,0.26348,0.711077,1.824451,-117.7068,-7.5397,22.8936,0.635526,0.431747,117.52489,-3.087218,-0.183158,0.474002,,,,,,,,,,,,-12.9275,-6.5747,-0.669282,15.24,0.387627,1.007437,-35.464812,2.937597,-2.126015,6.673243,-10.887915,RIK,WAS_EDA,JinguStadium,Spring,Team,20200816-JinguStadium-2,3415b030-df91-11ea-87c6-2da02a938f7e,959729f8-9d3b-4184-a7b7-c10434da4ceb,v3,,,,"Akihito, Takeba",1000074033,Right,RIK,127.97403,,,11.93924,,,,16.615499,-35.722695,3.336621,0.265976,3.358354,-5.443957,-0.709801,1.089596,-1.063008,,,,,,,,,,,,,,,,,,,,,,,,,,,,,,,,,,,,,,,,,,,,,,,,,,,,,
2478,2020-08-16,16:22:30,2020-08-16,7:22:30,1,6,"Hayate, Nakagawa",1000074142,Right,RIK,"Ginsuke, Kaneko",1000073884,Right,WAS_EDA,Undefined,8,Top,0,3,2,Slider,Slider,StrikeCalled,Strikeout,Undefined,,Undefined,0,0,,117.83959,4.964853,-0.272752,2827.363847,135.072754,10:30,0.272394,0.733441,1.674511,-113.1737,22.7425,-18.3073,0.559776,0.472602,106.63069,-3.27087,-1.553569,0.52649,,,,,,,,,,,,8.9529,9.1177,-0.724662,15.24,0.39603,0.235659,-32.260968,2.395109,1.213125,5.743176,-8.571199,RIK,WAS_EDA,JinguStadium,Spring,Team,20200816-JinguStadium-2,3e74b7b0-df91-11ea-87c6-2da02a938f7e,959729f8-9d3b-4184-a7b7-c10434da4ceb,v3,,,,"Akihito, Takeba",1000074033,Right,RIK,115.2158,,,11.2089,,,,16.764364,-32.531207,2.871588,0.273842,2.798418,-4.2856,-0.734408,0.178576,0.606562,,,,,,,,,,,,,,,,,,,,,,,,,,,,,,,,119.30256,3.057637,2.15168,0.905957,-0.479854,0.503548,-0.447311,-0.395933,1.477508,-0.768101,21.857181,1.468993,-16.17492,-0.38462,26.038381,-1.635549,1.496079,3.988687,-4.424405,-0.803815,-19.478662,2.752099
2479,2020-08-16,16:22:57,2020-08-16,7:22:57,2,1,"Hayate, Nakagawa",1000074142,Right,RIK,"Takuya, Nakagawa",1000074092,Left,WAS_EDA,Undefined,8,Top,1,0,0,Curveball,Curveball,InPlay,Undefined,LineDrive,LineDrive,Single,0,0,,98.7438,7.497824,-0.743469,2322.467467,124.76546,10:15,0.19757,0.647851,1.707897,-171.6358,23.2169,-24.378,0.627021,0.192519,89.08979,-4.962578,-2.446355,0.630388,134.47754,18.361819,7.411477,894.069672,33.202709,6.91574,4.658432,67.856272,,9.238186,2.394131,11.751,7.8154,-0.626477,15.24,0.380954,0.438407,-26.905058,3.032838,1.105695,4.051388,-9.071268,RIK,WAS_EDA,JinguStadium,Spring,Team,20200816-JinguStadium-2,4e9faa00-df91-11ea-87c6-2da02a938f7e,959729f8-9d3b-4184-a7b7-c10434da4ceb,v3,,,,"Akihito, Takeba",1000074033,Right,RIK,96.22646,6.948672,,9.65401,,,,16.731301,-27.128691,2.025694,0.199725,3.533562,-4.535634,-0.648992,0.377374,0.552848,0.225364,0.530327,-0.231334,237.391237,0.225364,35.156784,-4.168413,0.712516,-0.144265,0.026197,-0.004593,0.000638,-4.40E-05,0.530327,11.767395,-5.865435,0.517653,-0.103262,0.021012,-0.003165,0.000403,-3.00E-05,-0.231334,4.573233,0.129122,-0.049903,0.007198,-0.002047,0.000269,-1.30E-05,0,,,,,,,,,,,,,,,,,,,,,,
2480,2020-08-16,16:23:46,2020-08-16,7:23:46,3,1,"Hayate, Nakagawa",1000074142,Right,RIK,"Kotaro, Takizawa",1000073989,Left,WAS_EDA,Undefined,8,Top,1,0,0,Fastball,Slider,BallCalled,Undefined,Undefined,,Undefined,0,0,,130.84662,4.150283,-3.147484,2389.814265,286.040601,3:30,0.311294,0.774242,1.70785,-112.0891,-3.0025,22.1882,0.37515,0.099661,119.19173,-3.94079,-1.594028,0.471672,,,,,,,,,,,,-13.362,-3.3271,-0.693822,15.24,0.411179,1.864051,-35.859345,2.144264,-2.250904,6.701879,-10.367122,RIK,WAS_EDA,JinguStadium,Spring,Team,20200816-JinguStadium-2,6bda1dd0-df91-11ea-87c6-2da02a938f7e,959729f8-9d3b-4184-a7b7-c10434da4ceb,v3,,,,"Akihito, Takeba",1000074033,Right,RIK,128.60627,,,11.65488,,,,16.732109,-36.137135,3.350939,0.313394,2.573976,-5.183561,-0.77302,1.95735,-1.125452,,,,,,,,,,,,,,,,,,,,,,,,,,,,,,,,,,,,,,,,,,,,,,,,,,,,,
2481,2020-08-16,16:24:05,2020-08-16,7:24:05,3,2,"Hayate, Nakagawa",1000074142,Right,RIK,"Kotaro, Takizawa",1000073989,Left,WAS_EDA,Undefined,8,Top,1,1,0,Sinker,ChangeUp,BallCalled,Undefined,Undefined,,Undefined,0,0,,129.93423,4.386181,-2.625714,2120.522889,288.302449,3:30,0.292906,0.745265,1.659015,-124.0593,-12.5926,48.7818,0.30783,0.483219,118.11801,-4.531569,0.783778,0.47679,,,,,,,,,,,,-26.2467,-8.2892,-0.678626,15.24,0.401123,1.391433,-35.613047,2.206881,-4.349369,6.775895,-11.180263,RIK,WAS_EDA,JinguStadium,Spring,Team,20200816-JinguStadium-2,76e89f30-df91-11ea-87c6-2da02a938f7e,959729f8-9d3b-4184-a7b7-c10434da4ceb,v3,,,,"Akihito, Takeba",1000074033,Right,RIK,127.22577,,,11.81622,,,,16.781467,-35.905135,3.387948,0.295603,2.688828,-5.590131,-0.742648,1.578921,-2.174684,,,,,,,,,,,,,,,,,,,,,,,,,,,,,,,,,,,,,,,,,,,,,,,,,,,,,
2482,2020-08-16,16:24:27,2020-08-16,7:24:27,3,3,"Hayate, Nakagawa",1000074142,Right,RIK,"Kotaro, Takizawa",1000073989,Left,WAS_EDA,Undefined,8,Top,1,2,0,Fastball,ChangeUp,BallCalled,Undefined,Undefined,,Undefined,0,0,,130.03471,5.950653,-1.647868,2322.477453,275.395165,3:15,0.295749,0.737558,1.721308,-109.7997,0.0497,32.6181,0.896319,0.595126,118.8448,-1.967166,0.638776,0.473319,,,,,,,,,,,,-17.4352,-2.7016,-0.697433,15.24,0.441801,0.866489,-35.605177,3.267223,-2.917889,6.122149,-10.258785,RIK,WAS_EDA,JinguStadium,Spring,Team,20200816-JinguStadium-2,842dd6b0-df91-11ea-87c6-2da02a938f7e,959729f8-9d3b-4184-a7b7-c10434da4ceb,v3,,,,"Akihito, Takeba",1000074033,Right,RIK,128.15894,,,11.18991,,,,16.718808,-35.85855,3.061075,0.297797,3.691796,-5.129392,-0.735793,0.98725,-1.458944,,,,,,,,,,,,,,,,,,,,,,,,,,,,,,,,,,,,,,,,,,,,,,,,,,,,,
2483,2020-08-16,16:24:50,2020-08-16,7:24:50,3,4,"Hayate, Nakagawa",1000074142,Right,RIK,"Kotaro, Takizawa",1000073989,Left,WAS_EDA,Undefined,8,Top,1,3,0,Fastball,Splitter,StrikeCalled,Undefined,Undefined,,Undefined,0,0,,129.36415,4.783837,-2.399525,1144.40912,284.552195,3:30,0.276284,0.735161,1.731345,-114.954,-4.7362,30.0488,0.490302,0.353492,118.86701,-3.499659,-0.29118,0.474111,,,,,,,,,,,,-16.7153,-4.4173,-0.67584,15.24,0.390739,1.346282,-35.491349,2.509755,-2.786469,5.926096,-10.54303,RIK,WAS_EDA,JinguStadium,Spring,Team,20200816-JinguStadium-2,92101180-df91-11ea-87c6-2da02a938f7e,959729f8-9d3b-4184-a7b7-c10434da4ceb,v3,,,,"Akihito, Takeba",1000074033,Right,RIK,127.94461,,,10.49714,,,,16.709242,-35.735831,2.963048,0.278226,2.944708,-5.271515,-0.733752,1.461238,-1.393235,,,,,,,,,,,,,,,,,,,,,,,,,,,,,,,,,,,,,,,,,,,,,,,,,,,,,
2484,2020-08-16,16:25:07,2020-08-16,7:25:07,3,5,"Hayate, Nakagawa",1000074142,Right,RIK,"Kotaro, Takizawa",1000073989,Left,WAS_EDA,Undefined,8,Top,1,3,1,Fastball,Splitter,InPlay,Undefined,LineDrive,LineDrive,Double,0,0,,128.02285,5.106575,-3.782555,1185.2488,288.061782,3:30,0.309125,0.71982,1.761832,-112.3908,0.2451,8.8892,0.640408,-0.265544,117.46701,-3.005661,-3.159683,0.479284,148.08163,12.208558,39.340518,3004.074115,24.652504,2.75566,22.723822,47.114664,,44.354336,1.383692,-6.9404,-2.2648,-0.625267,15.24,0.42984,2.278034,-35.058702,2.70657,-1.127565,5.857753,-10.174603,RIK,WAS_EDA,JinguStadium,Spring,Team,20200816-JinguStadium-2,9c2824f0-df91-11ea-87c6-2da02a938f7e,959729f8-9d3b-4184-a7b7-c10434da4ceb,v3,,,,"Akihito, Takeba",1000074033,Right,RIK,126.56372,3.289208,,10.55584,,,,16.678715,-35.29827,2.928876,0.310639,3.122687,-5.087301,-0.719376,2.324148,-0.563782,0.521151,0.643754,0.248545,284.87584,0.521151,31.093088,-6.429664,1.231886,-0.324007,0.153739,-0.116291,0.060351,-0.012746,0.643754,8.698588,-7.704841,1.030299,-0.262949,0.117282,-0.083066,0.04293,-0.009124,0.248544,25.486172,-1.481868,0.141286,-0.010841,-0.073267,0.100316,-0.060662,0.013642,,,,,,,,,,,,,,,,,,,,,,
2485,2020-08-16,16:26:33,2020-08-16,7:26:33,4,1,"Hayate, Nakagawa",1000074142,Right,RIK,"Hisashige, Iwamoto",1000074023,Right,WAS_EDA,Undefined,8,Top,1,0,0,Fastball,Slider,InPlay,Undefined,FlyBall,FlyBall,Double,0,2,,124.33019,4.519949,-2.495122,,137.555146,10:30,0.285225,0.738595,1.580142,-112.3348,11.2934,-6.6429,0.461951,-0.04379,112.54446,-3.576439,-2.956517,0.502127,140.66222,26.948909,-13.702209,3039.836888,32.59016,15.0763,-7.873767,102.367868,,-14.592388,4.545729,1.4574,3.347,-0.667271,15.24,0.403348,1.514204,-34.022088,2.240429,0.219436,6.438576,-9.302716,RIK,WAS_EDA,JinguStadium,Spring,Team,20200816-JinguStadium-2,cf4eee90-df91-11ea-87c6-2da02a938f7e,959729f8-9d3b-4184-a7b7-c10434da4ceb,v3,,,,"Akihito, Takeba",1000074033,Right,RIK,120.80613,19.549121,,11.78573,,,,16.859448,-34.327196,3.219288,0.286735,2.68126,-4.651358,-0.738779,1.503805,0.109718,0.574343,0.460793,0.037256,179.038458,0.574317,33.838639,-5.919929,1.379564,-0.250396,0.034871,-0.003805,0.000319,-1.40E-05,0.460971,17.704651,-4.131821,-0.038842,0.032233,-0.004782,0.000213,9.00E-05,-1.00E-05,0.037276,-8.25051,1.377893,-0.361282,0.069607,-0.00938,0.000798,-3.90E-05,1.00E-06,,,,,,,,,,,,,,,,,,,,,,
2486,2020-08-16,16:29:56,2020-08-16,7:29:56,5,1,"Miya, Kaito",1000076330,Left,RIK,"Takuya, Hiruma",1000074108,Left,WAS_EDA,Undefined,8,Top,1,0,0,Slider,Slider,StrikeSwinging,Undefined,Undefined,,Undefined,0,0,,128.07801,1.342387,1.488318,2389.798998,279.318512,3:15,1.47122,-0.660018,1.767753,-113.4003,-2.114,31.4718,0.717964,0.076713,118.79326,-6.834499,3.707634,0.476404,,,,,,,,,,,,-15.2098,-1.0667,0.62043,15.24,1.496603,-1.056693,-35.273717,0.386549,-2.498918,5.992976,-9.98191,RIK,WAS_EDA,JinguStadium,Spring,Team,20200816-JinguStadium-2,4851ef90-df92-11ea-87c6-2da02a938f7e,959729f8-9d3b-4184-a7b7-c10434da4ceb,v3,,,,"Akihito, Takeba",1000074033,Right,RIK,127.32886,,,9.28474,,,,16.672984,-35.516346,2.996488,1.472773,0.790671,-4.990955,0.661162,-0.955523,-1.249459,,,,,,,,,,,,,,,,,,,,,,,,,,,,,,,,,,,,,,,,,,,,,,,,,,,,,
2487,2020-08-16,16:30:16,2020-08-16,7:30:16,5,2,"Miya, Kaito",1000076330,Left,RIK,"Takuya, Hiruma",1000074108,Left,WAS_EDA,Undefined,8,Top,1,0,1,Fastball,Four-Seam,StrikeSwinging,Undefined,Undefined,,Undefined,0,0,,142.96679,-1.373129,3.040028,1952.227523,153.789387,11:15,1.409683,-0.645367,1.943825,-39.1786,48.7365,-22.6864,0.632237,-0.018965,131.27413,-4.338346,1.425511,0.423435,,,,,,,,,,,,13.8119,27.1239,0.579705,15.24,1.377179,-1.981067,-39.32634,-1.061941,2.810297,7.732795,-4.287772,RIK,WAS_EDA,JinguStadium,Spring,Team,20200816-JinguStadium-2,546ab500-df92-11ea-87c6-2da02a938f7e,959729f8-9d3b-4184-a7b7-c10434da4ceb,v3,,,,"Akihito, Takeba",1000074033,Right,RIK,143.25704,,,11.69266,,,,16.495862,-39.572512,3.866397,1.408813,-0.925441,-2.143886,0.644196,-2.070532,1.405149,,,,,,,,,,,,,,,,,,,,,,,,,,,,,,,,,,,,,,,,,,,,,,,,,,,,,
2488,2020-08-16,16:30:40,2020-08-16,7:30:39,5,3,"Miya, Kaito",1000076330,Left,RIK,"Takuya, Hiruma",1000074108,Left,WAS_EDA,Undefined,8,Top,1,0,2,Slider,Slider,FoulBall,Undefined,Undefined,,Undefined,0,0,,128.29726,1.718352,2.084577,1177.925419,263.043161,2:45,1.454633,-0.6739,1.783504,-105.4378,4.4482,13.9019,0.887381,0.055756,119.66956,-5.891915,3.064902,0.473397,,,,,,,,,,,,-5.9568,2.1349,0.621266,15.24,1.489698,-1.347765,-35.340775,0.656798,-0.991591,5.430573,-9.451272,RIK,WAS_EDA,JinguStadium,Spring,Team,20200816-JinguStadium-2,621edaf0-df92-11ea-87c6-2da02a938f7e,959729f8-9d3b-4184-a7b7-c10434da4ceb,v3,,,,"Akihito, Takeba",1000074033,Right,RIK,128.13762,,,8.6277,,,,16.657156,-35.557872,2.715287,1.455889,1.034631,-4.725636,0.674353,-1.308124,-0.495796,,,,,,,,,,,,,,,,,,,,,,,,,,,,,,,,,,,,,,,,,,,,,,,,,,,,,
2489,2020-08-16,16:31:12,2020-08-16,7:31:12,5,4,"Miya, Kaito",1000076330,Left,RIK,"Takuya, Hiruma",1000074108,Left,WAS_EDA,Undefined,8,Top,1,0,2,Fastball,Four-Seam,BallCalled,Undefined,Undefined,,Undefined,0,0,,143.71039,-0.34875,5.435907,2151.309754,154.165133,11:15,1.389665,-0.643347,2.157252,-51.3777,33.2739,-14.9663,0.778956,0.715574,132.73659,-4.205856,4.362777,0.415501,,,,,,,,,,,,11.3722,18.7987,0.544346,15.24,1.381174,-3.693397,-39.478824,-0.393643,2.345486,7.339369,-5.929491,RIK,WAS_EDA,JinguStadium,Spring,Team,20200816-JinguStadium-2,75b84010-df92-11ea-87c6-2da02a938f7e,959729f8-9d3b-4184-a7b7-c10434da4ceb,v3,,,,"Akihito, Takeba",1000074033,Right,RIK,145.99241,,,10.97379,,,,16.28265,-39.672186,3.669684,1.389487,-0.237426,-2.964746,0.642465,-3.755191,1.172743,,,,,,,,,,,,,,,,,,,,,,,,,,,,,,,,,,,,,,,,,,,,,,,,,,,,,
2490,2020-08-16,16:31:35,2020-08-16,7:31:35,5,5,"Miya, Kaito",1000076330,Left,RIK,"Takuya, Hiruma",1000074108,Left,WAS_EDA,Undefined,8,Top,1,1,2,Slider,Slider,StrikeSwinging,Strikeout,Undefined,,Undefined,0,0,,128.1922,-0.460965,1.342224,,282.369507,3:30,1.440234,-0.651478,1.730626,-113.0858,-1.8842,22.0946,0.178361,-0.04909,119.68077,-8.560582,2.899619,0.476223,,,,,,,,,,,,-10.5209,0.1076,0.615259,15.24,1.4197,-0.92605,-35.320917,-0.730935,-1.738842,5.804631,-9.788864,RIK,WAS_EDA,JinguStadium,Spring,Team,20200816-JinguStadium-2,834b7080-df92-11ea-87c6-2da02a938f7e,959729f8-9d3b-4184-a7b7-c10434da4ceb,v3,,,,"Akihito, Takeba",1000074033,Right,RIK,127.37737,,,8.51143,,,,16.710239,-35.561715,2.902316,1.4416,-0.324856,-4.894432,0.652179,-0.853916,-0.869421,,,,,,,,,,,,,,,,,,,,,,,,,,,,,,,,,,,,,,,,,,,,,,,,,,,,,
2491,2020-08-16,16:32:14,2020-08-16,7:32:14,6,1,"Miya, Kaito",1000076330,Left,RIK,"Kazuto, Yoshizawa",1000074012,Right,WAS_EDA,Undefined,8,Top,2,0,0,Slider,ChangeUp,BallinDirt,Undefined,Undefined,,Undefined,0,0,,131.88161,-1.466303,3.457847,2187.841093,99.424594,9:15,1.450172,-0.628197,1.697041,-98.755,6.3245,-22.216,0.044282,0.135361,123.7641,-8.515512,1.898251,0.462928,,,,,,,,,,,,13.269,4.7565,0.539092,15.24,1.403619,-2.090183,-36.290459,-1.335455,2.335102,5.554701,-8.969593,RIK,WAS_EDA,JinguStadium,Spring,Team,20200816-JinguStadium-2,9a9a3c80-df92-11ea-87c6-2da02a938f7e,959729f8-9d3b-4184-a7b7-c10434da4ceb,v3,,,,"Akihito, Takeba",1000074033,Right,RIK,131.03542,,,8.11751,,,,16.743887,-36.519922,2.777351,1.451133,-0.964924,-4.484797,0.627429,-2.186646,1.167551,,,,,,,,,,,,,,,,,,,,,,,,,,,,,,,,,,,,,,,,,,,,,,,,,,,,,
2492,2020-08-16,16:32:39,2020-08-16,7:32:39,6,2,"Miya, Kaito",1000076330,Left,RIK,"Kazuto, Yoshizawa",1000074012,Right,WAS_EDA,Undefined,8,Top,2,1,0,Fastball,Cutter,InPlay,Undefined,GroundBall,,Out,1,0,,142.51293,-0.053949,3.284762,2120.522892,156.368859,11:15,1.399175,-0.6905,1.948659,-56.1283,32.1161,-12.9322,0.822744,0.102004,131.16756,-4.222683,2.364706,0.424227,,,,,,,,,,,,8.8985,17.6043,0.619239,15.24,1.394837,-2.190722,-39.214094,-0.233705,1.803457,7.551872,-6.23878,RIK,WAS_EDA,JinguStadium,Spring,Team,20200816-JinguStadium-2,a98bc470-df92-11ea-87c6-2da02a938f7e,959729f8-9d3b-4184-a7b7-c10434da4ceb,v3,,,,"Akihito, Takeba",1000074033,Right,RIK,142.98951,,,11.34537,,,,16.491282,-39.45433,3.775936,1.399115,-0.03524,-3.11939,0.689842,-2.248093,0.901729,,,,,,,,,,,,,,,,,,,,,,,,,,,,,,,,,,,,,,,,,,,,,,,,,,,,,
2493,2020-08-16,16:35:15,2020-08-16,7:35:15,1,1,"Soma, Tokuyama",1000074011,Right,WAS_EDA,"Kai, Tominaga",1000074173,Left,RIK,Undefined,8,Bottom,0,0,0,Fastball,Four-Seam,InPlay,Undefined,Bunt,GroundBall,Out,1,0,,145.57852,-1.158755,-3.015431,2121.176989,212.362915,1:00,1.586045,0.692627,2.042492,-39.5457,44.5264,26.5453,0.867161,0.116928,133.09904,-4.170586,-1.114274,0.414077,67.2852,6.746864,37.381521,2110.004425,,,,13.767929,,36.010749,0.732371,-16.248,25.1951,-0.63273,15.24,1.560593,1.991974,-40.063292,-0.927621,-3.411275,8.485519,-4.516931,RIK,WAS_EDA,JinguStadium,Spring,Team,20200816-JinguStadium-2,069005f0-df93-11ea-87c6-2da02a938f7e,959729f8-9d3b-4184-a7b7-c10434da4ceb,v3,,,,"Hisashige, Iwamoto",1000074023,Right,WAS_EDA,146.49464,1.086748,,12.47949,,,,16.397653,-40.30774,4.242759,1.585442,-0.797498,-2.258465,-0.691529,2.090245,-1.705638,0.932986,0.829845,-0.15114,250.243407,0.932986,14.748687,-1.260839,0.236779,-0.057487,0.009847,0.001822,-0.00063,-0.000141,0.829845,2.195797,-4.754613,0.299236,-0.028025,0.014042,3.00E-06,-0.002347,0.000641,-0.15114,11.268687,-0.036438,0.039634,-0.013383,0.004275,-0.000756,-5.70E-05,3.40E-05,,,,,,,,,,,,,,,,,,,,,,
2494,2020-08-16,16:35:48,2020-08-16,7:35:48,2,1,"Soma, Tokuyama",1000074011,Right,WAS_EDA,"Reo, Higashi",1000074110,Right,RIK,Undefined,8,Bottom,1,0,0,Fastball,Four-Seam,BallCalled,Undefined,Undefined,,Undefined,0,0,,145.63342,-1.03782,-4.399283,1941.208933,201.504687,12:45,1.569701,0.679736,1.819734,-38.0824,48.3214,17.9979,0.894712,-0.385882,133.43934,-3.901841,-3.132053,0.419779,,,,,,,,,,,,-12.1425,26.2726,-0.574549,15.24,1.541992,2.982877,-39.972365,-0.852746,-2.550789,8.041235,-4.287539,RIK,WAS_EDA,JinguStadium,Spring,Team,20200816-JinguStadium-2,1a27bd60-df93-11ea-87c6-2da02a938f7e,959729f8-9d3b-4184-a7b7-c10434da4ceb,v3,,,,"Hisashige, Iwamoto",1000074023,Right,WAS_EDA,144.50452,,,12.19409,,,,16.619757,-40.248974,4.020618,1.568788,-0.70526,-2.14377,-0.678665,3.070621,-1.275394,,,,,,,,,,,,,,,,,,,,,,,,,,,,,,,,,,,,,,,,,,,,,,,,,,,,,
2495,2020-08-16,16:36:02,2020-08-16,7:36:02,2,2,"Soma, Tokuyama",1000074011,Right,WAS_EDA,"Reo, Higashi",1000074110,Right,RIK,Undefined,8,Bottom,1,1,0,Curveball,Curveball,StrikeCalled,Undefined,Undefined,,Undefined,0,0,,115.54055,2.350114,-1.889615,2423.455265,47.818012,7:30,1.60945,0.59513,1.848732,-168.004,-30.3139,-38.2711,0.593048,-0.320784,106.22287,-9.7847,-4.603504,0.529915,,,,,,,,,,,,18.2308,-16.0261,-0.5481,15.24,1.654434,1.202184,-31.780897,0.720906,2.387597,5.77468,-11.905509,RIK,WAS_EDA,JinguStadium,Spring,Team,20200816-JinguStadium-2,225e1880-df93-11ea-87c6-2da02a938f7e,959729f8-9d3b-4184-a7b7-c10434da4ceb,v3,,,,"Hisashige, Iwamoto",1000074023,Right,WAS_EDA,114.47124,,,9.31768,,,,16.592419,-32.025693,2.88734,1.613177,1.225595,-5.952754,-0.596917,1.100971,1.193798,,,,,,,,,,,,,,,,,,,,,,,,,,,,,,,,,,,,,,,,,,,,,,,,,,,,,
2496,2020-08-16,16:36:19,2020-08-16,7:36:19,2,3,"Soma, Tokuyama",1000074011,Right,WAS_EDA,"Reo, Higashi",1000074110,Right,RIK,Undefined,8,Bottom,1,1,1,Fastball,Four-Seam,BallCalled,Undefined,Undefined,,Undefined,0,0,,146.70732,-0.921082,-2.895827,1988.917576,200.324777,12:45,1.594969,0.736534,1.922018,-32.0698,52.371,18.3725,1.015284,0.106434,133.39396,-3.391626,-1.5901,0.414983,,,,,,,,,,,,-11.5979,28.6369,-0.672734,15.24,1.572379,1.947345,-40.32268,-0.735426,-2.457708,8.886572,-3.738244,RIK,WAS_EDA,JinguStadium,Spring,Team,20200816-JinguStadium-2,2c9bb550-df93-11ea-87c6-2da02a938f7e,959729f8-9d3b-4184-a7b7-c10434da4ceb,v3,,,,"Hisashige, Iwamoto",1000074023,Right,WAS_EDA,146.17453,,,13.31335,,,,16.51708,-40.603155,4.443286,1.593729,-0.61744,-1.869122,-0.735419,2.024915,-1.228854,,,,,,,,,,,,,,,,,,,,,,,,,,,,,,,,,,,,,,,,,,,,,,,,,,,,,
2497,2020-08-16,16:36:41,2020-08-16,7:36:40,2,4,"Soma, Tokuyama",1000074011,Right,WAS_EDA,"Reo, Higashi",1000074110,Right,RIK,Undefined,8,Bottom,1,2,1,Fastball,Sinker,FoulBall,Undefined,Undefined,GroundBall,Undefined,0,0,,147.20751,-1.065047,-3.467595,2120.523026,226.597449,1:30,1.562723,0.694079,1.85027,-45.8219,37.6309,37.2828,0.803525,0.087688,135.86738,-4.465099,-0.829961,0.412549,122.56682,7.193315,170.46858,2467.671797,,,,29.425872,,174.296745,0.967863,-21.4362,20.827,-0.614553,15.24,1.534569,2.268523,-40.497056,-0.924137,-4.653187,7.704262,-5.28569,RIK,WAS_EDA,JinguStadium,Spring,Team,20200816-JinguStadium-2,394e22b0-df93-11ea-87c6-2da02a938f7e,959729f8-9d3b-4184-a7b7-c10434da4ceb,v3,,,,"Hisashige, Iwamoto",1000074023,Right,WAS_EDA,147.03722,1.626431,,11.34013,,,,16.590106,-40.753094,3.852131,1.562362,-0.748476,-2.642845,-0.692514,2.423164,-2.326593,0.337022,0.796553,-0.083982,278.050297,0.337022,-33.312058,3.074579,-0.336057,0.062957,-0.008566,0.001277,-0.000259,2.90E-05,0.796553,4.263196,-5.647747,0.47282,-0.085073,0.018863,-0.003147,0.000525,-6.40E-05,-0.083982,5.593308,-3.022384,0.559072,-0.110476,0.022239,-0.004194,0.000739,-8.40E-05,,,,,,,,,,,,,,,,,,,,,,
2498,2020-08-16,16:37:07,2020-08-16,7:37:07,2,5,"Soma, Tokuyama",1000074011,Right,WAS_EDA,"Reo, Higashi",1000074110,Right,RIK,Undefined,8,Bottom,1,2,2,Slider,Slider,BallCalled,Undefined,Undefined,,Undefined,0,0,,135.30952,-1.298331,-3.923809,,165.768452,11:30,1.552432,0.665478,1.751849,-92.344,8.1254,-1.3343,0.259643,-0.463046,125.46834,-7.938202,-4.017583,0.452659,,,,,,,,,,,,-1.8512,5.8058,-0.5659,15.24,1.512636,2.556037,-37.173537,-1.219832,-0.33739,6.738645,-8.748518,RIK,WAS_EDA,JinguStadium,Spring,Team,20200816-JinguStadium-2,48dcadf0-df93-11ea-87c6-2da02a938f7e,959729f8-9d3b-4184-a7b7-c10434da4ceb,v3,,,,"Hisashige, Iwamoto",1000074023,Right,WAS_EDA,134.00806,,,9.84118,,,,16.688498,-37.435193,3.369322,1.553406,-0.880134,-4.374259,-0.665403,2.569138,-0.168695,,,,,,,,,,,,,,,,,,,,,,,,,,,,,,,,,,,,,,,,,,,,,,,,,,,,,
2499,2020-08-16,16:37:24,2020-08-16,7:37:24,2,6,"Soma, Tokuyama",1000074011,Right,WAS_EDA,"Reo, Higashi",1000074110,Right,RIK,Undefined,8,Bottom,1,3,2,Fastball,Sinker,HitByPitch,Walk,Undefined,,Undefined,0,0,,149.50603,-0.112378,-1.769693,2085.181706,221.899907,1:30,1.558973,0.730762,1.888546,-40.7413,39.8322,33.6513,1.119925,0.569162,137.49184,-3.165843,0.620811,0.405369,,,,,,,,,,,,-18.795,21.5139,-0.692274,15.24,1.553912,1.109055,-41.189173,-0.226179,-4.201107,8.361122,-4.997791,RIK,WAS_EDA,JinguStadium,Spring,Team,20200816-JinguStadium-2,531d30f0-df93-11ea-87c6-2da02a938f7e,959729f8-9d3b-4184-a7b7-c10434da4ceb,v3,,,,"Hisashige, Iwamoto",1000074023,Right,WAS_EDA,149.64139,,,12.01419,,,,16.552011,-41.454647,4.180561,1.558574,-0.067494,-2.498895,-0.729605,1.242444,-2.100554,,,,,,,,,,,,,,,,,,,,,,,,,,,,,,,,,,,,,,,,,,,,,,,,,,,,,
2500,2020-08-16,16:38:08,2020-08-16,7:38:08,3,1,"Soma, Tokuyama",1000074011,Right,WAS_EDA,"Takayuki, Ozawa",1000074182,Left,RIK,Undefined,8,Bottom,1,0,0,Slider,Slider,BallCalled,Undefined,Undefined,,Undefined,0,0,,130.27077,-1.273809,-1.755951,2072.466529,109.062593,9:45,1.541418,0.68295,1.794625,-102.0916,3.3718,-2.8553,0.159763,0.157276,123.19652,-8.585301,-1.958001,0.463773,,,,,,,,,,,,0.5896,3.0441,-0.639595,15.24,1.502841,1.113936,-35.933471,-1.193884,0.102351,5.045609,-9.278223,RIK,WAS_EDA,JinguStadium,Spring,Team,20200816-JinguStadium-2,6d93a2c0-df93-11ea-87c6-2da02a938f7e,959729f8-9d3b-4184-a7b7-c10434da4ceb,v3,,,,"Hisashige, Iwamoto",1000074023,Right,WAS_EDA,130.79674,,,7.07424,,,,16.646481,-36.130423,2.522805,1.542375,-0.831715,-4.639111,-0.682998,1.109941,0.051175,,,,,,,,,,,,,,,,,,,,,,,,,,,,,,,,,,,,,,,,,,,,,,,,,,,,,
2501,2020-08-16,16:38:31,2020-08-16,7:38:31,3,2,"Soma, Tokuyama",1000074011,Right,WAS_EDA,"Takayuki, Ozawa",1000074182,Left,RIK,Undefined,8,Bottom,1,1,0,Fastball,Sinker,InPlay,Undefined,GroundBall,GroundBall,Single,0,0,,145.24131,-1.146342,-3.200177,2187.841052,235.599184,1:45,1.549539,0.696425,1.885142,-56.3301,29.4379,39.2374,0.663067,0.18721,133.53461,-5.309014,-0.416024,0.418232,151.24333,0.159572,0.535819,1108.674331,,,,12.969572,,-0.950117,0.310296,-22.5269,16.8009,-0.625164,15.24,1.519684,2.044147,-39.953665,-1.012695,-4.731154,7.977693,-6.278084,RIK,WAS_EDA,JinguStadium,Spring,Team,20200816-JinguStadium-2,7af40360-df93-11ea-87c6-2da02a938f7e,959729f8-9d3b-4184-a7b7-c10434da4ceb,v3,,,,"Hisashige, Iwamoto",1000074023,Right,WAS_EDA,145.03906,0.641799,,11.7067,,,,16.555164,-40.215411,3.988846,1.549531,-0.806713,-3.139042,-0.694779,2.199375,-2.365577,0.475375,0.64139,-0.18866,33.394325,0.476297,41.970499,-5.532601,,,,,,,0.642747,0.058716,-6.878511,,,,,,,-0.188121,0.369724,-1.476673,,,,,,,,,,,,,,,,,,,,,,,,,,,,
2502,2020-08-16,16:39:41,2020-08-16,7:39:41,4,1,"Soma, Tokuyama",1000074011,Right,WAS_EDA,"Tomoya, Ito ",1000074171,Right,RIK,Undefined,8,Bottom,1,0,0,Slider,Slider,InPlay,Undefined,GroundBall,GroundBall,Out,2,0,,134.03421,0.343127,-2.616796,2086.760151,97.922022,9:15,1.566696,0.655717,1.831678,-98.8166,3.9904,-3.8041,0.675521,-0.121746,121.95597,-6.861114,-2.885953,0.457895,127.56022,-10.099007,-31.932069,,,,,3.170733,,-18.587402,0.069936,-0.0786,2.6873,-0.592826,15.24,1.568408,1.700817,-36.832642,-0.161395,-0.013802,7.876784,-9.334795,RIK,WAS_EDA,JinguStadium,Spring,Team,20200816-JinguStadium-2,a4ca9d70-df93-11ea-87c6-2da02a938f7e,959729f8-9d3b-4184-a7b7-c10434da4ceb,v3,,,,"Hisashige, Iwamoto",1000074023,Right,WAS_EDA,132.47573,0.466808,,12.07825,,,,16.60822,-37.124088,3.938392,1.567989,0.183998,-4.667397,-0.655767,1.701327,-0.006901,0.957946,0.466808,0.302657,,0.957935,29.607632,-4.74579,,,,,,,0.466814,-6.214225,-6.588164,,,,,,,0.302668,-18.452829,-4.67004,,,,,,,,,,,,,,,,,,,,,,,,,,,,
2503,2020-08-16,16:42:17,2020-08-16,7:42:17,1,1,"Kyosuke, Nakazaki",1000074143,Right,RIK,"Moeto, Suzuki",1000074064,Left,WAS_EDA,Undefined,9,Top,0,0,0,Fastball,Four-Seam,BallCalled,Undefined,Undefined,,Undefined,0,0,,146.6706,-0.01531,-0.973522,2255.159261,212.153505,1:00,1.494756,0.374113,1.947997,-38.3827,45.7068,27.0075,1.106636,0.371244,133.28257,-2.943249,0.952644,0.414119,,,,,,,,,,,,-14.6822,24.595,-0.35411,15.24,1.492173,0.551076,-40.365418,-0.125864,-3.113741,9.012407,-4.590659,RIK,WAS_EDA,JinguStadium,Spring,Team,20200816-JinguStadium-2,01be3d20-df94-11ea-87c6-2da02a938f7e,959729f8-9d3b-4184-a7b7-c10434da4ceb,v3,,,,"Naoya, Murayama",1000074036,Right,RIK,146.47949,,,13.38803,,,,16.491069,-40.643785,4.506204,1.493871,0.015928,-2.295329,-0.372617,0.64725,-1.55687,,,,,,,,,,,,,,,,,,,,,,,,,,,,,,,,,,,,,,,,,,,,,,,,,,,,,
2504,2020-08-16,16:42:28,2020-08-16,7:42:28,1,2,"Kyosuke, Nakazaki",1000074143,Right,RIK,"Moeto, Suzuki",1000074064,Left,WAS_EDA,Undefined,9,Top,0,1,0,Fastball,Four-Seam,StrikeCalled,Undefined,Undefined,,Undefined,0,0,,146.5246,-0.813884,-1.283278,2389.79564,211.235263,1:00,1.510062,0.365604,1.830754,-36.6429,49.0787,28.0159,0.913729,0.283322,132.90283,-3.602968,0.70023,0.418119,,,,,,,,,,,,-15.2511,26.6132,-0.336629,15.24,1.488122,0.755461,-40.284056,-0.687855,-3.215664,9.117227,-4.19533,RIK,WAS_EDA,JinguStadium,Spring,Team,20200816-JinguStadium-2,087b3eb0-df94-11ea-87c6-2da02a938f7e,959729f8-9d3b-4184-a7b7-c10434da4ceb,v3,,,,"Naoya, Murayama",1000074036,Right,RIK,145.07833,,,13.62177,,,,16.608228,-40.592537,4.558613,1.508995,-0.545907,-2.097665,-0.364031,0.864262,-1.607832,,,,,,,,,,,,,,,,,,,,,,,,,,,,,,,,,,,,,,,,,,,,,,,,,,,,,
2505,2020-08-16,16:42:41,2020-08-16,7:42:41,1,3,"Kyosuke, Nakazaki",1000074143,Right,RIK,"Moeto, Suzuki",1000074064,Left,WAS_EDA,Undefined,9,Top,0,1,1,Fastball,Four-Seam,BallCalled,Undefined,Undefined,,Undefined,0,0,,146.43145,0.032153,-1.473153,2356.136556,205.670009,12:45,1.495318,0.379208,1.991137,-33.4831,50.5845,22.9733,1.169479,0.196974,132.79308,-2.557657,0.169181,0.414065,,,,,,,,,,,,-13.0437,27.2219,-0.349064,15.24,1.494078,0.923621,-40.293987,-0.063475,-2.751608,9.121172,-4.064112,RIK,WAS_EDA,JinguStadium,Spring,Team,20200816-JinguStadium-2,102697e0-df94-11ea-87c6-2da02a938f7e,959729f8-9d3b-4184-a7b7-c10434da4ceb,v3,,,,"Naoya, Murayama",1000074036,Right,RIK,146.49857,,,13.63837,,,,16.447826,-40.566476,4.560586,1.49416,0.057938,-2.032056,-0.377884,1.005823,-1.375804,,,,,,,,,,,,,,,,,,,,,,,,,,,,,,,,,,,,,,,,,,,,,,,,,,,,,
2506,2020-08-16,16:42:56,2020-08-16,7:42:56,1,4,"Kyosuke, Nakazaki",1000074143,Right,RIK,"Moeto, Suzuki",1000074064,Left,WAS_EDA,Undefined,9,Top,0,2,1,Fastball,Four-Seam,StrikeCalled,Undefined,Undefined,,Undefined,0,0,,145.85209,-1.948075,-2.55814,2356.136546,212.012127,1:00,1.476008,0.408836,1.936322,-40.4971,44.9993,26.3248,0.523758,-0.046066,132.53388,-5.020011,-0.683787,0.417569,,,,,,,,,,,,-15.5717,25.7286,-0.353641,15.24,1.430554,1.661026,-40.079925,-1.490882,-3.251224,8.997,-4.434756,RIK,WAS_EDA,JinguStadium,Spring,Team,20200816-JinguStadium-2,18e3fd50-df94-11ea-87c6-2da02a938f7e,959729f8-9d3b-4184-a7b7-c10434da4ceb,v3,,,,"Naoya, Murayama",1000074036,Right,RIK,145.26927,,,13.31821,,,,16.50294,-40.362429,4.4985,1.475181,-1.351632,-2.217378,-0.407399,1.763114,-1.625612,,,,,,,,,,,,,,,,,,,,,,,,,,,,,,,,,,,,,,,,,,,,,,,,,,,,,
2507,2020-08-16,16:43:15,2020-08-16,7:43:15,1,5,"Kyosuke, Nakazaki",1000074143,Right,RIK,"Moeto, Suzuki",1000074064,Left,WAS_EDA,Undefined,9,Top,0,2,2,Fastball,Four-Seam,StrikeCalled,Strikeout,Undefined,,Undefined,0,0,,148.41431,-1.708273,-0.972707,2389.795358,206.311536,1:00,1.497646,0.379021,1.978131,-33.5295,47.5427,22.3064,0.684141,0.329881,136.33475,-4.262476,0.621364,0.406622,,,,,,,,,,,,-12.2855,26.7636,-0.35929,15.24,1.459217,0.585769,-40.876442,-1.316336,-2.699376,8.393871,-3.926125,RIK,WAS_EDA,JinguStadium,Spring,Team,20200816-JinguStadium-2,24aea2c0-df94-11ea-87c6-2da02a938f7e,959729f8-9d3b-4184-a7b7-c10434da4ceb,v3,,,,"Naoya, Murayama",1000074036,Right,RIK,149.18044,,,12.07956,,,,16.461563,-41.126521,4.196935,1.496693,-1.199365,-1.963062,-0.37794,0.666192,-1.349688,,,,,,,,,,,,,,,,,,,,,,,,,,,,,,,,108.4669,3.307305,2.351104,0.956201,-0.57701,0.607236,-0.341705,0.408398,1.342338,-1.36323,20.641434,1.002377,-17.390687,0.41834,22.598641,-1.512573,1.36174,4.064938,-4.63774,-1.388892,-19.005094,2.366526
2508,2020-08-16,16:43:42,2020-08-16,7:43:42,2,1,"Kyosuke, Nakazaki",1000074143,Right,RIK,"Soma, Tokuyama",1000074011,Right,WAS_EDA,Undefined,9,Top,1,0,0,Fastball,Four-Seam,InPlay,Undefined,GroundBall,GroundBall,Out,1,0,,145.88785,-1.387807,-2.07127,2389.79564,214.418528,1:15,1.478905,0.345336,2.092334,-39.9076,42.7456,27.6111,0.693938,0.045752,134.17177,-4.420201,-0.085075,0.410568,158.72413,-10.89592,-37.894685,,,,,2.541876,,-26.895874,0.046732,-16.1619,24.4682,-0.306301,15.24,1.450149,1.334634,-40.203018,-1.090088,-3.435386,8.112354,-4.605678,RIK,WAS_EDA,JinguStadium,Spring,Team,20200816-JinguStadium-2,34a40620-df94-11ea-87c6-2da02a938f7e,959729f8-9d3b-4184-a7b7-c10434da4ceb,v3,,,,"Naoya, Murayama",1000074036,Right,RIK,147.7467,0.373623,,11.71607,,,,16.348004,-40.425978,4.056177,1.47837,-0.963506,-2.302839,-0.34428,1.429052,-1.717693,0.684628,0.373623,0.07584,,0.684633,34.164508,-6.550253,,,,,,,0.373601,-8.327819,7.154562,,,,,,,0.075829,-26.589453,7.738273,,,,,,,,,,,,,,,,,,,,,,,,,,,,
2509,2020-08-16,16:44:19,2020-08-16,7:44:19,3,1,"Kyosuke, Nakazaki",1000074143,Right,RIK,"Toyo, Kumada",1000089879,Left,WAS_EDA,Undefined,9,Top,2,0,0,Fastball,Four-Seam,StrikeCalled,Undefined,Undefined,,Undefined,0,0,,147.12462,-1.622334,-2.852928,2322.477453,213.440534,1:00,1.486984,0.42788,2.043854,-29.7005,52.4534,32.957,0.737205,-0.038227,134.67637,-3.923643,-0.491768,0.409325,,,,,,,,,,,,-19.2229,29.4955,-0.371434,15.24,1.45248,1.861742,-40.485031,-1.217576,-4.133159,8.431346,-3.464768,RIK,WAS_EDA,JinguStadium,Spring,Team,20200816-JinguStadium-2,4aa591a0-df94-11ea-87c6-2da02a938f7e,959729f8-9d3b-4184-a7b7-c10434da4ceb,v3,,,,"Naoya, Murayama",1000074036,Right,RIK,148.19509,,,12.44824,,,,16.395773,-40.725019,4.215673,1.485734,-1.118956,-1.732384,-0.4261,1.979387,-2.066579,,,,,,,,,,,,,,,,,,,,,,,,,,,,,,,,,,,,,,,,,,,,,,,,,,,,,
2510,2020-08-16,16:44:31,2020-08-16,7:44:31,3,2,"Kyosuke, Nakazaki",1000074143,Right,RIK,"Toyo, Kumada",1000089879,Left,WAS_EDA,Undefined,9,Top,2,0,1,Fastball,Four-Seam,FoulBall,Undefined,Undefined,LineDrive,Undefined,0,0,,148.07292,-1.653353,-1.589515,2420.922874,210.095959,1:00,1.441827,0.375489,1.986463,-33.4534,47.6509,26.2562,0.644594,0.193398,136.45074,-4.198071,0.287222,0.406702,131.08809,29.528085,-41.781865,4720.687866,22.303641,14.586092,-25.033442,81.611024,,-55.721985,3.710489,-14.8499,26.8422,-0.343056,15.24,1.404878,1.009203,-40.796487,-1.277045,-3.260571,8.093996,-3.912929,RIK,WAS_EDA,JinguStadium,Spring,Team,20200816-JinguStadium-2,51850f50-df94-11ea-87c6-2da02a938f7e,959729f8-9d3b-4184-a7b7-c10434da4ceb,v3,,,,"Naoya, Murayama",1000074036,Right,RIK,149.15081,15.853842,,11.62219,,,,16.453778,-41.036593,4.046998,1.44104,-1.160969,-1.956464,-0.374428,1.105927,-1.630285,0.232179,0.592494,-0.179479,130.370419,0.232153,23.628008,-6.399871,1.711547,-0.384888,0.075474,-0.012363,0.001393,-7.30E-05,0.592516,17.944868,-5.701625,0.254872,0.008668,-0.011736,0.002457,-0.000144,-3.00E-06,-0.17948,-21.110307,0.954816,0.024179,-0.050478,0.015403,-0.002474,0.000238,-1.20E-05,,,,,,,,,,,,,,,,,,,,,,
2511,2020-08-16,16:44:53,2020-08-16,7:44:53,3,3,"Kyosuke, Nakazaki",1000074143,Right,RIK,"Toyo, Kumada",1000089879,Left,WAS_EDA,Undefined,9,Top,2,0,2,Splitter,ChangeUp,InPlay,Undefined,FlyBall,FlyBall,Out,1,0,,138.18007,-1.482066,-1.379001,1346.345757,223.829226,1:30,1.526212,0.324653,1.763297,-62.0327,33.5498,29.6046,0.485407,0.229587,127.89735,-6.015383,0.709777,0.441513,119.33593,36.637626,-26.115823,4669.066762,28.093535,18.267466,-18.299703,77.450474,,-39.485708,4.127509,-16.0653,18.9123,-0.292224,15.24,1.48447,0.773616,-38.045578,-1.22451,-3.075586,6.85431,-6.186029,RIK,WAS_EDA,JinguStadium,Spring,Team,20200816-JinguStadium-2,5ebdc3b0-df94-11ea-87c6-2da02a938f7e,959729f8-9d3b-4184-a7b7-c10434da4ceb,v3,,,,"Naoya, Murayama",1000074036,Right,RIK,137.39108,19.272188,,10.28271,,,,16.676995,-38.303593,3.427155,1.526181,-0.991651,-3.093015,-0.323524,0.88939,-1.537793,0.318841,0.52816,-0.247261,139.455287,0.318946,23.881473,-5.069205,1.247374,-0.228633,0.035788,-0.005799,0.000759,-4.50E-05,0.528083,19.7833,-5.762686,0.377546,-0.067561,0.011914,-0.002076,0.000355,-2.60E-05,-0.247196,-11.710317,-0.368336,0.164225,-0.03183,0.002586,0.000173,-3.50E-05,1.00E-06,,,,,,,,,,,,,,,,,,,,,,
2512,2020-08-16,16:47:38,2020-08-16,7:47:38,1,1,"Soma, Tokuyama",1000074011,Right,WAS_EDA,"Shintarou, Miya",1000074185,Right,RIK,Undefined,9,Bottom,0,0,0,Slider,Slider,FoulBall,Undefined,Undefined,,Undefined,0,0,,130.24187,0.43018,-2.212225,,114.031837,9:45,1.596009,0.644812,1.820669,-102.8811,6.6214,-6.2085,0.688844,-0.042678,118.00649,-7.08263,-2.651435,0.47257,,,,,,,,,,,,1.39,4.1003,-0.591026,15.24,1.599562,1.410233,-35.77773,-0.119311,0.229163,7.737284,-9.130645,RIK,WAS_EDA,JinguStadium,Spring,Team,20200816-JinguStadium-2,c129d700-df94-11ea-87c6-2da02a938f7e,959729f8-9d3b-4184-a7b7-c10434da4ceb,v3,,,,"Hisashige, Iwamoto",1000074023,Right,WAS_EDA,128.36181,,,12.23538,,,,16.618867,-36.074691,3.868642,1.597416,0.231128,-4.565323,-0.644983,1.401438,0.114581,,,,,,,,,,,,,,,,,,,,,,,,,,,,,,,,,,,,,,,,,,,,,,,,,,,,,
2513,2020-08-16,16:48:07,2020-08-16,7:48:07,1,2,"Soma, Tokuyama",1000074011,Right,WAS_EDA,"Shintarou, Miya",1000074185,Right,RIK,Undefined,9,Bottom,0,0,1,Slider,Slider,BallinDirt,Undefined,Undefined,,Undefined,0,0,,131.92527,-2.236288,-3.56707,,189.741006,12:15,1.578007,0.651739,1.812659,-92.4799,11.8093,1.5469,0.019453,-0.342518,123.28211,-8.886445,-3.457784,0.461184,,,,,,,,,,,,-2.9561,8.1926,-0.565231,15.24,1.517272,2.25447,-36.273828,-1.771352,-0.516038,6.024919,-8.376469,RIK,WAS_EDA,JinguStadium,Spring,Team,20200816-JinguStadium-2,d271f920-df94-11ea-87c6-2da02a938f7e,959729f8-9d3b-4184-a7b7-c10434da4ceb,v3,,,,"Hisashige, Iwamoto",1000074023,Right,WAS_EDA,131.53094,,,8.64316,,,,16.628039,-36.503647,3.012459,1.578745,-1.451834,-4.188234,-0.651602,2.274154,-0.258019,,,,,,,,,,,,,,,,,,,,,,,,,,,,,,,,,,,,,,,,,,,,,,,,,,,,,
2514,2020-08-16,16:48:24,2020-08-16,7:48:24,1,3,"Soma, Tokuyama",1000074011,Right,WAS_EDA,"Shintarou, Miya",1000074185,Right,RIK,Undefined,9,Bottom,0,1,1,Fastball,Four-Seam,FoulBall,Undefined,Undefined,,Undefined,0,0,,147.00404,-1.33158,-3.579007,2053.204704,212.553736,1:00,1.567147,0.683733,1.900241,-42.332,42.9846,25.4691,0.768622,-0.069212,132.43247,-4.544875,-1.772696,0.41713,,,,,,,,,,,,-15.8694,24.1311,-0.603604,15.24,1.534229,2.387948,-40.319765,-1.074657,-3.328996,9.679347,-4.744562,RIK,WAS_EDA,JinguStadium,Spring,Team,20200816-JinguStadium-2,dc542f80-df94-11ea-87c6-2da02a938f7e,959729f8-9d3b-4184-a7b7-c10434da4ceb,v3,,,,"Hisashige, Iwamoto",1000074023,Right,WAS_EDA,145.4223,,,14.57157,,,,16.538,-40.630174,4.839673,1.566253,-0.922503,-2.372281,-0.681896,2.494706,-1.664498,,,,,,,,,,,,,,,,,,,,,,,,,,,,,,,,,,,,,,,,,,,,,,,,,,,,,
2515,2020-08-16,16:48:50,2020-08-16,7:48:50,1,4,"Soma, Tokuyama",1000074011,Right,WAS_EDA,"Shintarou, Miya",1000074185,Right,RIK,Undefined,9,Bottom,0,1,2,Slider,Slider,StrikeSwinging,Strikeout,Undefined,,Undefined,0,0,,133.30977,1.238642,-2.702916,2053.99203,168.582996,11:30,1.582816,0.663068,1.774383,-81.9102,21.0356,-3.6588,1.115155,-0.140017,122.92266,-4.726658,-2.960524,0.458204,,,,,,,,,,,,0.138,10.8799,-0.595403,15.24,1.607881,1.748164,-36.663344,0.476575,0.024494,6.495764,-7.876107,RIK,WAS_EDA,JinguStadium,Spring,Team,20200816-JinguStadium-2,ec206000-df94-11ea-87c6-2da02a938f7e,959729f8-9d3b-4184-a7b7-c10434da4ceb,v3,,,,"Hisashige, Iwamoto",1000074023,Right,WAS_EDA,132.38645,,,10.38711,,,,16.665385,-36.91502,3.247882,1.583505,0.781732,-3.938054,-0.663117,1.747215,0.012247,,,,,,,,,,,,,,,,,,,,,,,,,,,,,,,,,,,,,,,,,,,,,,,,,,,,,
2516,2020-08-16,16:49:28,2020-08-16,7:49:28,2,1,"Soma, Tokuyama",1000074011,Right,WAS_EDA,"Hidetake, Ohta",1000074058,Right,RIK,Undefined,9,Bottom,1,0,0,Fastball,Four-Seam,BallCalled,Undefined,Undefined,,Undefined,0,0,,148.01207,-2.268143,-5.295855,1953.891908,214.59543,1:15,1.613802,0.671939,1.997388,-36.5457,45.6003,29.6741,0.611397,-0.515629,135.54418,-5.044051,-3.186905,0.409306,,,,,,,,,,,,-19.0783,26.2138,-0.561588,15.24,1.563861,3.618701,-40.58368,-1.721716,-4.126227,8.39014,-4.137165,RIK,WAS_EDA,JinguStadium,Spring,Team,20200816-JinguStadium-2,02786ff0-df95-11ea-87c6-2da02a938f7e,959729f8-9d3b-4184-a7b7-c10434da4ceb,v3,,,,"Hisashige, Iwamoto",1000074023,Right,WAS_EDA,148.20219,,,12.46789,,,,16.442287,-40.83148,4.19507,1.612907,-1.599526,-2.068583,-0.670265,3.740568,-2.063113,,,,,,,,,,,,,,,,,,,,,,,,,,,,,,,,,,,,,,,,,,,,,,,,,,,,,
2517,2020-08-16,16:49:43,2020-08-16,7:49:43,2,2,"Soma, Tokuyama",1000074011,Right,WAS_EDA,"Hidetake, Ohta",1000074058,Right,RIK,Undefined,9,Bottom,1,1,0,Slider,Slider,FoulBall,Undefined,Undefined,,Undefined,0,0,,132.65323,0.878531,-1.280021,,194.37337,12:30,1.571528,0.692243,1.785938,-84.7452,16.8308,3.7357,0.97293,0.367078,124.80863,-5.244298,-1.016239,0.455145,,,,,,,,,,,,-2.5593,8.8939,-0.660871,15.24,1.587155,0.801181,-36.601509,0.232699,-0.46199,5.079725,-8.201196,RIK,WAS_EDA,JinguStadium,Spring,Team,20200816-JinguStadium-2,0ba0cc30-df95-11ea-87c6-2da02a938f7e,959729f8-9d3b-4184-a7b7-c10434da4ceb,v3,,,,"Hisashige, Iwamoto",1000074023,Right,WAS_EDA,133.27611,,,7.8446,,,,16.654926,-36.797355,2.539863,1.572088,0.548892,-4.100598,-0.692104,0.818993,-0.230995,,,,,,,,,,,,,,,,,,,,,,,,,,,,,,,,,,,,,,,,,,,,,,,,,,,,,
2518,2020-08-16,16:50:38,2020-08-16,7:50:38,2,3,"Soma, Tokuyama",1000074011,Right,WAS_EDA,"Hidetake, Ohta",1000074058,Right,RIK,Undefined,9,Bottom,1,1,1,Slider,Slider,FoulBall,Undefined,Undefined,Popup,Undefined,0,0,,132.77042,-0.132923,-3.078114,,135.444981,10:30,1.598567,0.652423,1.753619,-98.9582,11.318,-6.1259,0.571215,-0.283042,116.24626,-7.418777,-3.509154,0.474237,107.0782,45.34208,53.110562,5614.757521,15.744614,19.528642,29.601242,53.413363,,66.663547,4.044334,-0.2752,7.4371,-0.574094,15.24,1.588298,1.981852,-36.275104,-0.47556,-0.044996,10.194829,-8.590645,RIK,WAS_EDA,JinguStadium,Spring,Team,20200816-JinguStadium-2,2c37ff90-df95-11ea-87c6-2da02a938f7e,959729f8-9d3b-4184-a7b7-c10434da4ceb,v3,,,,"Hisashige, Iwamoto",1000074023,Right,WAS_EDA,127.9107,19.742716,,16.52417,,,,16.683147,-36.678447,5.097414,1.600389,-0.135684,-4.295322,-0.652538,1.983632,-0.022498,0.185808,0.507402,0.295424,213.807619,0.185837,12.547138,-3.846739,0.8918,-0.136257,0.008115,0.001342,-0.000308,2.00E-05,0.507416,21.157684,-6.689958,0.664537,-0.151181,0.033486,-0.006484,0.000901,-5.50E-05,0.29541,16.721379,-1.986991,0.380124,-0.079334,0.019254,-0.004364,0.000573,-3.00E-05,,,,,,,,,,,,,,,,,,,,,,
2519,2020-08-16,16:51:01,2020-08-16,7:51:01,2,4,"Soma, Tokuyama",1000074011,Right,WAS_EDA,"Hidetake, Ohta",1000074058,Right,RIK,Undefined,9,Bottom,1,1,2,Fastball,Four-Seam,FoulBall,Undefined,Undefined,Popup,Undefined,0,0,,148.59827,-1.064062,-4.132252,2152.225399,219.58,1:15,1.572716,0.670504,1.777746,-37.1542,47.2071,36.6121,0.898891,-0.136127,134.4276,-3.880181,-1.557588,0.414788,115.59927,56.615291,134.173993,6295.262961,-27.488794,25.012863,19.196128,57.566021,,147.70041,4.298811,-21.8792,25.7761,-0.570233,15.24,1.543621,2.749982,-40.752258,-0.886427,-4.714714,9.439333,-4.252198,RIK,WAS_EDA,JinguStadium,Spring,Team,20200816-JinguStadium-2,3a37fb90-df95-11ea-87c6-2da02a938f7e,959729f8-9d3b-4184-a7b7-c10434da4ceb,v3,,,,"Hisashige, Iwamoto",1000074023,Right,WAS_EDA,146.24333,25.195031,,14.17067,,,,16.661825,-41.080272,4.719667,1.571857,-0.738665,-2.126099,-0.66864,2.913816,-2.357357,0.329081,0.933451,0.14363,328.662287,0.329239,-12.317308,-1.269849,0.810642,-0.211765,0.029612,-0.000112,-0.0004,2.90E-05,0.933643,26.807406,-9.039307,1.158192,-0.17993,0.011191,0.001138,-9.40E-05,-7.00E-06,0.143706,12.670999,-2.911976,0.766122,-0.161475,0.029258,-0.00523,0.000713,-4.30E-05,,,,,,,,,,,,,,,,,,,,,,
2520,2020-08-16,16:51:28,2020-08-16,7:51:28,2,5,"Soma, Tokuyama",1000074011,Right,WAS_EDA,"Hidetake, Ohta",1000074058,Right,RIK,Undefined,9,Bottom,1,1,2,Slider,Slider,StrikeSwinging,Strikeout,Undefined,,Undefined,0,0,,135.70235,-2.292053,-3.814261,,238.736219,2:00,1.602192,0.652308,1.827851,-97.008,4.0995,0.9327,-0.017035,-0.417251,123.63435,-9.316071,-3.748307,0.454095,,,,,,,,,,,,-3.5862,4.8968,-0.560747,15.24,1.540662,2.476108,-37.204533,-1.872305,-0.639936,8.303998,-8.932834,RIK,WAS_EDA,JinguStadium,Spring,Team,20200816-JinguStadium-2,4a843180-df95-11ea-87c6-2da02a938f7e,959729f8-9d3b-4184-a7b7-c10434da4ceb,v3,,,,"Hisashige, Iwamoto",1000074023,Right,WAS_EDA,133.58449,,,12.068,,,,16.611942,-37.509499,4.151999,1.603399,-1.544245,-4.466417,-0.652114,2.49961,-0.319968,,,,,,,,,,,,,,,,,,,,,,,,,,,,,,,,,,,,,,,,,,,,,,,,,,,,,
2521,2020-08-16,16:52:02,2020-08-16,7:52:02,3,1,"Soma, Tokuyama",1000074011,Right,WAS_EDA,"Kensuke, Mitsui",1000074122,Left,RIK,Undefined,9,Bottom,2,0,0,Splitter,Splitter,BallCalled,Undefined,Undefined,,Undefined,0,0,,134.36609,0.786353,-3.163947,639.522777,229.463582,1:45,1.551543,0.682226,1.833336,-65.5214,35.3534,37.8277,1.118703,0.166278,123.30507,-4.052075,-0.490231,0.453572,,,,,,,,,,,,-21.4561,18.584,-0.608963,15.24,1.56604,1.864317,-36.947207,0.273937,-3.855824,6.783016,-6.466963,RIK,WAS_EDA,JinguStadium,Spring,Team,20200816-JinguStadium-2,5e72bb80-df95-11ea-87c6-2da02a938f7e,959729f8-9d3b-4184-a7b7-c10434da4ceb,v3,,,,"Hisashige, Iwamoto",1000074023,Right,WAS_EDA,133.73848,,,11.06103,,,,16.606408,-37.197215,3.391508,1.55155,0.512297,-3.233481,-0.680297,2.006435,-1.927912,,,,,,,,,,,,,,,,,,,,,,,,,,,,,,,,,,,,,,,,,,,,,,,,,,,,,
2522,2020-08-16,16:52:17,2020-08-16,7:52:17,3,2,"Soma, Tokuyama",1000074011,Right,WAS_EDA,"Kensuke, Mitsui",1000074122,Left,RIK,Undefined,9,Bottom,2,1,0,Fastball,Sinker,InPlay,Undefined,GroundBall,GroundBall,Out,1,0,,147.99061,-1.688215,-3.064247,2086.863572,227.061255,1:30,1.577356,0.685899,1.941266,-43.5856,39.2397,39.2252,0.667211,0.217936,134.73157,-4.972537,-0.271317,0.410994,152.16835,-2.74572,16.248682,,,,,6.89527,,13.996106,0.153167,-22.7959,22.5438,-0.620533,15.24,1.537672,1.987542,-40.679531,-1.34766,-4.912033,9.119165,-4.94893,RIK,WAS_EDA,JinguStadium,Spring,Team,20200816-JinguStadium-2,67415f00-df95-11ea-87c6-2da02a938f7e,959729f8-9d3b-4184-a7b7-c10434da4ceb,v3,,,,"Hisashige, Iwamoto",1000074023,Right,WAS_EDA,147.59322,0.556108,,13.25904,,,,16.498714,-40.960726,4.559583,1.576876,-1.195057,-2.474465,-0.684155,2.139007,-2.456017,0.656787,0.556108,-0.207149,320.565814,0.656813,40.531768,-7.434087,,,,,,,0.556444,-2.053845,-10.323783,,,,,,,-0.207359,11.831788,2.684937,,,,,,,,,,,,,,,,,,,,,,,,,,,,