PitchNo,Date,Time,PAofInning,PitchofPA,Pitcher,PitcherId,PitcherThrows,PitcherTeam,Batter,BatterId,BatterSide,BatterTeam,PitcherSet,Inning,Top/Bottom,Outs,Balls,Strikes,TaggedPitchType,AutoPitchType,PitchCall,KorBB,TaggedHitType,PlayResult,OutsOnPlay,RunsScored,Notes,RelSpeed,VertRelAngle,HorzRelAngle,SpinRate,SpinAxis,Tilt,RelHeight,RelSide,Extension,VertBreak,InducedVertBreak,HorzBreak,PlateLocHeight,PlateLocSide,ZoneSpeed,VertApprAngle,HorzApprAngle,ZoneTime,ExitSpeed,Angle,Direction,HitSpinRate,PositionAt110X,PositionAt110Y,PositionAt110Z,Distance,LastTrackedDistance,Bearing,HangTime,pfxx,pfxz,x0,y0,z0,vx0,vy0,vz0,ax0,ay0,az0,HomeTeam,AwayTeam,Stadium,Level,League,GameID,PitchUID,EffectiveVelo,MaxHeight,MeasuredDuration,SpeedDrop,PitchLastMeasuredX,PitchLastMeasuredY,PitchLastMeasuredZ,ContactPositionX,ContactPositionY,ContactPositionZ,GameUID,UTCDate,UTCTime,LocalDateTime,UTCDateTime,AutoHitType,System,HomeTeamForeignID,AwayTeamForeignID,GameForeignID,Catcher,CatcherId,CatcherThrows,CatcherTeam,PlayID,PitchTrajectoryXc0,PitchTrajectoryXc1,PitchTrajectoryXc2,PitchTrajectoryYc0,PitchTrajectoryYc1,PitchTrajectoryYc2,PitchTrajectoryZc0,PitchTrajectoryZc1,PitchTrajectoryZc2,HitSpinAxis,HitTrajectoryXc0,HitTrajectoryXc1,HitTrajectoryXc2,HitTrajectoryXc3,HitTrajectoryXc4,HitTrajectoryXc5,HitTrajectoryXc6,HitTrajectoryXc7,HitTrajectoryXc8,HitTrajectoryYc0,HitTrajectoryYc1,HitTrajectoryYc2,HitTrajectoryYc3,HitTrajectoryYc4,HitTrajectoryYc5,HitTrajectoryYc6,HitTrajectoryYc7,HitTrajectoryYc8,HitTrajectoryZc0,HitTrajectoryZc1,HitTrajectoryZc2,HitTrajectoryZc3,HitTrajectoryZc4,HitTrajectoryZc5,HitTrajectoryZc6,HitTrajectoryZc7,HitTrajectoryZc8,ThrowSpeed,PopTime,ExchangeTime,TimeToBase,CatchPositionX,CatchPositionY,CatchPositionZ,ThrowPositionX,ThrowPositionY,ThrowPositionZ,BasePositionX,BasePositionY,BasePositionZ,ThrowTrajectoryXc0,ThrowTrajectoryXc1,ThrowTrajectoryXc2,ThrowTrajectoryYc0,ThrowTrajectoryYc1,ThrowTrajectoryYc2,ThrowTrajectoryZc0,ThrowTrajectoryZc1,ThrowTrajectoryZc2,PitchReleaseConfidence,PitchLocationConfidence,PitchMovementConfidence,HitLaunchConfidence,HitLandingConfidence,CatcherThrowCatchConfidence,CatcherThrowReleaseConfidence,CatcherThrowLocationConfidence
1,2026/9/12,06:02.8,1,1,"Matsumoto, Shinnosuke",1000325748,Left,TOK,"Takarada, Yuya",1000242234,Right,KEI_KEI,Undefined,1,Top,0,0,0,Splitter,Changeup,BallCalled,Undefined,Undefined,Undefined,0,0,,110.94535,2.452659,1.147355,1272.697673,109.871855,9:45,1.500452,-0.339369,1.682088,-133.9681,20.5838,-41.0209,0.860301,-0.422559,99.87616,-7.309898,-1.729942,0.561425,,,,,,,,,,,,21.3791,10.1329,0.312181,15.24,1.555099,-0.432107,-30.410343,0.843469,2.535784,5.778147,-8.604782,TOK,KEI_KEI,JinguStadium,TeamExclusive,Team,20260912-JinguStadium-1,81d925d0-ae4e-11f1-af02-1b6488a193e9,108.04646,,,11.06919,,,,,,,fbfbdd1a-464e-45d5-a242-20ac040e30b5,2026/9/12,06:02.8,2026-09-12T11:06:02.7634176+09:00,2026-09-12T02:06:02.7634176Z,,v3,,,,"Oyama, Hiroto",1000325762,Right,TOK,c76982e2-682e-4c73-9e2e-372b6d938ed6,16.756141,-30.697067,2.889073,1.50265,1.270457,-4.302391,0.336745,-0.557938,1.267892,,,,,,,,,,,,,,,,,,,,,,,,,,,,,,,,,,,,,,,,,,,,,,,,,,,High,High,High,,,,,
2,2026/9/12,06:15.1,1,2,"Matsumoto, Shinnosuke",1000325748,Left,TOK,"Takarada, Yuya",1000242234,Right,KEI_KEI,Undefined,1,Top,0,1,0,Fastball,Changeup,FoulBallNotFieldable,Undefined,Undefined,Undefined,0,0,,129.66853,0.934326,2.372089,2069.10858,132.944606,10:30,1.427063,-0.368295,1.703568,-85.2672,25.4878,-23.597,0.840558,0.071233,118.41211,-5.282539,0.715799,0.475266,147.81844,8.59214,-44.768242,3087.201455,22.332356,2.165618,-25.007574,47.196365,46.562818,-50.287051,1.35191,13.7342,13.2375,0.308158,15.24,1.444869,-1.365846,-35.633275,0.253663,2.277537,6.809826,-7.611472,TOK,KEI_KEI,JinguStadium,TeamExclusive,Team,20260912-JinguStadium-1,892ac640-ae4e-11f1-af02-1b6488a193e9,127.63389,2.638593,,11.25642,,,,0.768521,0.868351,-0.064407,fbfbdd1a-464e-45d5-a242-20ac040e30b5,2026/9/12,06:15.1,2026-09-12T11:06:15.1488512+09:00,2026-09-12T02:06:15.1488512Z,LineDrive,v3,,,,"Oyama, Hiroto",1000325762,Right,TOK,6fadcd07-b7e1-41d3-ac47-7904ecddf3fa,16.736291,-35.918091,3.404913,1.427602,0.572007,-3.805736,0.367275,-1.461103,1.138769,97.533762,0.76852,28.824692,-6.633235,1.326832,-0.233961,-0.029341,0.055242,-0.025368,0.004465,0.868351,6.134417,-5.589447,0.524943,-0.097919,0.026904,-0.009367,0.003065,-0.000491,-0.064408,-28.591717,1.092494,0.282629,-0.089868,-0.030576,0.048819,-0.022818,0.004059,,,,,,,,,,,,,,,,,,,,,,,High,High,High,High,Medium,,,
3,2026/9/12,06:34.0,1,3,"Matsumoto, Shinnosuke",1000325748,Left,TOK,"Takarada, Yuya",1000242234,Right,KEI_KEI,Undefined,1,Top,0,1,1,Fastball,Changeup,StrikeCalled,Undefined,Undefined,Undefined,0,0,,134.19648,0.945031,0.967703,2182.801234,133.494022,10:30,1.402308,-0.386467,1.774535,-73.629,28.847,-26.9554,0.933872,-0.381779,122.35629,-4.469547,-0.93428,0.457157,,,,,,,,,,,,14.3642,15.0487,0.364223,15.24,1.42067,-0.491698,-36.902372,0.330148,2.553227,7.342504,-7.131755,TOK,KEI_KEI,JinguStadium,TeamExclusive,Team,20260912-JinguStadium-1,94728010-ae4e-11f1-af02-1b6488a193e9,132.68951,,,11.84019,,,,,,,fbfbdd1a-464e-45d5-a242-20ac040e30b5,2026/9/12,06:34.0,2026-09-12T11:06:34.0482560+09:00,2026-09-12T02:06:34.0482560Z,,v3,,,,"Oyama, Hiroto",1000325762,Right,TOK,5fe936a3-1bd4-489b-8b65-d8a60ed1324a,16.664592,-37.184744,3.671252,1.402699,0.604416,-3.565877,0.385021,-0.589888,1.276614,,,,,,,,,,,,,,,,,,,,,,,,,,,,,,,,,,,,,,,,,,,,,,,,,,,High,High,High,,,,,
4,2026/9/12,06:51.9,1,4,"Matsumoto, Shinnosuke",1000325748,Left,TOK,"Takarada, Yuya",1000242234,Right,KEI_KEI,Undefined,1,Top,0,1,2,Splitter,Changeup,InPlay,Undefined,FlyBall,Out,1,0,,117.50883,1.593317,1.469822,1332.746452,107.21465,9:30,1.487765,-0.343498,1.647898,-125.3799,11.4387,-21.8369,0.68925,-0.142027,106.89466,-7.469337,-0.059581,0.528235,130.6907,27.227541,-21.496426,2444.885564,30.815531,14.040478,-13.210913,90.101517,87.932424,-26.645742,4.055024,12.1978,5.7401,0.305559,15.24,1.520486,-0.732676,-32.266782,0.434478,1.644507,6.020487,-9.032762,TOK,KEI_KEI,JinguStadium,TeamExclusive,Team,20260912-JinguStadium-1,9f1a0240-ae4e-11f1-af02-1b6488a193e9,114.83526,16.164528,,10.61418,,,,0.735547,0.758775,0.124043,fbfbdd1a-464e-45d5-a242-20ac040e30b5,2026/9/12,06:51.9,2026-09-12T11:06:51.9081472+09:00,2026-09-12T02:06:51.9081472Z,LineDrive,v3,,,,"Oyama, Hiroto",1000325762,Right,TOK,77dbcc04-c668-4a62-9d06-773df2669356,16.791818,-32.55504,3.010244,1.48933,0.866962,-4.516381,0.342525,-0.811414,0.822254,153.286351,0.735615,30.033026,-5.094606,1.112211,-0.178676,0.015785,-0.000963,0.000339,-4.40E-05,0.758982,16.603683,-4.737869,0.111037,0.051925,-0.039674,0.015314,-0.00276,0.000185,0.123986,-11.827938,0.519408,0.016724,-0.008845,-0.00366,0.002086,-0.000393,2.70E-05,,,,,,,,,,,,,,,,,,,,,,,High,High,High,High,High,,,
5,2026/9/12,07:22.9,2,1,"Matsumoto, Shinnosuke",1000325748,Left,TOK,"Imazu, Keisuke",1000242231,Left,KEI_KEI,Undefined,1,Top,1,0,0,Fastball,Sinker,StrikeCalled,Undefined,Undefined,Undefined,0,0,,134.62379,0.8497,3.461209,2184.15525,140.033327,10:45,1.431333,-0.34461,1.777215,-76.1124,26.0092,-19.0395,0.911404,0.446824,122.67417,-4.733348,2.121274,0.456366,,,,,,,,,,,,12.1118,13.6985,0.259721,15.24,1.447172,-2.141241,-36.955792,0.257412,2.159915,7.338689,-7.363776,TOK,KEI_KEI,JinguStadium,TeamExclusive,Team,20260912-JinguStadium-1,b1874370-ae4e-11f1-af02-1b6488a193e9,132.91955,,,11.94962,,,,,,,fbfbdd1a-464e-45d5-a242-20ac040e30b5,2026/9/12,07:22.9,2026-09-12T11:07:22.8746240+09:00,2026-09-12T02:07:22.8746240Z,,v3,,,,"Oyama, Hiroto",1000325762,Right,TOK,c890ef56-9262-403a-be52-389c206b3af8,16.661698,-37.237043,3.669345,1.4319,0.539624,-3.681888,0.343369,-2.224019,1.079958,,,,,,,,,,,,,,,,,,,,,,,,,,,,,,,,,,,,,,,,,,,,,,,,,,,High,High,High,,,,,
6,2026/9/12,07:36.2,2,2,"Matsumoto, Shinnosuke",1000325748,Left,TOK,"Imazu, Keisuke",1000242231,Left,KEI_KEI,Undefined,1,Top,1,0,1,Slider,Curveball,BallCalled,Undefined,Undefined,Undefined,0,0,,115.51052,4.087256,-0.065901,2230.282082,285.450147,3:30,1.413122,-0.36556,1.637699,-148.5436,-5.1804,37.4711,1.09763,-0.009681,103.94792,-6.640936,2.552788,0.540721,,,,,,,,,,,,-18.5276,-4.1166,0.364204,15.24,1.51259,-0.135901,-31.630833,1.695785,-2.383052,6.138518,-10.336138,TOK,KEI_KEI,JinguStadium,TeamExclusive,Team,20260912-JinguStadium-1,b9894820-ae4e-11f1-af02-1b6488a193e9,112.18347,,,11.56259,,,,,,,fbfbdd1a-464e-45d5-a242-20ac040e30b5,2026/9/12,07:36.2,2026-09-12T11:07:36.2258432+09:00,2026-09-12T02:07:36.2258432Z,,v3,,,,"Oyama, Hiroto",1000325762,Right,TOK,584d70ee-5cd3-4414-881d-6e9bd891a7b2,16.801245,-31.932383,3.069259,1.416814,2.203539,-5.168069,0.368004,-0.018836,-1.191526,,,,,,,,,,,,,,,,,,,,,,,,,,,,,,,,,,,,,,,,,,,,,,,,,,,High,High,High,,,,,
7,2026/9/12,07:47.3,2,3,"Matsumoto, Shinnosuke",1000325748,Left,TOK,"Imazu, Keisuke",1000242231,Left,KEI_KEI,Undefined,1,Top,1,1,1,Slider,Curveball,StrikeCalled,Undefined,Undefined,Undefined,0,0,,112.58591,3.440174,-0.161827,2220.657725,289.054541,3:45,1.433245,-0.302081,1.546111,-164.0567,-12.1014,50.4889,0.782421,0.156306,102.05506,-8.296448,3.351423,0.556689,,,,,,,,,,,,-24.8958,-6.9408,0.301842,15.24,1.517416,-0.142503,-30.860985,1.220699,-3.055277,5.735736,-10.658446,TOK,KEI_KEI,JinguStadium,TeamExclusive,Team,20260912-JinguStadium-1,c024df00-ae4e-11f1-af02-1b6488a193e9,108.96569,,,10.53085,,,,,,,fbfbdd1a-464e-45d5-a242-20ac040e30b5,2026/9/12,07:47.3,2026-09-12T11:07:47.2735232+09:00,2026-09-12T02:07:47.2735232Z,,v3,,,,"Oyama, Hiroto",1000325762,Right,TOK,de2338fd-747b-43cb-a386-c81080f0153a,16.89376,-31.166833,2.867868,1.437172,1.789041,-5.329223,0.305097,0.020414,-1.527639,,,,,,,,,,,,,,,,,,,,,,,,,,,,,,,,,,,,,,,,,,,,,,,,,,,High,High,High,,,,,
8,2026/9/12,08:00.3,2,4,"Matsumoto, Shinnosuke",1000325748,Left,TOK,"Imazu, Keisuke",1000242231,Left,KEI_KEI,Undefined,1,Top,1,1,2,Fastball,Sinker,StrikeSwinging,Strikeout,Undefined,Undefined,0,0,,136.66592,0.664868,3.755679,2220.401784,136.81779,10:30,1.433857,-0.363865,1.764844,-68.3861,31.0521,-26.0749,0.938925,0.441788,124.24856,-4.369722,1.922731,0.450331,,,,,,,,,,,,15.901,16.3255,0.271334,15.24,1.445696,-2.330143,-37.498819,0.17498,2.915304,7.65785,-6.813524,TOK,KEI_KEI,JinguStadium,TeamExclusive,Team,20260912-JinguStadium-1,c7d76420-ae4e-11f1-af02-1b6488a193e9,134.70106,,,12.41736,,,,,,,fbfbdd1a-464e-45d5-a242-20ac040e30b5,2026/9/12,08:00.3,2026-09-12T11:08:00.3230000+09:00,2026-09-12T02:08:00.3230000Z,,v3,,,,"Oyama, Hiroto",1000325762,Right,TOK,d7e27ec9-eb8b-47ad-b2ef-85755cdc8064,16.674054,-37.79054,3.828925,1.434087,0.434538,-3.406762,0.362215,-2.4412,1.457652,,,,,,,,,,,,,,,,,,,,,,,,,,,,,108.51189,,,0.951611,,,,0.280037,1.204794,-1.291611,20.663651,1.600916,-17.367173,0.285403,22.976524,-1.658337,1.212538,5.019716,-4.871758,-1.298764,-18.59785,1.821908,High,High,High,,,High,Medium,Medium
9,2026/9/12,08:24.9,3,1,"Matsumoto, Shinnosuke",1000325748,Left,TOK,"Yoshino, Taiyo",1000242225,Left,KEI_KEI,Undefined,1,Top,2,0,0,Fastball,Changeup,BallCalled,Undefined,Undefined,Undefined,0,0,,132.79339,1.624879,2.854796,2268.588118,134.655306,10:30,1.43529,-0.363269,1.787834,-73.7128,30.7112,-27.7916,1.158918,0.16778,121.20656,-3.798428,0.896108,0.461482,,,,,,,,,,,,16.0389,15.5743,0.294591,15.24,1.470344,-1.684248,-36.478085,0.763261,2.796046,6.931423,-7.091602,TOK,KEI_KEI,JinguStadium,TeamExclusive,Team,20260912-JinguStadium-1,d682e260-ae4e-11f1-af02-1b6488a193e9,131.44608,,,11.58683,,,,,,,fbfbdd1a-464e-45d5-a242-20ac040e30b5,2026/9/12,08:24.9,2026-09-12T11:08:24.9069056+09:00,2026-09-12T02:08:24.9069056Z,,v3,,,,"Oyama, Hiroto",1000325762,Right,TOK,d1085c79-0122-4b21-adc0-82135efab969,16.651201,-36.745258,3.465711,1.435656,1.036608,-3.545801,0.361588,-1.792022,1.398023,,,,,,,,,,,,,,,,,,,,,,,,,,,,,,,,,,,,,,,,,,,,,,,,,,,High,High,High,,,,,
10,2026/9/12,08:35.1,3,2,"Matsumoto, Shinnosuke",1000325748,Left,TOK,"Yoshino, Taiyo",1000242225,Left,KEI_KEI,Undefined,1,Top,2,1,0,Slider,Curveball,InPlay,Undefined,GroundBall,Out,1,0,,108.88263,4.193079,0.666634,2156.718226,285.920593,3:30,1.411552,-0.329387,1.629229,-168.5454,-7.6028,46.1544,0.927142,0.322759,98.71757,-7.933238,3.889521,0.572915,112.23966,0.006378,-6.921259,4317.015513,,,,12.920057,12.754228,-9.714043,0.412251,-22.6356,-5.7162,0.306905,15.24,1.512376,-0.538069,-29.836855,1.592335,-2.597541,5.345623,-10.462613,TOK,KEI_KEI,JinguStadium,TeamExclusive,Team,20260912-JinguStadium-1,dca41920-ae4e-11f1-af02-1b6488a193e9,105.8796,0.961003,,10.16507,,,,0.666778,0.961003,-0.310173,fbfbdd1a-464e-45d5-a242-20ac040e30b5,2026/9/12,08:35.1,2026-09-12T11:08:35.1127040+09:00,2026-09-12T02:08:35.1127040Z,GroundBall,v3,,,,"Oyama, Hiroto",1000325762,Right,TOK,c7f2f6ff-dc94-41d8-bb5a-bb91ae194189,16.810989,-30.117001,2.672812,1.414559,2.140645,-5.231307,0.331537,-0.40194,-1.29877,68.847872,0.668065,30.908748,-3.981409,,,,,,,0.962839,-0.055966,-5.540018,,,,,,,-0.308563,-3.809413,-1.780193,,,,,,,,,,,,,,,,,,,,,,,,,,,,,High,High,High,High,High,,,
11,2026/9/12,10:51.2,1,1,"Watanabe, Kazuhiro",1000242226,Left,KEI_KEI,"Horibe, Kohei",1000325732,Right,TOK,Undefined,1,Bottom,0,0,0,Fastball,Four-Seam,StrikeCalled,Undefined,Undefined,Undefined,0,0,,146.78785,-2.804676,3.643517,2147.916477,148.234442,11:00,1.740994,-0.582206,1.841525,-42.3607,41.3659,-24.2195,0.523674,0.205183,136.51937,-5.93418,1.931908,0.413225,,,,,,,,,,,,14.6132,23.6835,0.497146,15.24,1.671402,-2.450109,-40.350754,-2.136117,3.170206,7.103776,-4.668717,TOK,KEI_KEI,JinguStadium,TeamExclusive,Team,20260912-JinguStadium-1,2dbb1200-ae4f-11f1-af02-1b6488a193e9,146.79657,,,10.26848,,,,,,,fbfbdd1a-464e-45d5-a242-20ac040e30b5,2026/9/12,10:51.2,2026-09-12T11:10:51.2540672+09:00,2026-09-12T02:10:51.2540672Z,,v3,,,,"Yoshigai, Tetsuro",1000242230,Right,KEI_KEI,ea517f3e-9cf7-4a4c-a8f2-4bc95dad911f,16.598866,-40.589278,3.551888,1.740495,-1.979355,-2.334359,0.5812,-2.556555,1.585103,,,,,,,,,,,,,,,,,,,,,,,,,,,,,,,,,,,,,,,,,,,,,,,,,,,High,High,High,,,,,
12,2026/9/12,11:02.1,1,2,"Watanabe, Kazuhiro",1000242226,Left,KEI_KEI,"Horibe, Kohei",1000325732,Right,TOK,Undefined,1,Bottom,0,0,1,Fastball,Four-Seam,BallCalled,Undefined,Undefined,Undefined,0,0,,147.60299,-3.227593,2.209153,2134.863443,138.878536,10:45,1.749242,-0.605903,1.86509,-46.1706,36.4947,-29.8646,0.3764,-0.281728,137.07839,-6.628579,0.090124,0.410598,,,,,,,,,,,,16.8436,21.5582,0.556209,15.24,1.670845,-1.42058,-40.606453,-2.464461,3.68729,7.49369,-5.087253,TOK,KEI_KEI,JinguStadium,TeamExclusive,Team,20260912-JinguStadium-1,34387280-ae4f-11f1-af02-1b6488a193e9,147.73588,,,10.5246,,,,,,,fbfbdd1a-464e-45d5-a242-20ac040e30b5,2026/9/12,11:02.1,2026-09-12T11:11:02.1562880+09:00,2026-09-12T02:11:02.1562880Z,,v3,,,,"Yoshigai, Tetsuro",1000242230,Right,KEI_KEI,23a4f26a-1aa6-4f20-925a-cfbb1b587cb2,16.575369,-40.852144,3.746845,1.748912,-2.297668,-2.543626,0.604767,-1.541474,1.843645,,,,,,,,,,,,,,,,,,,,,,,,,,,,,,,,,,,,,,,,,,,,,,,,,,,High,High,High,,,,,
13,2026/9/12,11:14.1,1,3,"Watanabe, Kazuhiro",1000242226,Left,KEI_KEI,"Horibe, Kohei",1000325732,Right,TOK,Undefined,1,Bottom,0,1,1,Fastball,Four-Seam,BallCalled,Undefined,Undefined,Undefined,0,0,,147.52327,-4.087503,3.556786,2189.5556,143.879753,10:45,1.75348,-0.603284,1.857573,-41.0419,42.316,-29.1207,0.186531,0.109523,136.63139,-7.126852,1.495773,0.412314,,,,,,,,,,,,17.3677,25.1982,0.521609,15.24,1.654587,-2.375531,-40.490493,-3.04717,3.771306,7.647147,-4.334973,TOK,KEI_KEI,JinguStadium,TeamExclusive,Team,20260912-JinguStadium-1,3b4e4270-ae4f-11f1-af02-1b6488a193e9,147.12089,,,10.89189,,,,,,,fbfbdd1a-464e-45d5-a242-20ac040e30b5,2026/9/12,11:14.1,2026-09-12T11:11:14.0866048+09:00,2026-09-12T02:11:14.0866048Z,,v3,,,,"Yoshigai, Tetsuro",1000242230,Right,KEI_KEI,8e081c30-3e69-4f72-9389-53b8fd5372b5,16.582968,-40.74334,3.823573,1.752969,-2.903838,-2.167487,0.602216,-2.500227,1.885653,,,,,,,,,,,,,,,,,,,,,,,,,,,,,,,,,,,,,,,,,,,,,,,,,,,High,High,High,,,,,
14,2026/9/12,11:28.7,1,4,"Watanabe, Kazuhiro",1000242226,Left,KEI_KEI,"Horibe, Kohei",1000325732,Right,TOK,Undefined,1,Bottom,0,2,1,Slider,Slider,BallCalled,Undefined,Undefined,Undefined,0,0,,131.19987,-1.780948,2.781816,2678.456716,269.417395,3:00,1.706786,-0.563823,1.772451,-103.3733,3.2305,16.5525,0.167566,0.390701,121.89458,-9.19718,3.949765,0.466274,,,,,,,,,,,,-6.6444,3.7748,0.493164,15.24,1.654881,-1.828604,-36.075791,-1.531339,-1.137968,6.490906,-9.160148,TOK,KEI_KEI,JinguStadium,TeamExclusive,Team,20260912-JinguStadium-1,44140c50-ae4f-11f1-af02-1b6488a193e9,130.09526,,,9.30529,,,,,,,fbfbdd1a-464e-45d5-a242-20ac040e30b5,2026/9/12,11:28.7,2026-09-12T11:11:28.6951424+09:00,2026-09-12T02:11:28.6951424Z,,v3,,,,"Yoshigai, Tetsuro",1000242230,Right,KEI_KEI,8868b71a-1d41-4a5c-8c10-ee51147b1591,16.667786,-36.331776,3.245453,1.70815,-1.170086,-4.580074,0.564395,-1.783726,-0.568984,,,,,,,,,,,,,,,,,,,,,,,,,,,,,,,,,,,,,,,,,,,,,,,,,,,High,High,High,,,,,
15,2026/9/12,11:45.4,1,5,"Watanabe, Kazuhiro",1000242226,Left,KEI_KEI,"Horibe, Kohei",1000325732,Right,TOK,Undefined,1,Bottom,0,3,1,Fastball,Sinker,InPlay,Undefined,LineDrive,Out,1,0,,145.64566,-2.495234,3.055779,2057.534774,144.171094,10:45,1.735868,-0.626586,1.861294,-44.3535,40.8641,-27.7375,0.587595,-0.041861,134.65575,-5.786249,1.090912,0.416888,146.26385,19.567379,-18.325857,1922.742595,31.231106,9.907473,-12.19606,94.348733,91.62408,-27.269916,3.484748,16.348,23.4846,0.556793,15.24,1.674529,-2.0047,-40.053793,-1.907755,3.469966,7.570365,-4.821881,TOK,KEI_KEI,JinguStadium,TeamExclusive,Team,20260912-JinguStadium-1,4df88ca0-ae4f-11f1-af02-1b6488a193e9,145.50677,11.709545,,10.9899,,,,0.551089,0.600578,0.045304,fbfbdd1a-464e-45d5-a242-20ac040e30b5,2026/9/12,11:45.4,2026-09-12T11:11:45.3847040+09:00,2026-09-12T02:11:45.3847040Z,LineDrive,v3,,,,"Yoshigai, Tetsuro",1000242230,Right,KEI_KEI,6a39186f-c106-4a9d-a888-a2e47f9bb86d,16.579128,-40.3061,3.785182,1.735433,-1.74705,-2.410941,0.625533,-2.120348,1.734983,137.134429,0.551014,36.343804,-6.429007,1.428429,-0.285142,0.049125,-0.007294,0.000791,-3.60E-05,0.600667,13.603634,-4.245767,-0.005246,0.044065,-0.006671,-0.000832,0.000637,-8.20E-05,0.045252,-12.034458,-0.709343,0.404398,-0.119897,0.023424,-0.003022,0.00021,-4.00E-06,,,,,,,,,,,,,,,,,,,,,,,High,High,High,High,High,,,
16,2026/9/12,12:16.4,2,1,"Watanabe, Kazuhiro",1000242226,Left,KEI_KEI,"Naruse, Yuto",1000325754,Left,TOK,Undefined,1,Bottom,1,0,0,Fastball,Sinker,InPlay,Undefined,GroundBall,Out,1,0,,146.6025,-1.799268,2.718856,2161.974703,137.326639,10:30,1.777612,-0.539727,1.865117,-43.4903,40.7668,-35.2775,0.83496,-0.125788,134.9356,-5.0422,0.218032,0.414532,80.18798,5.984391,-24.820585,3234.335011,,,,15.569773,15.233689,-27.034574,0.739247,20.0589,23.0321,0.47844,15.24,1.732806,-1.741469,-40.332424,-1.42336,4.300347,7.99355,-4.868893,TOK,KEI_KEI,JinguStadium,TeamExclusive,Team,20260912-JinguStadium-1,607a4030-ae4f-11f1-af02-1b6488a193e9,146.33375,1.080163,,11.66691,,,,0.18753,0.799041,0.135398,fbfbdd1a-464e-45d5-a242-20ac040e30b5,2026/9/12,12:16.4,2026-09-12T11:12:16.4219904+09:00,2026-09-12T02:12:16.4219904Z,GroundBall,v3,,,,"Yoshigai, Tetsuro",1000242230,Right,KEI_KEI,22f0c48f-795d-4b05-b757-60353815c3e4,16.575086,-40.596165,3.996775,1.777118,-1.262715,-2.434447,0.538239,-1.883356,2.150173,89.240571,0.18753,20.106703,-2.575478,0.62494,-0.128139,0.050708,-0.02573,0.034031,-0.007777,0.799041,2.32228,-4.875034,0.356371,-0.00153,0.033429,-0.038876,0.050561,-0.025658,0.135398,-9.299368,-0.596453,-0.03542,0.01897,-0.01306,0.003417,-0.00592,-0.001406,,,,,,,,,,,,,,,,,,,,,,,High,High,High,High,High,,,
17,2026/9/12,12:44.6,3,1,"Watanabe, Kazuhiro",1000242226,Left,KEI_KEI,"Akimoto, Ryo",1000325695,Right,TOK,Undefined,1,Bottom,2,0,0,Fastball,Four-Seam,StrikeCalled,Undefined,Undefined,Undefined,0,0,,147.23118,-1.932764,2.991513,2166.827399,149.977213,11:00,1.742266,-0.592896,1.815945,-45.006,39.1722,-21.1838,0.744966,0.041573,135.47064,-5.270518,1.49529,0.414338,,,,,,,,,,,,12.8349,22.1611,0.521873,15.24,1.692379,-2.006954,-40.473411,-1.535679,2.77014,8.070351,-5.023637,TOK,KEI_KEI,JinguStadium,TeamExclusive,Team,20260912-JinguStadium-1,714a7330-ae4f-11f1-af02-1b6488a193e9,146.40234,,,11.76053,,,,,,,fbfbdd1a-464e-45d5-a242-20ac040e30b5,2026/9/12,12:44.6,2026-09-12T11:12:44.6035968+09:00,2026-09-12T02:12:44.6035968Z,,v3,,,,"Yoshigai, Tetsuro",1000242230,Right,KEI_KEI,c33b4900-4088-4c1a-a73b-23e8ea5fa3e3,16.623912,-40.748427,4.035176,1.741794,-1.364487,-2.511819,0.591873,-2.101353,1.38507,,,,,,,,,,,,,,,,,,,,,,,,,,,,,,,,,,,,,,,,,,,,,,,,,,,High,High,High,,,,,
18,2026/9/12,12:57.4,3,2,"Watanabe, Kazuhiro",1000242226,Left,KEI_KEI,"Akimoto, Ryo",1000325695,Right,TOK,Undefined,1,Bottom,2,0,1,TwoSeamFastBall,Changeup,StrikeSwinging,Undefined,Undefined,Undefined,0,0,,136.60822,-2.09848,2.079343,1781.437109,126.791933,10:15,1.719018,-0.56486,1.812795,-72.3775,24.109,-28.922,0.401346,-0.265991,127.77632,-7.343197,0.032156,0.443596,,,,,,,,,,,,16.1061,14.3653,0.516404,15.24,1.663111,-1.23298,-37.628607,-1.659465,3.04377,6.054509,-7.091859,TOK,KEI_KEI,JinguStadium,TeamExclusive,Team,20260912-JinguStadium-1,78ee0430-ae4f-11f1-af02-1b6488a193e9,136.74595,,,8.8319,,,,,,,fbfbdd1a-464e-45d5-a242-20ac040e30b5,2026/9/12,12:57.4,2026-09-12T11:12:57.4144000+09:00,2026-09-12T02:12:57.4144000Z,,v3,,,,"Yoshigai, Tetsuro",1000242230,Right,KEI_KEI,db388a03-f0ef-4670-8dbb-2c04126c80dc,16.627784,-37.851245,3.027255,1.719338,-1.398681,-3.54593,0.563801,-1.344907,1.521885,,,,,,,,,,,,,,,,,,,,,,,,,,,,,,,,,,,,,,,,,,,,,,,,,,,High,High,High,,,,,
19,2026/9/12,13:13.5,3,3,"Watanabe, Kazuhiro",1000242226,Left,KEI_KEI,"Akimoto, Ryo",1000325695,Right,TOK,Undefined,1,Bottom,2,0,2,Fastball,Four-Seam,FoulBallNotFieldable,Undefined,Undefined,Undefined,0,0,,148.35359,-1.737092,1.97016,2192.151972,149.046035,11:00,1.768492,-0.517353,1.793789,-38.3068,44.8328,-25.377,0.89333,-0.213284,136.19188,-4.604049,0.178171,0.411774,,,,,,,,,,,,14.2926,24.8816,0.470659,15.24,1.723091,-1.27106,-40.806342,-1.375092,3.13014,8.351603,-4.357475,TOK,KEI_KEI,JinguStadium,TeamExclusive,Team,20260912-JinguStadium-1,8284b2a0-ae4f-11f1-af02-1b6488a193e9,147.31386,,,12.16171,,,,,,,fbfbdd1a-464e-45d5-a242-20ac040e30b5,2026/9/12,13:13.5,2026-09-12T11:13:13.5095808+09:00,2026-09-12T02:13:13.5095808Z,,v3,,,,"Yoshigai, Tetsuro",1000242230,Right,KEI_KEI,fc1535a0-281b-4c5e-989e-a344d82cd462,16.645976,-41.093088,4.175802,1.767735,-1.225481,-2.178738,0.516145,-1.378531,1.56507,,,,,,,,,,,,,,,,,,,,,,,,,,,,,,,,,,,,,,,,,,,,,,,,,,,High,High,High,,,,,
20,2026/9/12,13:33.0,3,4,"Watanabe, Kazuhiro",1000242226,Left,KEI_KEI,"Akimoto, Ryo",1000325695,Right,TOK,Undefined,1,Bottom,2,0,2,Slider,Slider,FoulBallNotFieldable,Undefined,Undefined,Undefined,0,0,,130.02557,0.097724,0.249631,2734.221708,296.843009,4:00,1.742285,-0.512251,1.787396,-113.6899,-5.7217,17.4508,0.633056,-0.267062,120.39292,-8.101509,1.484541,0.469248,107.30428,60.658842,99.796867,6290.020223,,,,,8.211953,,,-8.8077,-2.1067,0.504846,15.24,1.736686,-0.234706,-35.820465,-0.385547,-1.486663,6.422347,-10.162237,TOK,KEI_KEI,JinguStadium,TeamExclusive,Team,20260912-JinguStadium-1,8e28bd40-ae4f-11f1-af02-1b6488a193e9,129.27063,12.943209,,9.63266,,,,0.264698,0.638695,0.266105,fbfbdd1a-464e-45d5-a242-20ac040e30b5,2026/9/12,13:33.0,2026-09-12T11:13:33.0174976+09:00,2026-09-12T02:13:33.0174976Z,,v3,,,,"Yoshigai, Tetsuro",1000242230,Right,KEI_KEI,e77a77ae-c72c-433b-82f6-327f51fa7dea,16.653128,-36.072939,3.211173,1.74399,0.013949,-5.081119,0.512924,-0.176262,-0.743331,331.335733,0.264697,-2.484962,-2.254886,0.865675,-1.541829,5.095503,-9.43474,8.932076,-3.430862,0.638695,25.98312,-8.798079,1.153148,-0.539133,1.115768,-1.949821,1.804587,-0.682176,0.266105,14.392526,-1.95064,0.263154,0.227849,-1.028185,1.955877,-1.87263,0.724961,,,,,,,,,,,,,,,,,,,,,,,High,High,High,High,Undefined,,,
21,2026/9/12,13:52.3,3,5,"Watanabe, Kazuhiro",1000242226,Left,KEI_KEI,"Akimoto, Ryo",1000325695,Right,TOK,Undefined,1,Bottom,2,0,2,TwoSeamFastBall,Changeup,InPlay,Undefined,GroundBall,Out,1,0,,137.24618,-1.337629,1.573877,1725.048615,100.244273,9:15,1.690167,-0.553202,1.805932,-89.3025,8.2405,-28.4978,0.418622,-0.392944,125.96373,-7.820353,-0.444247,0.446018,117.77502,-9.363911,35.630405,,,,,2.712188,2.543991,39.183917,0.084667,15.7868,6.106,0.516792,15.24,1.651474,-0.901186,-37.753454,-1.240553,2.937101,7.68328,-8.670648,TOK,KEI_KEI,JinguStadium,TeamExclusive,Team,20260912-JinguStadium-1,99ac2080-ae4f-11f1-af02-1b6488a193e9,136.00337,0.520428,,11.28245,,,,-0.096733,0.520428,0.113321,fbfbdd1a-464e-45d5-a242-20ac040e30b5,2026/9/12,13:52.4,2026-09-12T11:13:52.3537408+09:00,2026-09-12T02:13:52.3537408Z,GroundBall,v3,,,,"Yoshigai, Tetsuro",1000242230,Right,KEI_KEI,8d35d0ac-18ea-443d-b49d-0fafd31a4ffa,16.634054,-38.036103,3.84164,1.691243,-0.921582,-4.335324,0.551932,-1.009234,1.46855,,-0.096757,26.240054,-3.155573,,,,,,,0.520439,-5.324694,-9.712291,,,,,,,0.113302,18.807482,1.106032,,,,,,,,,,,,,,,,,,,,,,,,,,,,,High,High,High,Low,Low,,,
22,2026/9/12,15:56.7,1,1,"Matsumoto, Shinnosuke",1000325748,Left,TOK,"Nakatsuka, Haruto",1000325884,Left,KEI_KEI,Undefined,2,Top,0,0,0,Fastball,Changeup,StrikeCalled,Undefined,Undefined,Undefined,0,0,,129.51301,0.505987,3.645973,2137.970342,130.45472,10:15,1.438574,-0.378575,1.803058,-75.9455,33.3126,-35.1609,0.822542,0.302547,118.80508,-5.072541,1.167106,0.472043,,,,,,,,,,,,20.2742,17.767,0.291711,15.24,1.445772,-2.102973,-35.580601,0.043016,3.375111,6.360949,-6.848913,TOK,KEI_KEI,JinguStadium,TeamExclusive,Team,20260912-JinguStadium-1,e3cc6a30-ae4f-11f1-af02-1b6488a193e9,128.50528,,,10.70793,,,,,,,fbfbdd1a-464e-45d5-a242-20ac040e30b5,2026/9/12,15:56.7,2026-09-12T11:15:56.6839808+09:00,2026-09-12T02:15:56.6839808Z,,v3,,,,"Oyama, Hiroto",1000325762,Right,TOK,40669634-af2c-40c7-bf21-817f0e0593fe,16.636246,-35.829346,3.180475,1.438853,0.310843,-3.424457,0.376528,-2.234957,1.687556,,,,,,,,,,,,,,,,,,,,,,,,,,,,,,,,,,,,,,,,,,,,,,,,,,,High,High,High,,,,,
23,2026/9/12,16:09.9,1,2,"Matsumoto, Shinnosuke",1000325748,Left,TOK,"Nakatsuka, Haruto",1000325884,Left,KEI_KEI,Undefined,2,Top,0,0,1,Slider,Curveball,BallCalled,Undefined,Undefined,Undefined,0,0,,115.85657,2.174573,1.195334,2169.707757,303.86705,4:15,1.430136,-0.329442,1.611919,-150.2638,-8.4595,19.8862,0.550308,0.211582,105.41717,-8.606633,2.585316,0.537774,,,,,,,,,,,,-8.947,-4.412,0.294466,15.24,1.477442,-0.75269,-31.795175,0.631155,-1.168241,5.971704,-10.382747,TOK,KEI_KEI,JinguStadium,TeamExclusive,Team,20260912-JinguStadium-1,ebbe1b30-ae4f-11f1-af02-1b6488a193e9,112.7984,,,10.4394,,,,,,,fbfbdd1a-464e-45d5-a242-20ac040e30b5,2026/9/12,16:09.9,2026-09-12T11:16:09.9408384+09:00,2026-09-12T02:16:09.9408384Z,,v3,,,,"Oyama, Hiroto",1000325762,Right,TOK,48140fcc-4d68-4859-95de-f26f7cba7255,16.827687,-32.091986,2.985852,1.433247,1.147207,-5.191374,0.330434,-0.694625,-0.584121,,,,,,,,,,,,,,,,,,,,,,,,,,,,,,,,,,,,,,,,,,,,,,,,,,,High,High,High,,,,,
24,2026/9/12,16:22.6,1,3,"Matsumoto, Shinnosuke",1000325748,Left,TOK,"Nakatsuka, Haruto",1000325884,Left,KEI_KEI,Undefined,2,Top,0,1,1,Fastball,Changeup,StrikeCalled,Undefined,Undefined,Undefined,0,0,,131.4709,0.879114,1.475481,2088.439327,122.764425,10:00,1.409543,-0.3458,1.752755,-88.4155,18.8563,-23.875,0.774937,-0.165793,119.82702,-5.577165,-0.207065,0.467732,,,,,,,,,,,,13.1526,10.0605,0.310186,15.24,1.425392,-0.815443,-36.138382,0.210856,2.238105,7.155653,-8.094713,TOK,KEI_KEI,JinguStadium,TeamExclusive,Team,20260912-JinguStadium-1,f34152f0-ae4f-11f1-af02-1b6488a193e9,129.68956,,,11.64388,,,,,,,fbfbdd1a-464e-45d5-a242-20ac040e30b5,2026/9/12,16:22.6,2026-09-12T11:16:22.6187264+09:00,2026-09-12T02:16:22.6187264Z,,v3,,,,"Oyama, Hiroto",1000325762,Right,TOK,7f1edc14-db8d-49b6-a330-534c5170094e,16.686389,-36.423651,3.577826,1.410553,0.533562,-4.047357,0.344474,-0.904668,1.119052,,,,,,,,,,,,,,,,,,,,,,,,,,,,,,,,,,,,,,,,,,,,,,,,,,,High,High,High,,,,,
25,2026/9/12,16:40.1,1,4,"Matsumoto, Shinnosuke",1000325748,Left,TOK,"Nakatsuka, Haruto",1000325884,Left,KEI_KEI,Undefined,2,Top,0,1,2,Slider,Curveball,BallCalled,Undefined,Undefined,Undefined,0,0,,112.09048,0.997252,1.736421,2146.454759,297.66335,4:00,1.465381,-0.333844,1.627257,-166.9279,-15.2952,39.2491,0.081415,0.555308,102.51414,-10.920332,4.48537,0.556098,,,,,,,,,,,,-18.4125,-7.257,0.282525,15.24,1.478352,-1.096655,-30.779285,-0.072888,-2.241325,5.835548,-10.690029,TOK,KEI_KEI,JinguStadium,TeamExclusive,Team,20260912-JinguStadium-1,fdb9d5e0-ae4f-11f1-af02-1b6488a193e9,109.08155,,,9.57633,,,,,,,fbfbdd1a-464e-45d5-a242-20ac040e30b5,2026/9/12,16:40.1,2026-09-12T11:16:40.1334272+09:00,2026-09-12T02:16:40.1334272Z,,v3,,,,"Oyama, Hiroto",1000325762,Right,TOK,593d2534-3fb1-478c-a03d-47471f708430,16.81323,-31.076128,2.917774,1.468229,0.470892,-5.345014,0.33541,-0.982643,-1.120663,,,,,,,,,,,,,,,,,,,,,,,,,,,,,,,,,,,,,,,,,,,,,,,,,,,High,High,High,,,,,
26,2026/9/12,17:06.9,1,5,"Matsumoto, Shinnosuke",1000325748,Left,TOK,"Nakatsuka, Haruto",1000325884,Left,KEI_KEI,Undefined,2,Top,0,2,2,Fastball,Changeup,FoulBallNotFieldable,Undefined,Undefined,Undefined,0,0,,134.89358,0.816027,3.580139,2164.46092,130.258881,10:15,1.419144,-0.320673,1.738721,-69.3663,32.4756,-34.5799,0.957695,0.351587,123.205,-4.275537,1.151929,0.455741,114.77495,15.649643,-168.415047,3316.996224,-33.147494,2.535043,-5.036227,41.952735,19.832712,-172.457165,1.578137,19.6592,16.9288,0.231465,15.24,1.434908,-2.137927,-37.027348,0.26234,3.535956,7.049267,-6.761787,TOK,KEI_KEI,JinguStadium,TeamExclusive,Team,20260912-JinguStadium-1,0da15690-ae50-11f1-af02-1b6488a193e9,133.10195,3.871593,,11.68857,,,,-0.10442,0.877338,-0.369445,fbfbdd1a-464e-45d5-a242-20ac040e30b5,2026/9/12,17:06.9,2026-09-12T11:17:06.8763136+09:00,2026-09-12T02:17:06.8763136Z,LineDrive,v3,,,,"Oyama, Hiroto",1000325762,Right,TOK,26a460c0-5dd3-4152-87f7-f4adb8f27218,16.699821,-37.304234,3.524634,1.419387,0.527934,-3.380894,0.318167,-2.276815,1.767978,62.089665,-0.10442,-30.074635,2.419249,-0.047969,0.008139,0.034154,-0.035673,0.019026,-0.004107,0.877338,8.600317,-6.542026,0.581583,-0.109599,0.039469,-0.017918,0.007458,-0.001411,-0.369445,-6.165224,2.227716,-0.32344,0.064433,-0.002438,-0.011361,0.007362,-0.001687,,,,,,,,,,,,,,,,,,,,,,,High,High,High,High,Low,,,
27,2026/9/12,17:24.6,1,6,"Matsumoto, Shinnosuke",1000325748,Left,TOK,"Nakatsuka, Haruto",1000325884,Left,KEI_KEI,Undefined,2,Top,0,2,2,Fastball,Changeup,FoulBallNotFieldable,Undefined,Undefined,Undefined,0,0,,133.37061,0.273652,1.187696,2165.190938,127.414265,10:15,1.388104,-0.363569,1.719684,-79.9946,24.7532,-27.842,0.665982,-0.304249,121.44786,-5.573538,-0.771083,0.462197,107.03999,12.050457,-97.690707,4178.029581,,,,,7.054022,,,14.9714,13.3897,0.334993,15.24,1.389125,-0.623441,-36.660502,-0.139213,2.617989,7.45854,-7.465251,TOK,KEI_KEI,JinguStadium,TeamExclusive,Team,20260912-JinguStadium-1,1839e4a0-ae50-11f1-af02-1b6488a193e9,131.24276,2.20462,,11.92275,,,,-0.118237,0.665005,0.284754,fbfbdd1a-464e-45d5-a242-20ac040e30b5,2026/9/12,17:24.6,2026-09-12T11:17:24.6502400+09:00,2026-09-12T02:17:24.6502400Z,,v3,,,,"Oyama, Hiroto",1000325762,Right,TOK,0db3fdbf-3f69-4604-9fcb-3d197234404d,16.719614,-36.960302,3.72927,1.38869,0.160857,-3.732626,0.362167,-0.728672,1.308995,135.586175,-0.118235,-3.891561,0.162576,,,,,,,0.664389,6.238825,-1.451972,,,,,,,0.283843,-28.770701,4.670575,,,,,,,,,,,,,,,,,,,,,,,,,,,,,High,High,High,Low,Undefined,,,
28,2026/9/12,17:41.3,1,7,"Matsumoto, Shinnosuke",1000325748,Left,TOK,"Nakatsuka, Haruto",1000325884,Left,KEI_KEI,Undefined,2,Top,0,2,2,Slider,Curveball,FoulBallNotFieldable,Undefined,Undefined,Undefined,0,0,,115.85608,2.600374,-0.584991,2315.801693,287.005104,3:30,1.435962,-0.343544,1.573861,-150.9709,-8.6987,44.3088,0.672775,-0.068278,105.41923,-8.212636,2.505708,0.53866,141.18795,26.659545,-30.521399,4684.356792,27.061569,13.79643,-19.793825,88.299893,63.849288,-46.840521,3.916008,-22.5004,-4.9501,0.355905,15.24,1.496058,0.124742,-31.79802,0.857398,-2.942303,5.908939,-10.453962,TOK,KEI_KEI,JinguStadium,TeamExclusive,Team,20260912-JinguStadium-1,22303f40-ae50-11f1-af02-1b6488a193e9,112.6128,16.007751,,10.43685,,,,0.139644,0.609746,0.062355,fbfbdd1a-464e-45d5-a242-20ac040e30b5,2026/9/12,17:41.3,2026-09-12T11:17:41.2783616+09:00,2026-09-12T02:17:41.2783616Z,LineDrive,v3,,,,"Oyama, Hiroto",1000325762,Right,TOK,220629e6-84ca-4c3c-a478-f74c5cf0ba01,16.866268,-32.098803,2.954469,1.43887,1.389536,-5.226981,0.345744,0.274513,-1.471152,127.889669,0.139606,30.193099,-6.87089,1.495834,-0.323078,0.072165,-0.016681,0.002579,-0.000166,0.609861,17.594323,-5.555935,0.335992,-0.007199,-0.020242,0.009036,-0.001575,0.0001,0.062529,-17.8066,-0.201013,0.326165,-0.050469,-0.012329,0.006966,-0.001248,8.10E-05,,,,,,,,,,,,,,,,,,,,,,,High,High,High,High,Medium,,,
29,2026/9/12,18:19.0,1,8,"Matsumoto, Shinnosuke",1000325748,Left,TOK,"Nakatsuka, Haruto",1000325884,Left,KEI_KEI,Undefined,2,Top,0,2,2,Fastball,Changeup,InPlay,Undefined,GroundBall,Out,1,0,,133.6983,1.275359,2.202768,2197.865173,117.740419,10:00,1.373933,-0.3812,1.773879,-82.1449,20.8482,-33.5867,0.914221,-0.09254,122.2888,-4.730834,-0.16545,0.458309,154.26067,2.895365,-4.430391,1280.651667,,,,22.471752,22.471752,-5.519796,0.558304,18.7112,10.7038,0.328695,15.24,1.399903,-1.254901,-36.764712,0.501617,3.312026,7.067823,-7.911987,TOK,KEI_KEI,JinguStadium,TeamExclusive,Team,20260912-JinguStadium-1,389c2550-ae50-11f1-af02-1b6488a193e9,132.35602,1.05239,,11.40951,,,,0.122563,0.88642,0.098653,fbfbdd1a-464e-45d5-a242-20ac040e30b5,2026/9/12,18:19.0,2026-09-12T11:18:18.9949952+09:00,2026-09-12T02:18:18.9949952Z,GroundBall,v3,,,,"Oyama, Hiroto",1000325762,Right,TOK,e03b4a61-7af8-46d7-82cd-c6f5d88ff43b,16.666013,-37.037841,3.533911,1.374611,0.807368,-3.955993,0.379663,-1.382891,1.656013,44.195969,0.126765,42.566638,-4.903086,,,,,,,0.892578,2.016215,-6.493651,,,,,,,0.101494,-3.374517,-1.224552,,,,,,,,,,,,,,,,,,,,,,,,,,,,,High,High,High,High,High,,,
30,2026/9/12,18:48.1,2,1,"Matsumoto, Shinnosuke",1000325748,Left,TOK,"Ichinomiya, Tomoki",1000422896,Right,KEI_KEI,Undefined,2,Top,1,0,0,Splitter,Changeup,BallCalled,Undefined,Undefined,Undefined,0,0,,118.77369,0.960259,0.549334,1256.585695,129.741489,10:15,1.486015,-0.363042,1.648707,-104.0421,29.4795,-30.062,0.719848,-0.506787,108.17335,-6.602876,-1.556351,0.521832,,,,,,,,,,,,15.3973,15.4861,0.350684,15.24,1.503486,-0.17543,-32.622015,0.166754,2.129212,5.972916,-7.665162,TOK,KEI_KEI,JinguStadium,TeamExclusive,Team,20260912-JinguStadium-1,4a04eed0-ae50-11f1-af02-1b6488a193e9,116.24437,,,10.60034,,,,,,,fbfbdd1a-464e-45d5-a242-20ac040e30b5,2026/9/12,18:48.2,2026-09-12T11:18:48.1579008+09:00,2026-09-12T02:18:48.1579008Z,,v3,,,,"Oyama, Hiroto",1000325762,Right,TOK,de125c60-b262-41d8-87df-d1f6d7c2b1bd,16.78998,-32.904584,2.986458,1.48702,0.529381,-3.832581,0.361366,-0.276159,1.064606,,,,,,,,,,,,,,,,,,,,,,,,,,,,,,,,,,,,,,,,,,,,,,,,,,,High,High,High,,,,,
31,2026/9/12,19:01.5,2,2,"Matsumoto, Shinnosuke",1000325748,Left,TOK,"Ichinomiya, Tomoki",1000422896,Right,KEI_KEI,Undefined,2,Top,1,1,0,Splitter,Changeup,BallCalled,Undefined,Undefined,Undefined,0,0,,118.73166,1.391216,0.512549,1327.970549,128.043225,10:15,1.468534,-0.365146,1.648768,-105.2145,27.0662,-29.4737,0.813763,-0.513515,109.14184,-6.225592,-1.551565,0.519401,,,,,,,,,,,,15.061,13.9587,0.353738,15.24,1.497524,-0.158767,-32.644582,0.404997,2.108128,5.415069,-7.85281,TOK,KEI_KEI,JinguStadium,TeamExclusive,Team,20260912-JinguStadium-1,5204d0a0-ae50-11f1-af02-1b6488a193e9,116.78835,,,9.58981,,,,,,,fbfbdd1a-464e-45d5-a242-20ac040e30b5,2026/9/12,19:01.5,2026-09-12T11:19:01.5434752+09:00,2026-09-12T02:19:01.5434752Z,,v3,,,,"Oyama, Hiroto",1000325762,Right,TOK,21b85ed5-9518-4646-a4f9-66380096c13e,16.790425,-32.900761,2.707534,1.469577,0.776502,-3.926405,0.363608,-0.258499,1.054064,,,,,,,,,,,,,,,,,,,,,,,,,,,,,,,,,,,,,,,,,,,,,,,,,,,High,High,High,,,,,
32,2026/9/12,19:14.6,2,3,"Matsumoto, Shinnosuke",1000325748,Left,TOK,"Ichinomiya, Tomoki",1000422896,Right,KEI_KEI,Undefined,2,Top,1,2,0,Fastball,Changeup,InPlay,Undefined,GroundBall,Out,1,0,,133.95533,0.220604,1.533092,2137.988906,131.809543,10:30,1.40415,-0.366959,1.749891,-73.5384,28.9382,-28.9127,0.731396,-0.220894,123.05502,-5.157867,-0.504125,0.457159,150.70742,-12.574399,-20.125457,,,,,3.546108,3.353045,-15.691677,0.086081,15.8355,15.5177,0.330291,15.24,1.404329,-0.849795,-36.864342,-0.140268,2.827213,6.890999,-7.036167,TOK,KEI_KEI,JinguStadium,TeamExclusive,Team,20260912-JinguStadium-1,59bcd400-ae50-11f1-af02-1b6488a193e9,132.68915,0.742889,,10.90031,,,,0.16288,0.742889,0.203265,fbfbdd1a-464e-45d5-a242-20ac040e30b5,2026/9/12,19:14.6,2026-09-12T11:19:14.5561600+09:00,2026-09-12T02:19:14.5561600Z,GroundBall,v3,,,,"Oyama, Hiroto",1000325762,Right,TOK,6c23255a-77b9-427b-b8b0-141232abb8d6,16.690117,-37.134421,3.445499,1.404423,0.135501,-3.518084,0.365769,-0.960602,1.413606,203.982907,0.162914,38.359153,-6.881578,,,,,,,0.742783,-9.097589,5.458955,,,,,,,0.203198,-14.048463,6.354974,,,,,,,,,,,,,,,,,,,,,,,,,,,,,High,High,High,High,High,,,
33,2026/9/12,19:47.0,3,1,"Matsumoto, Shinnosuke",1000325748,Left,TOK,"Hayashi, Jyunji",1000325862,Right,KEI_KEI,Undefined,2,Top,2,0,0,Splitter,Changeup,StrikeCalled,Undefined,Undefined,Undefined,0,0,,110.50102,2.978938,1.635514,1193.940997,110.662122,9:45,1.497845,-0.299208,1.722028,-133.94,19.808,-38.5236,1.00642,-0.219367,100.22202,-6.777479,-1.071504,0.559963,,,,,,,,,,,,20.6006,9.3996,0.259851,15.24,1.564862,-0.704709,-30.309734,1.128871,2.450835,5.309603,-8.688392,TOK,KEI_KEI,JinguStadium,TeamExclusive,Team,20260912-JinguStadium-1,6d278800-ae50-11f1-af02-1b6488a193e9,108.32857,,,10.279,,,,,,,fbfbdd1a-464e-45d5-a242-20ac040e30b5,2026/9/12,19:47.0,2026-09-12T11:19:47.0133248+09:00,2026-09-12T02:19:47.0133248Z,,v3,,,,"Oyama, Hiroto",1000325762,Right,TOK,2879f88b-766b-4d7f-9f74-04c248c98bd9,16.716819,-30.567346,2.654802,1.499865,1.550415,-4.344196,0.296927,-0.823619,1.225417,,,,,,,,,,,,,,,,,,,,,,,,,,,,,,,,,,,,,,,,,,,,,,,,,,,High,High,High,,,,,
34,2026/9/12,19:59.5,3,2,"Matsumoto, Shinnosuke",1000325748,Left,TOK,"Hayashi, Jyunji",1000325862,Right,KEI_KEI,Undefined,2,Top,2,0,1,Splitter,Changeup,BallCalled,Undefined,Undefined,Undefined,0,0,,120.69931,-0.860113,3.199936,1434.025202,127.055847,10:15,1.49949,-0.319065,1.672502,-97.1258,32.1039,-36.6353,0.28257,0.22799,110.10102,-7.915805,0.632696,0.513376,,,,,,,,,,,,20.9597,18.128,0.236655,15.24,1.468669,-1.68816,-33.117964,-0.849971,2.985504,6.18628,-7.224486,TOK,KEI_KEI,JinguStadium,TeamExclusive,Team,20260912-JinguStadium-1,7497fb10-ae50-11f1-af02-1b6488a193e9,118.15891,,,10.59828,,,,,,,fbfbdd1a-464e-45d5-a242-20ac040e30b5,2026/9/12,19:59.5,2026-09-12T11:19:59.5589632+09:00,2026-09-12T02:19:59.5589632Z,,v3,,,,"Oyama, Hiroto",1000325762,Right,TOK,127a580c-8bac-4184-bf9d-24e3fe3fb95f,16.766953,-33.401974,3.09314,1.500077,-0.518298,-3.612243,0.317304,-1.825224,1.492752,,,,,,,,,,,,,,,,,,,,,,,,,,,,,,,,,,,,,,,,,,,,,,,,,,,High,High,High,,,,,
35,2026/9/12,20:16.2,3,3,"Matsumoto, Shinnosuke",1000325748,Left,TOK,"Hayashi, Jyunji",1000325862,Right,KEI_KEI,Undefined,2,Top,2,1,1,Splitter,Changeup,BallCalled,Undefined,Undefined,Undefined,0,0,,114.35803,-0.385143,3.300505,1437.718269,109.956749,9:45,1.523114,-0.294834,1.63036,-125.644,17.7139,-36.4613,0.156384,0.28516,105.66284,-9.387371,0.750232,0.540711,,,,,,,,,,,,20.5904,10.5035,0.207444,15.24,1.501754,-1.655238,-31.406977,-0.668655,2.664123,5.078333,-8.447641,TOK,KEI_KEI,JinguStadium,TeamExclusive,Team,20260912-JinguStadium-1,7e857c10-ae50-11f1-af02-1b6488a193e9,112.18557,,,8.69518,,,,,,,fbfbdd1a-464e-45d5-a242-20ac040e30b5,2026/9/12,20:16.2,2026-09-12T11:20:16.2032128+09:00,2026-09-12T02:20:16.2032128Z,,v3,,,,"Oyama, Hiroto",1000325762,Right,TOK,48a0e81c-1c82-4ecc-a4ee-d55f69b82b8b,16.80956,-31.659749,2.539166,1.524571,-0.248177,-4.22382,0.293133,-1.787843,1.332062,,,,,,,,,,,,,,,,,,,,,,,,,,,,,,,,,,,,,,,,,,,,,,,,,,,High,High,High,,,,,
36,2026/9/12,20:33.2,3,4,"Matsumoto, Shinnosuke",1000325748,Left,TOK,"Hayashi, Jyunji",1000325862,Right,KEI_KEI,Undefined,2,Top,2,2,1,Fastball,Sinker,FoulBallNotFieldable,Undefined,Undefined,Undefined,0,0,,134.73759,-0.579237,1.729504,2219.649291,142.957064,10:45,1.399078,-0.39637,1.742368,-69.2965,31.8657,-21.8011,0.541571,-0.123175,124.16512,-5.642399,0.194116,0.454217,109.03697,35.510054,125.389369,3727.386909,-21.567676,11.411655,25.670225,55.65113,25.697981,132.872166,2.82846,12.2704,17.5159,0.353962,15.24,1.37916,-1.015516,-37.07978,-0.641698,2.222762,6.77516,-6.633658,TOK,KEI_KEI,JinguStadium,TeamExclusive,Team,20260912-JinguStadium-1,889ddda0-ae50-11f1-af02-1b6488a193e9,133.5484,11.624196,,10.57247,,,,0.303929,0.48255,0.0894,fbfbdd1a-464e-45d5-a242-20ac040e30b5,2026/9/12,20:33.2,2026-09-12T11:20:33.2118016+09:00,2026-09-12T02:20:33.2118016Z,FlyBall,v3,,,,"Oyama, Hiroto",1000325762,Right,TOK,bcfe4b75-4e06-407f-8d5a-09f51f026687,16.697582,-37.345157,3.38758,1.399206,-0.381862,-3.316829,0.395444,-1.102579,1.111381,316.014209,0.303974,-14.281199,-0.419996,0.341314,0.033551,-0.090442,0.044165,-0.009453,0.000773,0.482566,17.591634,-7.829787,0.837714,-0.128214,0.004338,0.001389,0.000422,-0.000112,0.089361,20.10132,-2.750623,0.461218,-0.155639,0.091629,-0.045758,0.011535,-0.001097,,,,,,,,,,,,,,,,,,,,,,,High,High,High,High,Medium,,,
37,2026/9/12,20:49.0,3,5,"Matsumoto, Shinnosuke",1000325748,Left,TOK,"Hayashi, Jyunji",1000325862,Right,KEI_KEI,Undefined,2,Top,2,2,2,Fastball,Changeup,InPlay,Undefined,GroundBall,Out,1,0,,134.42349,0.474848,2.01424,2081.590146,126.499838,10:15,1.392677,-0.373763,1.767072,-80.1492,21.4744,-24.89,0.725889,-0.051394,123.46229,-5.372935,0.259191,0.455252,131.93153,-11.412541,6.969116,,,,,3.622311,3.343805,7.509449,0.096286,14.1297,11.5406,0.325136,15.24,1.398792,-1.183371,-36.985846,-0.005374,2.538524,6.958123,-7.733291,TOK,KEI_KEI,JinguStadium,TeamExclusive,Team,20260912-JinguStadium-1,920c4390-ae50-11f1-af02-1b6488a193e9,133.24483,0.735996,,10.96119,,,,0.168608,0.735996,0.050024,fbfbdd1a-464e-45d5-a242-20ac040e30b5,2026/9/12,20:49.0,2026-09-12T11:20:49.0327040+09:00,2026-09-12T02:20:49.0327040Z,GroundBall,v3,,,,"Oyama, Hiroto",1000325762,Right,TOK,9233b7cd-c564-4b86-8dee-537b522732e9,16.672972,-37.254455,3.479062,1.393238,0.293159,-3.866645,0.37271,-1.281367,1.269262,222.914722,0.168611,35.657257,-1.151377,,,,,,,0.735999,-7.251966,-4.070433,,,,,,,0.050024,4.358744,0.397829,,,,,,,,,,,,,,,,,,,,,,,,,,,,,High,High,High,High,High,,,
38,2026/9/12,22:57.3,1,1,"Watanabe, Kazuhiro",1000242226,Left,KEI_KEI,"Akashi, Ken",1000325692,Left,TOK,Undefined,2,Bottom,0,0,0,Slider,Slider,StrikeCalled,Undefined,Undefined,Undefined,0,0,,129.23709,0.259221,2.134651,2496.721966,296.165541,3:45,1.754688,-0.560037,1.774737,-113.9862,-4.4846,15.4394,0.688331,0.199521,119.80953,-7.948143,3.224307,0.472569,,,,,,,,,,,,-6.505,-1.4993,0.505728,15.24,1.753016,-1.396148,-35.57756,-0.287548,-1.084637,6.248834,-10.056636,TOK,KEI_KEI,JinguStadium,TeamExclusive,Team,20260912-JinguStadium-1,de8a5360-ae50-11f1-af02-1b6488a193e9,128.3623,,,9.42755,,,,,,,fbfbdd1a-464e-45d5-a242-20ac040e30b5,2026/9/12,22:57.3,2026-09-12T11:22:57.3074432+09:00,2026-09-12T02:22:57.3074432Z,,v3,,,,"Yoshigai, Tetsuro",1000242230,Right,KEI_KEI,e2556025-1830-465e-ba4d-65387400b4aa,16.66566,-35.827088,3.124417,1.756481,0.114032,-5.028318,0.560615,-1.352837,-0.542319,,,,,,,,,,,,,,,,,,,,,,,,,,,,,,,,,,,,,,,,,,,,,,,,,,,High,High,High,,,,,
39,2026/9/12,23:06.8,1,2,"Watanabe, Kazuhiro",1000242226,Left,KEI_KEI,"Akashi, Ken",1000325692,Left,TOK,Undefined,2,Bottom,0,0,1,Fastball,Four-Seam,InPlay,Undefined,LineDrive,Single,0,0,,146.8077,-2.189216,3.029565,2196.951811,153.981113,11:15,1.769065,-0.537392,1.846765,-42.3716,42.9308,-19.5656,0.726589,0.122412,133.64407,-5.369631,1.645241,0.417095,152.7547,15.179467,22.62238,1934.59169,30.23582,6.54845,14.488625,71.092867,70.700266,29.838807,2.357007,12.3512,24.6089,0.466916,15.24,1.714463,-2.03489,-40.311926,-1.6908,2.612963,8.972494,-4.600482,TOK,KEI_KEI,JinguStadium,TeamExclusive,Team,20260912-JinguStadium-1,e4285060-ae50-11f1-af02-1b6488a193e9,145.43433,6.688935,,13.16364,,,,0.397036,0.715737,-0.12887,fbfbdd1a-464e-45d5-a242-20ac040e30b5,2026/9/12,23:06.9,2026-09-12T11:23:06.8506624+09:00,2026-09-12T02:23:06.8506624Z,LineDrive,v3,,,,"Yoshigai, Tetsuro",1000242230,Right,KEI_KEI,9e1df6b7-b442-4f62-82a2-f21fd0dbacf9,16.592813,-40.611914,4.486247,1.768422,-1.536987,-2.300241,0.536411,-2.122252,1.306481,243.708512,0.397017,37.801598,-7.655425,1.741347,-0.403778,0.082843,-0.008186,-0.001592,0.000402,0.715752,11.109723,-5.522879,0.363439,-0.031195,0.000117,-0.003393,0.002191,-0.000344,-0.12885,15.751155,0.098547,-0.36674,0.159705,-0.045662,0.003957,0.001752,-0.000381,,,,,,,,,,,,,,,,,,,,,,,High,High,High,High,High,,,
40,2026/9/12,23:57.0,2,1,"Watanabe, Kazuhiro",1000242226,Left,KEI_KEI,"Higuchi, Kosuke",1000325727,Right,TOK,Undefined,2,Bottom,0,0,0,TwoSeamFastBall,Changeup,InPlay,Undefined,LineDrive,Single,0,0,,132.83147,-0.004787,3.019869,1607.691468,91.798252,9:00,1.693181,-0.608494,1.864694,-98.6399,3.8228,-28.4609,0.705431,-0.041332,122.90143,-7.170231,1.001241,0.457128,144.54118,11.492999,-1.808325,1539.925599,33.526495,4.808286,-0.300049,66.920802,66.920802,0.60882,2.193862,16.7505,2.7973,0.539743,15.24,1.686816,-1.803303,-36.564404,-0.376507,2.953891,6.513052,-9.313354,TOK,KEI_KEI,JinguStadium,TeamExclusive,Team,20260912-JinguStadium-1,021683d0-ae51-11f1-af02-1b6488a193e9,132.69819,4.830944,,9.93004,,,,0.37869,0.702695,0.040874,fbfbdd1a-464e-45d5-a242-20ac040e30b5,2026/9/12,23:57.0,2026-09-12T11:23:56.9990144+09:00,2026-09-12T02:23:56.9990144Z,LineDrive,v3,,,,"Yoshigai, Tetsuro",1000242230,Right,KEI_KEI,4a1617cc-3893-442a-bd35-0d3da503d50a,16.575904,-36.801593,3.256526,1.694352,-0.037337,-4.656677,0.607374,-1.910876,1.476945,204.402459,0.378691,39.325644,-6.038507,1.271052,-0.252841,0.049993,-0.009714,0.001511,-0.00012,0.702692,8.000026,-3.921804,0.02541,0.026545,-0.007919,0.001165,0.000185,-6.30E-05,0.040873,-1.2415,1.193415,-0.351354,0.088527,-0.01944,0.003404,-0.000346,4.00E-06,,,,,,,,,,,,,,,,,,,,,,,High,High,High,High,High,,,
41,2026/9/12,24:47.2,3,1,"Watanabe, Kazuhiro",1000242226,Left,KEI_KEI,"Hasegawa, Yu",1000422758,Left,TOK,Undefined,2,Bottom,0,0,0,Slider,Slider,InPlay,Undefined,Bunt,Sacrifice,0,0,,127.72532,-0.692296,2.682543,2372.190712,282.212748,3:30,1.745426,-0.598798,1.82161,-112.8096,-0.502,18.0554,0.4215,0.340253,117.95156,-8.835893,3.960137,0.478585,,,,,,,,,,,,-7.5084,1.0007,0.532855,15.24,1.721078,-1.722853,-35.135181,-0.843612,-1.211232,6.586442,-9.645224,TOK,KEI_KEI,JinguStadium,TeamExclusive,Team,20260912-JinguStadium-1,20010dc0-ae51-11f1-af02-1b6488a193e9,126.7486,,,9.77376,,,,,,,fbfbdd1a-464e-45d5-a242-20ac040e30b5,2026/9/12,24:47.2,2026-09-12T11:24:47.2268800+09:00,2026-09-12T02:24:47.2268800Z,,v3,,,,"Yoshigai, Tetsuro",1000242230,Right,KEI_KEI,82636968-5788-4c70-a0d3-5c7389ca5289,16.61901,-35.392746,3.293221,1.746693,-0.466433,-4.822612,0.599301,-1.675488,-0.605616,,,,,,,,,,,,,,,,,,,,,,,,,,,,,,,,,,,,,,,,,,,,,,,,,,,High,High,High,,,,,
42,2026/9/12,27:17.7,4,1,"Watanabe, Kazuhiro",1000242226,Left,KEI_KEI,"Komura, Osuke",1000325744,Left,TOK,Undefined,2,Bottom,0,0,0,Slider,Slider,StrikeSwinging,Undefined,Undefined,Undefined,0,0,,128.77468,-1.553093,2.112046,2482.068232,279.729485,3:15,1.748234,-0.571605,1.829247,-109.5316,0.972,14.2607,0.213899,0.167742,118.88325,-9.458061,3.123222,0.474726,,,,,,,,,,,,-5.8915,2.4921,0.520008,15.24,1.703696,-1.367874,-35.421153,-1.370557,-0.964815,6.766076,-9.398536,TOK,KEI_KEI,JinguStadium,TeamExclusive,Team,20260912-JinguStadium-1,79b14240-ae51-11f1-af02-1b6488a193e9,127.77903,,,9.89143,,,,,,,fbfbdd1a-464e-45d5-a242-20ac040e30b5,2026/9/12,27:17.7,2026-09-12T11:27:17.6955904+09:00,2026-09-12T02:27:17.6955904Z,,v3,,,,"Yoshigai, Tetsuro",1000242230,Right,KEI_KEI,5c97c9c4-9373-4857-a581-1edf9c17d402,16.61112,-35.6821,3.383038,1.749564,-1.008083,-4.699268,0.572045,-1.330664,-0.482408,,,,,,,,,,,,,,,,,,,,,,,,,,,,,,,,,,,,,,,,,,,,,,,,,,,High,High,High,,,,,
43,2026/9/12,27:38.4,4,2,"Watanabe, Kazuhiro",1000242226,Left,KEI_KEI,"Komura, Osuke",1000325744,Left,TOK,Undefined,2,Bottom,0,0,1,Fastball,Sinker,StrikeCalled,Undefined,Undefined,Undefined,0,0,,146.10519,-2.462523,4.283677,2142.891297,135.04613,10:30,1.758387,-0.640111,1.837387,-51.8582,34.1156,-31.3287,0.54233,0.258018,133.82221,-6.295348,2.071932,0.418733,,,,,,,,,,,,19.061,20.0946,0.539888,15.24,1.69614,-2.843222,-40.078166,-1.924578,4.012559,8.33871,-5.576506,TOK,KEI_KEI,JinguStadium,TeamExclusive,Team,20260912-JinguStadium-1,8603b550-ae51-11f1-af02-1b6488a193e9,144.86545,,,12.28298,,,,,,,fbfbdd1a-464e-45d5-a242-20ac040e30b5,2026/9/12,27:38.4,2026-09-12T11:27:38.3634432+09:00,2026-09-12T02:27:38.3634432Z,,v3,,,,"Yoshigai, Tetsuro",1000242230,Right,KEI_KEI,54ab870b-039f-487b-8922-21f619ffcfda,16.602334,-40.360619,4.169355,1.758131,-1.735688,-2.788253,0.638497,-2.979138,2.00628,,,,,,,,,,,,,,,,,,,,,,,,,,,,,,,,,,,,,,,,,,,,,,,,,,,High,High,High,,,,,
44,2026/9/12,27:58.7,4,3,"Watanabe, Kazuhiro",1000242226,Left,KEI_KEI,"Komura, Osuke",1000325744,Left,TOK,Undefined,2,Bottom,0,0,2,Slider,Slider,FoulBallNotFieldable,Undefined,Undefined,Undefined,0,0,,132.61139,0.249657,2.557859,2717.117116,294.691594,3:45,1.708218,-0.59503,1.794161,-108.2083,-4.9628,16.75,0.696866,0.29689,123.51712,-7.537532,3.740434,0.458871,,,,,,,,,,,,-7.0772,-1.9575,0.530939,15.24,1.706742,-1.707052,-36.522306,-0.270469,-1.250328,6.221493,-10.152478,TOK,KEI_KEI,JinguStadium,TeamExclusive,Team,20260912-JinguStadium-1,9220e790-ae51-11f1-af02-1b6488a193e9,132.1941,,,9.09428,,,,,,,fbfbdd1a-464e-45d5-a242-20ac040e30b5,2026/9/12,27:58.7,2026-09-12T11:27:58.6925568+09:00,2026-09-12T02:27:58.6925568Z,,v3,,,,"Yoshigai, Tetsuro",1000242230,Right,KEI_KEI,e0462d15-f6f4-414a-a30f-bb6a6bc6b3f6,16.646643,-36.761144,3.110746,1.709644,0.119276,-5.076239,0.59555,-1.659053,-0.625164,,,,,,,,,,,,,,,,,,,,,,,,,,,,,,,,,,,,,,,,,,,,,,,,,,,High,High,High,,,,,
45,2026/9/12,28:18.2,4,4,"Watanabe, Kazuhiro",1000242226,Left,KEI_KEI,"Komura, Osuke",1000325744,Left,TOK,Undefined,2,Bottom,0,0,2,Slider,Slider,FoulBallNotFieldable,Undefined,Undefined,Undefined,0,0,,132.29859,-0.05451,2.065557,2857.719668,295.867072,3:45,1.74477,-0.641596,1.822799,-109.3458,-5.7225,17.6865,0.635902,0.119094,122.939,-7.940694,3.317802,0.459709,112.95861,-59.657799,73.043536,,,,,0.48474,0.38844,27.204185,0.023201,-7.8344,-2.1271,0.59065,15.24,1.736094,-1.39327,-36.442403,-0.462266,-1.373177,6.430769,-10.17948,TOK,KEI_KEI,JinguStadium,TeamExclusive,Team,20260912-JinguStadium-1,9dc56760-ae51-11f1-af02-1b6488a193e9,131.9529,0.630177,,9.35959,,,,0.323541,0.630177,-0.131227,fbfbdd1a-464e-45d5-a242-20ac040e30b5,2026/9/12,28:18.2,2026-09-12T11:28:18.2019072+09:00,2026-09-12T02:28:18.2019072Z,GroundBall,v3,,,,"Yoshigai, Tetsuro",1000242230,Right,KEI_KEI,2e031638-ef9b-4fa0-bb51-83c7a53c5b11,16.617909,-36.684748,3.215385,1.746286,-0.078649,-5.08974,0.642181,-1.341521,-0.686589,,0.323488,4.636857,,,,,,,,0.630485,-27.161894,,,,,,,,-0.1314,15.207796,,,,,,,,,,,,,,,,,,,,,,,,,,,,,,High,High,High,Low,Low,,,
46,2026/9/12,28:54.5,4,5,"Watanabe, Kazuhiro",1000242226,Left,KEI_KEI,"Komura, Osuke",1000325744,Left,TOK,Undefined,2,Bottom,0,0,2,Fastball,Slider,InPlay,Undefined,FlyBall,Sacrifice,1,1,,131.88927,0.007709,2.461439,2796.071257,296.877049,4:00,1.720919,-0.631796,1.879611,-110.007,-4.9692,16.4096,0.623021,0.225706,120.9168,-7.986571,3.626724,0.462836,124.83972,21.714796,-5.105343,2811.836655,33.110884,9.804791,-5.271675,76.104816,73.897276,-12.776646,3.294773,-6.6757,-1.6213,0.573956,15.24,1.714397,-1.632254,-36.277272,-0.411454,-1.142321,7.346839,-10.084087,TOK,KEI_KEI,JinguStadium,TeamExclusive,Team,20260912-JinguStadium-1,b361c870-ae51-11f1-af02-1b6488a193e9,131.06144,10.251105,,10.97248,,,,0.180208,0.580987,-0.237072,fbfbdd1a-464e-45d5-a242-20ac040e30b5,2026/9/12,28:54.5,2026-09-12T11:28:54.4640000+09:00,2026-09-12T02:28:54.4640000Z,LineDrive,v3,,,,"Yoshigai, Tetsuro",1000242230,Right,KEI_KEI,fae67b18-fc8e-4e90-8920-8d3416f39c5a,16.560482,-36.543717,3.67342,1.722687,-0.045739,-5.042043,0.632401,-1.590826,-0.57116,140.695785,0.18016,32.09095,-5.110746,1.136762,-0.265093,0.074875,-0.02174,0.00427,-0.000352,0.581091,12.826361,-4.42423,0.015952,0.13635,-0.082954,0.030678,-0.005771,0.00042,-0.237078,-2.866651,-1.585372,0.582135,-0.168919,0.042538,-0.00967,0.001557,-0.000112,,,,,,,,,,,,,,,,,,,,,,,High,High,High,High,High,,,
47,2026/9/12,29:43.7,5,1,"Watanabe, Kazuhiro",1000242226,Left,KEI_KEI,"Oyama, Hiroto",1000325762,Right,TOK,Undefined,2,Bottom,1,0,0,TwoSeamFastBall,Changeup,BallCalled,Undefined,Undefined,Undefined,0,0,,135.11246,-2.059519,2.145944,1714.635338,117.553609,10:00,1.697791,-0.611565,1.897429,-80.8836,19.1385,-30.3055,0.309115,-0.310849,123.53986,-7.98942,-0.011282,0.451651,,,,,,,,,,,,17.377,12.4618,0.564445,15.24,1.646034,-1.254627,-37.140978,-1.631928,3.115403,7.729561,-7.572457,TOK,KEI_KEI,JinguStadium,TeamExclusive,Team,20260912-JinguStadium-1,d0b346b0-ae51-11f1-af02-1b6488a193e9,134.30737,,,11.5726,,,,,,,fbfbdd1a-464e-45d5-a242-20ac040e30b5,2026/9/12,29:43.7,2026-09-12T11:29:43.6793344+09:00,2026-09-12T02:29:43.6793344Z,,v3,,,,"Yoshigai, Tetsuro",1000242230,Right,KEI_KEI,15c6a868-2c8d-48bd-a416-6b8626e8f0de,16.542331,-37.41103,3.864781,1.698428,-1.367366,-3.786229,0.61018,-1.363471,1.557701,,,,,,,,,,,,,,,,,,,,,,,,,,,,,,,,,,,,,,,,,,,,,,,,,,,High,High,High,,,,,
48,2026/9/12,30:01.1,5,2,"Watanabe, Kazuhiro",1000242226,Left,KEI_KEI,"Oyama, Hiroto",1000325762,Right,TOK,Undefined,2,Bottom,1,1,0,Fastball,Four-Seam,BallCalled,Undefined,Undefined,Undefined,0,0,,145.74958,-3.267655,4.17844,2211.311564,151.927462,11:00,1.723827,-0.634738,1.864199,-43.045,43.386,-21.6265,0.369086,0.328585,133.20363,-6.484862,2.649686,0.419846,,,,,,,,,,,,14.0715,25.5477,0.538277,15.24,1.644493,-2.808893,-39.945965,-2.433612,2.935444,8.479076,-4.477174,TOK,KEI_KEI,JinguStadium,TeamExclusive,Team,20260912-JinguStadium-1,db158280-ae51-11f1-af02-1b6488a193e9,144.48171,,,12.54595,,,,,,,fbfbdd1a-464e-45d5-a242-20ac040e30b5,2026/9/12,30:01.1,2026-09-12T11:30:01.1045376+09:00,2026-09-12T02:30:01.1045376Z,,v3,,,,"Yoshigai, Tetsuro",1000242230,Right,KEI_KEI,5f9a9d54-181a-40b6-b0a1-aa90f72d4f61,16.575097,-40.228359,4.239538,1.723061,-2.2845,-2.238587,0.633455,-2.906657,1.467722,,,,,,,,,,,,,,,,,,,,,,,,,,,,,,,,,,,,,,,,,,,,,,,,,,,High,High,High,,,,,
49,2026/9/12,30:21.3,5,3,"Watanabe, Kazuhiro",1000242226,Left,KEI_KEI,"Oyama, Hiroto",1000325762,Right,TOK,Undefined,2,Bottom,1,2,0,Slider,Slider,StrikeCalled,Undefined,Undefined,Undefined,0,0,,129.39714,0.581668,1.384225,1887.277201,234.680821,1:45,1.739463,-0.588227,1.787904,-96.7617,12.9279,13.4951,0.93659,-0.061278,118.81188,-6.45697,2.337307,0.472974,,,,,,,,,,,,-5.9083,7.2962,0.55313,15.24,1.74712,-0.922631,-35.599531,-0.007732,-0.980367,6.640346,-8.595993,TOK,KEI_KEI,JinguStadium,TeamExclusive,Team,20260912-JinguStadium-1,e7328db0-ae51-11f1-af02-1b6488a193e9,128.25226,,,10.58526,,,,,,,fbfbdd1a-464e-45d5-a242-20ac040e30b5,2026/9/12,30:21.3,2026-09-12T11:30:21.3560832+09:00,2026-09-12T02:30:21.3560832Z,,v3,,,,"Yoshigai, Tetsuro",1000242230,Right,KEI_KEI,b526e49e-ef69-4757-9d29-3f62b12d15ff,16.651604,-35.86187,3.320173,1.740717,0.331868,-4.297996,0.588815,-0.8839,-0.490183,,,,,,,,,,,,,,,,,,,,,,,,,,,,,,,,,,,,,,,,,,,,,,,,,,,High,High,High,,,,,
50,2026/9/12,30:41.0,5,4,"Watanabe, Kazuhiro",1000242226,Left,KEI_KEI,"Oyama, Hiroto",1000325762,Right,TOK,Undefined,2,Bottom,1,2,1,Fastball,Four-Seam,StrikeCalled,Undefined,Undefined,Undefined,0,0,,146.23389,-2.116162,3.977728,2227.687751,149.136654,11:00,1.724784,-0.65299,1.9017,-46.9524,37.9055,-21.0854,0.658597,0.256289,134.191,-5.612814,2.483191,0.416007,,,,,,,,,,,,13.5919,21.8941,0.563742,15.24,1.673776,-2.687909,-40.154542,-1.652614,2.878411,8.196534,-5.170038,TOK,KEI_KEI,JinguStadium,TeamExclusive,Team,20260912-JinguStadium-1,f2dd4f10-ae51-11f1-af02-1b6488a193e9,145.81486,,,12.04289,,,,,,,fbfbdd1a-464e-45d5-a242-20ac040e30b5,2026/9/12,30:41.0,2026-09-12T11:30:41.0110976+09:00,2026-09-12T02:30:41.0110976Z,,v3,,,,"Yoshigai, Tetsuro",1000242230,Right,KEI_KEI,cf098305-5df5-4a09-9081-c13e4d1310c7,16.537899,-40.418607,4.098267,1.724334,-1.486052,-2.585019,0.651831,-2.780642,1.439205,,,,,,,,,,,,,,,,,,,,,,,,,,,,,,,,,,,,,,,,,,,,,,,,,,,High,High,High,,,,,
51,2026/9/12,31:04.7,5,5,"Watanabe, Kazuhiro",1000242226,Left,KEI_KEI,"Oyama, Hiroto",1000325762,Right,TOK,Undefined,2,Bottom,1,2,2,Fastball,Four-Seam,BallCalled,Undefined,Undefined,Undefined,0,0,,147.80001,-1.950301,4.411678,2263.877697,153.328149,11:00,1.731667,-0.628821,1.962041,-41.7919,41.2455,-19.3478,0.765642,0.415839,134.6922,-5.103693,3.036883,0.41152,,,,,,,,,,,,13.2201,23.7343,0.534058,15.24,1.68695,-3.032167,-40.548915,-1.518538,2.836095,8.89782,-4.714971,TOK,KEI_KEI,JinguStadium,TeamExclusive,Team,20260912-JinguStadium-1,0107dd80-ae52-11f1-af02-1b6488a193e9,147.40458,,,13.10781,,,,,,,fbfbdd1a-464e-45d5-a242-20ac040e30b5,2026/9/12,31:04.7,2026-09-12T11:31:04.7174144+09:00,2026-09-12T02:31:04.7174144Z,,v3,,,,"Yoshigai, Tetsuro",1000242230,Right,KEI_KEI,65f1b51d-ab05-4096-bb00-681de2d538cd,16.477063,-40.819466,4.44891,1.730944,-1.375173,-2.357486,0.627567,-3.118403,1.418048,,,,,,,,,,,,,,,,,,,,,,,,,,,,,,,,,,,,,,,,,,,,,,,,,,,High,High,High,,,,,
52,2026/9/12,31:25.5,5,6,"Watanabe, Kazuhiro",1000242226,Left,KEI_KEI,"Oyama, Hiroto",1000325762,Right,TOK,Undefined,2,Bottom,1,3,2,Slider,Curveball,StrikeSwinging,Strikeout,Undefined,Undefined,0,0,,129.88195,0.174531,2.135704,1999.580536,307.054794,4:15,1.687526,-0.584093,1.863971,-117.8494,-9.8908,17.4347,0.558251,0.192389,119.71828,-8.359796,3.373431,0.469227,,,,,,,,,,,,-7.4744,-4.1709,0.533138,15.24,1.684317,-1.410612,-35.747836,-0.340346,-1.248415,6.80533,-10.5033,TOK,KEI_KEI,JinguStadium,TeamExclusive,Team,20260912-JinguStadium-1,0d6a0800-ae52-11f1-af02-1b6488a193e9,129.27635,,,10.16367,,,,,,,fbfbdd1a-464e-45d5-a242-20ac040e30b5,2026/9/12,31:25.5,2026-09-12T11:31:25.4898688+09:00,2026-09-12T02:31:25.4898688Z,,v3,,,,"Yoshigai, Tetsuro",1000242230,Right,KEI_KEI,276ff2fb-b07f-4867-9792-8420277e34dd,16.576246,-36.001319,3.402665,1.689708,0.050877,-5.25165,0.584814,-1.364111,-0.624207,,,,,,,,,,,,,,,,,,,,,,,,,,,,,,,,,,,,,,,,,,,,,,,,,,,High,High,High,,,,,
53,2026/9/12,32:20.0,6,1,"Watanabe, Kazuhiro",1000242226,Left,KEI_KEI,"Ito, Koichiro",1000325736,Left,TOK,Undefined,2,Bottom,2,0,0,Slider,Slider,BallCalled,Undefined,Undefined,Undefined,0,0,,131.52573,-3.087801,3.714189,2783.853204,229.32072,1:45,1.71316,-0.583468,1.927815,-93.5492,11.1765,9.3548,-0.091722,0.554088,121.97919,-9.855177,4.379701,0.462148,,,,,,,,,,,,-2.3768,8.7617,0.500197,15.24,1.638851,-2.383043,-36.118206,-2.28233,-0.406273,6.78468,-8.308983,TOK,KEI_KEI,JinguStadium,TeamExclusive,Team,20260912-JinguStadium-1,2de35320-ae52-11f1-af02-1b6488a193e9,131.25657,,,9.54654,,,,,,,fbfbdd1a-464e-45d5-a242-20ac040e30b5,2026/9/12,32:20.0,2026-09-12T11:32:20.0214528+09:00,2026-09-12T02:32:20.0214528Z,,v3,,,,"Yoshigai, Tetsuro",1000242230,Right,KEI_KEI,82074363-f8cb-48dc-8049-420ce946d758,16.512744,-36.3565,3.39234,1.713887,-1.990498,-4.154492,0.583644,-2.368774,-0.203136,,,,,,,,,,,,,,,,,,,,,,,,,,,,,,,,,,,,,,,,,,,,,,,,,,,High,High,High,,,,,
54,2026/9/12,32:42.6,6,2,"Watanabe, Kazuhiro",1000242226,Left,KEI_KEI,"Ito, Koichiro",1000325736,Left,TOK,Undefined,2,Bottom,2,1,0,Slider,Slider,BallCalled,Undefined,Undefined,Undefined,0,0,,131.18977,-1.354671,3.10626,1302.489361,233.885861,1:45,1.736256,-0.56831,1.872624,-90.0751,15.8541,17.2697,0.453321,0.480142,120.87928,-7.908806,4.330281,0.464796,,,,,,,,,,,,-6.7403,10.1801,0.495125,15.24,1.699223,-2.033438,-36.058898,-1.182703,-1.146231,6.881867,-8.075453,TOK,KEI_KEI,JinguStadium,TeamExclusive,Team,20260912-JinguStadium-1,3b5bf6b0-ae52-11f1-af02-1b6488a193e9,130.50879,,,10.31048,,,,,,,fbfbdd1a-464e-45d5-a242-20ac040e30b5,2026/9/12,32:42.6,2026-09-12T11:32:42.5854976+09:00,2026-09-12T02:32:42.5854976Z,,v3,,,,"Yoshigai, Tetsuro",1000242230,Right,KEI_KEI,39c49fe3-4cc8-402d-ad98-5907d67e5836,16.567095,-36.311292,3.440933,1.737167,-0.886534,-4.037727,0.568931,-1.9914,-0.573116,,,,,,,,,,,,,,,,,,,,,,,,,,,,,,,,,,,,,,,,,,,,,,,,,,,High,High,High,,,,,
55,2026/9/12,34:11.7,6,3,"Watanabe, Kazuhiro",1000242226,Left,KEI_KEI,"Ito, Koichiro",1000325736,Left,TOK,Undefined,2,Bottom,2,2,0,Slider,Slider,BallCalled,Undefined,Undefined,Undefined,0,0,,130.48185,-1.301504,1.809353,2774.093081,296.262656,4:00,1.723195,-0.592503,1.847956,-109.138,-2.1122,10.8043,0.264432,0.026104,120.66318,-9.185791,2.576617,0.467196,,,,,,,,,,,,-4.3359,0.7432,0.549032,15.24,1.685396,-1.181974,-35.911948,-1.230325,-0.732144,6.757081,-9.681151,TOK,KEI_KEI,JinguStadium,TeamExclusive,Team,20260912-JinguStadium-1,70837250-ae52-11f1-af02-1b6488a193e9,129.83853,,,9.81867,,,,,,,fbfbdd1a-464e-45d5-a242-20ac040e30b5,2026/9/12,34:11.7,2026-09-12T11:34:11.7588480+09:00,2026-09-12T02:34:11.7588480Z,,v3,,,,"Yoshigai, Tetsuro",1000242230,Right,KEI_KEI,4f964b7e-8c0b-48ab-92e5-e515c399ffb4,16.592332,-36.165503,3.378541,1.724747,-0.867045,-4.840575,0.592869,-1.1545,-0.366072,,,,,,,,,,,,,,,,,,,,,,,,,,,,,,,,,,,,,,,,,,,,,,,,,,,High,High,High,,,,,
56,2026/9/12,34:30.0,6,4,"Watanabe, Kazuhiro",1000242226,Left,KEI_KEI,"Ito, Koichiro",1000325736,Left,TOK,Undefined,2,Bottom,2,3,0,Fastball,Four-Seam,BallCalled,Walk,Undefined,Undefined,0,0,,146.42974,-1.667258,1.952989,2376.550398,144.551419,10:45,1.755175,-0.573029,1.898522,-46.5298,38.2899,-25.3023,0.820632,-0.276651,133.62235,-5.150386,0.15425,0.415914,,,,,,,,,,,,14.462,21.8674,0.529983,15.24,1.714392,-1.246107,-40.267622,-1.335071,3.060458,8.752957,-5.179061,TOK,KEI_KEI,JinguStadium,TeamExclusive,Team,20260912-JinguStadium-1,7b5cd9f0-ae52-11f1-af02-1b6488a193e9,145.84758,,,12.80739,,,,,,,fbfbdd1a-464e-45d5-a242-20ac040e30b5,2026/9/12,34:30.0,2026-09-12T11:34:30.0164608+09:00,2026-09-12T02:34:30.0164608Z,,v3,,,,"Yoshigai, Tetsuro",1000242230,Right,KEI_KEI,af51b190-12fc-4179-b038-8bf988e29b24,16.540804,-40.549391,4.376478,1.754686,-1.16835,-2.58953,0.571683,-1.344627,1.530229,,,,,,,,,,,,,,,,,,,,,,,,,,,,,,,,,,,,,,,,,,,,,,,,,,,High,High,High,,,,,
57,2026/9/12,35:15.7,7,1,"Watanabe, Kazuhiro",1000242226,Left,KEI_KEI,"Horibe, Kohei",1000325732,Right,TOK,Undefined,2,Bottom,2,0,0,TwoSeamFastBall,Changeup,StrikeCalled,Undefined,Undefined,Undefined,0,0,,137.83419,-1.747432,2.632291,1793.735292,125.847065,10:15,1.711379,-0.607482,1.927533,-66.7209,28.133,-34.9395,0.552999,-0.217478,126.85969,-6.667371,0.143701,0.439827,,,,,,,,,,,,19.9851,16.7283,0.55079,15.24,1.66862,-1.584719,-37.921931,-1.394931,3.774625,7.31333,-6.647144,TOK,KEI_KEI,JinguStadium,TeamExclusive,Team,20260912-JinguStadium-1,96a086d0-ae52-11f1-af02-1b6488a193e9,137.91772,,,10.97449,,,,,,,fbfbdd1a-464e-45d5-a242-20ac040e30b5,2026/9/12,35:15.7,2026-09-12T11:35:15.7415424+09:00,2026-09-12T02:35:15.7415424Z,,v3,,,,"Yoshigai, Tetsuro",1000242230,Right,KEI_KEI,1e70a14e-a4f6-4a35-8c68-7a39c5dde7dd,16.512466,-38.16654,3.656665,1.711558,-1.172604,-3.323572,0.605906,-1.710969,1.887313,,,,,,,,,,,,,,,,,,,,,,,,,,,,,,,,,,,,,,,,,,,,,,,,,,,High,High,High,,,,,
58,2026/9/12,35:33.9,7,2,"Watanabe, Kazuhiro",1000242226,Left,KEI_KEI,"Horibe, Kohei",1000325732,Right,TOK,Undefined,2,Bottom,2,0,1,Fastball,Four-Seam,StrikeCalled,Undefined,Undefined,Undefined,0,0,,147.05356,-2.882368,2.110179,2376.084311,138.693216,10:30,1.71952,-0.639966,1.866143,-43.0368,41.3367,-33.95,0.475753,-0.384614,134.61999,-6.097232,-0.298754,0.414818,,,,,,,,,,,,19.0341,24.2117,0.592823,15.24,1.649494,-1.318994,-40.413169,-2.187326,4.067184,8.617399,-4.633116,TOK,KEI_KEI,JinguStadium,TeamExclusive,Team,20260912-JinguStadium-1,a1742210-ae52-11f1-af02-1b6488a193e9,146.23272,,,12.43357,,,,,,,fbfbdd1a-464e-45d5-a242-20ac040e30b5,2026/9/12,35:33.9,2026-09-12T11:35:33.9174400+09:00,2026-09-12T02:35:33.9174400Z,,v3,,,,"Yoshigai, Tetsuro",1000242230,Right,KEI_KEI,2c8fdb8d-c939-4dd2-8432-f3ec5a5f66ed,16.573675,-40.696558,4.308699,1.71892,-2.034963,-2.316558,0.638399,-1.452746,2.033592,,,,,,,,,,,,,,,,,,,,,,,,,,,,,,,,,,,,,,,,,,,,,,,,,,,High,High,High,,,,,
59,2026/9/12,35:58.2,7,3,"Watanabe, Kazuhiro",1000242226,Left,KEI_KEI,"Horibe, Kohei",1000325732,Right,TOK,Undefined,2,Bottom,2,0,2,Slider,Slider,FoulBallNotFieldable,Undefined,Undefined,Undefined,0,0,,133.08523,-0.687547,1.772896,1941.73759,291.551504,3:45,1.709317,-0.608545,1.89938,-104.7216,-3.1193,15.1571,0.468668,0.041704,123.51815,-8.278021,2.851982,0.455204,127.29249,-34.178882,-84.265313,,,,,1.096996,1.096996,-44.76695,0.025526,-6.7671,-0.4001,0.567316,15.24,1.687385,-1.200422,-36.667827,-0.833038,-1.197993,6.668682,-9.87748,TOK,KEI_KEI,JinguStadium,TeamExclusive,Team,20260912-JinguStadium-1,aff6e2a0-ae52-11f1-af02-1b6488a193e9,133.2588,0.508,,9.56709,,,,0.704091,0.508,-0.028183,fbfbdd1a-464e-45d5-a242-20ac040e30b5,2026/9/12,35:58.2,2026-09-12T11:35:58.2422528+09:00,2026-09-12T02:35:58.2422528Z,GroundBall,v3,,,,"Yoshigai, Tetsuro",1000242230,Right,KEI_KEI,e11e274f-6ecb-41ef-a889-3e8200524450,16.541258,-36.903725,3.334341,1.710673,-0.483633,-4.93874,0.60903,-1.158044,-0.598997,,0.704068,2.928474,,,,,,,,0.508155,-19.901611,,,,,,,,-0.027956,-29.160885,,,,,,,,,,,,,,,,,,,,,,,,,,,,,,High,High,High,Estimated,Estimated,,,
60,2026/9/12,36:24.7,7,4,"Watanabe, Kazuhiro",1000242226,Left,KEI_KEI,"Horibe, Kohei",1000325732,Right,TOK,Undefined,2,Bottom,2,0,2,Fastball,Four-Seam,FoulBallNotFieldable,Undefined,Undefined,Undefined,0,0,,147.2416,-2.368664,1.738314,2238.279166,140.650342,10:45,1.740009,-0.611062,1.833569,-42.56,42.2988,-32.3498,0.644957,-0.443618,134.02667,-5.5591,-0.552819,0.41601,114.99614,34.799233,155.119983,2382.351267,-30.520157,11.507948,13.879535,59.439968,22.451759,156.797522,2.71522,17.9384,24.3735,0.571629,15.24,1.680592,-1.062137,-40.460058,-1.824686,3.820379,9.092059,-4.61577,TOK,KEI_KEI,JinguStadium,TeamExclusive,Team,20260912-JinguStadium-1,bfb61ad0-ae52-11f1-af02-1b6488a193e9,145.81398,11.592737,,13.21493,,,,0.230247,0.633399,0.444014,fbfbdd1a-464e-45d5-a242-20ac040e30b5,2026/9/12,36:24.7,2026-09-12T11:36:24.6982144+09:00,2026-09-12T02:36:24.6982144Z,FlyBall,v3,,,,"Yoshigai, Tetsuro",1000242230,Right,KEI_KEI,a84f2677-422d-4c29-82b0-a5bb464d4d3e,16.605986,-40.765862,4.546029,1.739353,-1.669438,-2.307885,0.609514,-1.190633,1.910189,348.404761,0.230298,-23.798565,1.16214,0.037568,0.063417,-0.072279,0.037676,-0.009049,0.000814,0.633394,18.230432,-8.596315,1.046012,-0.237293,0.059462,-0.01583,0.00354,-0.000367,0.443987,11.037028,-1.118074,0.131819,-0.070133,0.047685,-0.022257,0.005243,-0.000474,,,,,,,,,,,,,,,,,,,,,,,High,High,High,High,Low,,,
61,2026/9/12,36:54.6,7,5,"Watanabe, Kazuhiro",1000242226,Left,KEI_KEI,"Horibe, Kohei",1000325732,Right,TOK,Undefined,2,Bottom,2,0,2,Fastball,Four-Seam,InPlay,Undefined,GroundBall,Out,1,0,,146.28867,-0.351217,2.3691,2134.811488,142.766252,10:45,1.719672,-0.61255,1.830278,-48.3908,37.6335,-26.4157,1.136495,-0.207304,132.77684,-3.970036,0.500432,0.418857,125.24983,-12.802437,-0.44577,,,,,4.572364,4.572364,2.4504,0.127035,15.3932,20.4686,0.557536,15.24,1.70809,-1.529194,-40.209886,-0.424305,3.234006,9.075736,-5.506337,TOK,KEI_KEI,JinguStadium,TeamExclusive,Team,20260912-JinguStadium-1,d18df9d0-ae52-11f1-af02-1b6488a193e9,144.82282,1.087617,,13.51184,,,,0.336063,1.087617,0.216173,fbfbdd1a-464e-45d5-a242-20ac040e30b5,2026/9/12,36:54.6,2026-09-12T11:36:54.6269184+09:00,2026-09-12T02:36:54.6269184Z,GroundBall,v3,,,,"Yoshigai, Tetsuro",1000242230,Right,KEI_KEI,5ffa2db2-2fd7-459e-8998-d3a5a5815b2c,16.609249,-40.517759,4.537868,1.719315,-0.237515,-2.753169,0.611271,-1.6389,1.617003,345.585745,0.33609,33.922914,-4.792142,,,,,,,1.087701,-7.718276,-6.648499,,,,,,,0.216159,-0.262482,0.786277,,,,,,,,,,,,,,,,,,,,,,,,,,,,,High,High,High,High,High,,,
62,2026/9/12,39:04.8,1,1,"Matsumoto, Shinnosuke",1000325748,Left,TOK,"Obara, Yamato",1000242233,Left,KEI_KEI,Undefined,3,Top,0,0,0,Slider,Curveball,BallCalled,Undefined,Undefined,Undefined,0,0,,111.00675,3.017304,0.805992,2071.484469,283.159172,3:30,1.416024,-0.339162,1.69737,-159.5729,-5.132,46.4082,0.680247,0.354413,100.13221,-8.532046,4.063887,0.561223,,,,,,,,,,,,-22.4969,-3.3088,0.314365,15.24,1.483065,-0.625734,-30.433353,1.041205,-2.663678,5.932883,-10.198414,TOK,KEI_KEI,JinguStadium,TeamExclusive,Team,20260912-JinguStadium-1,1f340ee0-ae53-11f1-af02-1b6488a193e9,108.08529,,,10.87453,,,,,,,fbfbdd1a-464e-45d5-a242-20ac040e30b5,2026/9/12,39:04.8,2026-09-12T11:39:04.7795712+09:00,2026-09-12T02:39:04.7795712Z,,v3,,,,"Oyama, Hiroto",1000325762,Right,TOK,a6b96ac2-dde8-4fd3-a997-5a7ae399f9ce,16.741898,-30.724748,2.966441,1.419625,1.542102,-5.099207,0.341885,-0.494907,-1.331839,,,,,,,,,,,,,,,,,,,,,,,,,,,,,,,,,,,,,,,,,,,,,,,,,,,High,High,High,,,,,
63,2026/9/12,39:17.1,1,2,"Matsumoto, Shinnosuke",1000325748,Left,TOK,"Obara, Yamato",1000242233,Left,KEI_KEI,Undefined,3,Top,0,1,0,Slider,Slider,FoulBallNotFieldable,Undefined,Undefined,Undefined,0,0,,111.29762,1.987685,0.134995,1428.508119,255.244454,2:30,1.417678,-0.378141,1.666611,-140.5165,10.3903,21.4618,0.579732,-0.125015,102.26712,-8.137779,1.640207,0.554765,,,,,,,,,,,,-10.8073,5.0587,0.372661,15.24,1.459371,-0.159228,-30.59575,0.572432,-1.32106,5.027884,-9.18829,TOK,KEI_KEI,JinguStadium,TeamExclusive,Team,20260912-JinguStadium-1,268ba2c0-ae53-11f1-af02-1b6488a193e9,109.3436,,,9.0305,,,,,,,fbfbdd1a-464e-45d5-a242-20ac040e30b5,2026/9/12,39:17.1,2026-09-12T11:39:17.1145216+09:00,2026-09-12T02:39:17.1145216Z,,v3,,,,"Oyama, Hiroto",1000325762,Right,TOK,ef177616-0d90-4335-8a73-3093efaf5a0e,16.773479,-30.846721,2.513942,1.419351,1.031074,-4.594145,0.378963,-0.093287,-0.66053,,,,,,,,,,,,,,,,,,,,,,,,,,,,,,,,,,,,,,,,,,,,,,,,,,,High,High,High,,,,,
64,2026/9/12,39:32.2,1,3,"Matsumoto, Shinnosuke",1000325748,Left,TOK,"Obara, Yamato",1000242233,Left,KEI_KEI,Undefined,3,Top,0,1,1,Fastball,Changeup,BallCalled,Undefined,Undefined,Undefined,0,0,,130.89905,-0.54714,2.250391,2236.338248,117.498671,10:00,1.406871,-0.33529,1.749084,-80.4433,27.3952,-46.0819,0.447029,-0.157091,119.97935,-6.419676,-0.996992,0.468966,,,,,,,,,,,,25.1368,15.348,0.281679,15.24,1.38707,-1.199858,-35.997328,-0.648307,4.260678,6.850048,-7.205162,TOK,KEI_KEI,JinguStadium,TeamExclusive,Team,20260912-JinguStadium-1,2f837920-ae53-11f1-af02-1b6488a193e9,129.34834,,,10.91971,,,,,,,fbfbdd1a-464e-45d5-a242-20ac040e30b5,2026/9/12,39:32.2,2026-09-12T11:39:32.2140160+09:00,2026-09-12T02:39:32.2140160Z,,v3,,,,"Oyama, Hiroto",1000325762,Right,TOK,abde36f3-bc6a-4dcb-9d64-06f5021056d3,16.690963,-36.272386,3.425024,1.407294,-0.35899,-3.602581,0.333294,-1.370941,2.130339,,,,,,,,,,,,,,,,,,,,,,,,,,,,,,,,,,,,,,,,,,,,,,,,,,,High,High,High,,,,,
65,2026/9/12,39:44.8,1,4,"Matsumoto, Shinnosuke",1000325748,Left,TOK,"Obara, Yamato",1000242233,Left,KEI_KEI,Undefined,3,Top,0,2,1,Fastball,Changeup,InPlay,Undefined,FlyBall,Out,1,0,,132.39788,-0.097028,2.283562,2216.616095,130.739218,10:15,1.3981,-0.376387,1.713953,-70.3593,35.3421,-37.2181,0.666888,-0.098722,121.30518,-5.251525,-0.331635,0.464296,132.78268,48.031391,8.832126,4472.800847,33.333965,33.10929,3.601283,70.403631,70.160942,3.261788,5.66245,20.5991,18.973,0.32006,15.24,1.390183,-1.27583,-36.407651,-0.328463,3.578131,6.886817,-6.510974,TOK,KEI_KEI,JinguStadium,TeamExclusive,Team,20260912-JinguStadium-1,36fd3b00-ae53-11f1-af02-1b6488a193e9,130.64943,35.751406,,11.0927,,,,0.817538,0.720275,0.09707,fbfbdd1a-464e-45d5-a242-20ac040e30b5,2026/9/12,39:44.8,2026-09-12T11:39:44.7856128+09:00,2026-09-12T02:39:44.7856128Z,FlyBall,v3,,,,"Oyama, Hiroto",1000325762,Right,TOK,3c325c65-c4e4-4d90-8073-9f1147d532cb,16.726123,-36.687687,3.443408,1.398156,-0.06371,-3.255487,0.374897,-1.421326,1.789065,173.142558,0.819142,24.34179,-5.941924,1.342359,-0.140611,-0.014352,0.006617,-0.000778,3.20E-05,0.71994,27.427155,-6.168238,0.431873,-0.055055,-0.003191,0.00353,-0.000604,3.30E-05,0.097446,3.779652,-1.581105,0.378138,-0.045223,-0.002283,0.001604,-0.000202,9.00E-06,,,,,,,,,,,,,,,,,,,,,,,High,High,High,High,Medium,,,
66,2026/9/12,40:19.9,2,1,"Matsumoto, Shinnosuke",1000325748,Left,TOK,"Yoshigai, Tetsuro",1000242230,Right,KEI_KEI,Undefined,3,Top,1,0,0,Fastball,Changeup,BallCalled,Undefined,Undefined,Undefined,0,0,,131.00181,1.194334,0.773855,2184.945088,147.277043,11:00,1.405429,-0.404566,1.694046,-78.4904,30.0256,-17.088,0.960718,-0.355059,119.56089,-4.545234,-0.425815,0.470437,,,,,,,,,,,,9.1777,15.3607,0.385578,15.24,1.430717,-0.403603,-36.012935,0.447787,1.55548,6.916803,-7.203237,TOK,KEI_KEI,JinguStadium,TeamExclusive,Team,20260912-JinguStadium-1,4bf93d60-ae53-11f1-af02-1b6488a193e9,128.94392,,,11.44092,,,,,,,fbfbdd1a-464e-45d5-a242-20ac040e30b5,2026/9/12,40:20.0,2026-09-12T11:40:19.9564288+09:00,2026-09-12T02:40:19.9564288Z,,v3,,,,"Oyama, Hiroto",1000325762,Right,TOK,432ff067-9963-4230-9967-d6c51281d4a3,16.745255,-36.30089,3.458401,1.405833,0.747666,-3.601619,0.403729,-0.46836,0.77774,,,,,,,,,,,,,,,,,,,,,,,,,,,,,,,,,,,,,,,,,,,,,,,,,,,High,High,High,,,,,
67,2026/9/12,40:34.6,2,2,"Matsumoto, Shinnosuke",1000325748,Left,TOK,"Yoshigai, Tetsuro",1000242230,Right,KEI_KEI,Undefined,3,Top,1,1,0,Fastball,Changeup,StrikeCalled,Undefined,Undefined,Undefined,0,0,,129.17694,0.723947,1.93801,2012.08972,136.551696,10:30,1.375661,-0.415749,1.675278,-84.5852,25.9598,-21.6641,0.736336,-0.079651,119.46164,-5.401807,0.419269,0.474815,,,,,,,,,,,,12.0993,13.6442,0.36587,15.24,1.388107,-1.099203,-35.545053,0.116592,2.024531,5.898579,-7.523601,TOK,KEI_KEI,JinguStadium,TeamExclusive,Team,20260912-JinguStadium-1,54b12490-ae53-11f1-af02-1b6488a193e9,127.75508,,,9.71529,,,,,,,fbfbdd1a-464e-45d5-a242-20ac040e30b5,2026/9/12,40:34.6,2026-09-12T11:40:34.5780224+09:00,2026-09-12T02:40:34.5780224Z,,v3,,,,"Oyama, Hiroto",1000325762,Right,TOK,3a01018f-ebf8-4a81-b7c1-fe81336129a5,16.764479,-35.797141,2.949289,1.376253,0.438129,-3.7618,0.414696,-1.185726,1.012266,,,,,,,,,,,,,,,,,,,,,,,,,,,,,,,,,,,,,,,,,,,,,,,,,,,High,High,High,,,,,
68,2026/9/12,40:45.4,2,3,"Matsumoto, Shinnosuke",1000325748,Left,TOK,"Yoshigai, Tetsuro",1000242230,Right,KEI_KEI,Undefined,3,Top,1,1,1,Splitter,Changeup,BallCalled,Undefined,Undefined,Undefined,0,0,,113.98305,0.91045,0.920946,1254.306788,89.590428,9:00,1.468705,-0.33692,1.654353,-139.5264,4.2722,-27.605,0.333399,-0.350049,105.11942,-9.100948,-1.016126,0.541542,,,,,,,,,,,,14.5615,2.8446,0.314419,15.24,1.481669,-0.386906,-31.348746,-0.009978,1.871722,5.198664,-9.441013,TOK,KEI_KEI,JinguStadium,TeamExclusive,Team,20260912-JinguStadium-1,5b362630-ae53-11f1-af02-1b6488a193e9,112.01354,,,8.86362,,,,,,,fbfbdd1a-464e-45d5-a242-20ac040e30b5,2026/9/12,40:45.4,2026-09-12T11:40:45.4423552+09:00,2026-09-12T02:40:45.4423552Z,,v3,,,,"Oyama, Hiroto",1000325762,Right,TOK,ca3120b3-22d1-40bc-b3a1-6b3d634f3e92,16.785702,-31.604035,2.599332,1.470776,0.453639,-4.720507,0.335675,-0.47882,0.935861,,,,,,,,,,,,,,,,,,,,,,,,,,,,,,,,,,,,,,,,,,,,,,,,,,,High,High,High,,,,,
69,2026/9/12,40:56.9,2,4,"Matsumoto, Shinnosuke",1000325748,Left,TOK,"Maruta, Minato",1000325879,Left,KEI_KEI,Undefined,3,Top,1,0,0,Fastball,Changeup,BallCalled,Undefined,Undefined,Undefined,0,0,,133.10379,1.417572,0.615581,2125.310379,127.055327,10:15,1.37667,-0.419288,1.705423,-77.418,26.7813,-31.4444,1.006001,-0.558547,122.33304,-4.225434,-1.593538,0.460985,,,,,,,,,,,,16.2507,13.5907,0.405666,15.24,1.407697,-0.238796,-36.622348,0.600581,2.870551,6.633529,-7.405951,TOK,KEI_KEI,JinguStadium,TeamExclusive,Team,20260912-JinguStadium-1,61fbb340-ae53-11f1-af02-1b6488a193e9,131.58771,,,10.77075,,,,,,,fbfbdd1a-464e-45d5-a242-20ac040e30b5,2026/9/12,40:56.9,2026-09-12T11:40:56.9011200+09:00,2026-09-12T02:40:56.9011200Z,,v3,,,,"Oyama, Hiroto",1000325762,Right,TOK,08d1ac9e-dac8-482d-acf5-64a1890bce29,16.734175,-36.892001,3.316764,1.377165,0.901632,-3.702975,0.417744,-0.355484,1.435275,,,,,,,,,,,,,,,,,,,,,,,,,,,,,,,,,,,,,,,,,,,,,,,,,,,High,High,High,,,,,
70,2026/9/12,41:11.5,2,5,"Matsumoto, Shinnosuke",1000325748,Left,TOK,"Maruta, Minato",1000325879,Left,KEI_KEI,Undefined,3,Top,1,1,0,Slider,Curveball,BallCalled,Undefined,Undefined,Undefined,0,0,,104.92766,3.586847,-1.057027,1998.817194,283.320366,3:30,1.409682,-0.376522,1.594305,-173.487,-1.3748,29.0981,0.704012,-0.388427,96.19536,-8.837115,0.973208,0.592462,,,,,,,,,,,,-15.2071,-1.5143,0.403491,15.24,1.494993,0.412158,-28.78703,1.201383,-1.643497,4.503194,-9.970303,TOK,KEI_KEI,JinguStadium,TeamExclusive,Team,20260912-JinguStadium-1,6ac80cd0-ae53-11f1-af02-1b6488a193e9,102.38633,,,8.7323,,,,,,,fbfbdd1a-464e-45d5-a242-20ac040e30b5,2026/9/12,41:11.5,2026-09-12T11:41:11.5110000+09:00,2026-09-12T02:41:11.5110000Z,,v3,,,,"Oyama, Hiroto",1000325762,Right,TOK,0981736f-07c9-43dd-a05c-e5a4bdff1334,16.845615,-29.037113,2.251597,1.4129,1.755078,-4.985151,0.378068,0.503428,-0.821748,,,,,,,,,,,,,,,,,,,,,,,,,,,,,,,,,,,,,,,,,,,,,,,,,,,High,High,High,,,,,
71,2026/9/12,41:47.0,2,6,"Matsumoto, Shinnosuke",1000325748,Left,TOK,"Maruta, Minato",1000325879,Left,KEI_KEI,Undefined,3,Top,1,2,0,Fastball,Changeup,StrikeCalled,Undefined,Undefined,Undefined,0,0,,131.65989,-0.328392,2.788834,2275.012957,118.317984,10:00,1.400245,-0.366385,1.721348,-80.7813,26.0626,-42.1988,0.498959,0.005109,120.7935,-6.211183,-0.177663,0.466799,,,,,,,,,,,,23.2219,14.4855,0.297479,15.24,1.385614,-1.55847,-36.188271,-0.522024,3.98883,6.74594,-7.318482,TOK,KEI_KEI,JinguStadium,TeamExclusive,Team,20260912-JinguStadium-1,7fe070d0-ae53-11f1-af02-1b6488a193e9,129.94896,,,10.86639,,,,,,,fbfbdd1a-464e-45d5-a242-20ac040e30b5,2026/9/12,41:47.0,2026-09-12T11:41:47.0280000+09:00,2026-09-12T02:41:47.0280000Z,,v3,,,,"Oyama, Hiroto",1000325762,Right,TOK,710e6f5f-faef-4bbf-a726-708f5e5b1a29,16.718329,-36.462809,3.37297,1.400798,-0.224186,-3.659241,0.364206,-1.720802,1.994415,,,,,,,,,,,,,,,,,,,,,,,,,,,,,,,,,,,,,,,,,,,,,,,,,,,High,High,High,,,,,
72,2026/9/12,42:48.7,2,7,"Matsumoto, Shinnosuke",1000325748,Left,TOK,"Maruta, Minato",1000325879,Left,KEI_KEI,Undefined,3,Top,2,0,1,Slider,Curveball,BallCalled,Undefined,Undefined,Undefined,0,0,,110.68538,3.13411,-0.782333,2141.887346,269.769296,3:00,1.426019,-0.351083,1.671306,-148.6094,5.312,29.7299,0.834654,-0.276896,100.7002,-7.606511,1.301526,0.560279,,,,,,,,,,,,-15.4345,1.9883,0.369555,15.24,1.497909,0.28838,-30.368399,1.139523,-1.845767,5.27093,-9.568876,TOK,KEI_KEI,JinguStadium,TeamExclusive,Team,20260912-JinguStadium-1,a4b17d50-ae53-11f1-af02-1b6488a193e9,108.26753,,,9.98518,,,,,,,fbfbdd1a-464e-45d5-a242-20ac040e30b5,2026/9/12,42:48.7,2026-09-12T11:42:48.6948352+09:00,2026-09-12T02:42:48.6948352Z,,v3,,,,"Oyama, Hiroto",1000325762,Right,TOK,191bcb1c-32ad-494a-ae6e-2677ef551840,16.767931,-30.632448,2.635465,1.428817,1.61888,-4.784438,0.352793,0.380845,-0.922884,,,,,,,,,,,,,,,,,,,,,,,,,,,,,,,,,,,,,,,,,,,,,,,,,,,High,High,High,,,,,
73,2026/9/12,42:59.9,2,8,"Matsumoto, Shinnosuke",1000325748,Left,TOK,"Maruta, Minato",1000325879,Left,KEI_KEI,Undefined,3,Top,1,1,1,Slider,Curveball,StrikeCalled,Undefined,Undefined,Undefined,0,0,,108.58237,4.705849,-0.217113,2116.621198,303.346551,4:00,1.397095,-0.323513,1.638283,-177.0301,-16.946,33.4363,0.974514,-0.051189,99.29543,-7.984679,2.119733,0.571385,,,,,,,,,,,,-16.7475,-10.0809,0.32657,15.24,1.510903,-0.02839,-29.772576,1.813623,-1.936371,4.809088,-10.972216,TOK,KEI_KEI,JinguStadium,TeamExclusive,Team,20260912-JinguStadium-1,ab5ec770-ae53-11f1-af02-1b6488a193e9,106.16313,,,9.28694,,,,,,,fbfbdd1a-464e-45d5-a242-20ac040e30b5,2026/9/12,42:59.9,2026-09-12T11:42:59.9390208+09:00,2026-09-12T02:42:59.9390208Z,,v3,,,,"Oyama, Hiroto",1000325762,Right,TOK,1dd2edca-34b0-416a-8a2e-2721a2d498ed,16.802186,-30.023852,2.404544,1.401164,2.386923,-5.486108,0.32541,0.072786,-0.968185,,,,,,,,,,,,,,,,,,,,,,,,,,,,,,,,,,,,,,,,,,,,,,,,,,,High,High,High,,,,,
74,2026/9/12,43:09.7,2,9,"Matsumoto, Shinnosuke",1000325748,Left,TOK,"Maruta, Minato",1000325879,Left,KEI_KEI,Undefined,3,Top,1,1,2,Fastball,Changeup,BallCalled,Undefined,Undefined,Undefined,0,0,,132.97843,0.681467,3.89455,2279.538703,115.392347,9:45,1.405644,-0.365564,1.738213,-84.4276,19.8294,-35.2742,0.755362,0.38946,122.32394,-5.451959,1.41818,0.461113,,,,,,,,,,,,20.3893,10.6176,0.268541,15.24,1.416794,-2.316257,-36.529108,0.101364,3.586651,6.537335,-7.938927,TOK,KEI_KEI,JinguStadium,TeamExclusive,Team,20260912-JinguStadium-1,b12cfc30-ae53-11f1-af02-1b6488a193e9,131.55132,,,10.6545,,,,,,,fbfbdd1a-464e-45d5-a242-20ac040e30b5,2026/9/12,43:09.8,2026-09-12T11:43:09.7531392+09:00,2026-09-12T02:43:09.7531392Z,,v3,,,,"Oyama, Hiroto",1000325762,Right,TOK,b83d94ed-5dfa-4e03-9703-51694602b1fc,16.701666,-36.789762,3.268668,1.406442,0.417901,-3.969463,0.363745,-2.459262,1.793326,,,,,,,,,,,,,,,,,,,,,,,,,,,,,,,,,,,,,,,,,,,,,,,,,,,High,High,High,,,,,
75,2026/9/12,43:24.4,2,10,"Matsumoto, Shinnosuke",1000325748,Left,TOK,"Maruta, Minato",1000325879,Left,KEI_KEI,Undefined,3,Top,2,2,2,Slider,Curveball,InPlay,Undefined,FlyBall,Out,1,0,,111.18874,3.917063,0.79647,2212.191863,277.338738,3:15,1.388831,-0.375092,1.615972,-153.6875,0.0824,38.9757,0.974624,0.242578,101.13135,-7.139849,3.515707,0.560003,148.62248,26.579049,-6.149842,2663.993079,33.027261,15.171235,-5.772912,105.775437,103.369976,-16.291142,4.476223,-18.9225,-1.5638,0.349458,15.24,1.48402,-0.588765,-30.484317,1.533215,-2.279376,5.327578,-9.995024,TOK,KEI_KEI,JinguStadium,TeamExclusive,Team,20260912-JinguStadium-1,b9f1b4a0-ae53-11f1-af02-1b6488a193e9,108.32084,19.753808,,10.05739,,,,0.282748,0.952184,-0.24647,fbfbdd1a-464e-45d5-a242-20ac040e30b5,2026/9/12,43:24.4,2026-09-12T11:43:24.3903488+09:00,2026-09-12T02:43:24.3903488Z,FlyBall,v3,,,,"Oyama, Hiroto",1000325762,Right,TOK,61c19cf8-1f41-47a6-a15a-42d92ea6658b,16.824035,-30.759905,2.663789,1.391337,2.050242,-4.997512,0.376864,-0.470856,-1.139688,143.7842,0.282832,36.70738,-6.489529,1.423689,-0.279371,0.054972,-0.011074,0.001614,-0.000102,0.952462,18.463689,-4.833326,0.103526,0.073458,-0.049936,0.016102,-0.002441,0.00014,-0.246355,-3.957496,-1.703503,0.539787,-0.117168,0.0205,-0.003457,0.000457,-2.80E-05,,,,,,,,,,,,,,,,,,,,,,,High,High,High,High,Medium,,,
76,2026/9/12,45:39.4,1,1,"Watanabe, Kazuhiro",1000242226,Left,KEI_KEI,"Naruse, Yuto",1000325754,Left,TOK,Undefined,3,Bottom,0,0,0,Fastball,Four-Seam,StrikeSwinging,Undefined,Undefined,Undefined,0,0,,145.62991,-2.094782,3.265935,2217.576951,152.925871,11:00,1.768039,-0.518449,1.802491,-40.218,46.0667,-22.2139,0.772059,0.184282,133.86801,-5.098379,1.699224,0.41949,,,,,,,,,,,,13.5168,25.7858,0.440094,15.24,1.713989,-2.169948,-40.013154,-1.607273,2.850425,7.913736,-4.368945,TOK,KEI_KEI,JinguStadium,TeamExclusive,Team,20260912-JinguStadium-1,0a62d090-ae54-11f1-af02-1b6488a193e9,144.60423,,,11.76191,,,,,,,fbfbdd1a-464e-45d5-a242-20ac040e30b5,2026/9/12,45:39.4,2026-09-12T11:45:39.4386944+09:00,2026-09-12T02:45:39.4386944Z,,v3,,,,"Yoshigai, Tetsuro",1000242230,Right,KEI_KEI,d32295d4-8879-4c78-bef3-d5c3fbde1cae,16.637277,-40.288557,3.956868,1.767277,-1.455231,-2.184473,0.517336,-2.269145,1.425212,,,,,,,,,,,,,,,,,,,,,,,,,,,,,,,,,,,,,,,,,,,,,,,,,,,High,High,High,,,,,
77,2026/9/12,45:49.6,1,2,"Watanabe, Kazuhiro",1000242226,Left,KEI_KEI,"Naruse, Yuto",1000325754,Left,TOK,Undefined,3,Bottom,0,0,1,Fastball,Four-Seam,StrikeCalled,Undefined,Undefined,Undefined,0,0,,146.51646,-2.209948,3.690599,2245.791943,148.713405,11:00,1.735665,-0.606964,1.803801,-40.0389,45.0522,-25.8507,0.708566,0.179888,134.99416,-5.193826,1.868422,0.416578,,,,,,,,,,,,15.5789,25.2755,0.518521,15.24,1.678824,-2.463577,-40.247633,-1.698971,3.333261,7.778677,-4.398687,TOK,KEI_KEI,JinguStadium,TeamExclusive,Team,20260912-JinguStadium-1,10736580-ae54-11f1-af02-1b6488a193e9,145.61486,,,11.5223,,,,,,,fbfbdd1a-464e-45d5-a242-20ac040e30b5,2026/9/12,45:49.7,2026-09-12T11:45:49.6505856+09:00,2026-09-12T02:45:49.6505856Z,,v3,,,,"Yoshigai, Tetsuro",1000242230,Right,KEI_KEI,49c94549-a0b3-4719-b2b4-63812ae2bd2b,16.636083,-40.516556,3.889339,1.734932,-1.5469,-2.199344,0.605684,-2.578814,1.666631,,,,,,,,,,,,,,,,,,,,,,,,,,,,,,,,,,,,,,,,,,,,,,,,,,,High,High,High,,,,,
78,2026/9/12,46:01.0,1,3,"Watanabe, Kazuhiro",1000242226,Left,KEI_KEI,"Naruse, Yuto",1000325754,Left,TOK,Undefined,3,Bottom,0,0,2,Fastball,Four-Seam,FoulBallNotFieldable,Undefined,Undefined,Undefined,0,0,,147.28064,-2.181403,3.656693,2299.478196,147.624265,11:00,1.743892,-0.641908,1.839637,-37.5611,46.4616,-27.8441,0.751065,0.113089,135.33888,-5.001241,1.689538,0.413955,102.17918,37.631233,-99.004103,5743.405689,,,,,40.566196,,,16.7741,26.1645,0.556647,15.24,1.689424,-2.445784,-40.460768,-1.672563,3.616364,8.104143,-4.165811,TOK,KEI_KEI,JinguStadium,TeamExclusive,Team,20260912-JinguStadium-1,1736cfb0-ae54-11f1-af02-1b6488a193e9,146.5377,17.843897,,11.94177,,,,0.118582,0.7162,-0.116183,fbfbdd1a-464e-45d5-a242-20ac040e30b5,2026/9/12,46:01.0,2026-09-12T11:46:00.9831936+09:00,2026-09-12T02:46:00.9831936Z,,v3,,,,"Yoshigai, Tetsuro",1000242230,Right,KEI_KEI,b192ffe7-8485-43fe-9d55-1331f076402c,16.600394,-40.732339,4.052072,1.743133,-1.532966,-2.082906,0.640636,-2.566969,1.808182,58.39725,0.118735,-3.52857,-1.273619,-0.065226,0.801671,-0.990008,0.605866,-0.189368,0.023967,0.71608,17.33856,-5.119055,0.738507,-0.790941,0.837409,-0.499919,0.155638,-0.019885,-0.11612,-22.205326,2.444257,-0.506312,0.401576,-0.378415,0.238254,-0.082094,0.011617,,,,,,,,,,,,,,,,,,,,,,,High,High,High,High,Undefined,,,
79,2026/9/12,46:17.3,1,4,"Watanabe, Kazuhiro",1000242226,Left,KEI_KEI,"Naruse, Yuto",1000325754,Left,TOK,Undefined,3,Bottom,0,0,2,Slider,Slider,StrikeSwinging,Strikeout,Undefined,Undefined,0,0,,131.83716,-0.891302,3.288704,2806.307187,280.007822,3:15,1.750445,-0.572055,1.874608,-106.4917,-2.0682,28.6648,0.434084,0.641781,122.29611,-8.579822,5.32024,0.461481,,,,,,,,,,,,-12.6643,0.4222,0.494027,15.24,1.723184,-2.209272,-36.265272,-0.96677,-2.18634,6.722916,-9.733766,TOK,KEI_KEI,JinguStadium,TeamExclusive,Team,20260912-JinguStadium-1,20fbe120-ae54-11f1-af02-1b6488a193e9,131.44635,,,9.54104,,,,,,,fbfbdd1a-464e-45d5-a242-20ac040e30b5,2026/9/12,46:17.3,2026-09-12T11:46:17.3390000+09:00,2026-09-12T02:46:17.3390000Z,,v3,,,,"Yoshigai, Tetsuro",1000242230,Right,KEI_KEI,a08ac6fc-d572-4748-8132-a467d7401a7f,16.565875,-36.510238,3.361458,1.751949,-0.612097,-4.866883,0.573076,-2.129608,-1.09317,,,,,,,,,,,,,,,,,,,,,,,,,,,,,118.2794,,,0.865234,,,,1.638831,1.403857,-1.006311,20.671355,1.830544,-17.359211,1.644958,23.508124,-1.75814,1.415787,4.489144,-4.640958,-1.03233,-21.983885,3.613151,High,High,High,,,High,Medium,Medium
80,2026/9/12,46:38.6,2,1,"Watanabe, Kazuhiro",1000242226,Left,KEI_KEI,"Akimoto, Ryo",1000325695,Right,TOK,Undefined,3,Bottom,1,0,0,Slider,Slider,StrikeCalled,Undefined,Undefined,Undefined,0,0,,130.17747,0.870264,1.594485,2735.74812,291.897266,3:45,1.73273,-0.618818,1.804504,-110.8849,-3.378,16.0188,0.870146,-0.007522,120.41281,-7.146555,2.727222,0.468245,,,,,,,,,,,,-7.1561,-1.2956,0.578837,15.24,1.746424,-1.070844,-35.845235,0.110834,-1.211031,6.352906,-10.025913,TOK,KEI_KEI,JinguStadium,TeamExclusive,Team,20260912-JinguStadium-1,2da303e0-ae54-11f1-af02-1b6488a193e9,129.54766,,,9.76466,,,,,,,fbfbdd1a-464e-45d5-a242-20ac040e30b5,2026/9/12,46:38.6,2026-09-12T11:46:38.5766912+09:00,2026-09-12T02:46:38.5766912Z,,v3,,,,"Yoshigai, Tetsuro",1000242230,Right,KEI_KEI,834a15c3-02de-4192-9552-14dd575e11fd,16.635741,-36.091756,3.176453,1.734575,0.499885,-5.012956,0.619479,-1.023851,-0.605516,,,,,,,,,,,,,,,,,,,,,,,,,,,,,,,,,,,,,,,,,,,,,,,,,,,High,High,High,,,,,
81,2026/9/12,46:49.4,2,2,"Watanabe, Kazuhiro",1000242226,Left,KEI_KEI,"Akimoto, Ryo",1000325695,Right,TOK,Undefined,3,Bottom,1,0,1,Fastball,Four-Seam,BallCalled,Undefined,Undefined,Undefined,0,0,,145.16596,-1.006296,0.713999,2184.332894,139.559945,10:45,1.742206,-0.651321,1.799334,-46.4756,41.3811,-32.7023,0.992682,-0.776318,131.55886,-4.488074,-1.597663,0.423294,,,,,,,,,,,,17.1809,22.8153,0.636012,15.24,1.714388,-0.325539,-39.901443,-0.867781,3.545389,9.135519,-5.098564,TOK,KEI_KEI,JinguStadium,TeamExclusive,Team,20260912-JinguStadium-1,34105ed0-ae54-11f1-af02-1b6488a193e9,143.30463,,,13.6071,,,,,,,fbfbdd1a-464e-45d5-a242-20ac040e30b5,2026/9/12,46:49.4,2026-09-12T11:46:49.3948416+09:00,2026-09-12T02:46:49.3948416Z,,v3,,,,"Yoshigai, Tetsuro",1000242230,Right,KEI_KEI,70225813-9503-47e9-a1cb-b4d7ab2219ff,16.639633,-40.220615,4.567759,1.741595,-0.68965,-2.549282,0.649549,-0.449406,1.772695,,,,,,,,,,,,,,,,,,,,,,,,,,,,,,,,,,,,,,,,,,,,,,,,,,,High,High,High,,,,,
82,2026/9/12,46:59.7,2,3,"Watanabe, Kazuhiro",1000242226,Left,KEI_KEI,"Akimoto, Ryo",1000325695,Right,TOK,Undefined,3,Bottom,1,1,1,Slider,Curveball,StrikeCalled,Undefined,Undefined,Undefined,0,0,,129.30724,1.526859,0.888389,2761.228955,306.227369,4:15,1.706503,-0.598645,1.802398,-120.7379,-11.339,19.9075,0.931199,-0.14824,119.10008,-7.203535,2.296648,0.472347,,,,,,,,,,,,-9.5667,-5.7894,0.575599,15.24,1.735606,-0.642895,-35.597582,0.473783,-1.589689,6.542574,-10.768665,TOK,KEI_KEI,JinguStadium,TeamExclusive,Team,20260912-JinguStadium-1,3a47dcb0-ae54-11f1-af02-1b6488a193e9,128.42253,,,10.20717,,,,,,,fbfbdd1a-464e-45d5-a242-20ac040e30b5,2026/9/12,46:59.7,2026-09-12T11:46:59.7451264+09:00,2026-09-12T02:46:59.7451264Z,,v3,,,,"Yoshigai, Tetsuro",1000242230,Right,KEI_KEI,9186f1b9-6ddc-415b-9bad-740251182d4b,16.637933,-35.853591,3.271287,1.708823,0.895158,-5.384332,0.599539,-0.580691,-0.794845,,,,,,,,,,,,,,,,,,,,,,,,,,,,,,,,,,,,,,,,,,,,,,,,,,,High,High,High,,,,,
83,2026/9/12,47:13.1,2,4,"Watanabe, Kazuhiro",1000242226,Left,KEI_KEI,"Akimoto, Ryo",1000325695,Right,TOK,Undefined,3,Bottom,1,1,2,Fastball,Four-Seam,StrikeCalled,Strikeout,Undefined,Undefined,0,0,,147.86144,-1.613685,4.237632,2287.792085,138.240964,10:30,1.72408,-0.615904,1.88619,-45.9313,38.251,-31.5344,0.809279,0.263483,133.88633,-5.064203,2.005334,0.414348,,,,,,,,,,,,19.4518,21.8587,0.520172,15.24,1.684092,-2.841458,-40.547269,-1.305855,4.147108,9.392603,-5.146394,TOK,KEI_KEI,JinguStadium,TeamExclusive,Team,20260912-JinguStadium-1,422cbc70-ae54-11f1-af02-1b6488a193e9,146.39871,,,13.97511,,,,,,,fbfbdd1a-464e-45d5-a242-20ac040e30b5,2026/9/12,47:13.1,2026-09-12T11:47:13.0510000+09:00,2026-09-12T02:47:13.0510000Z,,v3,,,,"Yoshigai, Tetsuro",1000242230,Right,KEI_KEI,bf17d64a-6521-4e32-a164-fb3f4b8337f1,16.552847,-40.850252,4.696302,1.723539,-1.139845,-2.573197,0.613988,-2.975234,2.073554,,,,,,,,,,,,,,,,,,,,,,,,,,,,,112.34027,,,0.957593,,,,-0.921407,1.38362,1.909808,20.878977,2.45919,17.151134,-0.886309,25.506336,-2.887744,1.397212,5.204843,-4.271919,1.911089,16.504712,-0.615319,High,High,High,,,High,Medium,High
84,2026/9/12,47:35.6,3,1,"Watanabe, Kazuhiro",1000242226,Left,KEI_KEI,"Akashi, Ken",1000325692,Left,TOK,Undefined,3,Bottom,2,0,0,Fastball,Four-Seam,BallCalled,Undefined,Undefined,Undefined,0,0,,145.98519,-1.667564,4.541642,2308.647369,153.943915,11:15,1.750435,-0.590371,1.886388,-37.4294,48.8208,-22.4301,0.90525,0.466101,132.41618,-4.516293,2.955976,0.419406,,,,,,,,,,,,14.9568,27.3313,0.487132,15.24,1.709673,-3.065507,-40.021971,-1.283031,3.113936,8.968084,-4.116407,TOK,KEI_KEI,JinguStadium,TeamExclusive,Team,20260912-JinguStadium-1,4fa2ef00-ae54-11f1-af02-1b6488a193e9,144.6331,,,13.56901,,,,,,,fbfbdd1a-464e-45d5-a242-20ac040e30b5,2026/9/12,47:35.6,2026-09-12T11:47:35.6052992+09:00,2026-09-12T02:47:35.6052992Z,,v3,,,,"Yoshigai, Tetsuro",1000242230,Right,KEI_KEI,c0d4f3e4-009e-4aaf-9072-3316e0de212c,16.552691,-40.315045,4.484042,1.749404,-1.148508,-2.058203,0.588975,-3.167269,1.556968,,,,,,,,,,,,,,,,,,,,,,,,,,,,,,,,,,,,,,,,,,,,,,,,,,,High,High,High,,,,,
85,2026/9/12,47:45.4,3,2,"Watanabe, Kazuhiro",1000242226,Left,KEI_KEI,"Akashi, Ken",1000325692,Left,TOK,Undefined,3,Bottom,2,1,0,Slider,Curveball,StrikeCalled,Undefined,Undefined,Undefined,0,0,,128.96289,1.156425,1.309822,2624.483825,298.730447,4:00,1.735753,-0.57846,1.75238,-115.5587,-5.0176,15.0729,0.908438,-0.055998,118.94165,-7.178959,2.372454,0.474806,,,,,,,,,,,,-6.7784,-2.2775,0.544208,15.24,1.756572,-0.881489,-35.494201,0.255541,-1.121755,6.396495,-10.183559,TOK,KEI_KEI,JinguStadium,TeamExclusive,Team,20260912-JinguStadium-1,557eb850-ae54-11f1-af02-1b6488a193e9,127.75732,,,10.02124,,,,,,,fbfbdd1a-464e-45d5-a242-20ac040e30b5,2026/9/12,47:45.4,2026-09-12T11:47:45.4218240+09:00,2026-09-12T02:47:45.4218240Z,,v3,,,,"Yoshigai, Tetsuro",1000242230,Right,KEI_KEI,172c3789-2eb8-4f6d-8568-c4c3ae4dde96,16.687781,-35.754158,3.198248,1.737777,0.669405,-5.09178,0.579106,-0.8359,-0.560877,,,,,,,,,,,,,,,,,,,,,,,,,,,,,,,,,,,,,,,,,,,,,,,,,,,High,High,High,,,,,
86,2026/9/12,47:55.9,3,3,"Watanabe, Kazuhiro",1000242226,Left,KEI_KEI,"Akashi, Ken",1000325692,Left,TOK,Undefined,3,Bottom,2,1,1,Slider,Slider,BallCalled,Undefined,Undefined,Undefined,0,0,,132.461,-2.228587,3.109243,2837.516267,295.608827,3:45,1.690835,-0.565049,1.795177,-111.2243,-6.8695,20.4546,-0.053364,0.520301,123.4707,-10.174552,4.554986,0.461329,,,,,,,,,,,,-8.5517,-1.3498,0.487154,15.24,1.628173,-2.068953,-36.41891,-1.858012,-1.491966,6.643621,-10.042142,TOK,KEI_KEI,JinguStadium,TeamExclusive,Team,20260912-JinguStadium-1,5bb23e90-ae54-11f1-af02-1b6488a193e9,131.4896,,,8.9903,,,,,,,fbfbdd1a-464e-45d5-a242-20ac040e30b5,2026/9/12,47:55.9,2026-09-12T11:47:55.8909952+09:00,2026-09-12T02:47:55.8909952Z,,v3,,,,"Yoshigai, Tetsuro",1000242230,Right,KEI_KEI,12198527-909e-4b8d-8acf-064f535553cd,16.645667,-36.674438,3.32181,1.692208,-1.471768,-5.021071,0.565627,-2.011569,-0.745983,,,,,,,,,,,,,,,,,,,,,,,,,,,,,,,,,,,,,,,,,,,,,,,,,,,High,High,High,,,,,
87,2026/9/12,48:12.8,3,4,"Watanabe, Kazuhiro",1000242226,Left,KEI_KEI,"Akashi, Ken",1000325692,Left,TOK,Undefined,3,Bottom,2,2,1,Slider,Slider,BallCalled,Undefined,Undefined,Undefined,0,0,,130.5174,-0.954066,2.432002,2700.966435,293.079657,3:45,1.692199,-0.592343,1.915878,-111.3085,-4.2866,18.2098,0.31085,0.273317,119.73982,-9.043891,3.729121,0.467187,,,,,,,,,,,,-7.6446,-0.5255,0.536683,15.24,1.664359,-1.602877,-35.896521,-1.005566,-1.277544,7.353436,-9.894473,TOK,KEI_KEI,JinguStadium,TeamExclusive,Team,20260912-JinguStadium-1,65d1a500-ae54-11f1-af02-1b6488a193e9,129.84084,,,10.77758,,,,,,,fbfbdd1a-464e-45d5-a242-20ac040e30b5,2026/9/12,48:12.8,2026-09-12T11:48:12.8144896+09:00,2026-09-12T02:48:12.8144896Z,,v3,,,,"Yoshigai, Tetsuro",1000242230,Right,KEI_KEI,b2eae962-e5ce-43ef-a9a5-9ee94948a83f,16.52421,-36.158635,3.676718,1.693917,-0.652875,-4.947237,0.593006,-1.557337,-0.638772,,,,,,,,,,,,,,,,,,,,,,,,,,,,,,,,,,,,,,,,,,,,,,,,,,,High,High,High,,,,,
88,2026/9/12,48:30.0,3,5,"Watanabe, Kazuhiro",1000242226,Left,KEI_KEI,"Akashi, Ken",1000325692,Left,TOK,Undefined,3,Bottom,2,3,1,TwoSeamFastBall,Changeup,StrikeCalled,Undefined,Undefined,Undefined,0,0,,136.45274,-1.71359,3.874637,1832.343819,126.059695,10:15,1.694909,-0.545149,1.835112,-68.5992,30.6868,-37.4448,0.523899,0.175926,124.06341,-6.772797,1.227981,0.449986,,,,,,,,,,,,22.1249,18.1092,0.454934,15.24,1.649472,-2.354965,-37.431861,-1.374045,4.024708,7.924526,-6.512447,TOK,KEI_KEI,JinguStadium,TeamExclusive,Team,20260912-JinguStadium-1,700a86e0-ae54-11f1-af02-1b6488a193e9,134.80424,,,12.38934,,,,,,,fbfbdd1a-464e-45d5-a242-20ac040e30b5,2026/9/12,48:30.0,2026-09-12T11:48:29.9784192+09:00,2026-09-12T02:48:29.9784192Z,,v3,,,,"Yoshigai, Tetsuro",1000242230,Right,KEI_KEI,9a2087ee-b60a-4ab9-9f99-ab6a95295c15,16.604186,-37.719561,3.962263,1.695064,-1.137611,-3.256223,0.543084,-2.501082,2.012354,,,,,,,,,,,,,,,,,,,,,,,,,,,,,,,,,,,,,,,,,,,,,,,,,,,High,High,High,,,,,
89,2026/9/12,48:45.6,3,6,"Watanabe, Kazuhiro",1000242226,Left,KEI_KEI,"Akashi, Ken",1000325692,Left,TOK,Undefined,3,Bottom,2,3,2,Slider,Slider,StrikeSwinging,Strikeout,Undefined,Undefined,0,0,,133.05628,-1.520987,2.190806,2783.937914,285.61571,3:30,1.679715,-0.564151,1.889968,-104.5518,-1.6485,17.4162,0.205849,0.226703,122.53942,-9.098029,3.429937,0.45811,,,,,,,,,,,,-7.498,1.0952,0.512895,15.24,1.638511,-1.476226,-36.603596,-1.364881,-1.308503,7.363366,-9.615517,TOK,KEI_KEI,JinguStadium,TeamExclusive,Team,20260912-JinguStadium-1,795203e0-ae54-11f1-af02-1b6488a193e9,132.41373,,,10.51686,,,,,,,fbfbdd1a-464e-45d5-a242-20ac040e30b5,2026/9/12,48:45.6,2026-09-12T11:48:45.5789568+09:00,2026-09-12T02:48:45.5789568Z,,v3,,,,"Yoshigai, Tetsuro",1000242230,Right,KEI_KEI,7188c6b1-c611-4eb7-b0b3-aca121354a69,16.550364,-36.866254,3.681683,1.68108,-1.021888,-4.807758,0.56472,-1.429551,-0.654252,,,,,,,,,,,,,,,,,,,,,,,,,,,,,,,,,,,,,,,,,,,,,,,,,,,High,High,High,,,,,
90,2026/9/12,50:41.7,1,1,"Matsumoto, Shinnosuke",1000325748,Left,TOK,"Takarada, Yuya",1000242234,Right,KEI_KEI,Undefined,4,Top,0,0,0,Splitter,Changeup,BallCalled,Undefined,Undefined,Undefined,0,0,,110.16374,2.66678,0.527758,1193.941227,102.466375,9:30,1.502194,-0.353974,1.63408,-139.2197,17.3726,-53.9392,0.872798,-0.742519,99.9445,-7.410355,-3.24437,0.565119,,,,,,,,,,,,27.1525,8.3581,0.34415,15.24,1.563593,-0.045516,-30.219253,0.919226,3.202286,5.3997,-8.820917,TOK,KEI_KEI,JinguStadium,TeamExclusive,Team,20260912-JinguStadium-1,bea61f80-ae54-11f1-af02-1b6488a193e9,107.34023,,,10.21923,,,,,,,fbfbdd1a-464e-45d5-a242-20ac040e30b5,2026/9/12,50:41.8,2026-09-12T11:50:41.7591808+09:00,2026-09-12T02:50:41.7591808Z,,v3,,,,"Oyama, Hiroto",1000325762,Right,TOK,531b229c-d629-4dc0-8016-3974a0545775,16.804898,-30.497593,2.69985,1.50449,1.373922,-4.410459,0.35075,-0.210586,1.601143,,,,,,,,,,,,,,,,,,,,,,,,,,,,,,,,,,,,,,,,,,,,,,,,,,,High,High,High,,,,,
91,2026/9/12,50:52.9,1,2,"Matsumoto, Shinnosuke",1000325748,Left,TOK,"Takarada, Yuya",1000242234,Right,KEI_KEI,Undefined,4,Top,0,1,0,Fastball,Changeup,BallCalled,Undefined,Undefined,Undefined,0,0,,128.7031,-0.04504,1.830424,2033.080263,110.529617,9:45,1.414957,-0.477531,1.713939,-90.9711,20.9466,-46.6101,0.492428,-0.422835,118.11145,-6.650044,-1.448262,0.477754,,,,,,,,,,,,24.9211,11.7082,0.433649,15.24,1.406786,-0.912839,-35.399711,-0.379722,4.088003,6.57929,-7.886068,TOK,KEI_KEI,JinguStadium,TeamExclusive,Team,20260912-JinguStadium-1,c53cd460-ae54-11f1-af02-1b6488a193e9,126.96918,,,10.59165,,,,,,,fbfbdd1a-464e-45d5-a242-20ac040e30b5,2026/9/12,50:52.9,2026-09-12T11:50:52.9051136+09:00,2026-09-12T02:50:52.9051136Z,,v3,,,,"Oyama, Hiroto",1000325762,Right,TOK,0b0b28c1-7ee9-4e2b-9573-c00b623fef0d,16.726053,-35.674835,3.289645,1.41577,-0.049953,-3.943034,0.475395,-1.083786,2.044001,,,,,,,,,,,,,,,,,,,,,,,,,,,,,,,,,,,,,,,,,,,,,,,,,,,High,High,High,,,,,
92,2026/9/12,51:05.0,1,3,"Matsumoto, Shinnosuke",1000325748,Left,TOK,"Takarada, Yuya",1000242234,Right,KEI_KEI,Undefined,4,Top,0,2,0,Fastball,Changeup,StrikeCalled,Undefined,Undefined,Undefined,0,0,,131.86417,0.123492,1.800314,2052.3236,111.397338,9:45,1.421562,-0.370852,1.710183,-85.8348,21.0207,-44.9926,0.598364,-0.308436,120.67309,-6.119583,-1.363383,0.466824,,,,,,,,,,,,24.0547,11.5928,0.32751,15.24,1.41816,-0.922089,-36.260456,-0.261643,4.132765,7.018318,-7.814927,TOK,KEI_KEI,JinguStadium,TeamExclusive,Team,20260912-JinguStadium-1,cc74ab40-ae54-11f1-af02-1b6488a193e9,129.94193,,,11.19108,,,,,,,fbfbdd1a-464e-45d5-a242-20ac040e30b5,2026/9/12,51:05.0,2026-09-12T11:51:04.9912832+09:00,2026-09-12T02:51:04.9912832Z,,v3,,,,"Oyama, Hiroto",1000325762,Right,TOK,79f6814c-b44b-4f1a-b1b7-ef2c3f416ee3,16.72965,-36.547645,3.509159,1.422324,0.058143,-3.907463,0.368701,-1.091201,2.066383,,,,,,,,,,,,,,,,,,,,,,,,,,,,,,,,,,,,,,,,,,,,,,,,,,,High,High,High,,,,,
93,2026/9/12,51:17.4,1,4,"Matsumoto, Shinnosuke",1000325748,Left,TOK,"Takarada, Yuya",1000242234,Right,KEI_KEI,Undefined,4,Top,0,2,1,Splitter,Changeup,StrikeCalled,Undefined,Undefined,Undefined,0,0,,113.05023,1.504951,2.818786,1474.298733,115.441671,9:45,1.486264,-0.32571,1.644922,-124.3341,23.0269,-38.183,0.673402,0.09824,103.29539,-7.485646,0.148445,0.548209,,,,,,,,,,,,21.222,11.9136,0.252368,15.24,1.516826,-1.364487,-31.027133,0.37677,2.661991,5.273959,-8.312261,TOK,KEI_KEI,JinguStadium,TeamExclusive,Team,20260912-JinguStadium-1,d3e6f310-ae54-11f1-af02-1b6488a193e9,110.65129,,,9.75484,,,,,,,fbfbdd1a-464e-45d5-a242-20ac040e30b5,2026/9/12,51:17.4,2026-09-12T11:51:17.4086656+09:00,2026-09-12T02:51:17.4086656Z,,v3,,,,"Oyama, Hiroto",1000325762,Right,TOK,b5ecb32f-c9f7-4c17-96ab-f0de78dbb3a4,16.794512,-31.290252,2.636979,1.487684,0.79147,-4.15613,0.323756,-1.497294,1.330995,,,,,,,,,,,,,,,,,,,,,,,,,,,,,,,,,,,,,,,,,,,,,,,,,,,High,High,High,,,,,
94,2026/9/12,51:29.9,1,5,"Matsumoto, Shinnosuke",1000325748,Left,TOK,"Takarada, Yuya",1000242234,Right,KEI_KEI,Undefined,4,Top,0,2,2,Fastball,Changeup,BallCalled,Undefined,Undefined,Undefined,0,0,,134.10784,1.087118,0.88525,2146.973593,117.995909,10:00,1.376172,-0.402699,1.710226,-78.184,25.1476,-41.1742,0.90368,-0.562575,122.43685,-4.624701,-2.008664,0.459062,,,,,,,,,,,,21.3184,12.9823,0.382803,15.24,1.398495,-0.363097,-36.874387,0.389008,3.787707,7.258468,-7.500052,TOK,KEI_KEI,JinguStadium,TeamExclusive,Team,20260912-JinguStadium-1,db4c69a0-ae54-11f1-af02-1b6488a193e9,132.13904,,,11.67099,,,,,,,fbfbdd1a-464e-45d5-a242-20ac040e30b5,2026/9/12,51:29.9,2026-09-12T11:51:29.9454464+09:00,2026-09-12T02:51:29.9454464Z,,v3,,,,"Oyama, Hiroto",1000325762,Right,TOK,34cfd5d2-8333-4c7e-b8e9-8fdca1af06b4,16.729113,-37.166352,3.629234,1.37678,0.690691,-3.750026,0.400472,-0.515454,1.893854,,,,,,,,,,,,,,,,,,,,,,,,,,,,,,,,,,,,,,,,,,,,,,,,,,,High,High,High,,,,,
95,2026/9/12,51:44.3,1,6,"Matsumoto, Shinnosuke",1000325748,Left,TOK,"Takarada, Yuya",1000242234,Right,KEI_KEI,Undefined,4,Top,0,3,2,Fastball,Changeup,InPlay,Undefined,GroundBall,Out,1,0,,131.80536,0.321368,2.787835,2054.23749,110.885803,9:45,1.403964,-0.402886,1.721126,-89.2906,17.8567,-37.6769,0.602532,0.013553,120.31555,-6.173941,0.139658,0.467461,152.0654,-14.132032,-28.85481,,,,,2.760595,2.74458,-24.179144,0.057685,21.2385,9.8116,0.333763,15.24,1.405457,-1.584584,-36.215882,-0.148802,3.631877,7.144872,-8.128827,TOK,KEI_KEI,JinguStadium,TeamExclusive,Team,20260912-JinguStadium-1,e3dbe140-ae54-11f1-af02-1b6488a193e9,129.7649,0.595766,,11.48981,,,,0.44594,0.595766,0.011216,fbfbdd1a-464e-45d5-a242-20ac040e30b5,2026/9/12,51:44.3,2026-09-12T11:51:44.2866688+09:00,2026-09-12T02:51:44.2866688Z,GroundBall,v3,,,,"Oyama, Hiroto",1000325762,Right,TOK,4249338d-f8ce-444f-9f67-f043efd90b5b,16.718839,-36.50647,3.572436,1.404786,0.181805,-4.064413,0.401213,-1.732296,1.815938,180,0.445465,35.927589,,,,,,,,0.595903,-10.328013,,,,,,,,0.011478,-19.796139,,,,,,,,,,,,,,,,,,,,,,,,,,,,,,High,High,High,Low,Low,,,
96,2026/9/12,52:15.4,2,1,"Matsumoto, Shinnosuke",1000325748,Left,TOK,"Imazu, Keisuke",1000242231,Left,KEI_KEI,Undefined,4,Top,1,0,0,Slider,Curveball,InPlay,Undefined,Popup,Out,1,0,,115.09888,3.355367,-0.049534,2311.782422,288.533054,3:30,1.386906,-0.352013,1.622256,-152.8222,-8.5381,40.8586,0.819504,0.042404,103.98484,-7.649321,2.806213,0.542455,106.67784,65.556333,-49.372043,5529.566717,,,,,17.434985,,,-20.4663,-5.571,0.349686,15.24,1.46634,-0.153738,-31.556807,1.273698,-2.620021,6.111435,-10.519825,TOK,KEI_KEI,JinguStadium,TeamExclusive,Team,20260912-JinguStadium-1,f6775e60-ae54-11f1-af02-1b6488a193e9,111.8249,29.833422,,11.11404,,,,0.248669,0.79466,-0.051432,fbfbdd1a-464e-45d5-a242-20ac040e30b5,2026/9/12,52:15.4,2026-09-12T11:52:15.4156544+09:00,2026-09-12T02:52:15.4156544Z,,v3,,,,"Oyama, Hiroto",1000325762,Right,TOK,c2860911-3730-4555-9900-dd86062b23a4,16.817571,-31.860862,3.055717,1.389952,1.797078,-5.259912,0.354092,-0.023387,-1.31001,163.585593,0.248674,7.983673,-2.798605,0.785076,-0.121914,-0.010166,0.025583,-0.012252,0.002015,0.794659,26.976914,-7.069194,0.696269,-0.142174,0.036295,-0.014909,0.004831,-0.000675,-0.051433,-9.306224,1.114318,-0.239301,0.037043,-0.004712,-0.000548,0.000672,-0.000127,,,,,,,,,,,,,,,,,,,,,,,High,High,High,Low,Undefined,,,
97,2026/9/12,52:47.9,3,1,"Matsumoto, Shinnosuke",1000325748,Left,TOK,"Yoshino, Taiyo",1000242225,Left,KEI_KEI,Undefined,4,Top,2,0,0,Fastball,Changeup,StrikeCalled,Undefined,Undefined,Undefined,0,0,,131.80137,0.622106,3.639739,2118.946559,118.076133,10:00,1.418179,-0.358812,1.761091,-80.2479,25.7031,-42.1839,0.792494,0.252979,120.99345,-5.236848,0.6724,0.464844,,,,,,,,,,,,23.7618,13.7034,0.270141,15.24,1.428066,-2.101089,-36.212504,0.087636,4.100185,6.54552,-7.442086,TOK,KEI_KEI,JinguStadium,TeamExclusive,Team,20260912-JinguStadium-1,09c0a7b0-ae55-11f1-af02-1b6488a193e9,130.4954,,,10.80792,,,,,,,fbfbdd1a-464e-45d5-a242-20ac040e30b5,2026/9/12,52:47.9,2026-09-12T11:52:47.8769152+09:00,2026-09-12T02:52:47.8769152Z,,v3,,,,"Oyama, Hiroto",1000325762,Right,TOK,87d9dc0b-e290-43f1-a11d-0317112b9e92,16.678615,-36.471611,3.27276,1.418766,0.382233,-3.721043,0.356526,-2.263397,2.050092,,,,,,,,,,,,,,,,,,,,,,,,,,,,,,,,,,,,,,,,,,,,,,,,,,,High,High,High,,,,,
98,2026/9/12,53:01.1,3,2,"Matsumoto, Shinnosuke",1000325748,Left,TOK,"Yoshino, Taiyo",1000242225,Left,KEI_KEI,Undefined,4,Top,2,0,1,Fastball,Changeup,StrikeCalled,Undefined,Undefined,Undefined,0,0,,131.48146,0.723445,3.883629,2287.330749,118.427502,10:00,1.432202,-0.331747,1.718341,-80.8917,25.9934,-42.1615,0.82948,0.352638,120.88947,-5.16229,0.927102,0.466889,,,,,,,,,,,,23.7412,13.7203,0.234231,15.24,1.444798,-2.246723,-36.114063,0.141654,4.083705,6.361228,-7.446641,TOK,KEI_KEI,JinguStadium,TeamExclusive,Team,20260912-JinguStadium-1,119cadd0-ae55-11f1-af02-1b6488a193e9,129.92394,,,10.59199,,,,,,,fbfbdd1a-464e-45d5-a242-20ac040e30b5,2026/9/12,53:01.0,2026-09-12T11:53:01.0501632+09:00,2026-09-12T02:53:01.0501632Z,,v3,,,,"Oyama, Hiroto",1000325762,Right,TOK,b11e2df6-6bd7-4740-aa8e-d16427a121e9,16.721425,-36.37407,3.180614,1.432787,0.446025,-3.72332,0.329474,-2.413639,2.041852,,,,,,,,,,,,,,,,,,,,,,,,,,,,,,,,,,,,,,,,,,,,,,,,,,,High,High,High,,,,,
99,2026/9/12,53:13.4,3,3,"Matsumoto, Shinnosuke",1000325748,Left,TOK,"Yoshino, Taiyo",1000242225,Left,KEI_KEI,Undefined,4,Top,2,0,2,Slider,Curveball,BallCalled,Undefined,Undefined,Undefined,0,0,,113.33934,1.124456,3.304649,2170.010267,274.88622,3:15,1.456999,-0.310121,1.615635,-145.7297,2.4212,29.7376,0.322032,0.933902,103.75931,-9.301806,5.377261,0.549676,,,,,,,,,,,,-12.2121,1.9644,0.215877,15.24,1.475629,-1.924419,-31.076836,0.071622,-1.526431,5.60983,-9.56111,TOK,KEI_KEI,JinguStadium,TeamExclusive,Team,20260912-JinguStadium-1,19044740-ae55-11f1-af02-1b6488a193e9,110.3559,,,9.58002,,,,,,,fbfbdd1a-464e-45d5-a242-20ac040e30b5,2026/9/12,53:13.4,2026-09-12T11:53:13.3677568+09:00,2026-09-12T02:53:13.3677568Z,,v3,,,,"Oyama, Hiroto",1000325762,Right,TOK,7543f997-e92c-4ac0-87d8-732046450359,16.823724,-31.361419,2.804915,1.459693,0.55665,-4.780555,0.311537,-1.846984,-0.763216,,,,,,,,,,,,,,,,,,,,,,,,,,,,,,,,,,,,,,,,,,,,,,,,,,,High,High,High,,,,,
100,2026/9/12,53:28.7,3,4,"Matsumoto, Shinnosuke",1000325748,Left,TOK,"Yoshino, Taiyo",1000242225,Left,KEI_KEI,Undefined,4,Top,2,1,2,Fastball,Changeup,FoulBallNotFieldable,Undefined,Undefined,Undefined,0,0,,134.52261,2.14648,2.94378,2018.526976,115.241845,9:45,1.392386,-0.331964,1.797132,-84.1829,17.2258,-30.0421,1.159041,0.201361,123.10337,-4.004904,0.8255,0.454771,118.16333,58.552678,-103.630685,5184.514769,,,,,15.000946,,,17.3993,8.273,0.261809,15.24,1.439293,-1.759086,-36.966188,1.061452,3.121307,6.979058,-8.322533,TOK,KEI_KEI,JinguStadium,TeamExclusive,Team,20260912-JinguStadium-1,221487a0-ae55-11f1-af02-1b6488a193e9,133.38595,21.017342,,11.41924,,,,-0.015359,1.112331,-0.203033,fbfbdd1a-464e-45d5-a242-20ac040e30b5,2026/9/12,53:28.7,2026-09-12T11:53:28.6897664+09:00,2026-09-12T02:53:28.6897664Z,,v3,,,,"Oyama, Hiroto",1000325762,Right,TOK,0ca038cf-66e5-4474-a0f5-003ddc9776af,16.642845,-37.230097,3.489529,1.393204,1.376163,-4.161266,0.330559,-1.877117,1.560654,32.792601,-0.015359,-4.03556,-2.744757,1.235678,-0.37234,0.097118,-0.023812,0.004827,-0.000563,1.112331,28.00209,-8.774517,1.078062,-0.179486,0.022136,-0.001978,-7.70E-05,3.80E-05,-0.203033,-16.642002,3.445254,-0.82149,0.1688,-0.030846,0.005787,-0.000859,9.90E-05,,,,,,,,,,,,,,,,,,,,,,,High,High,High,High,Undefined,,,
101,2026/9/12,53:45.2,3,5,"Matsumoto, Shinnosuke",1000325748,Left,TOK,"Yoshino, Taiyo",1000242225,Left,KEI_KEI,Undefined,4,Top,2,1,2,Slider,Curveball,InPlay,Undefined,FlyBall,Out,1,0,,117.49657,1.906994,1.824753,1552.861471,284.067551,3:30,1.387945,-0.367131,1.647978,-139.6035,-2.5743,28.6657,0.536981,0.440809,107.12158,-8.133146,3.830595,0.528642,124.93576,47.056332,-18.231269,4407.206873,30.311293,28.61295,-14.329991,66.866154,51.066129,-28.791221,5.142108,-13.0175,-1.5165,0.315105,15.24,1.427999,-1.153625,-32.256515,0.54823,-1.75217,6.066853,-10.010774,TOK,KEI_KEI,JinguStadium,TeamExclusive,Team,20260912-JinguStadium-1,2bfba000-ae55-11f1-af02-1b6488a193e9,114.74694,29.444263,,10.37499,,,,0.365052,0.541099,-0.448051,fbfbdd1a-464e-45d5-a242-20ac040e30b5,2026/9/12,53:45.2,2026-09-12T11:53:45.2190720+09:00,2026-09-12T02:53:45.2190720Z,FlyBall,v3,,,,"Oyama, Hiroto",1000325762,Right,TOK,8b2cbc80-6546-40c2-97bd-8141212dca8e,16.791932,-32.547096,3.033427,1.390258,1.02771,-5.005387,0.36835,-1.069702,-0.876085,160.390781,0.366303,22.42751,-5.910068,1.465756,-0.171734,-0.028452,0.014802,-0.002168,0.000112,0.539526,25.434158,-6.467865,0.529248,-0.105888,0.019961,-0.000974,-0.000271,2.80E-05,-0.448034,-7.398125,0.080734,0.141008,-0.046564,0.005426,0.000547,-0.000196,1.30E-05,,,,,,,,,,,,,,,,,,,,,,,High,High,High,High,Medium,,,
102,2026/9/12,55:46.1,1,1,"Watanabe, Kazuhiro",1000242226,Left,KEI_KEI,"Higuchi, Kosuke",1000325727,Right,TOK,Undefined,4,Bottom,0,0,0,Fastball,Four-Seam,BallCalled,Undefined,Undefined,Undefined,0,0,,145.61632,-1.865737,4.399928,2231.159401,150.288811,11:00,1.726175,-0.581146,1.867819,-41.4469,44.2269,-23.7789,0.784314,0.423142,133.96908,-4.964474,2.719913,0.418002,,,,,,,,,,,,15.0664,24.8169,0.47989,15.24,1.67992,-2.957104,-39.977729,-1.446933,3.176522,7.775091,-4.574368,TOK,KEI_KEI,JinguStadium,TeamExclusive,Team,20260912-JinguStadium-1,740035a0-ae55-11f1-af02-1b6488a193e9,145.1188,,,11.64724,,,,,,,fbfbdd1a-464e-45d5-a242-20ac040e30b5,2026/9/12,55:46.1,2026-09-12T11:55:46.1494784+09:00,2026-09-12T02:55:46.1494784Z,,v3,,,,"Yoshigai, Tetsuro",1000242230,Right,KEI_KEI,b7c72174-09fe-415e-95eb-67a88363314b,16.571861,-40.235923,3.887545,1.725448,-1.295028,-2.287184,0.57984,-3.062589,1.588261,,,,,,,,,,,,,,,,,,,,,,,,,,,,,,,,,,,,,,,,,,,,,,,,,,,High,High,High,,,,,
103,2026/9/12,55:56.1,1,2,"Watanabe, Kazuhiro",1000242226,Left,KEI_KEI,"Higuchi, Kosuke",1000325727,Right,TOK,Undefined,4,Bottom,0,1,0,Fastball,Four-Seam,BallCalled,Undefined,Undefined,Undefined,0,0,,144.80684,-2.087658,1.758738,2213.13072,140.374669,10:45,1.744339,-0.608835,1.778019,-48.5164,39.3665,-30.2735,0.667186,-0.41315,132.49364,-5.682773,-0.378145,0.423357,,,,,,,,,,,,16.6589,22.4216,0.567233,15.24,1.68898,-1.065275,-39.803223,-1.634312,3.453476,8.348618,-5.158538,TOK,KEI_KEI,JinguStadium,TeamExclusive,Team,20260912-JinguStadium-1,79f81270-ae55-11f1-af02-1b6488a193e9,143.28325,,,12.3132,,,,,,,fbfbdd1a-464e-45d5-a242-20ac040e30b5,2026/9/12,55:56.1,2026-09-12T11:55:56.1455104+09:00,2026-09-12T02:55:56.1455104Z,,v3,,,,"Yoshigai, Tetsuro",1000242230,Right,KEI_KEI,bbaf0561-6f3b-4268-be7f-e942a2a03ca7,16.661492,-40.100269,4.174309,1.743864,-1.45077,-2.579269,0.607321,-1.18815,1.726738,,,,,,,,,,,,,,,,,,,,,,,,,,,,,,,,,,,,,,,,,,,,,,,,,,,High,High,High,,,,,
104,2026/9/12,56:07.4,1,3,"Watanabe, Kazuhiro",1000242226,Left,KEI_KEI,"Higuchi, Kosuke",1000325727,Right,TOK,Undefined,4,Bottom,0,2,0,Fastball,Four-Seam,StrikeCalled,Undefined,Undefined,Undefined,0,0,,143.96014,-3.171038,3.216237,2254.29424,157.919259,11:15,1.758173,-0.609259,1.871892,-37.3888,50.9472,-19.488,0.488779,0.102727,131.48065,-5.998987,1.835866,0.424447,,,,,,,,,,,,12.3974,29.505,0.535702,15.24,1.682018,-2.124909,-39.507385,-2.308809,2.52725,8.370377,-3.791961,TOK,KEI_KEI,JinguStadium,TeamExclusive,Team,20260912-JinguStadium-1,80aed270-ae55-11f1-af02-1b6488a193e9,142.9154,,,12.47949,,,,,,,fbfbdd1a-464e-45d5-a242-20ac040e30b5,2026/9/12,56:07.4,2026-09-12T11:56:07.4241024+09:00,2026-09-12T02:56:07.4241024Z,,v3,,,,"Yoshigai, Tetsuro",1000242230,Right,KEI_KEI,9daa331d-524b-4f20-bff1-0f9d961e8beb,16.567749,-39.787699,4.185188,1.757211,-2.181821,-1.895981,0.60828,-2.209543,1.263625,,,,,,,,,,,,,,,,,,,,,,,,,,,,,,,,,,,,,,,,,,,,,,,,,,,High,High,High,,,,,
105,2026/9/12,56:19.0,1,4,"Watanabe, Kazuhiro",1000242226,Left,KEI_KEI,"Higuchi, Kosuke",1000325727,Right,TOK,Undefined,4,Bottom,0,2,1,Slider,Slider,InPlay,Undefined,GroundBall,Double,0,0,,131.34732,-0.645274,2.396096,2709.105455,260.814604,2:45,1.725186,-0.623654,1.809643,-100.8052,4.8991,11.4521,0.534512,0.16877,121.65371,-7.929399,3.205918,0.464302,164.61433,3.693487,-42.733649,3053.161585,,,,26.365907,23.415518,-44.894159,0.639036,-4.3345,3.7924,0.564592,15.24,1.702583,-1.56376,-36.150414,-0.795344,-0.745292,6.529932,-9.15457,TOK,KEI_KEI,JinguStadium,TeamExclusive,Team,20260912-JinguStadium-1,87a0c6b0-ae55-11f1-af02-1b6488a193e9,130.64761,0.813544,,9.69361,,,,0.619369,0.456873,-0.027125,fbfbdd1a-464e-45d5-a242-20ac040e30b5,2026/9/12,56:19.0,2026-09-12T11:56:19.0529536+09:00,2026-09-12T02:56:19.0529536Z,GroundBall,v3,,,,"Yoshigai, Tetsuro",1000242230,Right,KEI_KEI,7e88ac00-a659-4e0c-8947-461f79468cc5,16.630741,-36.40076,3.264966,1.726347,-0.444374,-4.577285,0.623996,-1.535187,-0.372646,84.32885,0.643206,33.00721,-7.541584,,,,,,,0.466625,2.737262,-5.447834,,,,,,,-0.029595,-30.915005,2.886834,,,,,,,,,,,,,,,,,,,,,,,,,,,,,High,High,High,Medium,Medium,,,
106,2026/9/12,57:01.7,2,1,"Watanabe, Kazuhiro",1000242226,Left,KEI_KEI,"Hasegawa, Yu",1000422758,Left,TOK,Undefined,4,Bottom,0,0,0,Slider,Curveball,BallCalled,Undefined,Undefined,Undefined,0,0,,125.7127,1.710951,1.624491,2715.79388,304.336389,4:15,1.723632,-0.542367,1.882748,-124.5873,-9.9242,19.4817,0.959693,0.109834,115.87226,-7.34047,3.008257,0.483578,,,,,,,,,,,,-8.9943,-5.3471,0.503775,15.24,1.755462,-1.063628,-34.611552,0.582683,-1.412209,6.215189,-10.646203,TOK,KEI_KEI,JinguStadium,TeamExclusive,Team,20260912-JinguStadium-1,a1142060-ae55-11f1-af02-1b6488a193e9,125.43997,,,9.84043,,,,,,,fbfbdd1a-464e-45d5-a242-20ac040e30b5,2026/9/12,57:01.7,2026-09-12T11:57:01.7218560+09:00,2026-09-12T02:57:01.7218560Z,,v3,,,,"Yoshigai, Tetsuro",1000242230,Right,KEI_KEI,3d240b12-ff6a-44f6-9fc5-cd40c644ac89,16.557795,-34.847385,3.107594,1.725688,0.986648,-5.323101,0.543117,-1.010043,-0.706105,,,,,,,,,,,,,,,,,,,,,,,,,,,,,,,,,,,,,,,,,,,,,,,,,,,High,High,High,,,,,
107,2026/9/12,57:18.6,2,2,"Watanabe, Kazuhiro",1000242226,Left,KEI_KEI,"Hasegawa, Yu",1000422758,Left,TOK,Undefined,4,Bottom,0,1,0,Slider,Curveball,InPlay,Undefined,FlyBall,Out,1,0,,127.29691,1.089758,1.946553,2670.810016,297.323081,4:00,1.699396,-0.555964,1.86278,-117.9079,-6.6926,18.7739,0.827655,0.180578,118.32145,-7.444247,3.278293,0.476252,147.66153,31.608934,24.859035,2975.047419,30.140376,19.894279,14.686123,102.435141,101.26938,30.656321,5.278108,-8.5338,-3.3099,0.509255,15.24,1.717399,-1.271384,-35.073478,0.232986,-1.387592,5.863621,-10.344844,TOK,KEI_KEI,JinguStadium,TeamExclusive,Team,20260912-JinguStadium-1,ab292690-ae55-11f1-af02-1b6488a193e9,127.36952,27.29328,,8.97546,,,,0.341588,0.826366,-0.192321,fbfbdd1a-464e-45d5-a242-20ac040e30b5,2026/9/12,57:18.6,2026-09-12T11:57:18.6304512+09:00,2026-09-12T02:57:18.6304512Z,FlyBall,v3,,,,"Yoshigai, Tetsuro",1000242230,Right,KEI_KEI,fade172f-9333-4542-9fbb-5a0b288495c5,16.578016,-35.29646,2.931811,1.701059,0.62638,-5.172422,0.5566,-1.218617,-0.693796,191.354061,0.34238,31.679238,-6.906632,1.565594,-0.270736,0.038606,-0.005206,0.000575,-3.00E-05,0.826289,21.498736,-4.600551,0.062662,0.055971,-0.035423,0.01023,-0.001376,7.00E-05,-0.192077,14.679987,-2.201198,0.487943,-0.078064,0.009571,-0.001101,0.000121,-7.00E-06,,,,,,,,,,,,,,,,,,,,,,,High,High,High,High,Medium,,,
108,2026/9/12,58:11.5,3,1,"Watanabe, Kazuhiro",1000242226,Left,KEI_KEI,"Komura, Osuke",1000325744,Left,TOK,Undefined,4,Bottom,1,0,0,Fastball,Four-Seam,FoulBallNotFieldable,Undefined,Undefined,Undefined,0,0,,146.34285,-0.837781,3.044546,2261.585425,144.857466,10:45,1.767823,-0.588976,1.869697,-44.7601,40.483,-26.5664,1.083862,0.003838,133.42883,-4.195103,1.16225,0.41695,,,,,,,,,,,,15.977,22.3685,0.519762,15.24,1.745519,-2.008284,-40.228195,-0.746291,3.37562,8.70787,-5.08064,TOK,KEI_KEI,JinguStadium,TeamExclusive,Team,20260912-JinguStadium-1,ca9ce890-ae55-11f1-af02-1b6488a193e9,145.48498,,,12.91402,,,,,,,fbfbdd1a-464e-45d5-a242-20ac040e30b5,2026/9/12,58:11.5,2026-09-12T11:58:11.5020800+09:00,2026-09-12T02:58:11.5020800Z,,v3,,,,"Yoshigai, Tetsuro",1000242230,Right,KEI_KEI,0da94e7a-5d82-41ef-8953-5e1fa9a63a71,16.57013,-40.515095,4.353935,1.76735,-0.578899,-2.54032,0.587761,-2.119501,1.68781,,,,,,,,,,,,,,,,,,,,,,,,,,,,,,,,,,,,,,,,,,,,,,,,,,,High,High,High,,,,,
109,2026/9/12,58:44.3,3,2,"Watanabe, Kazuhiro",1000242226,Left,KEI_KEI,"Komura, Osuke",1000325744,Left,TOK,Undefined,4,Bottom,1,0,1,Fastball,Four-Seam,BallCalled,Undefined,Undefined,Undefined,0,0,,145.17204,-0.215579,5.846426,2208.338386,157.247507,11:15,1.729585,-0.612727,1.956986,-46.9012,38.928,-15.2337,1.199855,0.878718,133.00033,-3.723963,4.769401,0.418381,,,,,,,,,,,,11.8823,21.2659,0.485995,15.24,1.722238,-4.001618,-39.789628,-0.306202,2.471687,8.020762,-5.38303,TOK,KEI_KEI,JinguStadium,TeamExclusive,Team,20260912-JinguStadium-1,de3144a0-ae55-11f1-af02-1b6488a193e9,144.98739,,,12.17171,,,,,,,fbfbdd1a-464e-45d5-a242-20ac040e30b5,2026/9/12,58:44.3,2026-09-12T11:58:44.3288064+09:00,2026-09-12T02:58:44.3288064Z,,v3,,,,"Yoshigai, Tetsuro",1000242230,Right,KEI_KEI,3be46ba4-d5aa-4790-bd27-6308fffc0082,16.482627,-40.039333,4.010381,1.729162,-0.138617,-2.691515,0.611772,-4.078567,1.235843,,,,,,,,,,,,,,,,,,,,,,,,,,,,,,,,,,,,,,,,,,,,,,,,,,,High,High,High,,,,,
110,2026/9/12,59:02.3,3,3,"Watanabe, Kazuhiro",1000242226,Left,KEI_KEI,"Komura, Osuke",1000325744,Left,TOK,Undefined,4,Bottom,1,1,1,Slider,Slider,BallCalled,Undefined,Undefined,Undefined,0,0,,131.5702,-1.345715,3.333595,2580.378063,283.024952,3:30,1.713395,-0.611333,1.890309,-104.9187,-1.5947,17.9843,0.284883,0.507468,123.60394,-8.895096,4.610265,0.459045,,,,,,,,,,,,-7.4821,0.6762,0.53383,15.24,1.676095,-2.186326,-36.232363,-1.24255,-1.30746,5.793711,-9.688489,TOK,KEI_KEI,JinguStadium,TeamExclusive,Team,20260912-JinguStadium-1,e8f1cd10-ae55-11f1-af02-1b6488a193e9,132.14389,,,7.96626,,,,,,,fbfbdd1a-464e-45d5-a242-20ac040e30b5,2026/9/12,59:02.3,2026-09-12T11:59:02.3153152+09:00,2026-09-12T02:59:02.3153152Z,,v3,,,,"Yoshigai, Tetsuro",1000242230,Right,KEI_KEI,d3505226-26ea-4c25-a333-badbc4be7884,16.550631,-36.441335,2.896856,1.71461,-0.893097,-4.844244,0.611838,-2.139167,-0.65373,,,,,,,,,,,,,,,,,,,,,,,,,,,,,,,,,,,,,,,,,,,,,,,,,,,High,High,High,,,,,
111,2026/9/12,59:27.5,3,4,"Watanabe, Kazuhiro",1000242226,Left,KEI_KEI,"Komura, Osuke",1000325744,Left,TOK,Undefined,4,Bottom,1,2,1,Fastball,Four-Seam,BallCalled,Undefined,Undefined,Undefined,0,0,,144.80128,-2.676156,1.415469,2114.825038,153.069989,11:00,1.733721,-0.565294,1.875742,-40.9338,45.4968,-21.7742,0.569995,-0.384357,133.15894,-5.740341,-0.130804,0.419844,,,,,,,,,,,,12.2132,26.146,0.533829,15.24,1.669131,-0.877675,-39.83116,-1.99965,2.547825,7.975578,-4.352249,TOK,KEI_KEI,JinguStadium,TeamExclusive,Team,20260912-JinguStadium-1,f7e66240-ae55-11f1-af02-1b6488a193e9,144.48212,,,11.64235,,,,,,,fbfbdd1a-464e-45d5-a242-20ac040e30b5,2026/9/12,59:27.5,2026-09-12T11:59:27.4649088+09:00,2026-09-12T02:59:27.4649088Z,,v3,,,,"Yoshigai, Tetsuro",1000242230,Right,KEI_KEI,5b8cf829-eb8a-418c-b6ff-671aed885dff,16.564064,-40.095407,3.987789,1.732995,-1.855451,-2.176124,0.564307,-0.96209,1.273912,,,,,,,,,,,,,,,,,,,,,,,,,,,,,,,,,,,,,,,,,,,,,,,,,,,High,High,High,,,,,
112,2026/9/12,59:48.6,3,5,"Watanabe, Kazuhiro",1000242226,Left,KEI_KEI,"Komura, Osuke",1000325744,Left,TOK,Undefined,4,Bottom,1,3,1,TwoSeamFastBall,Changeup,StrikeCalled,Undefined,Undefined,Undefined,0,0,,136.7396,-1.110233,2.128228,1772.863108,130.087553,10:15,1.678691,-0.574233,1.908788,-71.3682,24.6063,-25.9834,0.652751,-0.235707,126.52056,-6.348691,0.279196,0.442418,,,,,,,,,,,,14.8918,14.3491,0.527663,15.24,1.649377,-1.282793,-37.660013,-0.988912,2.789872,6.80691,-7.118453,TOK,KEI_KEI,JinguStadium,TeamExclusive,Team,20260912-JinguStadium-1,0486a730-ae56-11f1-af02-1b6488a193e9,137.11016,,,10.21904,,,,,,,fbfbdd1a-464e-45d5-a242-20ac040e30b5,2026/9/12,59:48.6,2026-09-12T11:59:48.6205952+09:00,2026-09-12T02:59:48.6205952Z,,v3,,,,"Yoshigai, Tetsuro",1000242230,Right,KEI_KEI,12b9d3b8-f9d3-4fc4-ac9d-1dc7df33fd9e,16.531392,-37.892709,3.403455,1.679024,-0.745567,-3.559227,0.573146,-1.378165,1.394936,,,,,,,,,,,,,,,,,,,,,,,,,,,,,,,,,,,,,,,,,,,,,,,,,,,High,High,High,,,,,
113,2026/9/12,00:09.7,3,6,"Watanabe, Kazuhiro",1000242226,Left,KEI_KEI,"Komura, Osuke",1000325744,Left,TOK,Undefined,4,Bottom,1,3,2,Fastball,Four-Seam,FoulBallNotFieldable,Undefined,Undefined,Undefined,0,0,,145.7865,-0.865219,2.148209,2126.803865,145.145036,10:45,1.715649,-0.587771,1.961881,-43.0239,41.065,-26.8776,1.042875,-0.254555,134.07466,-4.099512,0.230723,0.414118,106.59662,21.473723,-160.481125,3606.906489,-32.163544,4.756051,-9.46706,46.110157,39.670812,-164.282012,2.004868,15.494,22.8265,0.542633,15.24,1.694497,-1.379754,-40.152273,-0.74792,3.289513,7.983754,-4.960376,TOK,KEI_KEI,JinguStadium,TeamExclusive,Team,20260912-JinguStadium-1,11114140-ae56-11f1-af02-1b6488a193e9,146.48009,5.8087,,11.71184,,,,-0.072925,0.973588,0.267108,fbfbdd1a-464e-45d5-a242-20ac040e30b5,2026/9/12,00:09.7,2026-09-12T12:00:09.6676864+09:00,2026-09-12T03:00:09.6676864Z,LineDrive,v3,,,,"Yoshigai, Tetsuro",1000242230,Right,KEI_KEI,22eeaf94-1de7-4a08-a12c-cbdce1badc99,16.478164,-40.397715,3.991877,1.715146,-0.595424,-2.480188,0.586604,-1.480883,1.644756,57.858877,-0.072912,-25.97242,1.992964,-0.105075,0.137734,-0.169582,0.119664,-0.040581,0.005269,0.97359,10.839374,-6.552528,0.614174,-0.107648,0.00836,0.004797,-0.001343,5.90E-05,0.267113,-9.207043,2.020218,-0.493528,0.186137,-0.108245,0.062957,-0.021307,0.002843,,,,,,,,,,,,,,,,,,,,,,,High,High,High,Medium,Medium,,,
114,2026/9/12,00:28.7,3,7,"Watanabe, Kazuhiro",1000242226,Left,KEI_KEI,"Komura, Osuke",1000325744,Left,TOK,Undefined,4,Bottom,1,3,2,Slider,Slider,BallCalled,Walk,Undefined,Undefined,0,0,,136.81351,-3.46052,3.480961,2765.327961,266.075563,2:45,1.699182,-0.629486,1.895318,-92.4643,3.832,18.6325,-0.201754,0.537099,128.1833,-10.089984,4.804589,0.443159,,,,,,,,,,,,-7.7011,4.7092,0.548822,15.24,1.614313,-2.366185,-37.598817,-2.626584,-1.440781,6.650578,-8.925614,TOK,KEI_KEI,JinguStadium,TeamExclusive,Team,20260912-JinguStadium-1,1c5eee80-ae56-11f1-af02-1b6488a193e9,136.88091,,,8.63021,,,,,,,fbfbdd1a-464e-45d5-a242-20ac040e30b5,2026/9/12,00:28.7,2026-09-12T12:00:28.6631936+09:00,2026-09-12T03:00:28.6631936Z,,v3,,,,"Yoshigai, Tetsuro",1000242230,Right,KEI_KEI,ea484687-c790-4c80-9fee-527472006605,16.545732,-37.829074,3.325289,1.699901,-2.317562,-4.462807,0.629881,-2.316303,-0.72039,,,,,,,,,,,,,,,,,,,,,,,,,,,,,,,,,,,,,,,,,,,,,,,,,,,High,High,High,,,,,
115,2026/9/12,01:20.3,4,1,"Watanabe, Kazuhiro",1000242226,Left,KEI_KEI,"Yokoi, Shuntaro",1000325785,Right,TOK,Undefined,4,Bottom,1,0,0,TwoSeamFastBall,Changeup,InPlay,Undefined,GroundBall,Out,1,1,,135.95089,-1.282051,2.483623,1861.672571,125.146643,10:15,1.674788,-0.659823,1.883983,-68.1968,30.3788,-38.6197,0.631577,-0.346547,124.31495,-6.319471,-0.259824,0.448373,115.08092,-14.336702,21.10203,,,,,2.422318,2.354087,28.707518,0.073442,21.787,17.6192,0.604933,15.24,1.641106,-1.443331,-37.385355,-1.080419,3.973813,7.550807,-6.593027,TOK,KEI_KEI,JinguStadium,TeamExclusive,Team,20260912-JinguStadium-1,3b2ea850-ae56-11f1-af02-1b6488a193e9,135.28913,0.582809,,11.63594,,,,-0.002853,0.582809,0.342541,fbfbdd1a-464e-45d5-a242-20ac040e30b5,2026/9/12,01:20.3,2026-09-12T12:01:20.3005440+09:00,2026-09-12T03:01:20.3005440Z,GroundBall,v3,,,,"Yoshigai, Tetsuro",1000242230,Right,KEI_KEI,10e859d0-e079-417a-a1f4-414225626927,16.555764,-37.650165,3.775403,1.674943,-0.849199,-3.296514,0.657995,-1.582695,1.986907,180,-0.003715,28.967406,,,,,,,,0.583045,-7.935621,,,,,,,,0.342208,11.178771,,,,,,,,,,,,,,,,,,,,,,,,,,,,,,High,High,High,High,High,,,
116,2026/9/12,01:57.8,5,1,"Watanabe, Kazuhiro",1000242226,Left,KEI_KEI,"Ito, Koichiro",1000325736,Left,TOK,Undefined,4,Bottom,2,0,0,Slider,Slider,StrikeCalled,Undefined,Undefined,Undefined,0,0,,128.62609,-0.171687,1.48057,2618.066992,242.553585,2:00,1.705703,-0.559159,1.914045,-99.5392,8.3459,10.533,0.662063,-0.037796,119.84168,-7.413322,2.230807,0.469067,,,,,,,,,,,,-4.5866,5.3803,0.525278,15.24,1.69604,-0.960904,-35.458839,-0.461094,-0.764698,5.791035,-8.909623,TOK,KEI_KEI,JinguStadium,TeamExclusive,Team,20260912-JinguStadium-1,51929f20-ae56-11f1-af02-1b6488a193e9,129.32045,,,8.78441,,,,,,,fbfbdd1a-464e-45d5-a242-20ac040e30b5,2026/9/12,01:57.8,2026-09-12T12:01:57.8243584+09:00,2026-09-12T03:01:57.8243584Z,,v3,,,,"Yoshigai, Tetsuro",1000242230,Right,KEI_KEI,293ecfce-a70d-4604-ad2a-65fbbbd945f6,16.526259,-35.668289,2.895518,1.706889,-0.138852,-4.454812,0.559532,-0.933247,-0.382349,,,,,,,,,,,,,,,,,,,,,,,,,,,,,,,,,,,,,,,,,,,,,,,,,,,High,High,High,,,,,
117,2026/9/12,02:14.2,5,2,"Watanabe, Kazuhiro",1000242226,Left,KEI_KEI,"Ito, Koichiro",1000325736,Left,TOK,Undefined,4,Bottom,2,0,1,Slider,Slider,StrikeSwinging,Undefined,Undefined,Undefined,0,0,,126.30504,-0.068463,1.320972,1411.160855,259.741941,2:45,1.701515,-0.591994,1.951003,-104.2344,8.3255,27.4765,0.639977,0.053089,116.6008,-7.689517,3.282442,0.479122,,,,,,,,,,,,-13.4309,5.4648,0.561736,15.24,1.69436,-0.915769,-34.794241,-0.398144,-2.130669,6.293883,-8.939715,TOK,KEI_KEI,JinguStadium,TeamExclusive,Team,20260912-JinguStadium-1,5b57d7a0-ae56-11f1-af02-1b6488a193e9,126.60647,,,9.70424,,,,,,,fbfbdd1a-464e-45d5-a242-20ac040e30b5,2026/9/12,02:14.2,2026-09-12T12:02:14.2124032+09:00,2026-09-12T03:02:14.2124032Z,,v3,,,,"Yoshigai, Tetsuro",1000242230,Right,KEI_KEI,d925a879-44b1-4624-a6ad-6e0b1386f0dc,16.489029,-35.019447,3.146942,1.702883,-0.078265,-4.469858,0.59314,-0.839529,-1.065335,,,,,,,,,,,,,,,,,,,,,,,,,,,,,,,,,,,,,,,,,,,,,,,,,,,High,High,High,,,,,
118,2026/9/12,02:33.2,5,3,"Watanabe, Kazuhiro",1000242226,Left,KEI_KEI,"Ito, Koichiro",1000325736,Left,TOK,Undefined,4,Bottom,2,0,2,Fastball,Four-Seam,StrikeSwinging,Strikeout,Undefined,Undefined,0,0,,146.32412,-1.84867,3.517483,2283.2575,137.155706,10:30,1.708925,-0.609211,1.952513,-43.381,40.3085,-35.0959,0.755846,0.026886,134.7774,-5.098208,1.018914,0.413133,,,,,,,,,,,,20.5622,23.0036,0.534197,15.24,1.666043,-2.305678,-40.241697,-1.445911,4.39369,7.859617,-4.891289,TOK,KEI_KEI,JinguStadium,TeamExclusive,Team,20260912-JinguStadium-1,66a6bd60-ae56-11f1-af02-1b6488a193e9,146.8291,,,11.54672,,,,,,,fbfbdd1a-464e-45d5-a242-20ac040e30b5,2026/9/12,02:33.2,2026-09-12T12:02:33.2547584+09:00,2026-09-12T03:02:33.2547584Z,,v3,,,,"Yoshigai, Tetsuro",1000242230,Right,KEI_KEI,f76bef5b-d0ad-4d6c-be3a-21907d798128,16.487549,-40.484623,3.929809,1.708397,-1.294731,-2.445645,0.60756,-2.441479,2.196845,,,,,,,,,,,,,,,,,,,,,,,,,,,,,,,,,,,,,,,,,,,,,,,,,,,High,High,High,,,,,
119,2026/9/12,04:37.2,1,1,"Matsumoto, Shinnosuke",1000325748,Left,TOK,"Nakatsuka, Haruto",1000325884,Left,KEI_KEI,Undefined,5,Top,0,0,0,Slider,Curveball,StrikeCalled,Undefined,Undefined,Undefined,0,0,,112.33277,2.634747,0.998019,2207.466604,289.583513,3:45,1.404927,-0.357121,1.615634,-152.9198,-4.8157,25.4931,0.630285,0.183413,103.99629,-8.291152,2.779434,0.549589,,,,,,,,,,,,-12.1105,-2.8295,0.327173,15.24,1.46451,-0.646213,-30.885574,0.856869,-1.520979,4.73487,-10.162016,TOK,KEI_KEI,JinguStadium,TeamExclusive,Team,20260912-JinguStadium-1,b0a1f2e0-ae56-11f1-af02-1b6488a193e9,110.37334,,,8.33648,,,,,,,fbfbdd1a-464e-45d5-a242-20ac040e30b5,2026/9/12,04:37.2,2026-09-12T12:04:37.2271616+09:00,2026-09-12T03:04:37.2271616Z,,v3,,,,"Fukami, Yuto",1000325714,Right,TOK,ae904118-3378-4a11-8daf-4a81b2d0303a,16.824854,-31.127589,2.367435,1.407438,1.376285,-5.081008,0.358216,-0.568471,-0.76049,,,,,,,,,,,,,,,,,,,,,,,,,,,,,,,,,,,,,,,,,,,,,,,,,,,High,High,High,,,,,
120,2026/9/12,04:47.7,1,2,"Matsumoto, Shinnosuke",1000325748,Left,TOK,"Nakatsuka, Haruto",1000325884,Left,KEI_KEI,Undefined,5,Top,0,0,1,Fastball,Changeup,InPlay,Undefined,LineDrive,Double,0,0,,130.80912,0.697341,3.383862,2094.18813,119.842083,10:00,1.409867,-0.372716,1.757102,-79.915,27.2487,-42.0844,0.808888,0.167465,120.53219,-5.131153,0.42321,0.467497,162.22185,19.693647,-28.111787,3702.09643,28.097508,11.045093,-18.293357,103.086613,96.042817,-42.523206,3.809977,23.6525,14.3909,0.290413,15.24,1.421634,-1.931715,-35.967679,0.136786,4.040212,6.234629,-7.348454,TOK,KEI_KEI,JinguStadium,TeamExclusive,Team,20260912-JinguStadium-1,b6d66380-ae56-11f1-af02-1b6488a193e9,129.75492,14.261465,,10.27693,,,,0.004468,0.765386,-0.176489,fbfbdd1a-464e-45d5-a242-20ac040e30b5,2026/9/12,04:47.7,2026-09-12T12:04:47.7446656+09:00,2026-09-12T03:04:47.7446656Z,LineDrive,v3,,,,"Fukami, Yuto",1000325714,Right,TOK,3eebfd7a-18ce-48fb-8bb9-a38c10759d39,16.683121,-36.216965,3.117314,1.410291,0.430608,-3.674227,0.370881,-2.09326,2.020106,130.902439,0.004406,37.42385,-9.007791,2.180673,-0.460575,0.078469,-0.009965,0.000764,-1.90E-05,0.765435,15.182488,-4.282079,-0.099095,0.081527,-0.012448,-0.001085,0.000747,-8.00E-05,-0.176556,-19.987504,-0.122864,0.502286,-0.196443,0.048965,-0.00829,0.000845,-3.90E-05,,,,,,,,,,,,,,,,,,,,,,,High,High,High,High,Medium,,,
121,2026/9/12,05:48.9,2,1,"Matsumoto, Shinnosuke",1000325748,Left,TOK,"Ichinomiya, Tomoki",1000422896,Right,KEI_KEI,Undefined,5,Top,0,0,0,Splitter,Changeup,BallCalled,Undefined,Undefined,Undefined,0,0,,113.43627,2.721338,0.937881,1207.567831,95.712487,9:15,1.497985,-0.400743,1.611223,-138.4959,10.521,-50.3808,0.892613,-0.636088,102.20455,-7.299157,-2.581302,0.55128,,,,,,,,,,,,25.7227,4.705,0.379202,15.24,1.561695,-0.283149,-31.09079,0.969213,3.191024,6.010623,-9.222971,TOK,KEI_KEI,JinguStadium,TeamExclusive,Team,20260912-JinguStadium-1,db58b3c0-ae56-11f1-af02-1b6488a193e9,110.03476,,,11.23172,,,,,,,fbfbdd1a-464e-45d5-a242-20ac040e30b5,2026/9/12,05:48.9,2026-09-12T12:05:48.9244672+09:00,2026-09-12T03:05:48.9244672Z,,v3,,,,"Fukami, Yuto",1000325714,Right,TOK,246784f7-a565-4bac-9544-25d805f51859,16.827675,-31.396226,3.005311,1.500535,1.437889,-4.611486,0.397711,-0.445305,1.595512,,,,,,,,,,,,,,,,,,,,,,,,,,,,,,,,,,,,,,,,,,,,,,,,,,,High,High,High,,,,,
122,2026/9/12,06:06.3,2,2,"Matsumoto, Shinnosuke",1000325748,Left,TOK,"Ichinomiya, Tomoki",1000422896,Right,KEI_KEI,Undefined,5,Top,0,1,0,Fastball,Changeup,StrikeCalled,Undefined,Undefined,Undefined,0,0,,133.2355,0.629782,3.034004,2168.658002,112.047406,9:45,1.380781,-0.36428,1.736907,-83.0873,20.7037,-43.482,0.72904,0.063438,122.48066,-5.41429,-0.02364,0.460081,,,,,,,,,,,,24.0664,11.0695,0.28991,15.24,1.390689,-1.732032,-36.633496,0.074806,4.251599,6.671226,-7.851094,TOK,KEI_KEI,JinguStadium,TeamExclusive,Team,20260912-JinguStadium-1,e5abad50-ae56-11f1-af02-1b6488a193e9,131.84632,,,10.75484,,,,,,,fbfbdd1a-464e-45d5-a242-20ac040e30b5,2026/9/12,06:06.3,2026-09-12T12:06:06.2992896+09:00,2026-09-12T03:06:06.2992896Z,,v3,,,,"Fukami, Yuto",1000325714,Right,TOK,ec2be4b4-b5d2-4eda-8272-5ac99d8332aa,16.703159,-36.898986,3.335613,1.381495,0.387251,-3.925547,0.362205,-1.90123,2.1258,,,,,,,,,,,,,,,,,,,,,,,,,,,,,,,,,,,,,,,,,,,,,,,,,,,High,High,High,,,,,
123,2026/9/12,06:23.2,2,3,"Matsumoto, Shinnosuke",1000325748,Left,TOK,"Ichinomiya, Tomoki",1000422896,Right,KEI_KEI,Undefined,5,Top,0,1,1,Splitter,Changeup,BallCalled,Undefined,Undefined,Undefined,0,0,,115.9208,2.531649,0.986494,1281.986651,97.751836,9:15,1.472104,-0.348805,1.609055,-130.1592,10.2282,-42.3645,0.895792,-0.490032,106.01992,-6.838483,-1.972186,0.53508,,,,,,,,,,,,21.8017,4.6949,0.325217,15.24,1.531159,-0.358634,-31.835389,0.918283,2.884256,5.462004,-9.185543,TOK,KEI_KEI,JinguStadium,TeamExclusive,Team,20260912-JinguStadium-1,efc54760-ae56-11f1-af02-1b6488a193e9,113.36624,,,9.90087,,,,,,,fbfbdd1a-464e-45d5-a242-20ac040e30b5,2026/9/12,06:23.2,2026-09-12T12:06:23.1713280+09:00,2026-09-12T03:06:23.1713280Z,,v3,,,,"Fukami, Yuto",1000325714,Right,TOK,3d37b333-3f0d-4f24-8eff-aeb952543dab,16.830669,-32.10714,2.731002,1.474103,1.375292,-4.592772,0.34663,-0.502135,1.442128,,,,,,,,,,,,,,,,,,,,,,,,,,,,,,,,,,,,,,,,,,,,,,,,,,,High,High,High,,,,,
124,2026/9/12,06:39.9,2,4,"Matsumoto, Shinnosuke",1000325748,Left,TOK,"Ichinomiya, Tomoki",1000422896,Right,KEI_KEI,Undefined,5,Top,0,2,1,Fastball,Changeup,InPlay,Undefined,LineDrive,Triple,0,1,,133.52869,0.366364,1.951187,2005.485564,118.191793,10:00,1.358294,-0.387849,1.705756,-83.9809,19.3205,-30.5097,0.622802,-0.137486,123.23949,-5.718948,-0.192623,0.458995,163.684,11.279217,4.327049,1713.31042,33.289105,5.432556,3.99484,81.924749,81.924749,10.578528,2.44,16.7994,10.4297,0.339354,15.24,1.361274,-1.106201,-36.75074,-0.103236,2.994463,6.541617,-7.947579,TOK,KEI_KEI,JinguStadium,TeamExclusive,Team,20260912-JinguStadium-1,f9b64ad0-ae56-11f1-af02-1b6488a193e9,132.15832,5.857168,,10.2892,,,,0.355285,0.625968,0.138667,fbfbdd1a-464e-45d5-a242-20ac040e30b5,2026/9/12,06:40.0,2026-09-12T12:06:39.9557632+09:00,2026-09-12T03:06:39.9557632Z,LineDrive,v3,,,,"Fukami, Yuto",1000325714,Right,TOK,2ebf57c1-84a6-4528-a6ed-e08c649ddde8,16.734533,-37.01581,3.270808,1.358933,0.218805,-3.97379,0.386636,-1.227538,1.497231,222.425188,0.35528,44.463142,-7.529391,1.73244,-0.365609,0.071441,-0.011477,0.001206,-5.70E-05,0.625984,8.891256,-3.734037,-0.087997,0.052504,-0.006352,-0.002443,0.001042,-0.000114,0.138669,3.364046,1.733937,-0.401211,0.096178,-0.020513,0.0035,-0.000391,2.00E-05,,,,,,,,,,,,,,,,,,,,,,,High,High,High,High,High,,,
125,2026/9/12,07:52.8,3,1,"Matsumoto, Shinnosuke",1000325748,Left,TOK,"Hayashi, Jyunji",1000325862,Right,KEI_KEI,Undefined,5,Top,0,0,0,Slider,Curveball,StrikeCalled,Undefined,Undefined,Undefined,0,0,,111.55586,3.07348,-0.297232,2071.421693,271.969129,3:00,1.399819,-0.367486,1.618342,-148.1038,3.7908,33.0862,0.798941,-0.121661,101.90469,-7.578785,2.014844,0.556578,,,,,,,,,,,,-16.719,1.1567,0.372728,15.24,1.472027,0.016882,-30.620743,1.106538,-2.04057,5.182156,-9.665471,TOK,KEI_KEI,JinguStadium,TeamExclusive,Team,20260912-JinguStadium-1,252e86f0-ae57-11f1-af02-1b6488a193e9,108.98745,,,9.65117,,,,,,,fbfbdd1a-464e-45d5-a242-20ac040e30b5,2026/9/12,07:52.8,2026-09-12T12:07:52.7721472+09:00,2026-09-12T03:07:52.7721472Z,,v3,,,,"Fukami, Yuto",1000325714,Right,TOK,dd1b4e40-52c3-4318-af33-de9fbc87b529,16.821374,-30.887211,2.591078,1.402351,1.603538,-4.832736,0.369162,0.121808,-1.020285,,,,,,,,,,,,,,,,,,,,,,,,,,,,,,,,,,,,,,,,,,,,,,,,,,,High,High,High,,,,,
126,2026/9/12,08:06.8,3,2,"Matsumoto, Shinnosuke",1000325748,Left,TOK,"Hayashi, Jyunji",1000325862,Right,KEI_KEI,Undefined,5,Top,0,0,1,Fastball,Changeup,FoulBallNotFieldable,Undefined,Undefined,Undefined,0,0,,134.09449,-0.130637,2.256963,2274.354625,109.12574,9:45,1.369305,-0.397987,1.7357,-85.3321,17.4541,-41.1439,0.478848,-0.168013,123.03127,-6.331434,-0.640044,0.457849,137.3766,32.296205,47.637501,5188.977148,19.781392,16.084832,27.070568,85.847309,43.591639,63.970617,3.852268,22.5396,9.9079,0.343361,15.24,1.359554,-1.25573,-36.88092,-0.425194,4.016165,7.092003,-8.041236,TOK,KEI_KEI,JinguStadium,TeamExclusive,Team,20260912-JinguStadium-1,2d773190-ae57-11f1-af02-1b6488a193e9,132.48917,17.865728,,11.06322,,,,0.305822,0.465262,0.149117,fbfbdd1a-464e-45d5-a242-20ac040e30b5,2026/9/12,08:06.7,2026-09-12T12:08:06.7529216+09:00,2026-09-12T03:08:06.7529216Z,FlyBall,v3,,,,"Fukami, Yuto",1000325714,Right,TOK,b1399a22-3bd6-45a2-bc19-bae4f108d73d,16.704403,-37.16145,3.546001,1.370082,-0.107116,-4.020618,0.396174,-1.414592,2.008083,233.623476,0.305854,21.735072,-6.139706,1.491555,-0.328899,0.061424,-0.00849,0.000655,-1.40E-05,0.465234,20.388751,-6.944634,0.762085,-0.168326,0.039234,-0.008562,0.001323,-9.10E-05,0.149132,23.833421,-1.743159,0.313668,-0.044554,0.003101,0.000695,-0.000248,2.40E-05,,,,,,,,,,,,,,,,,,,,,,,High,High,High,High,Low,,,
127,2026/9/12,08:26.2,3,3,"Matsumoto, Shinnosuke",1000325748,Left,TOK,"Hayashi, Jyunji",1000325862,Right,KEI_KEI,Undefined,5,Top,0,0,2,Fastball,Changeup,BallCalled,Undefined,Undefined,Undefined,0,0,,134.35777,0.002598,-0.476383,2115.129145,121.164458,10:00,1.372533,-0.398642,1.59997,-78.6636,25.667,-37.0023,0.586641,-0.905111,122.96235,-5.69202,-3.060118,0.461276,,,,,,,,,,,,18.164,13.8237,0.415386,15.24,1.365685,0.49663,-36.935573,-0.328564,3.237304,7.296296,-7.342898,TOK,KEI_KEI,JinguStadium,TeamExclusive,Team,20260912-JinguStadium-1,390654a0-ae57-11f1-af02-1b6488a193e9,131.50488,,,11.39542,,,,,,,fbfbdd1a-464e-45d5-a242-20ac040e30b5,2026/9/12,08:26.2,2026-09-12T12:08:26.1653504+09:00,2026-09-12T03:08:26.1653504Z,,v3,,,,"Fukami, Yuto",1000325714,Right,TOK,a35e3dec-fca3-4d2e-9bf5-401105ff5e3f,16.839649,-37.250229,3.648148,1.373026,-0.011898,-3.671449,0.396979,0.35702,1.618652,,,,,,,,,,,,,,,,,,,,,,,,,,,,,,,,,,,,,,,,,,,,,,,,,,,High,High,High,,,,,
128,2026/9/12,08:42.3,3,4,"Matsumoto, Shinnosuke",1000325748,Left,TOK,"Hayashi, Jyunji",1000325862,Right,KEI_KEI,Undefined,5,Top,0,1,2,Splitter,Changeup,InPlay,Undefined,LineDrive,Double,0,1,,119.46202,0.43005,2.936983,1371.914796,94.858156,9:15,1.477132,-0.338913,1.680731,-123.5501,8.1983,-43.7975,0.364361,0.060902,109.03873,-8.486701,-0.136607,0.518355,142.29084,16.74724,-34.482045,3051.940176,26.321079,6.062016,-20.768424,64.942717,64.942717,-43.378411,2.186736,24.5505,4.9629,0.264585,15.24,1.478574,-1.492407,-32.803556,-0.212308,3.425719,6.149072,-9.114134,TOK,KEI_KEI,JinguStadium,TeamExclusive,Team,20260912-JinguStadium-1,42ae6830-ae57-11f1-af02-1b6488a193e9,117.02401,6.07405,,10.42329,,,,0.858554,0.424926,-0.061871,fbfbdd1a-464e-45d5-a242-20ac040e30b5,2026/9/12,08:42.3,2026-09-12T12:08:42.3095808+09:00,2026-09-12T03:08:42.3095808Z,LineDrive,v3,,,,"Fukami, Yuto",1000325714,Right,TOK,cb482507-548a-4032-81e2-f542d62574ac,16.759443,-33.087151,3.074536,1.478672,0.208037,-4.557067,0.337058,-1.650401,1.71286,102.727508,0.858554,31.198872,-6.36443,1.230962,-0.268896,0.052352,-0.009703,0.001349,-9.30E-05,0.424926,11.389194,-6.272489,0.631878,-0.125872,0.025754,-0.00432,0.000602,-4.70E-05,-0.061871,-21.428023,0.144487,0.297561,-0.109366,0.030448,-0.006374,0.00093,-6.40E-05,,,,,,,,,,,,,,,,,,,,,,,High,High,High,High,Medium,,,
129,2026/9/12,10:16.3,4,1,"Matsumoto, Shinnosuke",1000325748,Left,TOK,"Obara, Yamato",1000242233,Left,KEI_KEI,Undefined,5,Top,0,0,0,Fastball,Changeup,InPlay,Undefined,LineDrive,Out,1,0,,131.26201,0.247627,2.089792,2049.423833,121.520375,10:00,1.409267,-0.357387,1.722818,-84.4977,24.0261,-33.1343,0.63473,-0.0944,119.17329,-5.930519,-0.240628,0.470454,160.03446,14.025948,2.261028,1134.714554,33.527968,6.767863,-0.017703,82.326406,80.307313,-3.451377,2.636292,18.4328,13.0759,0.305998,15.24,1.409284,-1.156789,-36.057376,-0.170658,3.107001,7.443073,-7.602598,TOK,KEI_KEI,JinguStadium,TeamExclusive,Team,20260912-JinguStadium-1,7ab276e0-ae57-11f1-af02-1b6488a193e9,128.93931,7.392937,,12.08872,,,,0.291392,0.606089,0.087233,fbfbdd1a-464e-45d5-a242-20ac040e30b5,2026/9/12,10:16.3,2026-09-12T12:10:16.3361792+09:00,2026-09-12T03:10:16.3361792Z,LineDrive,v3,,,,"Fukami, Yuto",1000325714,Right,TOK,2cd2d392-9b63-4163-83e0-74a60c260de5,16.716598,-36.360902,3.721537,1.409922,0.139373,-3.801299,0.355755,-1.283491,1.5535,135.643872,0.291365,43.096987,-7.406509,1.694094,-0.397196,0.118707,-0.03583,0.006964,-0.000583,0.606146,10.769902,-4.289951,-0.093858,0.183642,-0.12959,0.053925,-0.011692,0.001034,0.087189,1.704623,-2.685348,0.904595,-0.319763,0.136999,-0.048528,0.010016,-0.000866,,,,,,,,,,,,,,,,,,,,,,,High,High,High,High,High,,,
130,2026/9/12,10:55.6,5,1,"Matsumoto, Shinnosuke",1000325748,Left,TOK,"Yoshigai, Tetsuro",1000242230,Right,KEI_KEI,Undefined,5,Top,1,0,0,Fastball,Changeup,FoulBallNotFieldable,Undefined,Undefined,Undefined,0,0,,136.40742,0.122555,2.024719,2328.643655,121.562221,10:00,1.343604,-0.339533,1.629703,-75.4983,26.2963,-37.0679,0.62368,-0.131112,123.54055,-5.384483,-0.567594,0.455635,136.46946,25.422916,45.361254,4306.064808,20.927812,12.298942,26.194517,77.130181,72.05531,59.172009,3.334387,20.1516,14.117,0.287249,15.24,1.340599,-1.131329,-37.447595,-0.233977,3.659849,8.099197,-7.242771,TOK,KEI_KEI,JinguStadium,TeamExclusive,Team,20260912-JinguStadium-1,921b5a90-ae57-11f1-af02-1b6488a193e9,133.13291,13.124429,,12.86688,,,,0.066712,0.585233,0.108485,fbfbdd1a-464e-45d5-a242-20ac040e30b5,2026/9/12,10:55.6,2026-09-12T12:10:55.6121600+09:00,2026-09-12T03:10:55.6121600Z,LineDrive,v3,,,,"Fukami, Yuto",1000325714,Right,TOK,057bab75-a64d-489c-9148-1eae93f4e2ed,16.80958,-37.78554,4.049598,1.344057,0.068233,-3.621386,0.337641,-1.284039,1.829925,231.133672,0.066746,24.055123,-7.074466,1.815601,-0.429678,0.105589,-0.022451,0.002973,-0.000169,0.585205,16.274809,-5.728212,0.326999,-0.011883,-0.016717,0.005822,-0.000758,3.60E-05,0.108486,24.361586,-2.352564,0.456539,-0.068496,0.00994,-0.001798,0.00027,-1.80E-05,,,,,,,,,,,,,,,,,,,,,,,High,High,High,High,Medium,,,
131,2026/9/12,11:16.9,5,2,"Matsumoto, Shinnosuke",1000325748,Left,TOK,"Yoshigai, Tetsuro",1000242230,Right,KEI_KEI,Undefined,5,Top,1,0,1,Slider,Curveball,BallCalled,Undefined,Undefined,Undefined,0,0,,117.20439,1.616816,1.14188,2287.908557,298.997365,4:00,1.381893,-0.366538,1.587394,-153.0739,-14.2742,34.2632,0.314803,0.303438,106.99536,-9.3172,3.534972,0.532046,,,,,,,,,,,,-16.1729,-6.9992,0.331132,15.24,1.413665,-0.796589,-32.183181,0.306823,-2.163748,6.115373,-10.743065,TOK,KEI_KEI,JinguStadium,TeamExclusive,Team,20260912-JinguStadium-1,9ed36d40-ae57-11f1-af02-1b6488a193e9,114.01277,,,10.20903,,,,,,,fbfbdd1a-464e-45d5-a242-20ac040e30b5,2026/9/12,11:16.9,2026-09-12T12:11:16.8728576+09:00,2026-09-12T03:11:16.8728576Z,,v3,,,,"Fukami, Yuto",1000325714,Right,TOK,c691f22c-171b-4dc5-956c-895b09d687d8,16.852729,-32.488183,3.057686,1.385,0.842629,-5.371533,0.36817,-0.688673,-1.081874,,,,,,,,,,,,,,,,,,,,,,,,,,,,,,,,,,,,,,,,,,,,,,,,,,,High,High,High,,,,,
132,2026/9/12,11:35.4,5,3,"Matsumoto, Shinnosuke",1000325748,Left,TOK,"Yoshigai, Tetsuro",1000242230,Right,KEI_KEI,Undefined,5,Top,1,1,1,Fastball,Changeup,BallCalled,Undefined,Undefined,Undefined,0,0,,133.99506,-0.613074,1.799695,2062.05832,120.081705,10:00,1.363003,-0.408771,1.692458,-82.3634,20.6538,-30.3791,0.364672,-0.199839,123.54842,-6.575079,-0.334408,0.458363,,,,,,,,,,,,16.5836,11.7846,0.36382,15.24,1.3403,-1.010198,-36.86551,-0.729649,2.96699,6.753903,-7.69826,TOK,KEI_KEI,JinguStadium,TeamExclusive,Team,20260912-JinguStadium-1,a9d655e0-ae57-11f1-af02-1b6488a193e9,132.3405,,,10.44664,,,,,,,fbfbdd1a-464e-45d5-a242-20ac040e30b5,2026/9/12,11:35.4,2026-09-12T12:11:35.4240512+09:00,2026-09-12T03:11:35.4240512Z,,v3,,,,"Fukami, Yuto",1000325714,Right,TOK,92d863c1-0fe4-44ec-be58-e050727e3b18,16.747554,-37.140673,3.376952,1.363638,-0.416012,-3.84913,0.407439,-1.131077,1.483495,,,,,,,,,,,,,,,,,,,,,,,,,,,,,,,,,,,,,,,,,,,,,,,,,,,High,High,High,,,,,
133,2026/9/12,11:55.6,5,4,"Matsumoto, Shinnosuke",1000325748,Left,TOK,"Yoshigai, Tetsuro",1000242230,Right,KEI_KEI,Undefined,5,Top,1,2,1,Slider,Curveball,BallCalled,Undefined,Undefined,Undefined,0,0,,108.20485,1.709334,2.107586,2076.74271,293.983402,3:45,1.396912,-0.374992,1.643832,-172.4757,-10.2538,35.5653,0.1609,0.582962,99.05745,-10.631702,4.59776,0.575187,,,,,,,,,,,,-16.1146,-4.8302,0.314567,15.24,1.429004,-1.238906,-29.698736,0.279824,-1.831532,5.310388,-10.355635,TOK,KEI_KEI,JinguStadium,TeamExclusive,Team,20260912-JinguStadium-1,b5ea3950-ae57-11f1-af02-1b6488a193e9,105.46127,,,9.1474,,,,,,,fbfbdd1a-464e-45d5-a242-20ac040e30b5,2026/9/12,11:55.6,2026-09-12T12:11:55.5819520+09:00,2026-09-12T03:11:55.5819520Z,,v3,,,,"Fukami, Yuto",1000325714,Right,TOK,4cba47da-cbd1-476c-aa53-fac3d8e3d709,16.796198,-29.975705,2.655194,1.400325,0.819935,-5.177818,0.376692,-1.14338,-0.915766,,,,,,,,,,,,,,,,,,,,,,,,,,,,,,,,,,,,,,,,,,,,,,,,,,,High,High,High,,,,,
134,2026/9/12,12:23.2,5,5,"Matsumoto, Shinnosuke",1000325748,Left,TOK,"Yoshigai, Tetsuro",1000242230,Right,KEI_KEI,Undefined,5,Top,1,3,1,Splitter,Changeup,BallCalled,Walk,Undefined,Undefined,0,0,,115.78279,2.688072,-0.069502,1330.472185,103.130443,9:30,1.473767,-0.355724,1.605677,-128.5341,13.5541,-37.13,0.958627,-0.746923,104.95158,-6.600167,-2.661424,0.538311,,,,,,,,,,,,18.3768,6.1777,0.36103,15.24,1.537519,0.206438,-31.759123,1.010879,2.397056,5.897423,-9.00084,TOK,KEI_KEI,JinguStadium,TeamExclusive,Team,20260912-JinguStadium-1,c66101b0-ae57-11f1-af02-1b6488a193e9,112.68569,,,10.83122,,,,,,,fbfbdd1a-464e-45d5-a242-20ac040e30b5,2026/9/12,12:23.2,2026-09-12T12:12:23.2257024+09:00,2026-09-12T03:12:23.2257024Z,,v3,,,,"Fukami, Yuto",1000325714,Right,TOK,6972f1a8-7470-4178-becd-9059557474f5,16.833366,-32.053633,2.948711,1.475813,1.46037,-4.50042,0.35371,0.086732,1.198528,,,,,,,,,,,,,,,,,,,,,,,,,,,,,,,,,,,,,,,,,,,,,,,,,,,High,High,High,,,,,
135,2026/9/12,14:57.5,6,1,"Eguchi, Naoki",1000325707,Right,TOK,"Maruta, Minato",1000325879,Left,KEI_KEI,Undefined,5,Top,1,0,0,ChangeUp,Curveball,StrikeCalled,Undefined,Undefined,Undefined,0,0,,114.10918,1.296035,-2.848022,1707.029721,228.958757,1:45,1.611096,0.533638,1.936284,-102.612,34.9021,35.5866,0.949084,0.089847,105.53029,-6.257011,-0.315535,0.529576,,,,,,,,,,,,-20.2748,18.6251,-0.472527,15.24,1.633964,1.427534,-31.403463,0.406235,-2.642687,4.703521,-7.378985,TOK,KEI_KEI,JinguStadium,TeamExclusive,Team,20260912-JinguStadium-1,22569250-ae58-11f1-af02-1b6488a193e9,114.54448,,,8.57889,,,,,,,fbfbdd1a-464e-45d5-a242-20ac040e30b5,2026/9/12,14:57.5,2026-09-12T12:14:57.4865408+09:00,2026-09-12T03:14:57.4865408Z,,v3,,,,"Fukami, Yuto",1000325714,Right,TOK,6df802f1-4eb8-4da4-ae72-4d1ce2d9dcde,16.503404,-31.592126,2.35176,1.611734,0.702213,-3.689492,-0.531913,1.533534,-1.321343,,,,,,,,,,,,,,,,,,,,,,,,,,,,,,,,,,,,,,,,,,,,,,,,,,,High,High,High,,,,,
136,2026/9/12,15:12.7,6,2,"Eguchi, Naoki",1000325707,Right,TOK,"Maruta, Minato",1000325879,Left,KEI_KEI,Undefined,5,Top,1,0,1,Fastball,Four-Seam,InPlay,Undefined,LineDrive,Double,0,1,,137.94007,-2.434887,-2.060769,2274.043493,199.108201,12:45,1.717023,0.51129,1.846334,-36.9112,59.07,19.4033,0.660134,0.123698,126.27781,-5.240525,-0.68664,0.442433,166.74682,14.084612,25.506131,2016.379408,29.318482,6.257142,16.264626,81.131493,80.680681,34.787627,2.325499,-11.4765,33.123,-0.463762,15.24,1.656959,1.273348,-37.919253,-1.721258,-2.161068,7.51697,-3.569449,TOK,KEI_KEI,JinguStadium,TeamExclusive,Team,20260912-JinguStadium-1,2b4d3030-ae58-11f1-af02-1b6488a193e9,137.10542,6.603566,,11.66226,,,,0.462451,0.674897,-0.12209,fbfbdd1a-464e-45d5-a242-20ac040e30b5,2026/9/12,15:12.7,2026-09-12T12:15:12.6716416+09:00,2026-09-12T03:15:12.6716416Z,LineDrive,v3,,,,"Fukami, Yuto",1000325714,Right,TOK,b7d9b097-5a03-449a-9958-feeb78edcdf6,16.593442,-38.186611,3.758485,1.715922,-1.594302,-1.784725,-0.510419,1.350212,-1.080534,255.826744,0.462483,40.545695,-7.670009,1.566717,-0.305009,0.068167,-0.024047,0.006418,-0.000722,0.674881,11.272784,-5.801624,0.500299,-0.100517,0.021259,-0.000866,-0.000831,0.000152,-0.122138,19.348375,1.231496,-0.70696,0.180072,-0.044567,0.018413,-0.005732,0.000711,,,,,,,,,,,,,,,,,,,,,,,High,High,High,High,High,,,
137,2026/9/12,16:06.3,7,1,"Eguchi, Naoki",1000325707,Right,TOK,"Takarada, Yuya",1000242234,Right,KEI_KEI,Undefined,5,Top,1,0,0,Slider,Curveball,BallCalled,Undefined,Undefined,Undefined,0,0,,117.32369,2.001887,-3.686486,2161.830735,57.757262,8:00,1.647936,0.560304,1.816087,-135.3064,-2.9372,-10.4356,0.862095,-0.587451,108.93945,-7.761184,-4.422011,0.519575,,,,,,,,,,,,3.0142,-1.6094,-0.470307,15.24,1.687385,2.120088,-32.247549,0.657835,0.414007,4.994603,-10.027712,TOK,KEI_KEI,JinguStadium,TeamExclusive,Team,20260912-JinguStadium-1,4b5765d0-ae58-11f1-af02-1b6488a193e9,116.7493,,,8.38424,,,,,,,fbfbdd1a-464e-45d5-a242-20ac040e30b5,2026/9/12,16:06.3,2026-09-12T12:16:06.3257088+09:00,2026-09-12T03:16:06.3257088Z,,v3,,,,"Fukami, Yuto",1000325714,Right,TOK,74b84a35-bd56-4e66-8ac1-b2b526f90ebf,16.624346,-32.461252,2.497302,1.650059,1.08689,-5.013856,-0.56064,2.102374,0.207004,,,,,,,,,,,,,,,,,,,,,,,,,,,,,,,,,,,,,,,,,,,,,,,,,,,High,High,High,,,,,
138,2026/9/12,16:21.9,7,2,"Eguchi, Naoki",1000325707,Right,TOK,"Takarada, Yuya",1000242234,Right,KEI_KEI,Undefined,5,Top,1,1,0,Slider,Curveball,BallCalled,Undefined,Undefined,Undefined,0,0,,116.91869,1.89172,-2.882011,2084.754742,22.120333,6:45,1.63105,0.601006,1.835551,-140.0677,-7.0101,-4.3875,0.765282,-0.257157,108.35345,-8.233375,-3.192314,0.520924,,,,,,,,,,,,0.3677,-3.6669,-0.531925,15.24,1.667091,1.636759,-32.162014,0.579792,0.050093,5.117939,-10.306193,TOK,KEI_KEI,JinguStadium,TeamExclusive,Team,20260912-JinguStadium-1,549fa620-ae58-11f1-af02-1b6488a193e9,116.44689,,,8.56524,,,,,,,fbfbdd1a-464e-45d5-a242-20ac040e30b5,2026/9/12,16:21.9,2026-09-12T12:16:21.9070464+09:00,2026-09-12T03:16:21.9070464Z,,v3,,,,"Fukami, Yuto",1000325714,Right,TOK,e288d176-f6cf-4403-8efa-4787b4f2fcae,16.604949,-32.37849,2.558969,1.633348,1.015717,-5.153096,-0.601111,1.63464,0.025047,,,,,,,,,,,,,,,,,,,,,,,,,,,,,,,,,,,,,,,,,,,,,,,,,,,High,High,High,,,,,
139,2026/9/12,16:35.6,7,3,"Eguchi, Naoki",1000325707,Right,TOK,"Takarada, Yuya",1000242234,Right,KEI_KEI,Undefined,5,Top,1,2,0,Slider,Curveball,FoulBallNotFieldable,Undefined,Undefined,Undefined,0,0,,118.46587,1.029405,-2.258959,2195.660152,41.155957,7:15,1.633166,0.60909,1.882388,-138.8195,-10.3605,-12.178,0.53499,-0.148883,110.22713,-9.010778,-3.124313,0.511843,,,,,,,,,,,,4.8962,-5.1603,-0.556273,15.24,1.648296,1.334328,-32.633948,0.116897,0.687133,5.238342,-10.530838,TOK,KEI_KEI,JinguStadium,TeamExclusive,Team,20260912-JinguStadium-1,5cbdbe50-ae58-11f1-af02-1b6488a193e9,118.51286,,,8.23873,,,,,,,fbfbdd1a-464e-45d5-a242-20ac040e30b5,2026/9/12,16:35.6,2026-09-12T12:16:35.5642368+09:00,2026-09-12T03:16:35.5642368Z,,v3,,,,"Fukami, Yuto",1000325714,Right,TOK,e46aa404-f627-4272-b283-9bfa26b5318c,16.558567,-32.84492,2.619171,1.635047,0.541022,-5.265419,-0.609455,1.306654,0.343567,,,,,,,,,,,,,,,,,,,,,,,,,,,,,,,,,,,,,,,,,,,,,,,,,,,High,High,High,,,,,
140,2026/9/12,16:57.2,7,4,"Eguchi, Naoki",1000325707,Right,TOK,"Takarada, Yuya",1000242234,Right,KEI_KEI,Undefined,5,Top,1,2,1,Slider,Curveball,StrikeCalled,Undefined,Undefined,Undefined,0,0,,121.23946,-0.771647,-2.683301,2223.298153,16.321729,6:30,1.641097,0.576756,1.880569,-138.706,-16.2943,-5.7308,0.036554,-0.2365,113.63979,-10.736067,-3.091134,0.49965,,,,,,,,,,,,1.3102,-7.2779,-0.514457,15.24,1.614596,1.587691,-33.402755,-0.931548,0.193123,5.347351,-10.879423,TOK,KEI_KEI,JinguStadium,TeamExclusive,Team,20260912-JinguStadium-1,69a43400-ae58-11f1-af02-1b6488a193e9,121.40491,,,7.59967,,,,,,,fbfbdd1a-464e-45d5-a242-20ac040e30b5,2026/9/12,16:57.2,2026-09-12T12:16:57.2082176+09:00,2026-09-12T03:16:57.2082176Z,,v3,,,,"Fukami, Yuto",1000325714,Right,TOK,4742dab1-0808-44cf-ab30-483f56bff43f,16.560696,-33.613516,2.673676,1.642861,-0.502745,-5.439711,-0.576885,1.580079,0.096561,,,,,,,,,,,,,,,,,,,,,,,,,,,,,,,,,,,,,,,,,,,,,,,,,,,High,High,High,,,,,
141,2026/9/12,17:19.8,7,5,"Eguchi, Naoki",1000325707,Right,TOK,"Takarada, Yuya",1000242234,Right,KEI_KEI,Undefined,5,Top,1,2,2,Curveball,Curveball,InPlay,Undefined,GroundBall,Out,1,0,,104.13716,5.077714,-0.737809,2192.273635,22.433018,6:45,1.643071,0.506922,1.837737,-220.0959,-49.5959,-22.7509,0.879255,0.071144,95.50533,-10.8024,-2.349761,0.589681,155.11054,-4.288743,-39.107062,,,,,9.069642,9.066571,-38.174342,0.203134,11.1694,-28.0661,-0.487839,15.24,1.749874,0.450226,-28.588758,1.847567,1.182891,4.700329,-12.778988,TOK,KEI_KEI,JinguStadium,TeamExclusive,Team,20260912-JinguStadium-1,772f7530-ae58-11f1-af02-1b6488a193e9,102.86925,0.94682,,8.63183,,,,0.648408,0.94682,-0.133947,fbfbdd1a-464e-45d5-a242-20ac040e30b5,2026/9/12,17:19.8,2026-09-12T12:17:19.8431232+09:00,2026-09-12T03:17:19.8431232Z,GroundBall,v3,,,,"Fukami, Yuto",1000325714,Right,TOK,2eb90306-8a07-4325-b2da-f6cdb0a3f835,16.60445,-28.812216,2.350164,1.647597,2.455093,-6.389494,-0.507906,0.39399,0.591445,59.008335,0.648778,33.315861,-6.950037,,,,,,,0.947223,-3.248446,-6.973399,,,,,,,-0.133779,-27.112454,0.861207,,,,,,,,,,,,,,,,,,,,,,,,,,,,,High,High,High,High,High,,,
142,2026/9/12,18:01.5,8,1,"Eguchi, Naoki",1000325707,Right,TOK,"Imazu, Keisuke",1000242231,Left,KEI_KEI,Undefined,5,Top,2,0,0,Slider,Curveball,InPlay,Undefined,GroundBall,Out,1,0,,116.045,1.688294,-0.534364,2020.343235,5.335428,6:15,1.626662,0.608739,1.857713,-156.1472,-21.5178,-2.3745,0.541306,0.434344,107.62613,-9.592863,-0.703188,0.523992,114.58282,-2.958856,10.427302,,,,,6.51173,6.4412,5.78268,0.193963,0.87,-11.2532,-0.596048,15.24,1.656318,0.307434,-31.973696,0.409581,0.116736,5.231598,-11.316626,TOK,KEI_KEI,JinguStadium,TeamExclusive,Team,20260912-JinguStadium-1,8ff63b30-ae58-11f1-af02-1b6488a193e9,115.76514,0.545569,,8.41887,,,,0.536285,0.545569,-0.43899,fbfbdd1a-464e-45d5-a242-20ac040e30b5,2026/9/12,18:01.5,2026-09-12T12:18:01.4842368+09:00,2026-09-12T03:18:01.4842368Z,GroundBall,v3,,,,"Fukami, Yuto",1000325714,Right,TOK,38226438-bb4e-4e1a-a18e-3cc32ee0dc01,16.583383,-32.192752,2.615799,1.629248,0.883428,-5.658313,-0.608819,0.302546,0.058368,358.282395,0.53636,31.256032,-3.199405,,,,,,,0.545752,-1.655464,-5.976193,,,,,,,-0.438979,5.752123,-0.548636,,,,,,,,,,,,,,,,,,,,,,,,,,,,,High,High,High,High,High,,,
143,2026/9/12,20:09.8,1,1,"Watanabe, Kazuhiro",1000242226,Left,KEI_KEI,"Horibe, Kohei",1000325732,Right,TOK,Undefined,5,Bottom,0,0,0,Fastball,Four-Seam,BallCalled,Undefined,Undefined,Undefined,0,0,,142.69257,-3.825856,2.305516,2326.46202,142.016091,10:45,1.759611,-0.635224,1.858375,-46.3659,43.7071,-31.806,0.214944,-0.302998,130.5504,-7.277586,0.049771,0.4286,,,,,,,,,,,,18.1456,26.2447,0.58314,15.24,1.666743,-1.423137,-39.16351,-2.781053,3.633041,8.263747,-4.552051,TOK,KEI_KEI,JinguStadium,TeamExclusive,Team,20260912-JinguStadium-1,dc6e3080-ae58-11f1-af02-1b6488a193e9,141.53063,,,12.14217,,,,,,,fbfbdd1a-464e-45d5-a242-20ac040e30b5,2026/9/12,20:09.8,2026-09-12T12:20:09.8494976+09:00,2026-09-12T03:20:09.8494976Z,,v3,,,,"Yoshigai, Tetsuro",1000242230,Right,KEI_KEI,2d4bf73f-9568-4697-9c16-35bef5bb0235,16.581476,-39.445554,4.131873,1.75901,-2.62569,-2.276026,0.633828,-1.547134,1.81652,,,,,,,,,,,,,,,,,,,,,,,,,,,,,,,,,,,,,,,,,,,,,,,,,,,High,High,High,,,,,
144,2026/9/12,20:34.4,1,2,"Watanabe, Kazuhiro",1000242226,Left,KEI_KEI,"Horibe, Kohei",1000325732,Right,TOK,Undefined,5,Bottom,0,1,0,TwoSeamFastBall,Changeup,StrikeCalled,Undefined,Undefined,Undefined,0,0,,132.36091,-0.316668,2.52901,1852.462263,117.92824,10:00,1.711379,-0.607743,1.852346,-80.6609,23.2768,-37.8591,0.815378,-0.272664,121.51608,-6.23152,-0.154702,0.460406,,,,,,,,,,,,21.1759,13.2346,0.550439,15.24,1.698788,-1.434009,-36.412459,-0.496832,3.681458,6.850162,-7.505799,TOK,KEI_KEI,JinguStadium,TeamExclusive,Team,20260912-JinguStadium-1,eb1eb7d0-ae58-11f1-af02-1b6488a193e9,131.75315,,,10.84483,,,,,,,fbfbdd1a-464e-45d5-a242-20ac040e30b5,2026/9/12,20:34.4,2026-09-12T12:20:34.4325120+09:00,2026-09-12T03:20:34.4325120Z,,v3,,,,"Yoshigai, Tetsuro",1000242230,Right,KEI_KEI,d4a8533a-0bb3-4324-bad4-df2ab5b2d298,16.587374,-36.66506,3.425081,1.712006,-0.220054,-3.752899,0.605822,-1.569764,1.840729,,,,,,,,,,,,,,,,,,,,,,,,,,,,,,,,,,,,,,,,,,,,,,,,,,,High,High,High,,,,,
145,2026/9/12,20:44.9,1,3,"Watanabe, Kazuhiro",1000242226,Left,KEI_KEI,"Horibe, Kohei",1000325732,Right,TOK,Undefined,5,Bottom,0,1,1,Slider,Slider,FoulBallNotFieldable,Undefined,Undefined,Undefined,0,0,,129.41365,-1.106217,1.673635,1294.987138,289.415718,3:45,1.716129,-0.622972,1.800206,-110.8953,-2.1278,14.7313,0.294032,-0.002019,120.36994,-9.081808,2.716632,0.470982,,,,,,,,,,,,-6.5505,0.3861,0.580957,15.24,1.681293,-1.105456,-35.640265,-1.113579,-1.09619,6.263491,-9.742036,TOK,KEI_KEI,JinguStadium,TeamExclusive,Team,20260912-JinguStadium-1,f15a5460-ae58-11f1-af02-1b6488a193e9,128.79475,,,9.0437,,,,,,,fbfbdd1a-464e-45d5-a242-20ac040e30b5,2026/9/12,20:44.9,2026-09-12T12:20:44.9458688+09:00,2026-09-12T03:20:44.9458688Z,,v3,,,,"Yoshigai, Tetsuro",1000242230,Right,KEI_KEI,952c074b-11c0-4722-b21d-45ea0faa440e,16.640532,-35.885553,3.131745,1.717432,-0.732066,-4.871018,0.623408,-1.062527,-0.548095,,,,,,,,,,,,,,,,,,,,,,,,,,,,,,,,,,,,,,,,,,,,,,,,,,,High,High,High,,,,,
146,2026/9/12,21:05.8,1,4,"Watanabe, Kazuhiro",1000242226,Left,KEI_KEI,"Horibe, Kohei",1000325732,Right,TOK,Undefined,5,Bottom,0,1,2,Fastball,Sinker,StrikeCalled,Strikeout,Undefined,Undefined,0,0,,145.5408,-2.092878,4.465779,2267.308518,134.718194,10:30,1.719008,-0.654529,1.952793,-45.6727,39.0875,-36.9396,0.673689,0.230181,134.09262,-5.504393,1.840544,0.415768,,,,,,,,,,,,22.1119,22.5271,0.558848,15.24,1.67062,-2.946536,-39.977048,-1.619275,4.665686,7.708591,-5.053369,TOK,KEI_KEI,JinguStadium,TeamExclusive,Team,20260912-JinguStadium-1,fdcd95e0-ae58-11f1-af02-1b6488a193e9,145.89875,,,11.44818,,,,,,,fbfbdd1a-464e-45d5-a242-20ac040e30b5,2026/9/12,21:05.8,2026-09-12T12:21:05.8255872+09:00,2026-09-12T03:21:05.8255872Z,,v3,,,,"Yoshigai, Tetsuro",1000242230,Right,KEI_KEI,ca619662-e182-4313-b346-fdc431b5c44b,16.487312,-40.216842,3.854296,1.718546,-1.462078,-2.526684,0.652764,-3.091673,2.332843,,,,,,,,,,,,,,,,,,,,,,,,,,,,,,,,,,,,,,,,,,,,,,,,,,,High,High,High,,,,,
147,2026/9/12,21:26.3,2,1,"Watanabe, Kazuhiro",1000242226,Left,KEI_KEI,"Naruse, Yuto",1000325754,Left,TOK,Undefined,5,Bottom,1,0,0,Slider,Slider,StrikeSwinging,Undefined,Undefined,Undefined,0,0,,125.53658,-0.548072,1.880498,2566.980804,275.443373,3:15,1.724262,-0.577412,1.842613,-114.3298,0.9283,25.0882,0.426221,0.204299,116.50248,-8.806976,3.659804,0.484831,,,,,,,,,,,,-11.7427,1.8023,0.531144,15.24,1.703813,-1.240886,-34.569303,-0.747202,-1.844086,6.044058,-9.523609,TOK,KEI_KEI,JinguStadium,TeamExclusive,Team,20260912-JinguStadium-1,0a09c1d0-ae59-11f1-af02-1b6488a193e9,125.11576,,,9.0341,,,,,,,fbfbdd1a-464e-45d5-a242-20ac040e30b5,2026/9/12,21:26.3,2026-09-12T12:21:26.2938624+09:00,2026-09-12T03:21:26.2938624Z,,v3,,,,"Yoshigai, Tetsuro",1000242230,Right,KEI_KEI,4bbee56e-4d19-4d6f-97ba-a4f39ccf9a75,16.597864,-34.8059,3.022029,1.725765,-0.374396,-4.761805,0.578306,-1.168699,-0.922043,,,,,,,,,,,,,,,,,,,,,,,,,,,,,,,,,,,,,,,,,,,,,,,,,,,High,High,High,,,,,
148,2026/9/12,21:35.4,2,2,"Watanabe, Kazuhiro",1000242226,Left,KEI_KEI,"Naruse, Yuto",1000325754,Left,TOK,Undefined,5,Bottom,1,0,1,Slider,Curveball,StrikeCalled,Undefined,Undefined,Undefined,0,0,,129.67621,0.111934,2.612967,1363.233838,296.839149,4:00,1.749215,-0.566065,1.829012,-113.2773,-6.1087,17.4627,0.648086,0.34702,121.31902,-8.040279,3.848751,0.467507,,,,,,,,,,,,-7.4949,-2.4128,0.502238,15.24,1.744335,-1.706512,-35.729547,-0.363817,-1.271505,5.73975,-10.215978,TOK,KEI_KEI,JinguStadium,TeamExclusive,Team,20260912-JinguStadium-1,0f6adce0-ae59-11f1-af02-1b6488a193e9,129.75195,,,8.35719,,,,,,,fbfbdd1a-464e-45d5-a242-20ac040e30b5,2026/9/12,21:35.4,2026-09-12T12:21:35.3686528+09:00,2026-09-12T03:21:35.3686528Z,,v3,,,,"Yoshigai, Tetsuro",1000242230,Right,KEI_KEI,b621780e-38ef-4786-9e17-23110e7a141c,16.611872,-35.949255,2.869875,1.750777,0.027234,-5.107989,0.566629,-1.657841,-0.635753,,,,,,,,,,,,,,,,,,,,,,,,,,,,,,,,,,,,,,,,,,,,,,,,,,,High,High,High,,,,,
149,2026/9/12,21:45.9,2,3,"Watanabe, Kazuhiro",1000242226,Left,KEI_KEI,"Naruse, Yuto",1000325754,Left,TOK,Undefined,5,Bottom,1,0,2,Fastball,Four-Seam,BallCalled,Undefined,Undefined,Undefined,0,0,,147.17388,-1.071357,3.805887,2365.816374,155.890465,11:15,1.750219,-0.60204,1.890569,-37.9131,45.82,-19.3624,1.068967,0.276672,134.88461,-3.931735,2.434622,0.413241,,,,,,,,,,,,12.5623,25.2198,0.515905,15.24,1.723275,-2.593529,-40.441216,-0.881048,2.699998,8.268534,-4.386195,TOK,KEI_KEI,JinguStadium,TeamExclusive,Team,20260912-JinguStadium-1,15b19d00-ae59-11f1-af02-1b6488a193e9,146.79087,,,12.28927,,,,,,,fbfbdd1a-464e-45d5-a242-20ac040e30b5,2026/9/12,21:45.9,2026-09-12T12:21:45.8903552+09:00,2026-09-12T03:21:45.8903552Z,,v3,,,,"Yoshigai, Tetsuro",1000242230,Right,KEI_KEI,f2e5af7a-ab40-4d9e-bfaa-4a0d93d96744,16.549061,-40.707984,4.134267,1.749418,-0.739536,-2.193098,0.600985,-2.680639,1.349999,,,,,,,,,,,,,,,,,,,,,,,,,,,,,,,,,,,,,,,,,,,,,,,,,,,High,High,High,,,,,
150,2026/9/12,21:56.4,2,4,"Watanabe, Kazuhiro",1000242226,Left,KEI_KEI,"Naruse, Yuto",1000325754,Left,TOK,Undefined,5,Bottom,1,1,2,Fastball,Four-Seam,BallCalled,Undefined,Undefined,Undefined,0,0,,147.31654,-3.4847,4.774407,2267.199467,145.894562,10:45,1.731115,-0.652199,1.848977,-36.5359,47.9704,-30.6713,0.37819,0.390925,135.08544,-6.232671,2.611272,0.415145,,,,,,,,,,,,19.0767,27.9245,0.54115,15.24,1.646068,-3.217421,-40.360842,-2.587714,4.082093,8.271361,-3.831273,TOK,KEI_KEI,JinguStadium,TeamExclusive,Team,20260912-JinguStadium-1,1bed3990-ae59-11f1-af02-1b6488a193e9,146.11776,,,12.23111,,,,,,,fbfbdd1a-464e-45d5-a242-20ac040e30b5,2026/9/12,21:56.4,2026-09-12T12:21:56.4016640+09:00,2026-09-12T03:21:56.4016640Z,,v3,,,,"Yoshigai, Tetsuro",1000242230,Right,KEI_KEI,f1fac8a6-a9c2-479f-96a6-e95137708144,16.591031,-40.636773,4.135681,1.730262,-2.459904,-1.915636,0.650754,-3.353599,2.041047,,,,,,,,,,,,,,,,,,,,,,,,,,,,,,,,,,,,,,,,,,,,,,,,,,,High,High,High,,,,,
151,2026/9/12,22:08.1,2,5,"Watanabe, Kazuhiro",1000242226,Left,KEI_KEI,"Naruse, Yuto",1000325754,Left,TOK,Undefined,5,Bottom,1,2,2,Slider,Slider,StrikeSwinging,Strikeout,Undefined,Undefined,0,0,,130.3488,-1.563385,1.907537,2699.724956,268.779411,3:00,1.70798,-0.555346,1.881758,-102.702,3.455,22.5934,0.240518,0.207752,121.32333,-8.985736,3.514362,0.465296,,,,,,,,,,,,-10.5965,3.5867,0.509959,15.24,1.66555,-1.290787,-35.899905,-1.356497,-1.799433,6.347128,-9.197578,TOK,KEI_KEI,JinguStadium,TeamExclusive,Team,20260912-JinguStadium-1,22ee4900-ae59-11f1-af02-1b6488a193e9,130.36873,,,9.02548,,,,,,,fbfbdd1a-464e-45d5-a242-20ac040e30b5,2026/9/12,22:08.1,2026-09-12T12:22:08.1360000+09:00,2026-09-12T03:22:08.1360000Z,,v3,,,,"Yoshigai, Tetsuro",1000242230,Right,KEI_KEI,6cbdf6b2-a7e9-4461-9a11-f1b139a88568,16.558943,-36.132342,3.173564,1.709059,-1.019674,-4.598789,0.556023,-1.224891,-0.899716,,,,,,,,,,,,,,,,,,,,,,,,,,,,,122.70472,,,0.814575,,,,1.688989,1.740602,0.283982,19.930919,1.414921,18.10018,1.700919,24.662895,-2.822298,1.739332,2.056968,-3.012461,0.28964,23.130856,-1.56358,High,High,High,,,High,Medium,Medium
152,2026/9/12,22:35.4,3,1,"Watanabe, Kazuhiro",1000242226,Left,KEI_KEI,"Akimoto, Ryo",1000325695,Right,TOK,Undefined,5,Bottom,2,0,0,Fastball,Four-Seam,StrikeCalled,Undefined,Undefined,Undefined,0,0,,144.70571,-1.701849,3.79684,2221.401009,148.861204,11:00,1.726728,-0.649537,1.921741,-42.8943,42.9423,-24.4401,0.818716,0.173772,133.46632,-4.910743,2.061932,0.418399,,,,,,,,,,,,15.0716,24.1801,0.565886,15.24,1.686037,-2.522429,-39.781262,-1.326975,3.152823,7.539136,-4.748421,TOK,KEI_KEI,JinguStadium,TeamExclusive,Team,20260912-JinguStadium-1,333acd10-ae59-11f1-af02-1b6488a193e9,144.98114,,,11.2394,,,,,,,fbfbdd1a-464e-45d5-a242-20ac040e30b5,2026/9/12,22:35.4,2026-09-12T12:22:35.4524672+09:00,2026-09-12T03:22:35.4524672Z,,v3,,,,"Yoshigai, Tetsuro",1000242230,Right,KEI_KEI,e4747418-20eb-4b01-83d5-5b72da771154,16.51813,-40.022753,3.769568,1.726106,-1.174875,-2.37421,0.648301,-2.623419,1.576412,,,,,,,,,,,,,,,,,,,,,,,,,,,,,,,,,,,,,,,,,,,,,,,,,,,High,High,High,,,,,
153,2026/9/12,22:44.6,3,2,"Watanabe, Kazuhiro",1000242226,Left,KEI_KEI,"Akimoto, Ryo",1000325695,Right,TOK,Undefined,5,Bottom,2,0,1,Slider,Slider,BallCalled,Undefined,Undefined,Undefined,0,0,,129.65586,-0.845503,1.402775,1455.980572,273.373767,3:00,1.702177,-0.630153,1.870914,-104.6381,1.943,14.0081,0.417542,-0.094852,121.27436,-8.405222,2.398682,0.466224,,,,,,,,,,,,-6.4658,2.3107,0.596678,15.24,1.675938,-0.934807,-35.746651,-0.914698,-1.097215,5.79002,-9.41454,TOK,KEI_KEI,JinguStadium,TeamExclusive,Team,20260912-JinguStadium-1,38b05a80-ae59-11f1-af02-1b6488a193e9,130.1091,,,8.38151,,,,,,,fbfbdd1a-464e-45d5-a242-20ac040e30b5,2026/9/12,22:44.6,2026-09-12T12:22:44.6125056+09:00,2026-09-12T03:22:44.6125056Z,,v3,,,,"Yoshigai, Tetsuro",1000242230,Right,KEI_KEI,1491268b-28ac-4a03-a47a-75852d6b4265,16.569817,-35.961401,2.89501,1.703388,-0.565515,-4.70727,0.630595,-0.894112,-0.548607,,,,,,,,,,,,,,,,,,,,,,,,,,,,,,,,,,,,,,,,,,,,,,,,,,,High,High,High,,,,,
154,2026/9/12,22:57.3,3,3,"Watanabe, Kazuhiro",1000242226,Left,KEI_KEI,"Akimoto, Ryo",1000325695,Right,TOK,Undefined,5,Bottom,2,1,1,Fastball,Four-Seam,InPlay,Undefined,FlyBall,Out,1,0,,144.84969,-2.057715,3.365644,2274.469492,140.981008,10:45,1.747465,-0.595905,1.830548,-47.7692,39.1376,-29.59,0.68744,0.059715,133.24211,-5.598666,1.274438,0.421,141.50363,35.305461,0.553598,4018.446841,33.387435,21.507453,3.066389,96.101013,95.30386,13.021321,5.168857,17.544,22.3327,0.517237,15.24,1.694945,-2.19611,-39.80964,-1.608998,3.66023,7.87444,-5.147341,TOK,KEI_KEI,JinguStadium,TeamExclusive,Team,20260912-JinguStadium-1,4037d800-ae59-11f1-af02-1b6488a193e9,144.08565,27.158166,,11.60757,,,,0.28126,0.670637,-0.05546,fbfbdd1a-464e-45d5-a242-20ac040e30b5,2026/9/12,22:57.3,2026-09-12T12:22:57.2824576+09:00,2026-09-12T03:22:57.2824576Z,FlyBall,v3,,,,"Yoshigai, Tetsuro",1000242230,Right,KEI_KEI,4a840ab4-8e67-4bfe-9518-87f535ae0b12,16.609668,-40.079647,3.93722,1.747091,-1.4325,-2.57367,0.594692,-2.321617,1.830115,210.338364,0.28229,32.053964,-6.378681,1.353302,-0.159499,-0.009165,0.006346,-0.000806,3.40E-05,0.670546,22.717398,-5.324834,0.208414,0.008774,-0.018223,0.00713,-0.001148,6.60E-05,-0.055777,0.317826,2.33436,-0.66665,0.104344,-0.001424,-0.002513,0.000381,-1.80E-05,,,,,,,,,,,,,,,,,,,,,,,High,High,High,High,High,,,
155,2026/9/12,27:40.4,1,1,"Eguchi, Naoki",1000325707,Right,TOK,"Yoshino, Taiyo",1000242225,Left,KEI_KEI,Undefined,6,Top,0,0,0,Curveball,Curveball,BallCalled,Undefined,Undefined,Undefined,0,0,,105.66333,3.73048,-1.68297,2387.524591,31.925636,7:00,1.617246,0.571297,1.81743,-215.2754,-48.4285,-33.7061,0.520746,-0.24154,96.77346,-11.773779,-4.070436,0.583329,,,,,,,,,,,,15.859,-26.2375,-0.528372,15.24,1.693305,0.97924,-29.024637,1.192604,1.716876,5.184121,-12.647078,TOK,KEI_KEI,JinguStadium,TeamExclusive,Team,20260912-JinguStadium-1,e915d300-ae59-11f1-af02-1b6488a193e9,103.98931,,,8.88987,,,,,,,fbfbdd1a-464e-45d5-a242-20ac040e30b5,2026/9/12,27:40.4,2026-09-12T12:27:40.4186624+09:00,2026-09-12T03:27:40.4186624Z,,v3,,,,"Fukami, Yuto",1000325714,Right,TOK,e86e48a4-bc4f-4634-b397-ae9f305348d6,16.624479,-29.270876,2.59206,1.622391,1.793323,-6.323539,-0.572948,0.897691,0.858438,,,,,,,,,,,,,,,,,,,,,,,,,,,,,,,,,,,,,,,,,,,,,,,,,,,High,High,High,,,,,
156,2026/9/12,27:50.3,1,2,"Eguchi, Naoki",1000325707,Right,TOK,"Yoshino, Taiyo",1000242225,Left,KEI_KEI,Undefined,6,Top,0,1,0,Slider,Curveball,StrikeCalled,Undefined,Undefined,Undefined,0,0,,114.29414,1.818874,-2.184548,2215.266068,40.725458,7:15,1.606731,0.588102,1.881262,-142.3325,-5.067,-7.4441,0.695973,-0.101599,106.79272,-8.479356,-2.713125,0.529097,,,,,,,,,,,,2.5556,-2.6274,-0.537265,15.24,1.639942,1.229321,-31.488175,0.534215,0.336278,4.524534,-10.152376,TOK,KEI_KEI,JinguStadium,TeamExclusive,Team,20260912-JinguStadium-1,eeef7970-ae59-11f1-af02-1b6488a193e9,114.64816,,,7.50142,,,,,,,fbfbdd1a-464e-45d5-a242-20ac040e30b5,2026/9/12,27:50.3,2026-09-12T12:27:50.2823424+09:00,2026-09-12T03:27:50.2823424Z,,v3,,,,"Fukami, Yuto",1000325714,Right,TOK,c24ec3a2-b893-467d-995a-7d534f05753f,16.559553,-31.677214,2.262267,1.608761,0.95839,-5.076188,-0.588334,1.215271,0.168139,,,,,,,,,,,,,,,,,,,,,,,,,,,,,,,,,,,,,,,,,,,,,,,,,,,High,High,High,,,,,
157,2026/9/12,28:00.3,1,3,"Eguchi, Naoki",1000325707,Right,TOK,"Yoshino, Taiyo",1000242225,Left,KEI_KEI,Undefined,6,Top,0,1,1,ChangeUp,Curveball,StrikeSwinging,Undefined,Undefined,Undefined,0,0,,111.89221,1.79897,-1.822871,1681.916874,239.361169,2:00,1.599888,0.554997,1.945055,-115.8528,26.5373,38.2038,0.946197,0.425744,103.84821,-6.700801,0.900377,0.538883,,,,,,,,,,,,-21.0174,14.0074,-0.516976,15.24,1.632939,0.84072,-30.820902,0.625227,-2.644303,4.431021,-8.044308,TOK,KEI_KEI,JinguStadium,TeamExclusive,Team,20260912-JinguStadium-1,f4ed97d0-ae59-11f1-af02-1b6488a193e9,112.56616,,,8.044,,,,,,,fbfbdd1a-464e-45d5-a242-20ac040e30b5,2026/9/12,28:00.4,2026-09-12T12:28:00.3554304+09:00,2026-09-12T03:28:00.3554304Z,,v3,,,,"Fukami, Yuto",1000325714,Right,TOK,418e06a1-d0db-4efb-8244-ccdbaac0527d,16.49496,-31.000798,2.21551,1.600925,0.951821,-4.022154,-0.553288,0.948077,-1.322151,,,,,,,,,,,,,,,,,,,,,,,,,,,,,,,,,,,,,,,,,,,,,,,,,,,High,High,High,,,,,
158,2026/9/12,28:16.2,1,4,"Eguchi, Naoki",1000325707,Right,TOK,"Yoshino, Taiyo",1000242225,Left,KEI_KEI,Undefined,6,Top,0,1,2,Fastball,Four-Seam,StrikeSwinging,Strikeout,Undefined,Undefined,0,0,,141.42122,-1.09174,-1.551499,2469.71708,201.730644,12:45,1.69223,0.511493,1.804128,-30.5931,61.2002,23.224,1.077348,0.304781,129.00889,-3.450301,0.08948,0.432673,,,,,,,,,,,,-12.9457,32.9522,-0.475178,15.24,1.663456,0.936431,-38.894103,-0.822739,-2.561113,8.012828,-3.287555,TOK,KEI_KEI,JinguStadium,TeamExclusive,Team,20260912-JinguStadium-1,fe4c4650-ae59-11f1-af02-1b6488a193e9,140.19814,,,12.41234,,,,,,,fbfbdd1a-464e-45d5-a242-20ac040e30b5,2026/9/12,28:16.2,2026-09-12T12:28:16.1612800+09:00,2026-09-12T03:28:16.1612800Z,,v3,,,,"Fukami, Yuto",1000325714,Right,TOK,225e81d3-2b92-48b5-b216-70cd1f1c69c8,16.635188,-39.180481,4.006414,1.690761,-0.705242,-1.643778,-0.510282,1.027965,-1.280557,,,,,,,,,,,,,,,,,,,,,,,,,,,,,,,,,,,,,,,,,,,,,,,,,,,High,High,High,,,,,
159,2026/9/12,28:43.8,2,1,"Eguchi, Naoki",1000325707,Right,TOK,"Nakatsuka, Haruto",1000325884,Left,KEI_KEI,Undefined,6,Top,1,0,0,Slider,Curveball,BallCalled,Undefined,Undefined,Undefined,0,0,,114.50075,1.42294,-0.509237,2146.696674,14.770412,6:30,1.615622,0.509292,1.818868,-144.2357,-6.0495,-2.5983,0.575478,0.339397,106.64891,-8.984698,-0.693419,0.530869,,,,,,,,,,,,1.0123,-2.7387,-0.496827,15.24,1.640352,0.290736,-31.549615,0.289705,0.133168,4.750299,-10.166929,TOK,KEI_KEI,JinguStadium,TeamExclusive,Team,20260912-JinguStadium-1,0ecf6ac0-ae5a-11f1-af02-1b6488a193e9,114.26557,,,7.85184,,,,,,,fbfbdd1a-464e-45d5-a242-20ac040e30b5,2026/9/12,28:43.7,2026-09-12T12:28:43.7506560+09:00,2026-09-12T03:28:43.7506560Z,,v3,,,,"Fukami, Yuto",1000325714,Right,TOK,303499ec-f162-4aad-b422-c5361a26aa4b,16.621665,-31.756965,2.37515,1.618021,0.733491,-5.083465,-0.50939,0.284923,0.066584,,,,,,,,,,,,,,,,,,,,,,,,,,,,,,,,,,,,,,,,,,,,,,,,,,,High,High,High,,,,,
160,2026/9/12,28:53.4,2,2,"Eguchi, Naoki",1000325707,Right,TOK,"Nakatsuka, Haruto",1000325884,Left,KEI_KEI,Undefined,6,Top,1,1,0,ChangeUp,Changeup,BallCalled,Undefined,Undefined,Undefined,0,0,,118.2839,-1.234603,-3.697291,1915.429041,228.956233,1:45,1.609164,0.510037,1.961157,-84.5291,43.8484,45.7999,0.417273,-0.069055,109.07364,-7.486918,-0.43332,0.511681,,,,,,,,,,,,-26.4413,24.9815,-0.432191,15.24,1.577732,1.925811,-32.521307,-0.949646,-3.675688,5.33816,-6.333894,TOK,KEI_KEI,JinguStadium,TeamExclusive,Team,20260912-JinguStadium-1,14842410-ae5a-11f1-af02-1b6488a193e9,118.55048,,,9.21026,,,,,,,fbfbdd1a-464e-45d5-a242-20ac040e30b5,2026/9/12,28:53.4,2026-09-12T12:28:53.3558272+09:00,2026-09-12T03:28:53.3558272Z,,v3,,,,"Fukami, Yuto",1000325714,Right,TOK,dd8f7f6d-b5c8-4893-9c00-bbd1ecb3cf02,16.478738,-32.724006,2.66908,1.609225,-0.709137,-3.166947,-0.507967,2.065383,-1.837844,,,,,,,,,,,,,,,,,,,,,,,,,,,,,,,,,,,,,,,,,,,,,,,,,,,High,High,High,,,,,
161,2026/9/12,29:04.8,2,3,"Eguchi, Naoki",1000325707,Right,TOK,"Nakatsuka, Haruto",1000325884,Left,KEI_KEI,Undefined,6,Top,1,2,0,Slider,Curveball,BallCalled,Undefined,Undefined,Undefined,0,0,,114.86447,3.598745,-0.152902,2252.689035,31.008218,7:00,1.600721,0.61554,1.799269,-147.9624,-10.2645,-8.3807,1.140657,0.488471,106.60769,-7.082265,-0.744877,0.52993,,,,,,,,,,,,4.1823,-6.177,-0.611229,15.24,1.678782,0.118372,-31.60643,1.471388,0.553865,4.614418,-10.624674,TOK,KEI_KEI,JinguStadium,TeamExclusive,Team,20260912-JinguStadium-1,1b560d30-ae5a-11f1-af02-1b6488a193e9,114.46798,,,8.25678,,,,,,,fbfbdd1a-464e-45d5-a242-20ac040e30b5,2026/9/12,29:04.8,2026-09-12T12:29:04.7900160+09:00,2026-09-12T03:29:04.7900160Z,,v3,,,,"Fukami, Yuto",1000325714,Right,TOK,38b82bb9-e0ce-46e8-9b81-63ff5e874ab3,16.641436,-31.810376,2.307209,1.603373,1.940973,-5.312337,-0.615919,0.093893,0.276932,,,,,,,,,,,,,,,,,,,,,,,,,,,,,,,,,,,,,,,,,,,,,,,,,,,High,High,High,,,,,
162,2026/9/12,29:19.4,2,4,"Eguchi, Naoki",1000325707,Right,TOK,"Nakatsuka, Haruto",1000325884,Left,KEI_KEI,Undefined,6,Top,1,3,0,Slider,Curveball,BallCalled,Walk,Undefined,Undefined,0,0,,114.67844,1.739754,-3.938372,2074.159363,47.914672,7:30,1.61936,0.611845,1.938109,-137.9417,-1.0698,-5.5064,0.729271,-0.549727,106.31777,-8.29139,-4.329408,0.528338,,,,,,,,,,,,0.2858,-0.8152,-0.524506,15.24,1.649959,2.190608,-31.530408,0.529674,0.037373,4.982615,-9.913244,TOK,KEI_KEI,JinguStadium,TeamExclusive,Team,20260912-JinguStadium-1,240038c0-ae5a-11f1-af02-1b6488a193e9,114.81287,,,8.36067,,,,,,,fbfbdd1a-464e-45d5-a242-20ac040e30b5,2026/9/12,29:19.4,2026-09-12T12:29:19.3575936+09:00,2026-09-12T03:29:19.3575936Z,,v3,,,,"Fukami, Yuto",1000325714,Right,TOK,20325cf4-a69b-4112-8f83-63f2ea119ad3,16.502684,-31.729317,2.491308,1.620915,0.925417,-4.956622,-0.611927,2.189116,0.018686,,,,,,,,,,,,,,,,,,,,,,,,,,,,,,,,,,,,,,,,,,,,,,,,,,,High,High,High,,,,,
163,2026/9/12,30:03.2,3,1,"Eguchi, Naoki",1000325707,Right,TOK,"Ichinomiya, Tomoki",1000422896,Right,KEI_KEI,Undefined,6,Top,1,0,0,Slider,Curveball,HitByPitch,Undefined,Undefined,Undefined,0,0,,113.61761,3.783923,-0.444685,1966.259079,7.505752,6:15,1.636207,0.548244,1.852423,-151.6211,-12.2504,-2.0844,1.18868,0.401993,105.81903,-7.181314,-0.592397,0.533139,,,,,,,,,,,,0.8253,-7.7117,-0.53763,15.24,1.715546,0.250587,-31.280251,1.568616,0.107381,4.370099,-10.809982,TOK,KEI_KEI,JinguStadium,TeamExclusive,Team,20260912-JinguStadium-1,3e2a8660-ae5a-11f1-af02-1b6488a193e9,113.77894,,,7.79858,,,,,,,fbfbdd1a-464e-45d5-a242-20ac040e30b5,2026/9/12,30:03.2,2026-09-12T12:30:03.2367616+09:00,2026-09-12T03:30:03.2367616Z,,v3,,,,"Fukami, Yuto",1000325714,Right,TOK,28bcd222-2d95-4032-b804-4ae7dde0cba7,16.588836,-31.46813,2.18505,1.638119,2.033357,-5.404991,-0.548304,0.245971,0.053691,,,,,,,,,,,,,,,,,,,,,,,,,,,,,,,,,,,,,,,,,,,,,,,,,,,High,High,High,,,,,
164,2026/9/12,30:55.2,4,1,"Eguchi, Naoki",1000325707,Right,TOK,"Hayashi, Jyunji",1000325862,Right,KEI_KEI,Undefined,6,Top,1,0,0,Fastball,Four-Seam,BallCalled,Undefined,Undefined,Undefined,0,0,,139.48112,-0.752689,-5.14463,2377.901333,198.819328,12:45,1.71362,0.45273,1.855932,-33.716,62.0315,19.9464,1.16337,-0.802231,125.34714,-3.376496,-3.740074,0.441894,,,,,,,,,,,,-14.3971,33.4639,-0.332722,15.24,1.693666,3.338001,-38.174827,-0.585181,-2.704,8.764717,-3.521605,TOK,KEI_KEI,JinguStadium,TeamExclusive,Team,20260912-JinguStadium-1,5d1e9110-ae5a-11f1-af02-1b6488a193e9,137.27268,,,14.13397,,,,,,,fbfbdd1a-464e-45d5-a242-20ac040e30b5,2026/9/12,30:55.2,2026-09-12T12:30:55.2225280+09:00,2026-09-12T03:30:55.2225280Z,,v3,,,,"Fukami, Yuto",1000325714,Right,TOK,164c9610-ada6-462b-beba-f218ff834819,16.582601,-38.481845,4.382358,1.712004,-0.461823,-1.760803,-0.451308,3.432719,-1.352,,,,,,,,,,,,,,,,,,,,,,,,,,,,,,,,,,,,,,,,,,,,,,,,,,,High,High,High,,,,,
165,2026/9/12,31:14.4,4,2,"Eguchi, Naoki",1000325707,Right,TOK,"Hayashi, Jyunji",1000325862,Right,KEI_KEI,Undefined,6,Top,1,1,0,Fastball,Four-Seam,BallCalled,Undefined,Undefined,Undefined,0,0,,136.69028,-3.649087,-2.812801,2242.57684,204.376042,12:45,1.712307,0.477559,1.925049,-41.7718,55.8337,23.7932,0.267516,-0.074813,124.68463,-6.814938,-1.120514,0.446161,,,,,,,,,,,,-14.5376,32.8182,-0.416161,15.24,1.628344,1.736451,-37.511001,-2.515261,-2.662865,7.772151,-3.795317,TOK,KEI_KEI,JinguStadium,TeamExclusive,Team,20260912-JinguStadium-1,6885e0d0-ae5a-11f1-af02-1b6488a193e9,135.95983,,,12.00565,,,,,,,fbfbdd1a-464e-45d5-a242-20ac040e30b5,2026/9/12,31:14.4,2026-09-12T12:31:14.3861760+09:00,2026-09-12T03:31:14.3861760Z,,v3,,,,"Fukami, Yuto",1000325714,Right,TOK,8973f064-8689-4334-9dba-f6e9dace833b,16.514697,-37.774191,3.886075,1.711343,-2.386739,-1.897659,-0.476489,1.826624,-1.331433,,,,,,,,,,,,,,,,,,,,,,,,,,,,,,,,,,,,,,,,,,,,,,,,,,,High,High,High,,,,,
166,2026/9/12,31:30.0,4,3,"Eguchi, Naoki",1000325707,Right,TOK,"Hayashi, Jyunji",1000325862,Right,KEI_KEI,Undefined,6,Top,1,2,0,Slider,Curveball,BallCalled,Undefined,Undefined,Undefined,0,0,,117.56683,2.886629,-1.919922,2093.360385,60.765969,8:00,1.622008,0.590925,1.691609,-136.5447,-3.088,-12.02,1.079875,-0.076303,108.99424,-6.915503,-2.762655,0.521705,,,,,,,,,,,,4.8802,-2.1829,-0.539315,15.24,1.687303,1.135453,-32.32822,1.12191,0.675044,4.912608,-10.108593,TOK,KEI_KEI,JinguStadium,TeamExclusive,Team,20260912-JinguStadium-1,71e52b90-ae5a-11f1-af02-1b6488a193e9,116.27263,,,8.57259,,,,,,,fbfbdd1a-464e-45d5-a242-20ac040e30b5,2026/9/12,31:30.0,2026-09-12T12:31:30.0314624+09:00,2026-09-12T03:31:30.0314624Z,,v3,,,,"Fukami, Yuto",1000325714,Right,TOK,5f918c43-e9de-4c8b-a02e-d235b7c3af00,16.748824,-32.556694,2.456304,1.624193,1.592038,-5.054296,-0.591392,1.104058,0.337522,,,,,,,,,,,,,,,,,,,,,,,,,,,,,,,,,,,,,,,,,,,,,,,,,,,High,High,High,,,,,
167,2026/9/12,31:45.1,4,4,"Eguchi, Naoki",1000325707,Right,TOK,"Hayashi, Jyunji",1000325862,Right,KEI_KEI,Undefined,6,Top,1,3,0,Fastball,Four-Seam,BallCalled,Walk,Undefined,Undefined,0,0,,133.57972,-4.225825,-3.506442,2182.855191,203.476381,12:45,1.698517,0.422705,1.920773,-41.4486,61.1695,25.0168,0.092967,-0.313022,121.77177,-7.375092,-1.729654,0.457474,,,,,,,,,,,,-15.6989,36.1015,-0.345616,15.24,1.601248,2.133023,-36.603122,-2.822424,-2.735955,7.451096,-3.514973,TOK,KEI_KEI,JinguStadium,TeamExclusive,Team,20260912-JinguStadium-1,7ad316e0-ae5a-11f1-af02-1b6488a193e9,132.59758,,,11.80795,,,,,,,fbfbdd1a-464e-45d5-a242-20ac040e30b5,2026/9/12,31:45.1,2026-09-12T12:31:45.0955776+09:00,2026-09-12T03:31:45.0955776Z,,v3,,,,"Fukami, Yuto",1000325714,Right,TOK,d78bf948-d47f-4718-978f-aae299421375,16.518907,-36.862543,3.725548,1.697385,-2.700045,-1.757486,-0.421539,2.228279,-1.367978,,,,,,,,,,,,,,,,,,,,,,,,,,,,,,,,,,,,,,,,,,,,,,,,,,,High,High,High,,,,,
168,2026/9/12,32:54.2,5,1,"Eguchi, Naoki",1000325707,Right,TOK,"Obara, Yamato",1000242233,Left,KEI_KEI,Undefined,6,Top,1,0,0,Slider,Curveball,BallCalled,Undefined,Undefined,Undefined,0,0,,117.66126,0.926038,-1.685602,2068.650705,21.906569,6:45,1.590205,0.575472,1.894146,-140.1827,-10.5775,-5.6676,0.448989,0.044533,109.76875,-9.21482,-2.089054,0.514122,,,,,,,,,,,,1.8911,-5.0604,-0.536644,15.24,1.6029,0.976285,-32.432065,0.052688,0.262874,5.02178,-10.510084,TOK,KEI_KEI,JinguStadium,TeamExclusive,Team,20260912-JinguStadium-1,a410cc50-ae5a-11f1-af02-1b6488a193e9,117.98763,,,7.89251,,,,,,,fbfbdd1a-464e-45d5-a242-20ac040e30b5,2026/9/12,32:54.2,2026-09-12T12:32:54.2074368+09:00,2026-09-12T03:32:54.2074368Z,,v3,,,,"Fukami, Yuto",1000325714,Right,TOK,aaef675b-a751-4c1b-b3d0-93726f080250,16.546749,-32.633774,2.51089,1.592306,0.474846,-5.255042,-0.575647,0.965726,0.131437,,,,,,,,,,,,,,,,,,,,,,,,,,,,,,,,,,,,,,,,,,,,,,,,,,,High,High,High,,,,,
169,2026/9/12,33:09.3,5,2,"Eguchi, Naoki",1000325707,Right,TOK,"Obara, Yamato",1000242233,Left,KEI_KEI,Undefined,6,Top,1,1,0,Fastball,Four-Seam,BallCalled,Undefined,Undefined,Undefined,0,0,,136.08759,-3.314334,-2.688953,2327.020574,204.459183,12:45,1.64837,0.518482,1.907952,-37.6809,61.2617,26.2847,0.338034,0.025072,123.5939,-6.204718,-0.821419,0.449207,,,,,,,,,,,,-15.6451,35.3054,-0.459155,15.24,1.571044,1.631676,-37.339347,-2.262078,-2.830989,7.907794,-3.418101,TOK,KEI_KEI,JinguStadium,TeamExclusive,Team,20260912-JinguStadium-1,ad010190-ae5a-11f1-af02-1b6488a193e9,135.03805,,,12.49369,,,,,,,fbfbdd1a-464e-45d5-a242-20ac040e30b5,2026/9/12,33:09.3,2026-09-12T12:33:09.2761088+09:00,2026-09-12T03:33:09.2761088Z,,v3,,,,"Fukami, Yuto",1000325714,Right,TOK,7a6ca1ac-d772-4537-8558-7af8c0253aed,16.53119,-37.611803,3.953897,1.646953,-2.14431,-1.709051,-0.517053,1.729215,-1.415495,,,,,,,,,,,,,,,,,,,,,,,,,,,,,,,,,,,,,,,,,,,,,,,,,,,High,High,High,,,,,
170,2026/9/12,33:26.5,5,3,"Eguchi, Naoki",1000325707,Right,TOK,"Obara, Yamato",1000242233,Left,KEI_KEI,Undefined,6,Top,1,2,0,Slider,Curveball,BallCalled,Undefined,Undefined,Undefined,0,0,,116.77124,2.682949,-0.660392,2024.8856,10.544182,6:15,1.606695,0.581364,1.798107,-145.9427,-13.0392,-3.0789,0.907032,0.363704,108.75409,-7.833938,-0.878098,0.520622,,,,,,,,,,,,1.1797,-7.1657,-0.564969,15.24,1.662382,0.383266,-32.163491,0.989297,0.161919,4.734312,-10.790182,TOK,KEI_KEI,JinguStadium,TeamExclusive,Team,20260912-JinguStadium-1,b75533a0-ae5a-11f1-af02-1b6488a193e9,116.5144,,,8.01715,,,,,,,fbfbdd1a-464e-45d5-a242-20ac040e30b5,2026/9/12,33:26.5,2026-09-12T12:33:26.4979968+09:00,2026-09-12T03:33:26.4979968Z,,v3,,,,"Fukami, Yuto",1000325714,Right,TOK,4236bf4b-a65c-49aa-966c-32d576c1a381,16.642811,-32.36932,2.367156,1.609174,1.45841,-5.395091,-0.581479,0.376226,0.080959,,,,,,,,,,,,,,,,,,,,,,,,,,,,,,,,,,,,,,,,,,,,,,,,,,,High,High,High,,,,,
171,2026/9/12,33:43.2,5,4,"Eguchi, Naoki",1000325707,Right,TOK,"Obara, Yamato",1000242233,Left,KEI_KEI,Undefined,6,Top,1,3,0,Fastball,Four-Seam,StrikeCalled,Undefined,Undefined,Undefined,0,0,,138.47737,-1.714537,-1.055205,2240.715397,201.848595,12:45,1.676402,0.498748,1.886448,-35.8731,59.2356,22.4838,0.834949,0.426602,126.05261,-4.468414,0.542106,0.440418,,,,,,,,,,,,-12.3591,32.8087,-0.475799,15.24,1.634744,0.593952,-38.082622,-1.235416,-2.334585,7.972668,-3.609203,TOK,KEI_KEI,JinguStadium,TeamExclusive,Team,20260912-JinguStadium-1,c13965d0-ae5a-11f1-af02-1b6488a193e9,137.7329,,,12.42476,,,,,,,fbfbdd1a-464e-45d5-a242-20ac040e30b5,2026/9/12,33:43.2,2026-09-12T12:33:43.1896576+09:00,2026-09-12T03:33:43.1896576Z,,v3,,,,"Fukami, Yuto",1000325714,Right,TOK,c9d11e96-cb16-4f9c-a372-f5094e824545,16.552693,-38.356452,3.986334,1.675047,-1.111453,-1.804601,-0.497576,0.674136,-1.167293,,,,,,,,,,,,,,,,,,,,,,,,,,,,,,,,,,,,,,,,,,,,,,,,,,,High,High,High,,,,,
172,2026/9/12,33:59.2,5,5,"Eguchi, Naoki",1000325707,Right,TOK,"Obara, Yamato",1000242233,Left,KEI_KEI,Undefined,6,Top,1,3,1,Fastball,Four-Seam,StrikeSwinging,Undefined,Undefined,Undefined,0,0,,137.73068,-2.850578,-2.164655,2236.395504,202.555358,12:45,1.66298,0.554981,1.910947,-39.2963,56.5359,22.173,0.467807,0.168181,125.83238,-5.837808,-0.587967,0.44209,,,,,,,,,,,,-13.0084,32.3005,-0.507382,15.24,1.596237,1.326534,-37.842049,-1.995284,-2.433384,7.666296,-3.764433,TOK,KEI_KEI,JinguStadium,TeamExclusive,Team,20260912-JinguStadium-1,cac73aa0-ae5a-11f1-af02-1b6488a193e9,137.21199,,,11.89829,,,,,,,fbfbdd1a-464e-45d5-a242-20ac040e30b5,2026/9/12,33:59.2,2026-09-12T12:33:59.2030208+09:00,2026-09-12T03:33:59.2030208Z,,v3,,,,"Fukami, Yuto",1000325714,Right,TOK,5ed20271-fe40-4b7b-adcb-15f07272c2dc,16.52831,-38.10215,3.833148,1.661766,-1.867565,-1.882216,-0.553789,1.409093,-1.216692,,,,,,,,,,,,,,,,,,,,,,,,,,,,,,,,,,,,,,,,,,,,,,,,,,,High,High,High,,,,,
173,2026/9/12,34:22.1,5,6,"Eguchi, Naoki",1000325707,Right,TOK,"Obara, Yamato",1000242233,Left,KEI_KEI,Undefined,6,Top,1,3,2,Slider,Slider,InPlay,Undefined,LineDrive,Single,0,1,,119.76421,0.171173,-2.204879,2081.377704,63.888679,8:15,1.60355,0.552955,1.818158,-126.3966,1.0212,-5.7164,0.387995,-0.127631,110.77282,-8.964528,-2.609642,0.509765,124.92733,8.071591,-21.273388,2806.027801,,,,39.261325,37.911064,-27.183283,1.316504,1.4285,1.4748,-0.499281,15.24,1.599168,1.29234,-32.959353,-0.346181,0.20336,5.642432,-9.596701,TOK,KEI_KEI,JinguStadium,TeamExclusive,Team,20260912-JinguStadium-1,d8779000-ae5a-11f1-af02-1b6488a193e9,118.99612,1.847426,,8.99139,,,,0.287359,0.381879,0.12841,fbfbdd1a-464e-45d5-a242-20ac040e30b5,2026/9/12,34:22.1,2026-09-12T12:34:22.1262848+09:00,2026-09-12T03:34:22.1262848Z,GroundBall,v3,,,,"Fukami, Yuto",1000325714,Right,TOK,fd1a7a4c-14d9-42d9-b6cb-1349b2072e79,16.622144,-33.195124,2.821216,1.605255,0.05482,-4.79835,-0.553104,1.283843,0.10168,113.710637,0.287359,32.01708,-5.274039,0.892915,-0.162968,0.023684,-0.003123,0.000415,-3.40E-05,0.381879,4.872524,-4.151756,0.175717,-0.001041,-0.000463,0.000822,-0.000174,1.00E-05,0.12841,-12.46581,-1.48664,0.573247,-0.168362,0.039551,-0.008417,0.00143,-0.000136,,,,,,,,,,,,,,,,,,,,,,,High,High,High,High,High,,,
174,2026/9/12,35:07.6,6,1,"Eguchi, Naoki",1000325707,Right,TOK,"Yoshigai, Tetsuro",1000242230,Right,KEI_KEI,Undefined,6,Top,1,0,0,Fastball,Four-Seam,StrikeCalled,Undefined,Undefined,Undefined,0,0,,140.28377,-2.893173,-2.49512,2239.197812,206.177334,12:45,1.704926,0.440429,1.912921,-34.6761,57.529,26.8146,0.543857,0.007121,128.3229,-5.544489,-0.588911,0.433643,,,,,,,,,,,,-15.7225,32.8639,-0.385778,15.24,1.637628,1.555027,-38.549705,-2.045422,-3.057052,7.837411,-3.416662,TOK,KEI_KEI,JinguStadium,TeamExclusive,Team,20260912-JinguStadium-1,f38538c0-ae5a-11f1-af02-1b6488a193e9,139.88471,,,11.96087,,,,,,,fbfbdd1a-464e-45d5-a242-20ac040e30b5,2026/9/12,35:07.6,2026-09-12T12:35:07.5942912+09:00,2026-09-12T03:35:07.5942912Z,,v3,,,,"Fukami, Yuto",1000325714,Right,TOK,936d7940-f8cf-4c58-aff1-785791965966,16.526884,-38.810455,3.918706,1.703788,-1.931749,-1.708331,-0.439205,1.656735,-1.528526,,,,,,,,,,,,,,,,,,,,,,,,,,,,,,,,,,,,,,,,,,,,,,,,,,,High,High,High,,,,,
175,2026/9/12,35:21.2,6,2,"Eguchi, Naoki",1000325707,Right,TOK,"Yoshigai, Tetsuro",1000242230,Right,KEI_KEI,Undefined,6,Top,1,0,1,Fastball,Four-Seam,StrikeCalled,Undefined,Undefined,Undefined,0,0,,139.83862,-1.356156,-3.610236,2290.45225,205.319136,12:45,1.700616,0.469598,1.856333,-34.794,58.7689,26.3741,0.969489,-0.285881,127.53917,-4.021636,-1.745434,0.436824,,,,,,,,,,,,-16.1154,32.1354,-0.386306,15.24,1.666427,2.295244,-38.405522,-1.007074,-3.108573,7.813039,-3.607886,TOK,KEI_KEI,JinguStadium,TeamExclusive,Team,20260912-JinguStadium-1,fbaa07b0-ae5a-11f1-af02-1b6488a193e9,138.86598,,,12.29946,,,,,,,fbfbdd1a-464e-45d5-a242-20ac040e30b5,2026/9/12,35:21.2,2026-09-12T12:35:21.2194304+09:00,2026-09-12T03:35:21.2194304Z,,v3,,,,"Fukami, Yuto",1000325714,Right,TOK,78152f36-513c-4807-a6c7-66d118e4ea84,16.583108,-38.677792,3.90652,1.699331,-0.881346,-1.803943,-0.468179,2.403572,-1.554286,,,,,,,,,,,,,,,,,,,,,,,,,,,,,,,,,,,,,,,,,,,,,,,,,,,High,High,High,,,,,
176,2026/9/12,35:40.9,6,3,"Eguchi, Naoki",1000325707,Right,TOK,"Yoshigai, Tetsuro",1000242230,Right,KEI_KEI,Undefined,6,Top,1,0,2,Fastball,Four-Seam,InPlay,Undefined,FlyBall,Sacrifice,1,1,,137.05754,-0.876807,-1.924792,2250.427576,188.271587,12:15,1.715752,0.443522,1.827964,-36.615,61.0553,8.4148,1.101801,-0.016164,124.84876,-3.679493,-1.329664,0.446309,146.14085,36.474833,-24.253633,3246.033801,30.03811,23.931974,-14.89424,101.064068,100.01527,-30.334413,5.600582,-5.7526,33.0571,-0.397907,15.24,1.692334,1.227047,-37.689838,-0.681797,-1.065609,7.726264,-3.683175,TOK,KEI_KEI,JinguStadium,TeamExclusive,Team,20260912-JinguStadium-1,07696280-ae5b-11f1-af02-1b6488a193e9,135.91471,31.840057,,12.20877,,,,0.52379,1.120168,0.007283,fbfbdd1a-464e-45d5-a242-20ac040e30b5,2026/9/12,35:40.9,2026-09-12T12:35:40.9485824+09:00,2026-09-12T03:35:40.9485824Z,FlyBall,v3,,,,"Fukami, Yuto",1000325714,Right,TOK,fa9127de-2fd3-4691-bf66-708f5fa23e85,16.61167,-37.969984,3.863132,1.714634,-0.54825,-1.841587,-0.443099,1.265685,-0.532805,165.323325,0.525278,29.732989,-6.945494,1.694016,-0.269874,0.017255,0.002237,-0.000467,2.30E-05,1.118846,24.154263,-5.06038,0.076805,0.039782,-0.01711,0.004648,-0.000651,3.40E-05,0.006819,-13.400459,1.671284,-0.271629,0.010538,0.008426,-0.002225,0.000229,-9.00E-06,,,,,,,,,,,,,,,,,,,,,,,High,High,High,High,Medium,,,
177,2026/9/12,36:25.6,7,1,"Eguchi, Naoki",1000325707,Right,TOK,"Maruta, Minato",1000325879,Left,KEI_KEI,Undefined,6,Top,2,0,0,Slider,Curveball,BallCalled,Undefined,Undefined,Undefined,0,0,,116.4411,3.491351,-1.408654,1992.901197,74.227998,8:30,1.638764,0.608069,1.772257,-134.9485,1.8566,-8.9163,1.28028,0.119602,106.1864,-6.309127,-2.036765,0.528209,,,,,,,,,,,,3.4849,-0.1814,-0.572281,15.24,1.716507,0.823884,-31.963687,1.474158,0.463941,5.593974,-9.8308,TOK,KEI_KEI,JinguStadium,TeamExclusive,Team,20260912-JinguStadium-1,220ed390-ae5b-11f1-af02-1b6488a193e9,114.84091,,,10.2547,,,,,,,fbfbdd1a-464e-45d5-a242-20ac040e30b5,2026/9/12,36:25.6,2026-09-12T12:36:25.5709184+09:00,2026-09-12T03:36:25.5709184Z,,v3,,,,"Fukami, Yuto",1000325714,Right,TOK,82c44fb8-dc42-4333-a251-250aed8a79ed,16.667262,-32.212504,2.796987,1.641212,1.911426,-4.9154,-0.608468,0.803248,0.231971,,,,,,,,,,,,,,,,,,,,,,,,,,,,,,,,,,,,,,,,,,,,,,,,,,,High,High,High,,,,,
178,2026/9/12,36:42.3,7,2,"Eguchi, Naoki",1000325707,Right,TOK,"Maruta, Minato",1000325879,Left,KEI_KEI,Undefined,6,Top,2,1,0,ChangeUp,Changeup,FoulBallNotFieldable,Undefined,Undefined,Undefined,0,0,,118.7833,-0.40498,-2.388783,1852.988277,225.572849,1:30,1.632024,0.550278,1.839343,-87.4285,41.3999,38.2746,0.643337,0.25843,109.58125,-6.824633,0.322056,0.512579,,,,,,,,,,,,-21.4026,22.7839,-0.495953,15.24,1.616666,1.209583,-32.687973,-0.510957,-3.008537,5.344721,-6.603942,TOK,KEI_KEI,JinguStadium,TeamExclusive,Team,20260912-JinguStadium-1,2c099b00-ae5b-11f1-af02-1b6488a193e9,118.34279,,,9.20205,,,,,,,fbfbdd1a-464e-45d5-a242-20ac040e30b5,2026/9/12,36:42.3,2026-09-12T12:36:42.3400960+09:00,2026-09-12T03:36:42.3400960Z,,v3,,,,"Fukami, Yuto",1000325714,Right,TOK,016cd592-9c23-4d18-aa52-00c379082427,16.600627,-32.909693,2.672361,1.632181,-0.236999,-3.301971,-0.54872,1.334389,-1.504268,,,,,,,,,,,,,,,,,,,,,,,,,,,,,,,,,,,,,,,,,,,,,,,,,,,High,High,High,,,,,
179,2026/9/12,37:13.8,7,3,"Eguchi, Naoki",1000325707,Right,TOK,"Maruta, Minato",1000325879,Left,KEI_KEI,Undefined,6,Top,2,1,1,ChangeUp,Other,StrikeSwinging,Undefined,Undefined,Undefined,0,0,,117.33305,-0.863995,-3.829871,1804.564103,247.042038,2:15,1.624233,0.570381,1.959484,-105.646,25.0994,49.6102,0.325174,-0.008018,108.24642,-8.614234,-0.29217,0.516378,,,,,,,,,,,,-28.6262,14.953,-0.489764,15.24,1.599715,1.971277,-32.260656,-0.811366,-3.905922,5.38469,-7.766377,TOK,KEI_KEI,JinguStadium,TeamExclusive,Team,20260912-JinguStadium-1,3eca7a70-ae5b-11f1-af02-1b6488a193e9,117.47207,,,9.08662,,,,,,,fbfbdd1a-464e-45d5-a242-20ac040e30b5,2026/9/12,37:13.8,2026-09-12T12:37:13.7650000+09:00,2026-09-12T03:37:13.7650000Z,,v3,,,,"Fukami, Yuto",1000325714,Right,TOK,cd165407-2c73-4b13-9e7e-09e73bf660e0,16.480721,-32.467087,2.692345,1.625113,-0.51363,-3.883188,-0.568206,2.121017,-1.952961,,,,,,,,,,,,,,,,,,,,,,,,,,,,,119.33758,2.819214,1.950464,0.86875,0.193762,0.288846,0.009122,0.280993,1.452192,0.504455,20.411566,1.175985,17.619908,0.293957,25.570805,-2.791651,1.458104,3.414534,-4.310456,0.506704,20.519196,-0.946834,High,High,High,,,High,Medium,Medium
180,2026/9/12,38:02.9,7,4,"Eguchi, Naoki",1000325707,Right,TOK,"Maruta, Minato",1000325879,Left,KEI_KEI,Undefined,6,Top,2,1,2,Fastball,Four-Seam,BallCalled,Undefined,Undefined,Undefined,0,0,,137.73755,-3.9775,-1.220775,2201.040313,209.789255,1:00,1.725596,0.497961,1.906847,-41.2806,54.5332,29.4351,0.192826,0.449151,126.30117,-7.085061,0.873914,0.442047,,,,,,,,,,,,-16.2504,32.1564,-0.47209,15.24,1.633056,0.673306,-37.835622,-2.755057,-3.042396,7.580214,-3.786338,TOK,KEI_KEI,JinguStadium,TeamExclusive,Team,20260912-JinguStadium-1,5c07d470-ae5b-11f1-af02-1b6488a193e9,137.22517,,,11.43638,,,,,,,fbfbdd1a-464e-45d5-a242-20ac040e30b5,2026/9/12,38:02.9,2026-09-12T12:38:02.9345792+09:00,2026-09-12T03:38:02.9345792Z,,v3,,,,"Fukami, Yuto",1000325714,Right,TOK,83e4a1b7-af61-4c3a-9e52-b9ac7d0e49c9,16.533135,-38.093816,3.790107,1.724701,-2.626089,-1.893169,-0.496789,0.776935,-1.521198,,,,,,,,,,,,,,,,,,,,,,,,,,,,,,,,,,,,,,,,,,,,,,,,,,,High,High,High,,,,,
181,2026/9/12,38:21.6,7,5,"Eguchi, Naoki",1000325707,Right,TOK,"Maruta, Minato",1000325879,Left,KEI_KEI,Undefined,6,Top,2,2,2,ChangeUp,Changeup,InPlay,Undefined,FlyBall,Out,1,0,,117.94103,0.229089,-2.776685,1780.283453,236.032484,1:45,1.619612,0.563608,1.874913,-97.911,32.4992,42.3136,0.705093,0.204173,108.5869,-6.958052,0.225662,0.515716,149.29244,37.886692,-0.23892,3807.838108,33.462162,24.682154,-2.099137,103.850072,103.45029,-9.130397,5.774305,-23.9269,17.8302,-0.501886,15.24,1.618835,1.407777,-32.450808,-0.181075,-3.306583,5.396696,-7.342594,TOK,KEI_KEI,JinguStadium,TeamExclusive,Team,20260912-JinguStadium-1,67348c30-ae5b-11f1-af02-1b6488a193e9,117.6229,34.210788,,9.35412,,,,0.837672,0.784732,-0.205686,fbfbdd1a-464e-45d5-a242-20ac040e30b5,2026/9/12,38:21.6,2026-09-12T12:38:21.5749632+09:00,2026-09-12T03:38:21.5749632Z,FlyBall,v3,,,,"Fukami, Yuto",1000325714,Right,TOK,683566f4-15c6-4f6d-8f23-133531158bb1,16.565232,-32.670456,2.698348,1.620123,0.117772,-3.671297,-0.561922,1.542356,-1.653291,162.564302,0.839447,32.695256,-6.886814,1.493933,-0.176722,-0.005141,0.005021,-0.000625,2.60E-05,0.783783,25.482141,-5.413691,0.314393,-0.062649,0.008398,0.000667,-0.000281,1.90E-05,-0.205394,-0.142859,-1.51372,0.405875,-0.06068,0.001681,0.001068,-0.000168,8.00E-06,,,,,,,,,,,,,,,,,,,,,,,High,High,High,High,Medium,,,
182,2026/9/12,40:29.2,1,1,"Watanabe, Kazuhiro",1000242226,Left,KEI_KEI,"Akashi, Ken",1000325692,Left,TOK,Undefined,6,Bottom,0,0,0,Slider,Curveball,BallCalled,Undefined,Undefined,Undefined,0,0,,126.44349,-0.90897,1.890969,1349.917221,290.863808,3:45,1.73396,-0.548521,1.862358,-118.223,-5.6194,22.6046,0.295389,0.21066,118.2664,-9.419667,3.497286,0.479215,,,,,,,,,,,,-10.6029,-1.5204,0.502851,15.24,1.705166,-1.24422,-34.84616,-0.984735,-1.703243,5.734061,-10.05089,TOK,KEI_KEI,JinguStadium,TeamExclusive,Team,20260912-JinguStadium-1,b33fb5f0-ae5b-11f1-af02-1b6488a193e9,126.58194,,,8.17709,,,,,,,fbfbdd1a-464e-45d5-a242-20ac040e30b5,2026/9/12,40:29.2,2026-09-12T12:40:29.1782144+09:00,2026-09-12T03:40:29.1782144Z,,v3,,,,"Yoshigai, Tetsuro",1000242230,Right,KEI_KEI,7d1ccb3d-8abf-4773-8fe8-ffb24566d063,16.578544,-35.06573,2.86703,1.735505,-0.599863,-5.025445,0.549246,-1.178999,-0.851621,,,,,,,,,,,,,,,,,,,,,,,,,,,,,,,,,,,,,,,,,,,,,,,,,,,High,High,High,,,,,
183,2026/9/12,40:39.8,1,2,"Watanabe, Kazuhiro",1000242226,Left,KEI_KEI,"Akashi, Ken",1000325692,Left,TOK,Undefined,6,Bottom,0,1,0,Fastball,Four-Seam,StrikeCalled,Undefined,Undefined,Undefined,0,0,,141.84512,-3.128969,3.25086,2252.317884,162.510078,11:30,1.767125,-0.578075,1.864926,-35.2323,55.5316,-16.5856,0.530789,0.173115,129.95602,-5.802001,2.07689,0.43024,,,,,,,,,,,,10.7877,31.6984,0.50313,15.24,1.691641,-2.130846,-38.934913,-2.235048,2.144263,7.833448,-3.505992,TOK,KEI_KEI,JinguStadium,TeamExclusive,Team,20260912-JinguStadium-1,b991c0b0-ae5b-11f1-af02-1b6488a193e9,140.99091,,,11.8891,,,,,,,fbfbdd1a-464e-45d5-a242-20ac040e30b5,2026/9/12,40:39.9,2026-09-12T12:40:39.8540800+09:00,2026-09-12T03:40:39.8540800Z,,v3,,,,"Yoshigai, Tetsuro",1000242230,Right,KEI_KEI,4b9aa313-3588-41f6-be66-0baaeee5caeb,16.574608,-39.202508,3.916724,1.765946,-2.115282,-1.752996,0.577172,-2.204095,1.072132,,,,,,,,,,,,,,,,,,,,,,,,,,,,,,,,,,,,,,,,,,,,,,,,,,,High,High,High,,,,,
184,2026/9/12,40:49.6,1,3,"Watanabe, Kazuhiro",1000242226,Left,KEI_KEI,"Akashi, Ken",1000325692,Left,TOK,Undefined,6,Bottom,0,1,1,Slider,Curveball,BallCalled,Undefined,Undefined,Undefined,0,0,,127.88012,-1.638255,1.579915,2716.746254,272.524587,3:00,1.734581,-0.558962,1.832574,-107.9816,1.8482,20.1047,0.191894,0.088295,120.30343,-9.386931,3.006506,0.473276,,,,,,,,,,,,-9.5755,2.6188,0.519823,15.24,1.688145,-1.056379,-35.251964,-1.409383,-1.585313,5.429171,-9.373086,TOK,KEI_KEI,JinguStadium,TeamExclusive,Team,20260912-JinguStadium-1,bf6832d0-ae5b-11f1-af02-1b6488a193e9,128.17042,,,7.57669,,,,,,,fbfbdd1a-464e-45d5-a242-20ac040e30b5,2026/9/12,40:49.6,2026-09-12T12:40:49.6186880+09:00,2026-09-12T03:40:49.6186880Z,,v3,,,,"Yoshigai, Tetsuro",1000242230,Right,KEI_KEI,33f3ab76-6a4f-47ad-a029-1ba60846545c,16.608427,-35.462089,2.714586,1.735673,-1.046615,-4.686543,0.559521,-0.995022,-0.792657,,,,,,,,,,,,,,,,,,,,,,,,,,,,,,,,,,,,,,,,,,,,,,,,,,,High,High,High,,,,,
185,2026/9/12,41:00.9,1,4,"Watanabe, Kazuhiro",1000242226,Left,KEI_KEI,"Akashi, Ken",1000325692,Left,TOK,Undefined,6,Bottom,0,2,1,Slider,Curveball,BallCalled,Undefined,Undefined,Undefined,0,0,,120.43633,6.841349,-1.834127,2720.778047,301.341602,4:00,1.723605,-0.553976,1.734063,-148.3429,-19.1136,38.0144,2.193918,-0.695038,109.20512,-3.837336,0.830004,0.513376,,,,,,,,,,,,-20.0517,-12.5403,0.598393,15.24,1.889151,0.874317,-32.903015,3.369032,-2.842921,5.659529,-11.584603,TOK,KEI_KEI,JinguStadium,TeamExclusive,Team,20260912-JinguStadium-1,c62b4ee0-ae5b-11f1-af02-1b6488a193e9,118.1591,,,11.23121,,,,,,,fbfbdd1a-464e-45d5-a242-20ac040e30b5,2026/9/12,41:00.9,2026-09-12T12:41:00.9104384+09:00,2026-09-12T03:41:00.9104384Z,,v3,,,,"Yoshigai, Tetsuro",1000242230,Right,KEI_KEI,975f62ad-50d8-4189-b3c5-1d58bbfcdd9b,16.706036,-33.154223,2.829764,1.728199,3.883236,-5.792301,0.556785,1.000506,-1.42146,,,,,,,,,,,,,,,,,,,,,,,,,,,,,,,,,,,,,,,,,,,,,,,,,,,High,High,High,,,,,
186,2026/9/12,41:17.5,1,5,"Watanabe, Kazuhiro",1000242226,Left,KEI_KEI,"Akashi, Ken",1000325692,Left,TOK,Undefined,6,Bottom,0,3,1,Fastball,Four-Seam,BallCalled,Walk,Undefined,Undefined,0,0,,142.1414,-0.624509,1.925703,2272.456837,149.13168,11:00,1.733715,-0.598337,1.896466,-50.961,39.336,-21.7159,1.048362,-0.273707,129.17781,-4.446482,0.382444,0.429132,,,,,,,,,,,,12.6304,21.7264,0.555644,15.24,1.716398,-1.207607,-39.085836,-0.599909,2.509002,8.523861,-5.490761,TOK,KEI_KEI,JinguStadium,TeamExclusive,Team,20260912-JinguStadium-1,d0048490-ae5b-11f1-af02-1b6488a193e9,141.35499,,,12.9636,,,,,,,fbfbdd1a-464e-45d5-a242-20ac040e30b5,2026/9/12,41:17.5,2026-09-12T12:41:17.4878208+09:00,2026-09-12T03:41:17.4878208Z,,v3,,,,"Yoshigai, Tetsuro",1000242230,Right,KEI_KEI,243a8efe-9ac9-4415-a30d-576ac12fbb5e,16.542595,-39.368882,4.261931,1.733292,-0.417581,-2.745381,0.597128,-1.290922,1.254501,,,,,,,,,,,,,,,,,,,,,,,,,,,,,,,,,,,,,,,,,,,,,,,,,,,High,High,High,,,,,
187,2026/9/12,42:22.7,2,1,"Watanabe, Kazuhiro",1000242226,Left,KEI_KEI,"Higuchi, Kosuke",1000325727,Right,TOK,Undefined,6,Bottom,0,0,0,Fastball,Four-Seam,BallCalled,Undefined,Undefined,Undefined,0,0,,142.35661,-0.569494,4.160525,2287.12979,143.713028,10:45,1.743412,-0.592441,1.862412,-48.4004,42.9043,-29.1164,1.098476,0.291038,128.41414,-4.217039,2.102828,0.43152,,,,,,,,,,,,18.1346,23.4519,0.496663,15.24,1.726994,-2.690783,-39.03098,-0.55041,3.572193,8.918144,-5.187041,TOK,KEI_KEI,JinguStadium,TeamExclusive,Team,20260912-JinguStadium-1,f6d9c580-ae5b-11f1-af02-1b6488a193e9,140.5728,,,13.94247,,,,,,,fbfbdd1a-464e-45d5-a242-20ac040e30b5,2026/9/12,42:22.7,2026-09-12T12:42:22.6562048+09:00,2026-09-12T03:42:22.6562048Z,,v3,,,,"Yoshigai, Tetsuro",1000242230,Right,KEI_KEI,33d3340a-1eae-47c8-b42b-9de562283e51,16.576153,-39.335091,4.459072,1.742747,-0.37353,-2.593521,0.590496,-2.812596,1.786097,,,,,,,,,,,,,,,,,,,,,,,,,,,,,,,,,,,,,,,,,,,,,,,,,,,High,High,High,,,,,
188,2026/9/12,42:34.9,2,2,"Watanabe, Kazuhiro",1000242226,Left,KEI_KEI,"Higuchi, Kosuke",1000325727,Right,TOK,Undefined,6,Bottom,0,1,0,Fastball,Four-Seam,InPlay,Undefined,LineDrive,Single,0,0,,141.99986,-1.251263,2.515671,2247.935374,143.947047,10:45,1.716795,-0.630763,1.881069,-47.0872,43.9209,-29.6848,0.893287,-0.218973,128.67532,-4.800458,0.409137,0.430819,125.90005,13.910232,27.567367,2674.022441,28.516502,4.644871,17.633346,55.669438,55.22065,34.411093,2.040954,17.3101,24.6146,0.574495,15.24,1.685029,-1.570005,-39.01767,-1.009069,3.414707,8.754548,-4.951002,TOK,KEI_KEI,JinguStadium,TeamExclusive,Team,20260912-JinguStadium-1,fe2635d0-ae5b-11f1-af02-1b6488a193e9,140.80169,4.76927,,13.32454,,,,0.151944,0.875941,0.218922,fbfbdd1a-464e-45d5-a242-20ac040e30b5,2026/9/12,42:34.9,2026-09-12T12:42:34.9150208+09:00,2026-09-12T03:42:34.9150208Z,LineDrive,v3,,,,"Yoshigai, Tetsuro",1000242230,Right,KEI_KEI,2a9efcbc-b81e-49e3-87ec-d46fd893b8d1,16.5583,-39.312349,4.377274,1.71619,-0.842418,-2.475501,0.629276,-1.684945,1.707353,238.651363,0.151943,30.092899,-5.217605,1.020597,-0.202198,0.033441,-0.004166,0.000242,1.30E-05,0.875943,8.406999,-4.743398,0.247097,-0.034592,0.010026,-0.003157,0.00087,-0.000104,0.218924,15.709763,-0.071845,-0.125441,0.04526,-0.007224,-0.000599,0.000561,-8.20E-05,,,,,,,,,,,,,,,,,,,,,,,High,High,High,High,High,,,
189,2026/9/12,43:16.2,3,1,"Watanabe, Kazuhiro",1000242226,Left,KEI_KEI,"Hasegawa, Yu",1000422758,Left,TOK,Undefined,6,Bottom,0,0,0,Fastball,Four-Seam,BallCalled,Undefined,Undefined,Undefined,0,0,,142.64159,-3.640386,3.942759,2334.171979,137.569293,10:30,1.746151,-0.578862,1.900774,-46.8959,43.3262,-36.7613,0.249833,0.163843,129.87057,-7.152629,1.335023,0.428954,,,,,,,,,,,,22.0515,26.1381,0.491298,15.24,1.660355,-2.518111,-39.091297,-2.648864,4.38155,8.528786,-4.613095,TOK,KEI_KEI,JinguStadium,TeamExclusive,Team,20260912-JinguStadium-1,16c37ad0-ae5c-11f1-af02-1b6488a193e9,141.41366,,,12.77102,,,,,,,fbfbdd1a-464e-45d5-a242-20ac040e30b5,2026/9/12,43:16.2,2026-09-12T12:43:16.1993216+09:00,2026-09-12T03:43:16.1993216Z,,v3,,,,"Yoshigai, Tetsuro",1000242230,Right,KEI_KEI,a7958ee2-8869-443e-a882-b85ff7c48f6d,16.538911,-39.373669,4.264393,1.745525,-2.496134,-2.306548,0.577069,-2.663175,2.190775,,,,,,,,,,,,,,,,,,,,,,,,,,,,,,,,,,,,,,,,,,,,,,,,,,,High,High,High,,,,,
190,2026/9/12,43:32.4,3,2,"Watanabe, Kazuhiro",1000242226,Left,KEI_KEI,"Hasegawa, Yu",1000422758,Left,TOK,Undefined,6,Bottom,0,1,0,Slider,Curveball,BallCalled,Undefined,Undefined,Undefined,0,0,,122.65537,4.065259,-0.602905,2573.878998,282.635538,3:30,1.712479,-0.5539,1.845243,-122.208,-2.1309,23.6405,1.639339,-0.487601,113.47808,-4.803383,1.070277,0.494863,,,,,,,,,,,,-12.5062,-2.4857,0.566689,15.24,1.801029,0.255056,-33.736163,1.958658,-1.889408,5.181302,-10.182189,TOK,KEI_KEI,JinguStadium,TeamExclusive,Team,20260912-JinguStadium-1,2078fbe0-ae5c-11f1-af02-1b6488a193e9,122.57945,,,9.17728,,,,,,,fbfbdd1a-464e-45d5-a242-20ac040e30b5,2026/9/12,43:32.4,2026-09-12T12:43:32.4236288+09:00,2026-09-12T03:43:32.4236288Z,,v3,,,,"Yoshigai, Tetsuro",1000242230,Right,KEI_KEI,8aea05a2-9258-4256-a3c6-1f80ad67eb88,16.595319,-33.943678,2.590651,1.714417,2.366463,-5.091094,0.554958,0.330728,-0.944704,,,,,,,,,,,,,,,,,,,,,,,,,,,,,,,,,,,,,,,,,,,,,,,,,,,High,High,High,,,,,
191,2026/9/12,43:51.3,3,3,"Watanabe, Kazuhiro",1000242226,Left,KEI_KEI,"Hasegawa, Yu",1000422758,Left,TOK,Undefined,6,Bottom,0,2,0,Fastball,Four-Seam,FoulBallNotFieldable,Undefined,Undefined,Undefined,0,0,,142.37318,-0.866007,2.692131,2205.568557,145.956561,10:45,1.70607,-0.592151,1.942815,-46.3704,42.422,-26.8165,0.999224,-0.104804,130.44479,-4.350819,0.782479,0.425542,,,,,,,,,,,,15.8228,23.5522,0.534349,15.24,1.684357,-1.716305,-39.175756,-0.743406,3.185666,7.893218,-5.06478,TOK,KEI_KEI,JinguStadium,TeamExclusive,Team,20260912-JinguStadium-1,2bac4350-ae5c-11f1-af02-1b6488a193e9,142.5476,,,11.92839,,,,,,,fbfbdd1a-464e-45d5-a242-20ac040e30b5,2026/9/12,43:51.3,2026-09-12T12:43:51.3106432+09:00,2026-09-12T03:43:51.3106432Z,,v3,,,,"Yoshigai, Tetsuro",1000242230,Right,KEI_KEI,a3f9ed0f-2827-4e6a-b6f4-0831800c790e,16.496945,-39.428195,3.946609,1.705542,-0.581425,-2.53239,0.590868,-1.818188,1.592833,,,,,,,,,,,,,,,,,,,,,,,,,,,,,,,,,,,,,,,,,,,,,,,,,,,High,High,High,,,,,
192,2026/9/12,44:19.6,3,4,"Watanabe, Kazuhiro",1000242226,Left,KEI_KEI,"Hasegawa, Yu",1000422758,Left,TOK,Undefined,6,Bottom,0,2,1,Fastball,Four-Seam,StrikeCalled,Undefined,Undefined,Undefined,0,0,,142.47217,-2.66959,3.329551,2309.664175,143.43783,10:45,1.747762,-0.560302,1.880216,-39.9843,49.5483,-34.6744,0.594551,0.031357,130.73963,-5.67983,0.871517,0.427312,,,,,,,,,,,,20.1399,28.2724,0.485438,15.24,1.683502,-2.10856,-39.136075,-1.954476,4.053178,7.75432,-4.116791,TOK,KEI_KEI,JinguStadium,TeamExclusive,Team,20260912-JinguStadium-1,3c888440-ae5c-11f1-af02-1b6488a193e9,141.95717,,,11.73253,,,,,,,fbfbdd1a-464e-45d5-a242-20ac040e30b5,2026/9/12,44:19.6,2026-09-12T12:44:19.5774976+09:00,2026-09-12T03:44:19.5774976Z,,v3,,,,"Yoshigai, Tetsuro",1000242230,Right,KEI_KEI,98f45654-b7d7-47a8-8dd8-74d4d834d2c7,16.559574,-39.396664,3.87716,1.746859,-1.816128,-2.058395,0.558586,-2.24477,2.026589,,,,,,,,,,,,,,,,,,,,,,,,,,,,,,,,,,,,,,,,,,,,,,,,,,,High,High,High,,,,,
193,2026/9/12,44:37.6,3,5,"Watanabe, Kazuhiro",1000242226,Left,KEI_KEI,"Hasegawa, Yu",1000422758,Left,TOK,Undefined,6,Bottom,0,2,2,Fastball,Four-Seam,InPlay,Undefined,GroundBall,Out,1,0,,145.71133,-3.039898,3.896051,2298.250051,137.868482,10:30,1.69552,-0.582025,1.897932,-39.8871,45.2922,-38.6587,0.439,0.128704,134.26799,-6.028323,1.154806,0.416794,109.25102,-53.90192,160.885122,,,,,0.106007,0.106007,-160.690106,0.016796,22.6181,26.2687,0.495484,15.24,1.623663,-2.538994,-40.015728,-2.26296,4.779332,7.763662,-4.255925,TOK,KEI_KEI,JinguStadium,TeamExclusive,Team,20260912-JinguStadium-1,47487070-ae5c-11f1-af02-1b6488a193e9,145.53937,0.412733,,11.44334,,,,0.184312,0.412733,-0.133604,fbfbdd1a-464e-45d5-a242-20ac040e30b5,2026/9/12,44:37.6,2026-09-12T12:44:37.6356352+09:00,2026-09-12T03:44:37.6356352Z,GroundBall,v3,,,,"Yoshigai, Tetsuro",1000242230,Right,KEI_KEI,cbdcbbf3-80b5-4611-9e2a-2952343b8d78,16.542367,-40.267614,3.881831,1.694843,-2.12488,-2.127962,0.580375,-2.694056,2.389666,,0.184409,-16.930015,,,,,,,,0.412874,-24.57336,,,,,,,,-0.133638,5.867467,,,,,,,,,,,,,,,,,,,,,,,,,,,,,,High,High,High,Estimated,Estimated,,,
194,2026/9/12,47:14.7,4,1,"Mizuno, Keita",1000325881,Right,KEI_KEI,"Komura, Osuke",1000325744,Left,TOK,Undefined,6,Bottom,1,0,0,Splitter,Splitter,BallCalled,Undefined,Undefined,Undefined,0,0,,133.64049,-1.150313,-2.097065,1045.648575,295.612316,3:45,1.699365,0.532794,1.761784,-109.101,-7.247,20.7224,0.281875,0.145044,124.89459,-8.964259,-0.632927,0.455768,,,,,,,,,,,,-11.9105,-2.2656,-0.481598,15.24,1.662394,1.252496,-36.814246,-1.18635,-2.142347,6.182821,-10.214173,TOK,KEI_KEI,JinguStadium,TeamExclusive,Team,20260912-JinguStadium-1,a4ef5a90-ae5c-11f1-af02-1b6488a193e9,133.09406,,,8.7459,,,,,,,fbfbdd1a-464e-45d5-a242-20ac040e30b5,2026/9/12,47:14.7,2026-09-12T12:47:14.7200512+09:00,2026-09-12T03:47:14.7200512Z,,v3,,,,"Yoshigai, Tetsuro",1000242230,Right,KEI_KEI,b6a8c58e-25f8-4973-bb3a-c4d08a803788,16.679131,-37.055155,3.09141,1.700866,-0.788363,-5.107087,-0.532027,1.335971,-1.071174,,,,,,,,,,,,,,,,,,,,,,,,,,,,,,,,,,,,,,,,,,,,,,,,,,,High,High,High,,,,,
195,2026/9/12,47:31.9,4,2,"Mizuno, Keita",1000325881,Right,KEI_KEI,"Komura, Osuke",1000325744,Left,TOK,Undefined,6,Bottom,1,1,0,Fastball,Four-Seam,BallCalled,Undefined,Undefined,Undefined,0,0,,147.03622,-3.109786,-1.562081,2264.125938,207.737727,1:00,1.684978,0.541172,1.92604,-43.6726,39.4837,19.4655,0.374078,0.297205,135.65846,-6.360991,-0.175293,0.411815,,,,,,,,,,,,-11.1771,23.3751,-0.507451,15.24,1.613064,1.009601,-40.449636,-2.349549,-2.41042,8.030075,-4.765642,TOK,KEI_KEI,JinguStadium,TeamExclusive,Team,20260912-JinguStadium-1,af286380-ae5c-11f1-af02-1b6488a193e9,147.29908,,,11.37776,,,,,,,fbfbdd1a-464e-45d5-a242-20ac040e30b5,2026/9/12,47:31.9,2026-09-12T12:47:31.9124480+09:00,2026-09-12T03:47:31.9124480Z,,v3,,,,"Yoshigai, Tetsuro",1000242230,Right,KEI_KEI,38748a31-b3ec-411e-a217-a46e4db1823b,16.513986,-40.701763,4.015038,1.684485,-2.199919,-2.382821,-0.540338,1.085282,-1.20521,,,,,,,,,,,,,,,,,,,,,,,,,,,,,,,,,,,,,,,,,,,,,,,,,,,High,High,High,,,,,
196,2026/9/12,47:48.6,4,3,"Mizuno, Keita",1000325881,Right,KEI_KEI,"Komura, Osuke",1000325744,Left,TOK,Undefined,6,Bottom,1,2,0,Fastball,Changeup,StrikeCalled,Undefined,Undefined,Undefined,0,0,,141.97384,-1.546438,-3.70895,1782.168665,235.758108,1:45,1.703956,0.530695,1.816068,-64.1782,27.0894,35.4806,0.62406,-0.164275,129.83295,-6.261239,-1.203735,0.431432,,,,,,,,,,,,-20.8487,15.8915,-0.443221,15.24,1.662154,2.351145,-38.98423,-1.304508,-4.142063,8.080181,-6.649449,TOK,KEI_KEI,JinguStadium,TeamExclusive,Team,20260912-JinguStadium-1,b92303e0-ae5c-11f1-af02-1b6488a193e9,140.60138,,,12.14089,,,,,,,fbfbdd1a-464e-45d5-a242-20ac040e30b5,2026/9/12,47:48.6,2026-09-12T12:47:48.6158848+09:00,2026-09-12T03:47:48.6158848Z,,v3,,,,"Yoshigai, Tetsuro",1000242230,Right,KEI_KEI,9d0bdd27-d60b-4c27-b46c-2d3a3b29af81,16.623724,-39.269984,4.040091,1.70413,-1.069351,-3.324724,-0.528959,2.497628,-2.071031,,,,,,,,,,,,,,,,,,,,,,,,,,,,,,,,,,,,,,,,,,,,,,,,,,,High,High,High,,,,,
197,2026/9/12,48:10.6,4,4,"Mizuno, Keita",1000325881,Right,KEI_KEI,"Komura, Osuke",1000325744,Left,TOK,Undefined,6,Bottom,1,2,1,Fastball,Four-Seam,StrikeCalled,Undefined,Undefined,Undefined,0,0,,147.81793,-2.300245,-1.962206,2143.51309,216.783866,1:15,1.678629,0.543773,1.89077,-40.6461,42.6634,29.8789,0.624291,0.290301,134.98309,-5.357751,0.160837,0.412194,,,,,,,,,,,,-16.821,24.5399,-0.500546,15.24,1.623417,1.240985,-40.637974,-1.769975,-3.628203,8.852693,-4.513521,TOK,KEI_KEI,JinguStadium,TeamExclusive,Team,20260912-JinguStadium-1,c64019f0-ae5c-11f1-af02-1b6488a193e9,147.16359,,,12.83485,,,,,,,fbfbdd1a-464e-45d5-a242-20ac040e30b5,2026/9/12,48:10.6,2026-09-12T12:48:10.6297856+09:00,2026-09-12T03:48:10.6297856Z,,v3,,,,"Yoshigai, Tetsuro",1000242230,Right,KEI_KEI,18463037-db51-433b-ac33-d1956b8d3235,16.548706,-40.922073,4.426346,1.677895,-1.625127,-2.25676,-0.54224,1.357421,-1.814101,,,,,,,,,,,,,,,,,,,,,,,,,,,,,,,,,,,,,,,,,,,,,,,,,,,High,High,High,,,,,
198,2026/9/12,48:32.4,4,5,"Mizuno, Keita",1000325881,Right,KEI_KEI,"Komura, Osuke",1000325744,Left,TOK,Undefined,6,Bottom,1,2,2,Fastball,Four-Seam,StrikeSwinging,Strikeout,Undefined,Undefined,0,0,,146.81588,-0.207353,-2.829665,2250.826616,213.687218,1:00,1.706175,0.501056,1.98494,-45.1962,37.7186,23.4879,1.196146,-0.056154,134.64394,-3.605122,-1.15327,0.411217,,,,,,,,,,,,-14.1881,20.6718,-0.442008,15.24,1.699318,1.885682,-40.41175,-0.295668,-3.045107,8.253089,-5.369982,TOK,KEI_KEI,JinguStadium,TeamExclusive,Team,20260912-JinguStadium-1,d33b9e40-ae5c-11f1-af02-1b6488a193e9,147.51351,,,12.17193,,,,,,,fbfbdd1a-464e-45d5-a242-20ac040e30b5,2026/9/12,48:32.4,2026-09-12T12:48:32.4126208+09:00,2026-09-12T03:48:32.4126208Z,,v3,,,,"Yoshigai, Tetsuro",1000242230,Right,KEI_KEI,fe415d7d-3a00-4e4b-b4e8-3396733f5533,16.454822,-40.65909,4.126545,1.705767,-0.134733,-2.684991,-0.499888,1.976942,-1.522553,,,,,,,,,,,,,,,,,,,,,,,,,,,,,,,,,,,,,,,,,,,,,,,,,,,High,High,High,,,,,
199,2026/9/12,49:04.0,5,1,"Mizuno, Keita",1000325881,Right,KEI_KEI,"Fukami, Yuto",1000325714,Left,TOK,Undefined,6,Bottom,2,0,0,Curveball,Curveball,StrikeCalled,Undefined,Undefined,Undefined,0,0,,119.07504,2.928066,-0.060179,2482.523585,49.190356,7:45,1.67526,0.536291,1.671378,-163.2027,-30.8093,-40.5916,0.878954,0.113214,109.02942,-8.762204,-2.909341,0.519622,,,,,,,,,,,,20.3235,-16.3219,-0.531318,15.24,1.740279,0.216777,-32.725938,1.032673,2.827583,6.02536,-12.077503,TOK,KEI_KEI,JinguStadium,TeamExclusive,Team,20260912-JinguStadium-1,e61adb20-ae5c-11f1-af02-1b6488a193e9,116.73864,,,10.04562,,,,,,,fbfbdd1a-464e-45d5-a242-20ac040e30b5,2026/9/12,49:04.0,2026-09-12T12:49:03.9731712+09:00,2026-09-12T03:49:03.9731712Z,,v3,,,,"Yoshigai, Tetsuro",1000242230,Right,KEI_KEI,ee40e431-66c9-4623-abbb-de859d4d96e2,16.769655,-33.006371,3.01268,1.679136,1.594784,-6.038751,-0.538344,0.085176,1.413792,,,,,,,,,,,,,,,,,,,,,,,,,,,,,,,,,,,,,,,,,,,,,,,,,,,High,High,High,,,,,
200,2026/9/12,49:21.2,5,2,"Mizuno, Keita",1000325881,Right,KEI_KEI,"Fukami, Yuto",1000325714,Left,TOK,Undefined,6,Bottom,2,0,1,Fastball,Four-Seam,BallCalled,Undefined,Undefined,Undefined,0,0,,146.34138,-1.380839,-1.139372,2189.906805,216.35169,1:15,1.677404,0.53822,1.943893,-46.6803,37.3681,25.5805,0.823245,0.47449,134.04589,-4.876851,0.68518,0.414018,,,,,,,,,,,,-14.1335,21.2573,-0.514536,15.24,1.644415,0.677978,-40.291829,-1.131215,-3.00447,8.497541,-5.287814,TOK,KEI_KEI,JinguStadium,TeamExclusive,Team,20260912-JinguStadium-1,f050afc0-ae5c-11f1-af02-1b6488a193e9,146.51535,,,12.29549,,,,,,,fbfbdd1a-464e-45d5-a242-20ac040e30b5,2026/9/12,49:21.2,2026-09-12T12:49:21.2117504+09:00,2026-09-12T03:49:21.2117504Z,,v3,,,,"Yoshigai, Tetsuro",1000242230,Right,KEI_KEI,936fa855-700e-4376-b215-c61bf5763fa5,16.495836,-40.55582,4.248771,1.677006,-0.96694,-2.643907,-0.537048,0.771317,-1.502235,,,,,,,,,,,,,,,,,,,,,,,,,,,,,,,,,,,,,,,,,,,,,,,,,,,High,High,High,,,,,
201,2026/9/12,49:39.4,5,3,"Mizuno, Keita",1000325881,Right,KEI_KEI,"Fukami, Yuto",1000325714,Left,TOK,Undefined,6,Bottom,2,1,1,Splitter,Splitter,FoulBallNotFieldable,Undefined,Undefined,Undefined,0,0,,134.1314,0.033871,-2.247311,1054.052248,291.034946,3:45,1.675555,0.56711,1.78209,-107.5316,-5.967,23.1194,0.60984,0.161458,124.08809,-7.719971,-0.613593,0.45512,,,,,,,,,,,,-13.3979,-2.3224,-0.51307,15.24,1.668704,1.342541,-36.929392,-0.413579,-2.406058,6.757271,-10.223721,TOK,KEI_KEI,JinguStadium,TeamExclusive,Team,20260912-JinguStadium-1,fb2ab3a0-ae5c-11f1-af02-1b6488a193e9,133.2836,,,10.0433,,,,,,,fbfbdd1a-464e-45d5-a242-20ac040e30b5,2026/9/12,49:39.4,2026-09-12T12:49:39.4009088+09:00,2026-09-12T03:49:39.4009088Z,,v3,,,,"Yoshigai, Tetsuro",1000242230,Right,KEI_KEI,6287b301-cb92-40eb-9b70-115e16dbf1c9,16.658623,-37.188063,3.378636,1.677045,-0.022211,-5.11186,-0.566225,1.434646,-1.203029,,,,,,,,,,,,,,,,,,,,,,,,,,,,,,,,,,,,,,,,,,,,,,,,,,,High,High,High,,,,,
202,2026/9/12,50:04.6,5,4,"Mizuno, Keita",1000325881,Right,KEI_KEI,"Fukami, Yuto",1000325714,Left,TOK,Undefined,6,Bottom,2,1,2,Fastball,Four-Seam,StrikeSwinging,Strikeout,Undefined,Undefined,0,0,,147.18843,-1.270548,-2.054365,2074.84962,217.339206,1:15,1.669576,0.556991,1.995163,-37.6597,45.4438,32.5694,0.937553,0.308208,133.84348,-4.148312,0.274317,0.411684,,,,,,,,,,,,-18.4971,25.5527,-0.515136,15.24,1.64072,1.293974,-40.493464,-1.00796,-3.946854,9.087124,-4.354291,TOK,KEI_KEI,JinguStadium,TeamExclusive,Team,20260912-JinguStadium-1,0a2e8b10-ae5d-11f1-af02-1b6488a193e9,147.3459,,,13.34496,,,,,,,fbfbdd1a-464e-45d5-a242-20ac040e30b5,2026/9/12,50:04.6,2026-09-12T12:50:04.6237184+09:00,2026-09-12T03:50:04.6237184Z,,v3,,,,"Yoshigai, Tetsuro",1000242230,Right,KEI_KEI,deef53c1-96f5-4daa-83ca-d44ced134ac8,16.444122,-40.762785,4.543562,1.668682,-0.878909,-2.177145,-0.555219,1.41095,-1.973427,,,,,,,,,,,,,,,,,,,,,,,,,,,,,,,,,,,,,,,,,,,,,,,,,,,High,High,High,,,,,
203,2026/9/12,51:57.6,1,1,"Maeda, Riku",1000325747,Right,TOK,"Takarada, Yuya",1000242234,Right,KEI_KEI,Undefined,7,Top,0,0,0,Splitter,Changeup,StrikeSwinging,Undefined,Undefined,Undefined,0,0,,121.52558,0.032575,-2.424344,1456.879357,243.599396,2:00,1.573239,0.279788,1.664907,-102.9684,22.0775,37.4036,0.552856,-0.038209,112.82746,-7.379073,0.197611,0.504998,,,,,,,,,,,,-20.4766,12.1513,-0.217932,15.24,1.565582,1.2512,-33.442234,-0.36822,-3.032378,5.230854,-8.007163,TOK,KEI_KEI,JinguStadium,TeamExclusive,Team,20260912-JinguStadium-1,4d9a1090-ae5d-11f1-af02-1b6488a193e9,120.11935,,,8.69812,,,,,,,fbfbdd1a-464e-45d5-a242-20ac040e30b5,2026/9/12,51:57.6,2026-09-12T12:51:57.6303104+09:00,2026-09-12T03:51:57.6303104Z,,v3,,,,"Fukami, Yuto",1000325714,Right,TOK,c95177c3-b354-4722-b3b2-6bd616926bd4,16.775494,-33.681552,2.615427,1.574049,-0.001883,-4.003581,-0.27835,1.389935,-1.516189,,,,,,,,,,,,,,,,,,,,,,,,,,,,,,,,,,,,,,,,,,,,,,,,,,,High,High,High,,,,,
204,2026/9/12,52:07.1,1,2,"Maeda, Riku",1000325747,Right,TOK,"Takarada, Yuya",1000242234,Right,KEI_KEI,Undefined,7,Top,0,0,1,Slider,Curveball,StrikeCalled,Undefined,Undefined,Undefined,0,0,,116.09075,2.510602,-1.254863,2143.078637,91.716504,9:00,1.550218,0.295972,1.651392,-132.4719,3.7733,-13.6206,0.94295,-0.198576,108.56616,-6.963035,-2.208177,0.527127,,,,,,,,,,,,6.174,1.567,-0.260823,15.24,1.607008,0.758148,-31.963064,0.908376,0.842444,4.333745,-9.592838,TOK,KEI_KEI,JinguStadium,TeamExclusive,Team,20260912-JinguStadium-1,534be3b0-ae5d-11f1-af02-1b6488a193e9,115.07666,,,7.52459,,,,,,,fbfbdd1a-464e-45d5-a242-20ac040e30b5,2026/9/12,52:07.1,2026-09-12T12:52:07.1428608+09:00,2026-09-12T03:52:07.1428608Z,,v3,,,,"Fukami, Yuto",1000325714,Right,TOK,11954626-2a33-4922-a846-fb401439eb9b,16.789221,-32.172431,2.166872,1.551929,1.371814,-4.796419,-0.296467,0.717449,0.421222,,,,,,,,,,,,,,,,,,,,,,,,,,,,,,,,,,,,,,,,,,,,,,,,,,,High,High,High,,,,,
205,2026/9/12,52:17.3,1,3,"Maeda, Riku",1000325747,Right,TOK,"Takarada, Yuya",1000242234,Right,KEI_KEI,Undefined,7,Top,0,0,2,Splitter,Changeup,InPlay,Undefined,GroundBall,Out,1,0,,117.84495,1.155733,-3.732028,1933.355033,235.491324,1:45,1.583581,0.225967,1.695458,-101.181,31.5143,40.4463,0.901608,-0.433764,109.15255,-6.168108,-0.899317,0.520214,135.44061,-19.477654,9.616748,,,,,2.876747,2.741152,17.696411,0.072433,-22.8492,16.355,-0.131042,15.24,1.605986,1.941722,-32.388272,0.297193,-3.178236,4.832736,-7.531725,TOK,KEI_KEI,JinguStadium,TeamExclusive,Team,20260912-JinguStadium-1,595091c0-ae5d-11f1-af02-1b6488a193e9,116.60575,0.911279,,8.69239,,,,0.200262,0.911279,0.444021,fbfbdd1a-464e-45d5-a242-20ac040e30b5,2026/9/12,52:17.3,2026-09-12T12:52:17.2614144+09:00,2026-09-12T03:52:17.2614144Z,GroundBall,v3,,,,"Fukami, Yuto",1000325714,Right,TOK,8e2449cd-cc9e-436e-bbf6-5c703262db61,16.744845,-32.612041,2.416368,1.584151,0.645932,-3.765862,-0.224356,2.088883,-1.589118,180,0.199085,35.071811,,,,,,,,0.911701,-12.580986,,,,,,,,0.443822,5.942499,,,,,,,,,,,,,,,,,,,,,,,,,,,,,,High,High,High,High,High,,,
206,2026/9/12,52:56.7,2,1,"Maeda, Riku",1000325747,Right,TOK,"Imazu, Keisuke",1000242231,Left,KEI_KEI,Undefined,7,Top,1,0,0,Splitter,Changeup,FoulBallNotFieldable,Undefined,Undefined,Undefined,0,0,,123.52626,-0.195795,-2.091791,1384.309405,244.705234,2:15,1.58847,0.306867,1.621578,-97.9007,24.7657,44.4243,0.553421,0.152514,113.71506,-7.255013,1.01521,0.50017,122.34177,-30.729121,70.155824,,,,,1.25594,1.25594,37.949028,0.033438,-23.864,13.6326,-0.253215,15.24,1.574578,1.037198,-33.964164,-0.494491,-3.612288,5.917773,-7.743081,TOK,KEI_KEI,JinguStadium,TeamExclusive,Team,20260912-JinguStadium-1,70c61fa0-ae5d-11f1-af02-1b6488a193e9,121.27884,0.58201,,9.8112,,,,0.658019,0.58201,-0.14859,fbfbdd1a-464e-45d5-a242-20ac040e30b5,2026/9/12,52:56.7,2026-09-12T12:52:56.6600192+09:00,2026-09-12T03:52:56.6600192Z,GroundBall,v3,,,,"Fukami, Yuto",1000325714,Right,TOK,6cde2c31-5044-4665-a8f5-e51cdc5b13d8,16.818637,-34.238114,2.958886,1.589172,-0.136042,-3.871541,-0.305101,1.204421,-1.806144,,0.657894,9.939735,,,,,,,,0.582229,-17.405765,,,,,,,,-0.148937,27.542027,,,,,,,,,,,,,,,,,,,,,,,,,,,,,,High,High,High,Estimated,Estimated,,,
207,2026/9/12,53:10.7,2,2,"Maeda, Riku",1000325747,Right,TOK,"Imazu, Keisuke",1000242231,Left,KEI_KEI,Undefined,7,Top,1,0,1,Fastball,Changeup,StrikeCalled,Undefined,Undefined,Undefined,0,0,,129.28395,-1.658378,-2.056885,2143.04943,219.129172,1:15,1.573522,0.212959,1.718211,-57.6819,53.1776,40.405,0.524706,0.031881,118.57265,-5.924689,0.783751,0.47549,,,,,,,,,,,,-21.7994,29.14,-0.162763,15.24,1.526149,1.083613,-35.532018,-1.226445,-3.61008,6.500595,-4.980947,TOK,KEI_KEI,JinguStadium,TeamExclusive,Team,20260912-JinguStadium-1,7926bf10-ae5d-11f1-af02-1b6488a193e9,127.57375,,,10.7113,,,,,,,fbfbdd1a-464e-45d5-a242-20ac040e30b5,2026/9/12,53:10.7,2026-09-12T12:53:10.7296256+09:00,2026-09-12T03:53:10.7296256Z,,v3,,,,"Fukami, Yuto",1000325714,Right,TOK,cfe66a2f-dce7-4b87-95a8-a5f3e4218228,16.721158,-35.801971,3.250297,1.572785,-1.019599,-2.490474,-0.210876,1.23353,-1.80504,,,,,,,,,,,,,,,,,,,,,,,,,,,,,,,,,,,,,,,,,,,,,,,,,,,High,High,High,,,,,
208,2026/9/12,53:22.1,2,3,"Maeda, Riku",1000325747,Right,TOK,"Imazu, Keisuke",1000242231,Left,KEI_KEI,Undefined,7,Top,1,0,2,Splitter,Changeup,BallCalled,Undefined,Undefined,Undefined,0,0,,118.14218,1.055624,-3.265055,1951.972767,240.28349,2:00,1.556177,0.284812,1.707073,-102.1765,30.7965,46.7553,0.835308,-0.177699,108.46358,-6.373697,0.015234,0.520758,,,,,,,,,,,,-25.8197,16.1384,-0.203218,15.24,1.575852,1.64784,-32.453191,0.238912,-3.570294,5.373897,-7.575062,TOK,KEI_KEI,JinguStadium,TeamExclusive,Team,20260912-JinguStadium-1,7ff748a0-ae5d-11f1-af02-1b6488a193e9,116.48394,,,9.67861,,,,,,,fbfbdd1a-464e-45d5-a242-20ac040e30b5,2026/9/12,53:22.1,2026-09-12T12:53:22.1207552+09:00,2026-09-12T03:53:22.1207552Z,,v3,,,,"Fukami, Yuto",1000325714,Right,TOK,a7b09281-bb0d-4d4e-ab28-9f98dd353530,16.73263,-32.69942,2.686949,1.556953,0.585997,-3.787531,-0.282469,1.811429,-1.785147,,,,,,,,,,,,,,,,,,,,,,,,,,,,,,,,,,,,,,,,,,,,,,,,,,,High,High,High,,,,,
209,2026/9/12,53:35.2,2,4,"Maeda, Riku",1000325747,Right,TOK,"Imazu, Keisuke",1000242231,Left,KEI_KEI,Undefined,7,Top,1,1,2,Splitter,Changeup,InPlay,Undefined,FlyBall,HomeRun,0,1,,121.61204,0.764373,-2.685213,1573.414,241.13169,2:00,1.555209,0.301273,1.626119,-100.1896,25.53,39.8012,0.772145,-0.069137,112.49654,-6.454267,0.095656,0.506356,147.11491,32.788326,34.263754,2266.937175,26.726879,19.142337,20.243426,107.24755,102.128417,42.689299,5.081286,-21.7989,13.3746,-0.230994,15.24,1.567576,1.390368,-33.445198,0.065538,-3.224266,5.30997,-7.828422,TOK,KEI_KEI,JinguStadium,TeamExclusive,Team,20260912-JinguStadium-1,87bae4c0-ae5d-11f1-af02-1b6488a193e9,119.79706,25.317572,,9.11551,,,,0.570638,0.792815,0.070196,fbfbdd1a-464e-45d5-a242-20ac040e30b5,2026/9/12,53:35.2,2026-09-12T12:53:35.1781888+09:00,2026-09-12T03:53:35.1781888Z,FlyBall,v3,,,,"Fukami, Yuto",1000325714,Right,TOK,9a34fd70-4ecb-4d0e-b519-fb2dfd6f7336,16.814243,-33.694207,2.654985,1.555895,0.43265,-3.914211,-0.29974,1.541569,-1.612133,212.871903,0.572766,28.350268,-5.915744,1.188302,-0.050916,-0.061899,0.01875,-0.002116,8.30E-05,0.792782,22.126535,-5.554014,0.241678,0.046739,-0.043165,0.015052,-0.002346,0.000134,0.071185,19.319238,-1.416986,-0.075442,0.156759,-0.071146,0.017395,-0.002167,0.000107,,,,,,,,,,,,,,,,,,,,,,,High,High,High,High,Medium,,,
210,2026/9/12,54:16.5,3,1,"Maeda, Riku",1000325747,Right,TOK,"Yoshino, Taiyo",1000242225,Left,KEI_KEI,Undefined,7,Top,1,0,0,Splitter,Changeup,FoulBallNotFieldable,Undefined,Undefined,Undefined,0,0,,115.98694,0.297862,-2.454455,2075.787876,258.260939,2:30,1.585637,0.267085,1.717516,-121.0042,16.2182,58.2841,0.460375,0.151542,107.29205,-8.430201,1.647305,0.529014,144.71772,19.620435,41.022531,2714.813944,23.679101,9.286468,23.736576,82.905957,75.175787,52.292023,3.141332,-31.4268,9.1815,-0.208132,15.24,1.583987,1.127496,-31.914196,-0.260365,-4.207248,5.13951,-8.577476,TOK,KEI_KEI,JinguStadium,TeamExclusive,Team,20260912-JinguStadium-1,a0645ec0-ae5d-11f1-af02-1b6488a193e9,114.66618,10.175709,,8.69489,,,,0.617269,0.4797,-0.174943,fbfbdd1a-464e-45d5-a242-20ac040e30b5,2026/9/12,54:16.5,2026-09-12T12:54:16.5367808+09:00,2026-09-12T03:54:16.5367808Z,LineDrive,v3,,,,"Fukami, Yuto",1000325714,Right,TOK,7dbe746c-583d-4c6d-b3fb-48aeff55bb1e,16.723181,-32.152162,2.569755,1.586848,0.136784,-4.288738,-0.264846,1.322298,-2.103624,235.428268,0.617275,28.567242,-7.511872,1.979856,-0.453032,0.085955,-0.012949,0.00122,-3.30E-05,0.47968,13.499349,-4.932645,0.114127,0.042097,-0.004402,-0.003801,0.001676,-0.000201,-0.174947,24.853258,-1.42928,-0.092519,0.116368,-0.041284,0.009364,-0.001256,8.00E-05,,,,,,,,,,,,,,,,,,,,,,,High,High,High,High,Medium,,,
211,2026/9/12,54:31.0,3,2,"Maeda, Riku",1000325747,Right,TOK,"Yoshino, Taiyo",1000242225,Left,KEI_KEI,Undefined,7,Top,1,0,1,Fastball,Changeup,StrikeCalled,Undefined,Undefined,Undefined,0,0,,132.60393,-2.091756,-1.90833,2289.796466,210.546875,1:00,1.581258,0.244949,1.714929,-48.9137,57.095,31.6042,0.496613,0.018045,120.93577,-5.745646,0.312897,0.464971,,,,,,,,,,,,-17.3161,31.4586,-0.197834,15.24,1.523209,1.057943,-36.415298,-1.492181,-2.995764,7.181527,-4.364166,TOK,KEI_KEI,JinguStadium,TeamExclusive,Team,20260912-JinguStadium-1,a8fc13c0-ae5d-11f1-af02-1b6488a193e9,130.45987,,,11.66817,,,,,,,fbfbdd1a-464e-45d5-a242-20ac040e30b5,2026/9/12,54:31.0,2026-09-12T12:54:30.9976576+09:00,2026-09-12T03:54:30.9976576Z,,v3,,,,"Fukami, Yuto",1000325714,Right,TOK,cb7e9fc5-1b33-42af-8d64-4f4107b2e55b,16.724136,-36.70682,3.590764,1.580186,-1.315025,-2.182083,-0.243248,1.179551,-1.497882,,,,,,,,,,,,,,,,,,,,,,,,,,,,,,,,,,,,,,,,,,,,,,,,,,,High,High,High,,,,,
212,2026/9/12,54:42.8,3,3,"Maeda, Riku",1000325747,Right,TOK,"Yoshino, Taiyo",1000242225,Left,KEI_KEI,Undefined,7,Top,1,0,2,Fastball,Changeup,InPlay,Undefined,GroundBall,Out,1,0,,130.10645,-0.903293,-1.747635,2214.647686,220.84604,1:15,1.550015,0.273259,1.753349,-61.3505,47.8105,38.3106,0.680072,0.160341,118.99562,-5.445108,0.95203,0.471833,155.98535,-3.369422,22.57276,,,,,8.392682,7.919125,21.456757,0.191695,-20.8839,26.0841,-0.231966,15.24,1.52273,0.915581,-35.779523,-0.777146,-3.493961,6.82419,-5.442663,TOK,KEI_KEI,JinguStadium,TeamExclusive,Team,20260912-JinguStadium-1,b0020530-ae5d-11f1-af02-1b6488a193e9,128.5624,0.707114,,11.11083,,,,0.383815,0.707114,-0.13403,fbfbdd1a-464e-45d5-a242-20ac040e30b5,2026/9/12,54:42.8,2026-09-12T12:54:42.8042240+09:00,2026-09-12T03:54:42.8042240Z,GroundBall,v3,,,,"Fukami, Yuto",1000325714,Right,TOK,55c139ea-41ae-499f-81c0-876b349e2d86,16.686509,-36.054359,3.412095,1.549615,-0.557949,-2.721332,-0.271673,1.056296,-1.74698,295.815961,0.384082,39.922345,-6.157021,,,,,,,0.707339,-2.562198,-5.888878,,,,,,,-0.134159,16.612433,0.538656,,,,,,,,,,,,,,,,,,,,,,,,,,,,,High,High,High,High,High,,,
213,2026/9/12,55:11.5,4,1,"Maeda, Riku",1000325747,Right,TOK,"Nakatsuka, Haruto",1000325884,Left,KEI_KEI,Undefined,7,Top,2,0,0,Splitter,Changeup,StrikeCalled,Undefined,Undefined,Undefined,0,0,,117.25696,0.279534,-2.865574,2124.288335,235.975502,1:45,1.576492,0.270076,1.770829,-102.3209,31.2261,40.2533,0.632611,-0.140266,108.09532,-7.172347,-0.027688,0.521881,,,,,,,,,,,,-22.4098,17.0217,-0.201306,15.24,1.576178,1.445204,-32.240823,-0.189203,-3.063719,5.213188,-7.479555,TOK,KEI_KEI,JinguStadium,TeamExclusive,Team,20260912-JinguStadium-1,c1284770-ae5d-11f1-af02-1b6488a193e9,116.2333,,,9.16164,,,,,,,fbfbdd1a-464e-45d5-a242-20ac040e30b5,2026/9/12,55:11.5,2026-09-12T12:55:11.4726400+09:00,2026-09-12T03:55:11.4726400Z,,v3,,,,"Fukami, Yuto",1000325714,Right,TOK,a16d2733-76a6-426d-a9aa-f60bbff021e7,16.668854,-32.47104,2.606594,1.57724,0.141098,-3.739778,-0.268114,1.580499,-1.531859,,,,,,,,,,,,,,,,,,,,,,,,,,,,,,,,,,,,,,,,,,,,,,,,,,,High,High,High,,,,,
214,2026/9/12,55:20.2,4,2,"Maeda, Riku",1000325747,Right,TOK,"Nakatsuka, Haruto",1000325884,Left,KEI_KEI,Undefined,7,Top,2,0,1,Splitter,Changeup,BallCalled,Undefined,Undefined,Undefined,0,0,,119.99221,-0.935843,-3.438944,1493.209347,260.78619,2:45,1.538529,0.331968,1.737032,-117.1477,10.8851,43.539,0.100748,-0.210554,111.25856,-9.36056,-0.372677,0.510993,,,,,,,,,,,,-24.6016,7.2139,-0.247328,15.24,1.505682,1.799011,-32.986804,-0.965258,-3.522746,5.427453,-8.773681,TOK,KEI_KEI,JinguStadium,TeamExclusive,Team,20260912-JinguStadium-1,c6642740-ae5d-11f1-af02-1b6488a193e9,118.70996,,,8.73365,,,,,,,fbfbdd1a-464e-45d5-a242-20ac040e30b5,2026/9/12,55:20.2,2026-09-12T12:55:20.2330624+09:00,2026-09-12T03:55:20.2330624Z,,v3,,,,"Fukami, Yuto",1000325714,Right,TOK,d10d0813-81fa-4f26-be6d-4533a9b85c45,16.703585,-33.226741,2.713727,1.539781,-0.577391,-4.386841,-0.330301,1.954744,-1.761373,,,,,,,,,,,,,,,,,,,,,,,,,,,,,,,,,,,,,,,,,,,,,,,,,,,High,High,High,,,,,
215,2026/9/12,55:36.2,4,3,"Maeda, Riku",1000325747,Right,TOK,"Nakatsuka, Haruto",1000325884,Left,KEI_KEI,Undefined,7,Top,2,1,1,Slider,Slider,BallCalled,Undefined,Undefined,Undefined,0,0,,115.51657,3.39255,-0.281416,1990.041214,121.698333,10:00,1.531395,0.342805,1.62522,-125.7719,13.9635,-16.2313,1.245004,0.100014,106.51551,-5.654261,-1.415147,0.533836,,,,,,,,,,,,7.9354,6.1027,-0.333615,15.24,1.614007,0.226958,-31.737419,1.415702,1.055942,4.827932,-8.994582,TOK,KEI_KEI,JinguStadium,TeamExclusive,Team,20260912-JinguStadium-1,cfebba80-ae5d-11f1-af02-1b6488a193e9,113.63039,,,9.00106,,,,,,,fbfbdd1a-464e-45d5-a242-20ac040e30b5,2026/9/12,55:36.2,2026-09-12T12:55:36.2284544+09:00,2026-09-12T03:55:36.2284544Z,,v3,,,,"Fukami, Yuto",1000325714,Right,TOK,fa34e844-5509-4b8e-9bdf-63e2f849040f,16.814559,-31.976046,2.413966,1.533048,1.86027,-4.497291,-0.343543,0.174766,0.527971,,,,,,,,,,,,,,,,,,,,,,,,,,,,,,,,,,,,,,,,,,,,,,,,,,,High,High,High,,,,,
216,2026/9/12,55:49.8,4,4,"Maeda, Riku",1000325747,Right,TOK,"Nakatsuka, Haruto",1000325884,Left,KEI_KEI,Undefined,7,Top,2,2,1,Splitter,Changeup,StrikeSwinging,Undefined,Undefined,Undefined,0,0,,115.27197,0.51373,-2.859926,2023.563057,246.071492,2:15,1.580949,0.268001,1.712876,-110.6287,29.0532,55.5623,0.620975,0.009458,105.94459,-7.515732,1.044588,0.533734,,,,,,,,,,,,-30.0871,15.7152,-0.197965,15.24,1.585812,1.347644,-31.680408,-0.09752,-3.955698,5.232997,-7.740497,TOK,KEI_KEI,JinguStadium,TeamExclusive,Team,20260912-JinguStadium-1,d805b400-ae5d-11f1-af02-1b6488a193e9,113.65213,,,9.32738,,,,,,,fbfbdd1a-464e-45d5-a242-20ac040e30b5,2026/9/12,55:49.8,2026-09-12T12:55:49.8103808+09:00,2026-09-12T03:55:49.8103808Z,,v3,,,,"Fukami, Yuto",1000325714,Right,TOK,496bfc22-63c3-4875-9c03-13ba8d642996,16.727003,-31.925087,2.616498,1.58191,0.264402,-3.870248,-0.265301,1.532601,-1.977849,,,,,,,,,,,,,,,,,,,,,,,,,,,,,,,,,,,,,,,,,,,,,,,,,,,High,High,High,,,,,
217,2026/9/12,56:04.7,4,5,"Maeda, Riku",1000325747,Right,TOK,"Nakatsuka, Haruto",1000325884,Left,KEI_KEI,Undefined,7,Top,2,2,2,Fastball,Changeup,StrikeSwinging,Strikeout,Undefined,Undefined,0,0,,132.52574,-0.859193,-2.4828,2240.419391,211.563433,1:00,1.577772,0.211767,1.751508,-48.1901,57.6124,33.207,0.851811,-0.161148,120.44368,-4.486085,-0.145526,0.464518,,,,,,,,,,,,-18.6235,30.939,-0.151272,15.24,1.552498,1.416417,-36.399208,-0.698692,-3.21284,7.302292,-4.469179,TOK,KEI_KEI,JinguStadium,TeamExclusive,Team,20260912-JinguStadium-1,e0d0ae00-ae5d-11f1-af02-1b6488a193e9,130.58696,,,12.08206,,,,,,,fbfbdd1a-464e-45d5-a242-20ac040e30b5,2026/9/12,56:04.7,2026-09-12T12:56:04.6632960+09:00,2026-09-12T03:56:04.6632960Z,,v3,,,,"Fukami, Yuto",1000325714,Right,TOK,2b264f30-229b-4723-a430-ba58b0d9e84e,16.687444,-36.688441,3.651146,1.576666,-0.521675,-2.23459,-0.209894,1.543672,-1.60642,,,,,,,,,,,,,,,,,,,,,,,,,,,,,,,,,,,,,,,,,,,,,,,,,,,High,High,High,,,,,
218,2026/9/12,58:04.8,1,1,"Mizuno, Keita",1000325881,Right,KEI_KEI,"Ito, Koichiro",1000325736,Left,TOK,Undefined,7,Bottom,0,0,0,Curveball,Curveball,StrikeCalled,Undefined,Undefined,Undefined,0,0,,117.46754,1.736671,-0.649065,2544.021807,39.948761,7:15,1.717233,0.528942,1.645019,-175.2434,-39.2036,-36.3754,0.461025,-0.020211,108.43379,-10.734715,-3.203692,0.526729,,,,,,,,,,,,17.8382,-19.7949,-0.50813,15.24,1.749568,0.525593,-32.32031,0.294654,2.423642,5.813825,-12.496157,TOK,KEI_KEI,JinguStadium,TeamExclusive,Team,20260912-JinguStadium-1,2876a8e0-ae5e-11f1-af02-1b6488a193e9,115.16349,,,9.03375,,,,,,,fbfbdd1a-464e-45d5-a242-20ac040e30b5,2026/9/12,58:04.8,2026-09-12T12:58:04.7862784+09:00,2026-09-12T03:58:04.7862784Z,,v3,,,,"Yoshigai, Tetsuro",1000242230,Right,KEI_KEI,6819bc05-1747-4e43-a7a1-9cd16f8de88a,16.796559,-32.599104,2.906913,1.72107,0.89389,-6.248079,-0.530548,0.409371,1.211821,,,,,,,,,,,,,,,,,,,,,,,,,,,,,,,,,,,,,,,,,,,,,,,,,,,High,High,High,,,,,
219,2026/9/12,58:17.6,1,2,"Mizuno, Keita",1000325881,Right,KEI_KEI,"Ito, Koichiro",1000325736,Left,TOK,Undefined,7,Bottom,0,0,1,Fastball,Four-Seam,StrikeCalled,Undefined,Undefined,Undefined,0,0,,143.89348,-2.428907,-1.899261,2275.018711,221.288875,1:30,1.7091,0.51473,1.975121,-52.0562,34.1159,27.7449,0.507986,0.260443,132.87048,-6.294203,0.083496,0.419216,,,,,,,,,,,,-15.79,20.2509,-0.475425,15.24,1.654201,1.186051,-39.613538,-1.860249,-3.267264,7.669066,-5.61634,TOK,KEI_KEI,JinguStadium,TeamExclusive,Team,20260912-JinguStadium-1,3001cfe0-ae5e-11f1-af02-1b6488a193e9,144.69863,,,11.02301,,,,,,,fbfbdd1a-464e-45d5-a242-20ac040e30b5,2026/9/12,58:17.6,2026-09-12T12:58:17.5635968+09:00,2026-09-12T03:58:17.5635968Z,,v3,,,,"Yoshigai, Tetsuro",1000242230,Right,KEI_KEI,258e3479-8cd2-4f8c-bd8e-66941d2c3b53,16.464976,-39.849984,3.834533,1.708885,-1.687091,-2.80817,-0.513546,1.286784,-1.633632,,,,,,,,,,,,,,,,,,,,,,,,,,,,,,,,,,,,,,,,,,,,,,,,,,,High,High,High,,,,,
220,2026/9/12,58:29.8,1,3,"Mizuno, Keita",1000325881,Right,KEI_KEI,"Ito, Koichiro",1000325736,Left,TOK,Undefined,7,Bottom,0,0,2,Splitter,Splitter,InPlay,Undefined,GroundBall,Out,1,0,,132.15988,-0.10807,-1.963876,929.537633,301.489486,4:00,1.704548,0.561211,1.776806,-115.563,-11.7555,23.6119,0.518281,0.24069,123.44014,-8.401436,-0.294534,0.460118,136.81054,-15.211835,-4.743764,,,,,2.258829,2.049985,-9.570574,0.058867,-13.3411,-5.2462,-0.514069,15.24,1.693497,1.142298,-36.425805,-0.534546,-2.350732,6.012219,-10.731035,TOK,KEI_KEI,JinguStadium,TeamExclusive,Team,20260912-JinguStadium-1,374cb990-ae5e-11f1-af02-1b6488a193e9,131.83581,0.588038,,8.71974,,,,0.072224,0.588038,-0.196714,fbfbdd1a-464e-45d5-a242-20ac040e30b5,2026/9/12,58:29.8,2026-09-12T12:58:29.7822208+09:00,2026-09-12T03:58:29.7822208Z,GroundBall,v3,,,,"Yoshigai, Tetsuro",1000242230,Right,KEI_KEI,8c94718a-1a1a-4cfc-b63f-4eea0e30ae37,16.664304,-36.660138,3.006109,1.70618,-0.116291,-5.365518,-0.560377,1.23392,-1.175366,180,0.071608,36.610846,,,,,,,,0.588206,-9.989286,,,,,,,,-0.196663,-3.038115,,,,,,,,,,,,,,,,,,,,,,,,,,,,,,High,High,High,Low,Low,,,
221,2026/9/12,58:59.3,2,1,"Mizuno, Keita",1000325881,Right,KEI_KEI,"Horibe, Kohei",1000325732,Right,TOK,Undefined,7,Bottom,1,0,0,Slider,Slider,StrikeCalled,Undefined,Undefined,Undefined,0,0,,129.09755,0.130141,-1.195173,2551.968939,87.139692,9:00,1.706911,0.534307,1.685906,-111.0859,0.9897,-50.571,0.63314,-0.311976,118.56893,-7.85486,-4.745923,0.47809,,,,,,,,,,,,24.6944,1.4702,-0.498539,15.24,1.701491,0.98084,-35.506636,-0.371469,4.053165,6.958329,-9.565346,TOK,KEI_KEI,JinguStadium,TeamExclusive,Team,20260912-JinguStadium-1,48e545a0-ae5e-11f1-af02-1b6488a193e9,126.87975,,,10.52861,,,,,,,fbfbdd1a-464e-45d5-a242-20ac040e30b5,2026/9/12,58:59.3,2026-09-12T12:58:59.2644608+09:00,2026-09-12T03:58:59.2644608Z,,v3,,,,"Yoshigai, Tetsuro",1000242230,Right,KEI_KEI,6b4d8f18-d265-4236-81f1-1457817a0d21,16.754355,-35.802178,3.479165,1.708641,0.034802,-4.782673,-0.536543,0.808689,2.026582,,,,,,,,,,,,,,,,,,,,,,,,,,,,,,,,,,,,,,,,,,,,,,,,,,,High,High,High,,,,,
222,2026/9/12,59:11.4,2,2,"Mizuno, Keita",1000325881,Right,KEI_KEI,"Horibe, Kohei",1000325732,Right,TOK,Undefined,7,Bottom,1,0,1,Slider,Slider,StrikeCalled,Undefined,Undefined,Undefined,0,0,,128.13939,0.065196,-2.201053,1260.926488,88.056535,9:00,1.707761,0.548832,1.799595,-109.9824,2.0739,-40.1086,0.626397,-0.475306,117.96594,-7.886434,-5.03332,0.478049,89.02877,57.051986,127.439456,4838.561553,,,,41.660408,20.975253,137.126339,3.553915,19.0768,1.9758,-0.492121,15.24,1.701776,1.532176,-35.251046,-0.376287,3.09118,6.760257,-9.486494,TOK,KEI_KEI,JinguStadium,TeamExclusive,Team,20260912-JinguStadium-1,501ca750-ae5e-11f1-af02-1b6488a193e9,126.89066,17.233827,,10.17345,,,,0.412927,0.632656,0.473893,fbfbdd1a-464e-45d5-a242-20ac040e30b5,2026/9/12,59:11.3,2026-09-12T12:59:11.3522176+09:00,2026-09-12T03:59:11.3522176Z,Popup,v3,,,,"Yoshigai, Tetsuro",1000242230,Right,KEI_KEI,570c82f3-74e2-4267-b6c4-1a6d6e040052,16.640768,-35.518662,3.380129,1.709239,-0.000749,-4.743247,-0.550353,1.409807,1.54559,329.293996,0.413353,-8.189873,-0.832792,0.22767,0.111035,-0.092886,0.025438,-0.002656,4.60E-05,0.632336,20.763668,-7.516678,0.948526,-0.365716,0.17545,-0.060991,0.011282,-0.000829,0.473667,10.688061,-1.765977,0.591502,-0.282674,0.167978,-0.065786,0.013128,-0.00102,,,,,,,,,,,,,,,,,,,,,,,High,High,High,High,Medium,,,
223,2026/9/12,59:29.2,2,3,"Mizuno, Keita",1000325881,Right,KEI_KEI,"Horibe, Kohei",1000325732,Right,TOK,Undefined,7,Bottom,1,0,2,Fastball,Four-Seam,InPlay,Undefined,GroundBall,Out,1,0,,146.44165,-0.78962,-3.29256,2259.738635,217.833126,1:15,1.681476,0.488878,1.93057,-46.8831,37.4348,27.0139,0.990662,-0.166041,133.83925,-4.303276,-1.371996,0.414681,111.98621,-85.216288,-61.892133,,,,,0.456297,0.456297,11.840566,0.031744,-16.4362,20.8679,-0.417225,15.24,1.66122,2.186913,-40.268214,-0.717953,-3.487505,8.542128,-5.37881,TOK,KEI_KEI,JinguStadium,TeamExclusive,Team,20260912-JinguStadium-1,5ab50e50-ae5e-11f1-af02-1b6488a193e9,146.28097,0.988839,,12.60239,,,,0.407601,0.988839,0.16662,fbfbdd1a-464e-45d5-a242-20ac040e30b5,2026/9/12,59:29.2,2026-09-12T12:59:29.2276736+09:00,2026-09-12T03:59:29.2276736Z,GroundBall,v3,,,,"Yoshigai, Tetsuro",1000242230,Right,KEI_KEI,72c0fb81-0338-4c0e-9a00-e3bd87ecf0ff,16.509364,-40.536591,4.271064,1.681122,-0.548962,-2.689405,-0.487655,2.296484,-1.743753,,0.407571,1.228157,,,,,,,,0.98961,-31.149933,,,,,,,,0.166677,-2.299373,,,,,,,,,,,,,,,,,,,,,,,,,,,,,,High,High,High,Estimated,Estimated,,,
224,2026/9/12,00:03.3,3,1,"Mizuno, Keita",1000325881,Right,KEI_KEI,"Komino, Harunobu",1000422747,Left,TOK,Undefined,7,Bottom,2,0,0,Curveball,Curveball,BallCalled,Undefined,Undefined,Undefined,0,0,,117.48159,3.54871,1.180632,2515.86287,50.02837,7:45,1.680902,0.516079,1.731439,-171.105,-35.5433,-47.7716,0.979618,0.373851,107.11797,-8.759494,-2.184058,0.525803,,,,,,,,,,,,24.9686,-19.1719,-0.542815,15.24,1.759385,-0.455193,-32.269395,1.350647,3.366311,6.029066,-12.391443,TOK,KEI_KEI,JinguStadium,TeamExclusive,Team,20260912-JinguStadium-1,6f20dea0-ae5e-11f1-af02-1b6488a193e9,115.3664,,,10.36363,,,,,,,fbfbdd1a-464e-45d5-a242-20ac040e30b5,2026/9/12,00:03.3,2026-09-12T13:00:03.3421824+09:00,2026-09-12T04:00:03.3421824Z,,v3,,,,"Yoshigai, Tetsuro",1000242230,Right,KEI_KEI,ab6b811b-0221-45d0-9ba2-f1826fd05d0b,16.709793,-32.542845,3.014533,1.68538,1.912666,-6.195722,-0.518707,-0.607874,1.683155,,,,,,,,,,,,,,,,,,,,,,,,,,,,,,,,,,,,,,,,,,,,,,,,,,,High,High,High,,,,,
225,2026/9/12,00:15.5,3,2,"Mizuno, Keita",1000325881,Right,KEI_KEI,"Komino, Harunobu",1000422747,Left,TOK,Undefined,7,Bottom,2,1,0,Splitter,Splitter,FoulBallNotFieldable,Undefined,Undefined,Undefined,0,0,,130.83042,-0.599241,-3.108077,888.933826,241.434117,2:00,1.709686,0.536377,1.796873,-93.3055,13.1153,18.5585,0.606804,-0.158419,121.29748,-7.354665,-1.797812,0.465873,133.65782,-25.123393,70.644153,,,,,1.870322,1.870322,50.6633,0.040826,-11.5652,7.9459,-0.461403,15.24,1.688432,1.872207,-35.997357,-0.732182,-1.980183,6.198774,-8.446155,TOK,KEI_KEI,JinguStadium,TeamExclusive,Team,20260912-JinguStadium-1,7652c210-ae5e-11f1-af02-1b6488a193e9,130.20708,0.644923,,9.53294,,,,0.729731,0.644923,0.149005,fbfbdd1a-464e-45d5-a242-20ac040e30b5,2026/9/12,00:15.5,2026-09-12T13:00:15.5245056+09:00,2026-09-12T04:00:15.5245056Z,GroundBall,v3,,,,"Yoshigai, Tetsuro",1000242230,Right,KEI_KEI,7e228e94-5bef-4b72-bab0-6173be0d012c,16.643608,-36.238253,3.099387,1.710508,-0.403949,-4.223078,-0.535656,1.94916,-0.990092,,0.729575,11.164949,,,,,,,,0.645145,-15.796814,,,,,,,,0.148559,31.782743,,,,,,,,,,,,,,,,,,,,,,,,,,,,,,High,High,High,Estimated,Estimated,,,
226,2026/9/12,00:40.5,3,3,"Mizuno, Keita",1000325881,Right,KEI_KEI,"Komino, Harunobu",1000422747,Left,TOK,Undefined,7,Bottom,2,1,1,Curveball,Curveball,InPlay,Undefined,FlyBall,Out,1,0,,117.163,1.596813,-0.366624,2441.051792,45.964182,7:30,1.681167,0.507721,1.706545,-169.4672,-33.3194,-38.9839,0.441002,0.013557,107.75182,-10.530537,-3.114229,0.526939,122.23475,32.662412,0.591584,3409.775365,33.489823,17.473957,-1.597974,79.730616,78.4891,-7.231082,4.374008,19.5191,-16.9093,-0.495024,15.24,1.709588,0.372666,-32.23441,0.259652,2.628377,5.968677,-12.083602,TOK,KEI_KEI,JinguStadium,TeamExclusive,Team,20260912-JinguStadium-1,853afb30-ae5e-11f1-af02-1b6488a193e9,115.11775,19.252638,,9.41117,,,,0.397065,0.455461,-0.017529,fbfbdd1a-464e-45d5-a242-20ac040e30b5,2026/9/12,00:40.5,2026-09-12T13:00:40.4504064+09:00,2026-09-12T04:00:40.4504064Z,FlyBall,v3,,,,"Yoshigai, Tetsuro",1000242230,Right,KEI_KEI,48068551-978d-4472-8c08-93348f63745f,16.734711,-32.51,2.984339,1.684719,0.817584,-6.041801,-0.509429,0.251307,1.314189,160.633307,0.397232,28.580275,-5.362825,1.292745,-0.249201,0.042612,-0.007426,0.001057,-6.90E-05,0.455647,18.317929,-4.580773,-0.063431,0.138411,-0.06858,0.019649,-0.00289,0.000167,-0.017492,0.294618,-1.358579,0.368507,-0.084861,0.017109,-0.003047,0.000389,-2.30E-05,,,,,,,,,,,,,,,,,,,,,,,High,High,High,High,High,,,
227,2026/9/12,02:27.4,1,1,"Maeda, Riku",1000325747,Right,TOK,"Ichinomiya, Tomoki",1000422896,Right,KEI_KEI,Undefined,8,Top,0,0,0,Fastball,Changeup,StrikeCalled,Undefined,Undefined,Undefined,0,0,,129.54651,-1.176939,-2.336241,2179.974593,222.149881,1:30,1.580563,0.18326,1.733766,-61.5638,49.3589,41.3039,0.630256,-0.067748,118.00117,-5.74052,0.569665,0.475625,,,,,,,,,,,,-22.6686,27.0383,-0.126495,15.24,1.54582,1.256362,-35.585468,-0.94376,-3.737815,6.979128,-5.348325,TOK,KEI_KEI,JinguStadium,TeamExclusive,Team,20260912-JinguStadium-1,c4f40000-ae5e-11f1-af02-1b6488a193e9,127.5374,,,11.54533,,,,,,,fbfbdd1a-464e-45d5-a242-20ac040e30b5,2026/9/12,02:27.4,2026-09-12T13:02:27.3835520+09:00,2026-09-12T04:02:27.3835520Z,,v3,,,,"Fukami, Yuto",1000325714,Right,TOK,6985da4a-2488-416a-bc6e-8a4f3c378e36,16.705559,-35.871747,3.489564,1.580033,-0.724376,-2.674163,-0.181175,1.409684,-1.868908,,,,,,,,,,,,,,,,,,,,,,,,,,,,,,,,,,,,,,,,,,,,,,,,,,,High,High,High,,,,,
228,2026/9/12,02:37.4,1,2,"Maeda, Riku",1000325747,Right,TOK,"Ichinomiya, Tomoki",1000422896,Right,KEI_KEI,Undefined,8,Top,0,0,1,Fastball,Changeup,BallCalled,Undefined,Undefined,Undefined,0,0,,125.38695,-1.031361,-5.489755,2223.324552,213.238728,1:00,1.588264,0.212655,1.794895,-68.1374,49.7758,30.0764,0.613626,-1.045023,114.54091,-6.06936,-3.379869,0.490383,,,,,,,,,,,,-19.2171,27.346,-0.079462,15.24,1.558116,3.165295,-34.333603,-0.843335,-2.962799,6.238508,-5.59058,TOK,KEI_KEI,JinguStadium,TeamExclusive,Team,20260912-JinguStadium-1,caf097c0-ae5e-11f1-af02-1b6488a193e9,123.69913,,,10.84603,,,,,,,fbfbdd1a-464e-45d5-a242-20ac040e30b5,2026/9/12,02:37.4,2026-09-12T13:02:37.4131200+09:00,2026-09-12T04:02:37.4131200Z,,v3,,,,"Fukami, Yuto",1000325714,Right,TOK,8a604ce5-6154-4454-8100-6f0332f853bc,16.644276,-34.587823,3.119254,1.58784,-0.615519,-2.79529,-0.210908,3.286029,-1.481399,,,,,,,,,,,,,,,,,,,,,,,,,,,,,,,,,,,,,,,,,,,,,,,,,,,High,High,High,,,,,
229,2026/9/12,02:49.4,1,3,"Maeda, Riku",1000325747,Right,TOK,"Ichinomiya, Tomoki",1000422896,Right,KEI_KEI,Undefined,8,Top,0,1,1,Splitter,Changeup,BallCalled,Undefined,Undefined,Undefined,0,0,,121.21533,-1.29144,-1.285694,1655.754977,242.409592,2:00,1.54143,0.258116,1.745289,-102.0421,23.1982,37.1519,0.154243,0.264593,112.18036,-8.666734,1.335937,0.50539,,,,,,,,,,,,-19.9008,13.8061,-0.228262,15.24,1.500991,0.590215,-33.35666,-1.118252,-2.908903,5.644866,-7.788614,TOK,KEI_KEI,JinguStadium,TeamExclusive,Team,20260912-JinguStadium-1,d2161f20-ae5e-11f1-af02-1b6488a193e9,120.02611,,,9.03498,,,,,,,fbfbdd1a-464e-45d5-a242-20ac040e30b5,2026/9/12,02:49.4,2026-09-12T13:02:49.4096896+09:00,2026-09-12T04:02:49.4096896Z,,v3,,,,"Fukami, Yuto",1000325714,Right,TOK,8f5bb537-a346-408f-84d6-d59f1e06e292,16.694868,-33.601962,2.822433,1.542232,-0.779792,-3.894307,-0.256657,0.716623,-1.454451,,,,,,,,,,,,,,,,,,,,,,,,,,,,,,,,,,,,,,,,,,,,,,,,,,,High,High,High,,,,,
230,2026/9/12,03:02.5,1,4,"Maeda, Riku",1000325747,Right,TOK,"Ichinomiya, Tomoki",1000422896,Right,KEI_KEI,Undefined,8,Top,0,2,1,Splitter,Changeup,FoulBallNotFieldable,Undefined,Undefined,Undefined,0,0,,117.29145,1.266022,-2.45803,1970.300697,233.08524,1:45,1.569776,0.210643,1.722749,-95.1805,40.1863,47.6046,0.978255,-0.012489,106.95468,-5.711239,0.887143,0.525425,161.46712,36.080765,-42.492707,3589.183036,23.295741,22.98713,-24.112849,113.672401,63.362429,-56.390863,5.628108,-26.0883,20.7419,-0.150932,15.24,1.5953,1.182191,-32.222224,0.39223,-3.529754,5.682189,-7.000261,TOK,KEI_KEI,JinguStadium,TeamExclusive,Team,20260912-JinguStadium-1,d9e94ba0-ae5e-11f1-af02-1b6488a193e9,115.44939,33.222422,,10.33677,,,,0.779374,1.028292,-0.001968,fbfbdd1a-464e-45d5-a242-20ac040e30b5,2026/9/12,03:02.5,2026-09-12T13:03:02.5298432+09:00,2026-09-12T04:03:02.5298432Z,FlyBall,v3,,,,"Fukami, Yuto",1000325714,Right,TOK,3d0ac57c-ced3-4759-9268-4fb339e80d3d,16.717005,-32.481641,2.841095,1.570098,0.711822,-3.50013,-0.208583,1.343339,-1.764877,145.849255,0.782393,26.673733,-7.171959,1.636853,-0.246219,0.016365,0.000567,-7.30E-05,-3.00E-06,1.028188,26.412004,-6.314439,0.416605,0.024651,-0.043239,0.013437,-0.001794,8.90E-05,-0.002871,-24.469382,2.724677,-0.378769,-0.00353,0.020737,-0.005349,0.000589,-2.50E-05,,,,,,,,,,,,,,,,,,,,,,,High,High,High,High,Low,,,
231,2026/9/12,03:24.9,1,5,"Maeda, Riku",1000325747,Right,TOK,"Ichinomiya, Tomoki",1000422896,Right,KEI_KEI,Undefined,8,Top,0,2,2,Splitter,Changeup,InPlay,Undefined,GroundBall,Single,0,0,,129.99706,-0.182155,-2.999501,2166.401368,228.388416,1:30,1.563814,0.210907,1.7781,-65.0854,44.5531,46.0255,0.861284,-0.179391,118.20197,-5.012836,0.24459,0.472864,157.19887,-1.873179,-30.156454,3149.101435,,,,11.454195,11.230286,-28.784024,0.258888,-25.9173,23.996,-0.139674,15.24,1.554732,1.661465,-35.713725,-0.338019,-4.299323,7.102815,-5.826049,TOK,KEI_KEI,JinguStadium,TeamExclusive,Team,20260912-JinguStadium-1,e738e360-ae5e-11f1-af02-1b6488a193e9,128.28213,0.880965,,11.79509,,,,0.756597,0.880965,0.17685,fbfbdd1a-464e-45d5-a242-20ac040e30b5,2026/9/12,03:24.9,2026-09-12T13:03:24.9265152+09:00,2026-09-12T04:03:24.9265152Z,GroundBall,v3,,,,"Fukami, Yuto",1000325714,Right,TOK,b05b2acc-c36f-4b25-9a16-4c1cfd7a7f2e,16.66178,-35.995381,3.551407,1.563555,-0.106992,-2.913025,-0.208938,1.831951,-2.149662,55.038103,0.757332,37.698616,-7.144238,,,,,,,0.881918,-1.476262,-7.469941,,,,,,,0.17735,-21.950394,-0.155881,,,,,,,,,,,,,,,,,,,,,,,,,,,,,High,High,High,Medium,Medium,,,
232,2026/9/12,04:06.8,2,1,"Maeda, Riku",1000325747,Right,TOK,"Hayashi, Jyunji",1000325862,Right,KEI_KEI,Undefined,8,Top,0,0,0,Fastball,Changeup,StrikeCalled,Undefined,Undefined,Undefined,0,0,,130.01344,-1.188777,-2.905121,2140.26742,219.117518,1:15,1.607624,0.169352,1.745985,-61.5119,47.6601,35.9902,0.654569,-0.29612,119.32806,-5.728183,-0.373028,0.471857,,,,,,,,,,,,-20.2497,26.0885,-0.09814,15.24,1.572847,1.644353,-35.728924,-0.956924,-3.395153,6.489769,-5.432546,TOK,KEI_KEI,JinguStadium,TeamExclusive,Team,20260912-JinguStadium-1,003908e0-ae5f-11f1-af02-1b6488a193e9,128.55596,,,10.68539,,,,,,,fbfbdd1a-464e-45d5-a242-20ac040e30b5,2026/9/12,04:06.8,2026-09-12T13:04:06.8078592+09:00,2026-09-12T04:04:06.8078592Z,,v3,,,,"Fukami, Yuto",1000325714,Right,TOK,966434ee-68cb-4466-a1a1-ed37e6c277c3,16.693593,-35.991985,3.244884,1.607172,-0.736717,-2.716273,-0.167582,1.781975,-1.697577,,,,,,,,,,,,,,,,,,,,,,,,,,,,,,,,,,,,,,,,,,,,,,,,,,,High,High,High,,,,,
233,2026/9/12,04:29.9,2,2,"Maeda, Riku",1000325747,Right,TOK,"Hayashi, Jyunji",1000325862,Right,KEI_KEI,Undefined,8,Top,1,0,1,Slider,Curveball,BallCalled,Undefined,Undefined,Undefined,0,0,,116.17323,0.16513,-1.831479,2306.485951,101.545285,9:30,1.517616,0.273489,1.664577,-130.9147,8.2753,-18.1766,0.255603,-0.430952,106.66093,-9.241335,-3.106408,0.532793,,,,,,,,,,,,7.832,5.304,-0.222762,15.24,1.511277,1.098217,-31.921466,-0.385999,1.036902,5.725182,-9.104439,TOK,KEI_KEI,JinguStadium,TeamExclusive,Team,20260912-JinguStadium-1,0e03c410-ae5f-11f1-af02-1b6488a193e9,113.8528,,,9.5123,,,,,,,fbfbdd1a-464e-45d5-a242-20ac040e30b5,2026/9/12,04:29.9,2026-09-12T13:04:29.9384832+09:00,2026-09-12T04:04:29.9384832Z,,v3,,,,"Fukami, Yuto",1000325714,Right,TOK,17b58ef1-0ec1-4549-a128-b0faf2b2995e,16.77526,-32.19564,2.862591,1.519323,0.050006,-4.55222,-0.274165,1.04856,0.518451,,,,,,,,,,,,,,,,,,,,,,,,,,,,,,,,,,,,,,,,,,,,,,,,,,,High,High,High,,,,,
234,2026/9/12,05:03.0,2,3,"Maeda, Riku",1000325747,Right,TOK,"Hayashi, Jyunji",1000325862,Right,KEI_KEI,Undefined,8,Top,0,1,1,Fastball,Changeup,InPlay,Undefined,FlyBall,Out,1,0,,128.84115,-1.785647,-1.370293,2116.583843,224.524777,1:30,1.563692,0.183538,1.672764,-64.2115,47.5807,43.4588,0.4121,0.22732,118.75947,-6.48143,1.678602,0.477486,133.95271,34.038255,-27.173612,3267.111269,29.777833,19.672768,-15.407914,92.763691,91.593175,-27.529903,5.015304,-23.1737,26.3126,-0.150742,15.24,1.510861,0.648764,-35.440796,-1.340826,-3.82754,6.311062,-5.460669,TOK,KEI_KEI,JinguStadium,TeamExclusive,Team,20260912-JinguStadium-1,21b32230-ae5f-11f1-af02-1b6488a193e9,127.04046,24.583864,,10.08168,,,,1.10246,0.527131,-0.218314,fbfbdd1a-464e-45d5-a242-20ac040e30b5,2026/9/12,05:03.0,2026-09-12T13:05:03.0210048+09:00,2026-09-12T04:05:03.0210048Z,FlyBall,v3,,,,"Fukami, Yuto",1000325714,Right,TOK,00ba3fc1-d162-4768-8c19-69d4ed5b65a5,16.767693,-35.711802,3.155531,1.563403,-1.106338,-2.730334,-0.182129,0.813124,-1.91377,173.493602,1.103167,27.415045,-5.302395,1.145719,-0.149863,0.002075,0.002907,-0.000403,1.70E-05,0.5267,20.83538,-4.920129,0.233177,-0.025516,-0.007344,0.00507,-0.000941,5.80E-05,-0.21859,-14.075941,2.264886,-0.420209,0.054287,-0.002921,-4.30E-05,-2.70E-05,4.00E-06,,,,,,,,,,,,,,,,,,,,,,,High,High,High,High,High,,,
235,2026/9/12,06:00.6,3,1,"Maeda, Riku",1000325747,Right,TOK,"Obara, Yamato",1000242233,Left,KEI_KEI,Undefined,8,Top,1,0,0,Splitter,Changeup,StrikeSwinging,Undefined,Undefined,Undefined,0,0,,120.88803,0.208605,-1.769253,1343.869677,248.081448,2:15,1.55409,0.294238,1.605633,-107.0286,20.0162,41.0563,0.543559,0.198075,112.42862,-7.459165,1.100269,0.509018,,,,,,,,,,,,-21.819,10.8952,-0.248778,15.24,1.550353,0.845215,-33.279133,-0.292025,-3.203506,5.114199,-8.206995,TOK,KEI_KEI,JinguStadium,TeamExclusive,Team,20260912-JinguStadium-1,4400df30-ae5f-11f1-af02-1b6488a193e9,119.17065,,,8.45941,,,,,,,fbfbdd1a-464e-45d5-a242-20ac040e30b5,2026/9/12,06:00.5,2026-09-12T13:06:00.5550080+09:00,2026-09-12T04:06:00.5550080Z,,v3,,,,"Fukami, Yuto",1000325714,Right,TOK,da9d8bed-0f4a-4d39-a835-098f28a226bf,16.834968,-33.523345,2.557099,1.554941,0.099873,-4.103498,-0.292791,0.998189,-1.601753,,,,,,,,,,,,,,,,,,,,,,,,,,,,,,,,,,,,,,,,,,,,,,,,,,,High,High,High,,,,,
236,2026/9/12,06:26.1,3,2,"Maeda, Riku",1000325747,Right,TOK,"Obara, Yamato",1000242233,Left,KEI_KEI,Undefined,8,Top,1,0,1,Fastball,Changeup,InPlay,Undefined,LineDrive,Out,1,0,,128.8506,-1.247011,-1.750218,2206.543061,207.460321,1:00,1.583325,0.197788,1.764376,-51.2002,60.7862,29.5791,0.717518,-0.002842,116.9391,-5.103479,0.334818,0.4779,168.65991,12.312809,20.35827,1389.705734,30.787318,5.954308,13.276441,82.2922,79.040151,28.106708,2.417259,-16.4875,33.1331,-0.15605,15.24,1.548429,0.946004,-35.400025,-0.929612,-2.680133,7.140586,-4.420677,TOK,KEI_KEI,JinguStadium,TeamExclusive,Team,20260912-JinguStadium-1,533c1a50-ae5f-11f1-af02-1b6488a193e9,126.93023,6.426837,,11.9115,,,,0.507586,0.730021,0.005846,fbfbdd1a-464e-45d5-a242-20ac040e30b5,2026/9/12,06:26.1,2026-09-12T13:06:26.1326848+09:00,2026-09-12T04:06:26.1326848Z,LineDrive,v3,,,,"Fukami, Yuto",1000325714,Right,TOK,aba1378b-0130-49bf-aee4-b7803a36009e,16.674973,-35.688302,3.570293,1.582357,-0.751142,-2.210338,-0.196426,1.054205,-1.340066,237.977775,0.507619,42.911711,-8.553685,1.984222,-0.457055,0.140483,-0.050145,0.011826,-0.001186,0.729982,9.992573,-4.45401,0.027645,0.074753,-0.069472,0.038581,-0.010551,0.001135,0.005809,15.925462,0.717233,-0.540544,0.211356,-0.096828,0.041491,-0.010516,0.001099,,,,,,,,,,,,,,,,,,,,,,,High,High,High,High,High,,,
237,2026/9/12,07:00.7,4,1,"Maeda, Riku",1000325747,Right,TOK,"Yoshigai, Tetsuro",1000242230,Right,KEI_KEI,Undefined,8,Top,2,0,0,Slider,Slider,StrikeCalled,Undefined,Undefined,Undefined,0,0,,117.01064,1.902747,-0.228371,2290.381814,144.610474,10:45,1.556346,0.258383,1.634317,-122.9306,13.0656,-6.4771,0.871079,0.128339,108.0377,-6.936803,-0.681615,0.526645,,,,,,,,,,,,3.0976,6.5697,-0.251564,15.24,1.597934,0.156817,-32.18116,0.609033,0.42281,5.083992,-8.9099,TOK,KEI_KEI,JinguStadium,TeamExclusive,Team,20260912-JinguStadium-1,67e45760-ae5f-11f1-af02-1b6488a193e9,115.18191,,,8.97294,,,,,,,fbfbdd1a-464e-45d5-a242-20ac040e30b5,2026/9/12,07:00.7,2026-09-12T13:07:00.7040000+09:00,2026-09-12T04:07:00.7040000Z,,v3,,,,"Fukami, Yuto",1000325714,Right,TOK,bcc1648d-77a5-4c28-aa00-707abb70511e,16.805426,-32.427524,2.541996,1.557959,1.040795,-4.45495,-0.258667,0.136328,0.211405,,,,,,,,,,,,,,,,,,,,,,,,,,,,,121.12122,2.110707,0.7808,1.329907,-0.330723,0.775282,-0.119127,-0.20271,1.666456,0.600349,38.794493,0.744817,1.568661,-0.166849,32.919832,-2.759456,1.67608,4.43686,-3.873589,0.575439,-0.955803,1.303891,High,High,High,,,High,Medium,Medium
238,2026/9/12,07:28.9,4,2,"Maeda, Riku",1000325747,Right,TOK,"Yoshigai, Tetsuro",1000242230,Right,KEI_KEI,Undefined,8,Top,2,0,1,Fastball,Changeup,StrikeCalled,Undefined,Undefined,Undefined,0,0,,130.58426,-1.345759,-2.882741,2208.721601,206.461113,1:00,1.591775,0.205211,1.796637,-50.0743,58.3996,27.2402,0.709654,-0.338841,118.76125,-5.115921,-0.961106,0.470346,,,,,,,,,,,,-16.024,31.9361,-0.136286,15.24,1.555276,1.678153,-35.856445,-0.996689,-2.681707,7.10651,-4.461973,TOK,KEI_KEI,JinguStadium,TeamExclusive,Team,20260912-JinguStadium-1,78ad5e70-ae5f-11f1-af02-1b6488a193e9,128.96893,,,11.82301,,,,,,,fbfbdd1a-464e-45d5-a242-20ac040e30b5,2026/9/12,07:28.9,2026-09-12T13:07:28.9314816+09:00,2026-09-12T04:07:28.9314816Z,,v3,,,,"Fukami, Yuto",1000325714,Right,TOK,40249fc7-4b48-4fd5-ac8f-f29da7367e50,16.642383,-36.133319,3.553255,1.590721,-0.822847,-2.230986,-0.203704,1.782634,-1.340853,,,,,,,,,,,,,,,,,,,,,,,,,,,,,,,,,,,,,,,,,,,,,,,,,,,High,High,High,,,,,
239,2026/9/12,07:47.5,4,3,"Maeda, Riku",1000325747,Right,TOK,"Yoshigai, Tetsuro",1000242230,Right,KEI_KEI,Undefined,8,Top,2,0,2,Fastball,Changeup,InPlay,Undefined,GroundBall,Out,1,0,,130.27149,0.101756,-2.378867,2258.032175,219.953482,1:15,1.589486,0.188317,1.771182,-60.4826,48.732,37.7707,1.013526,-0.108597,118.37245,-4.405895,0.283306,0.471949,123.46728,-33.631675,-25.738385,,,,,1.981303,1.699771,-17.278127,0.05978,-21.1232,25.8859,-0.131642,15.24,1.587776,1.312435,-35.7984,-0.140689,-3.520532,7.139241,-5.492341,TOK,KEI_KEI,JinguStadium,TeamExclusive,Team,20260912-JinguStadium-1,83bec600-ae5f-11f1-af02-1b6488a193e9,128.53085,1.140655,,11.89904,,,,0.347258,1.140655,0.156191,fbfbdd1a-464e-45d5-a242-20ac040e30b5,2026/9/12,07:47.5,2026-09-12T13:07:47.5011072+09:00,2026-09-12T04:07:47.5011072Z,GroundBall,v3,,,,"Fukami, Yuto",1000325714,Right,TOK,1ecc2477-99a1-454b-8812-42ee0f7086fe,16.66837,-36.082134,3.569621,1.58903,0.077592,-2.74617,-0.186582,1.452351,-1.760266,,0.34614,25.838825,,,,,,,,1.14148,-19.080965,,,,,,,,0.15673,-12.456714,,,,,,,,,,,,,,,,,,,,,,,,,,,,,,High,High,High,Low,Low,,,
240,2026/9/12,09:57.7,1,1,"Oyake, Masaki",1000547678,Right,KEI_KEI,"Akimoto, Ryo",1000325695,Right,TOK,Undefined,8,Bottom,0,0,0,Slider,Curveball,StrikeCalled,Undefined,Undefined,Undefined,0,0,,130.99775,-0.13413,-3.666,2634.620173,25.683168,6:45,1.664675,0.889835,1.608316,-120.4722,-11.6262,-7.0369,0.421477,-0.23143,121.85387,-8.681996,-4.156698,0.471152,,,,,,,,,,,,1.2138,-4.911,-0.787069,15.24,1.650169,2.340692,-36.000311,-0.606493,0.20776,6.228687,-10.647279,TOK,KEI_KEI,JinguStadium,TeamExclusive,Team,20260912-JinguStadium-1,d15c0170-ae5f-11f1-af02-1b6488a193e9,128.74828,,,9.14389,,,,,,,fbfbdd1a-464e-45d5-a242-20ac040e30b5,2026/9/12,09:57.7,2026-09-12T13:09:57.7232896+09:00,2026-09-12T04:09:57.7232896Z,,v3,,,,"Yoshigai, Tetsuro",1000242230,Right,KEI_KEI,48b787b0-c150-4cb5-90bf-ae9f552ca51f,16.832409,-36.274779,3.114344,1.666557,-0.137318,-5.32364,-0.89001,2.331537,0.10388,,,,,,,,,,,,,,,,,,,,,,,,,,,,,,,,,,,,,,,,,,,,,,,,,,,High,High,High,,,,,
241,2026/9/12,10:08.8,1,2,"Oyake, Masaki",1000547678,Right,KEI_KEI,"Akimoto, Ryo",1000325695,Right,TOK,Undefined,8,Bottom,0,0,1,Slider,Slider,BallCalled,Undefined,Undefined,Undefined,0,0,,131.04067,0.081956,-2.865818,2721.41352,34.90543,7:15,1.676137,0.918474,1.676041,-118.8807,-11.5239,-10.0321,0.510723,0.000464,122.20638,-8.391606,-3.56918,0.467918,,,,,,,,,,,,3.3421,-5.0943,-0.841232,15.24,1.668532,1.852557,-36.064537,-0.447778,0.575882,6.051202,-10.684445,TOK,KEI_KEI,JinguStadium,TeamExclusive,Team,20260912-JinguStadium-1,d7f77140-ae5f-11f1-af02-1b6488a193e9,129.63815,,,8.8343,,,,,,,fbfbdd1a-464e-45d5-a242-20ac040e30b5,2026/9/12,10:08.8,2026-09-12T13:10:08.7729664+09:00,2026-09-12T04:10:08.7729664Z,,v3,,,,"Yoshigai, Tetsuro",1000242230,Right,KEI_KEI,199589e2-a3bf-456a-9833-ce28a6e64089,16.764831,-36.319485,3.025601,1.677914,0.002376,-5.342222,-0.918773,1.828294,0.287941,,,,,,,,,,,,,,,,,,,,,,,,,,,,,,,,,,,,,,,,,,,,,,,,,,,High,High,High,,,,,
242,2026/9/12,10:20.7,1,3,"Oyake, Masaki",1000547678,Right,KEI_KEI,"Akimoto, Ryo",1000325695,Right,TOK,Undefined,8,Bottom,0,1,1,Slider,Slider,StrikeCalled,Undefined,Undefined,Undefined,0,0,,130.47809,0.558434,-2.487372,2707.914108,53.629716,7:45,1.684162,0.952147,1.66563,-114.4163,-6.5901,-12.6221,0.699459,0.11591,122.07468,-7.600573,-3.371642,0.468939,,,,,,,,,,,,4.9822,-2.8817,-0.884321,15.24,1.689588,1.620189,-35.933875,-0.128546,0.856998,5.647017,-10.302333,TOK,KEI_KEI,JinguStadium,TeamExclusive,Team,20260912-JinguStadium-1,df12bf70-ae5f-11f1-af02-1b6488a193e9,129.35574,,,8.40341,,,,,,,fbfbdd1a-464e-45d5-a242-20ac040e30b5,2026/9/12,10:20.7,2026-09-12T13:10:20.7196160+09:00,2026-09-12T04:10:20.7196160Z,,v3,,,,"Yoshigai, Tetsuro",1000242230,Right,KEI_KEI,cfd36f96-8dbb-49ce-9d24-337de516d43d,16.77528,-36.17434,2.823508,1.685722,0.310155,-5.151166,-0.952536,1.583696,0.428499,,,,,,,,,,,,,,,,,,,,,,,,,,,,,,,,,,,,,,,,,,,,,,,,,,,High,High,High,,,,,
243,2026/9/12,10:34.8,1,4,"Oyake, Masaki",1000547678,Right,KEI_KEI,"Akimoto, Ryo",1000325695,Right,TOK,Undefined,8,Bottom,0,1,2,Fastball,Four-Seam,StrikeSwinging,Strikeout,Undefined,Undefined,0,0,,147.73375,-1.971316,-5.409305,2784.537825,220.287528,1:15,1.622863,0.926115,1.680153,-34.9105,51.6426,41.2412,0.709167,-0.207804,133.87853,-4.613023,-2.535024,0.420142,,,,,,,,,,,,-24.6026,28.2714,-0.785328,15.24,1.567508,3.594639,-40.407373,-1.516075,-5.232648,8.966596,-3.793691,TOK,KEI_KEI,JinguStadium,TeamExclusive,Team,20260912-JinguStadium-1,e7750c90-ae5f-11f1-af02-1b6488a193e9,144.37983,,,13.85522,,,,,,,fbfbdd1a-464e-45d5-a242-20ac040e30b5,2026/9/12,10:34.8,2026-09-12T13:10:34.8377088+09:00,2026-09-12T04:10:34.8377088Z,,v3,,,,"Yoshigai, Tetsuro",1000242230,Right,KEI_KEI,ac39756e-85b8-4191-8f9c-484aa171f27f,16.759019,-40.743056,4.483298,1.621607,-1.37405,-1.896845,-0.923567,3.790534,-2.616324,,,,,,,,,,,,,,,,,,,,,,,,,,,,,,,,,,,,,,,,,,,,,,,,,,,High,High,High,,,,,
244,2026/9/12,10:58.1,2,1,"Oyake, Masaki",1000547678,Right,KEI_KEI,"Akashi, Ken",1000325692,Left,TOK,Undefined,8,Bottom,1,0,0,Fastball,Four-Seam,BallCalled,Undefined,Undefined,Undefined,0,0,,146.70995,-0.421753,-2.261702,2739.026159,225.144393,1:30,1.635346,0.980532,1.665046,-39.2344,48.6905,45.7703,1.122588,0.792684,132.0864,-3.385517,0.944252,0.423458,,,,,,,,,,,,-24.651,25.67,-0.923605,15.24,1.620926,1.331593,-40.258354,-0.436786,-5.158398,9.604146,-4.435013,TOK,KEI_KEI,JinguStadium,TeamExclusive,Team,20260912-JinguStadium-1,f5576e70-ae5f-11f1-af02-1b6488a193e9,143.24908,,,14.62355,,,,,,,fbfbdd1a-464e-45d5-a242-20ac040e30b5,2026/9/12,10:58.1,2026-09-12T13:10:58.1480448+09:00,2026-09-12T04:10:58.1480448Z,,v3,,,,"Yoshigai, Tetsuro",1000242230,Right,KEI_KEI,212228f9-5375-40f3-9b94-1dc41f615e33,16.773794,-40.622613,4.802073,1.634302,-0.268578,-2.217506,-0.977818,1.527237,-2.579199,,,,,,,,,,,,,,,,,,,,,,,,,,,,,,,,,,,,,,,,,,,,,,,,,,,High,High,High,,,,,
245,2026/9/12,11:11.1,2,2,"Oyake, Masaki",1000547678,Right,KEI_KEI,"Akashi, Ken",1000325692,Left,TOK,Undefined,8,Bottom,1,1,0,Slider,Slider,BallCalled,Undefined,Undefined,Undefined,0,0,,133.53928,-0.317016,-3.542732,2740.074318,66.555749,8:15,1.691584,0.929545,1.626861,-105.9588,-1.6663,-10.3735,0.541172,-0.188511,124.25332,-7.86006,-4.266577,0.461191,,,,,,,,,,,,3.0377,0.1862,-0.831087,15.24,1.673617,2.323521,-36.707185,-0.663343,0.541782,6.326754,-9.773432,TOK,KEI_KEI,JinguStadium,TeamExclusive,Team,20260912-JinguStadium-1,fd15b360-ae5f-11f1-af02-1b6488a193e9,131.52888,,,9.28596,,,,,,,fbfbdd1a-464e-45d5-a242-20ac040e30b5,2026/9/12,11:11.1,2026-09-12T13:11:11.0753280+09:00,2026-09-12T04:11:11.0753280Z,,v3,,,,"Yoshigai, Tetsuro",1000242230,Right,KEI_KEI,baeac65b-dee2-47e3-969a-4d7e76994296,16.813651,-36.97742,3.163377,1.693035,-0.245889,-4.886716,-0.929838,2.30038,0.270891,,,,,,,,,,,,,,,,,,,,,,,,,,,,,,,,,,,,,,,,,,,,,,,,,,,High,High,High,,,,,
246,2026/9/12,11:24.0,2,3,"Oyake, Masaki",1000547678,Right,KEI_KEI,"Akashi, Ken",1000325692,Left,TOK,Undefined,8,Bottom,1,2,0,Fastball,Four-Seam,BallCalled,Undefined,Undefined,Undefined,0,0,,145.75692,-1.019231,-2.896388,2749.704173,223.856026,1:30,1.586633,0.999941,1.748186,-44.5052,43.2334,38.6571,0.851894,0.563735,132.10116,-4.351877,-0.176561,0.423009,,,,,,,,,,,,-21.6962,23.5905,-0.929177,15.24,1.557491,1.815866,-40.014365,-0.875343,-4.512871,9.007232,-4.899751,TOK,KEI_KEI,JinguStadium,TeamExclusive,Team,20260912-JinguStadium-1,04cad090-ae60-11f1-af02-1b6488a193e9,143.40104,,,13.65576,,,,,,,fbfbdd1a-464e-45d5-a242-20ac040e30b5,2026/9/12,11:24.0,2026-09-12T13:11:24.0397312+09:00,2026-09-12T04:11:24.0397312Z,,v3,,,,"Yoshigai, Tetsuro",1000242230,Right,KEI_KEI,2e560449-eaf8-4935-be30-610c0d704851,16.690879,-40.339635,4.503616,1.585907,-0.698402,-2.449876,-0.997695,1.978836,-2.256436,,,,,,,,,,,,,,,,,,,,,,,,,,,,,,,,,,,,,,,,,,,,,,,,,,,High,High,High,,,,,
247,2026/9/12,11:41.5,2,4,"Oyake, Masaki",1000547678,Right,KEI_KEI,"Akashi, Ken",1000325692,Left,TOK,Undefined,8,Bottom,1,3,0,Fastball,Four-Seam,StrikeCalled,Undefined,Undefined,Undefined,0,0,,146.96051,-1.429178,-4.709271,2740.187898,224.811813,1:30,1.608366,0.971975,1.786978,-41.1271,44.7716,41.6234,0.790967,0.051765,133.56681,-4.519375,-1.783498,0.418551,,,,,,,,,,,,-24.5068,24.7023,-0.858217,15.24,1.570055,3.095909,-40.282592,-1.152533,-5.188882,8.776402,-4.576372,TOK,KEI_KEI,JinguStadium,TeamExclusive,Team,20260912-JinguStadium-1,0f3019a0-ae60-11f1-af02-1b6488a193e9,144.92872,,,13.3937,,,,,,,fbfbdd1a-464e-45d5-a242-20ac040e30b5,2026/9/12,11:41.5,2026-09-12T13:11:41.4863360+09:00,2026-09-12T04:11:41.4863360Z,,v3,,,,"Yoshigai, Tetsuro",1000242230,Right,KEI_KEI,f0b3bb94-2fa9-47d7-99be-de8c1a838cf9,16.652352,-40.589136,4.388201,1.60752,-0.992688,-2.288186,-0.969517,3.277148,-2.594441,,,,,,,,,,,,,,,,,,,,,,,,,,,,,,,,,,,,,,,,,,,,,,,,,,,High,High,High,,,,,
248,2026/9/12,11:56.9,2,5,"Oyake, Masaki",1000547678,Right,KEI_KEI,"Akashi, Ken",1000325692,Left,TOK,Undefined,8,Bottom,1,3,1,Fastball,Four-Seam,FoulBallNotFieldable,Undefined,Undefined,Undefined,0,0,,148.09237,-1.108661,-4.149118,2742.642472,223.101211,1:30,1.563517,0.991007,1.777561,-39.7264,45.1499,39.5198,0.851288,0.208638,134.09141,-4.105235,-1.369746,0.416052,118.44563,43.837655,-146.556505,3730.313501,-28.952215,17.502203,-16.908411,65.90979,28.788581,-152.901632,3.38696,-23.3242,24.7422,-0.890498,15.24,1.533114,2.736814,-40.615544,-0.928327,-4.997013,9.303236,-4.505827,TOK,KEI_KEI,JinguStadium,TeamExclusive,Team,20260912-JinguStadium-1,185dcd10-ae60-11f1-af02-1b6488a193e9,145.79902,17.52482,,14.00096,,,,0.046438,0.841397,-0.209524,fbfbdd1a-464e-45d5-a242-20ac040e30b5,2026/9/12,11:56.9,2026-09-12T13:11:56.9161728+09:00,2026-09-12T04:11:56.9161728Z,FlyBall,v3,,,,"Yoshigai, Tetsuro",1000242230,Right,KEI_KEI,aeeef270-df66-449e-bc6c-6d76a3906e7c,16.661993,-40.939964,4.651618,1.562747,-0.771201,-2.252913,-0.988974,2.911069,-2.498506,19.728857,0.046427,-19.803609,0.044534,0.303202,-0.010074,-0.0416,0.02386,-0.005474,0.000456,0.841486,22.784364,-9.066055,1.061233,-0.139392,-0.014268,0.012053,-0.002109,0.000118,-0.209563,-13.078411,1.502711,-0.138023,0.045627,-0.02977,0.015406,-0.00373,0.000328,,,,,,,,,,,,,,,,,,,,,,,High,High,High,High,Low,,,
249,2026/9/12,12:19.7,2,6,"Oyake, Masaki",1000547678,Right,KEI_KEI,"Akashi, Ken",1000325692,Left,TOK,Undefined,8,Bottom,1,3,2,Fastball,Four-Seam,StrikeSwinging,Strikeout,Undefined,Undefined,0,0,,146.58542,-0.919775,-5.352483,2779.737685,221.585793,1:30,1.59049,0.998067,1.71583,-39.7095,47.1812,39.3856,0.930649,-0.134727,133.61783,-3.892366,-2.601354,0.420961,,,,,,,,,,,,-23.6077,25.3493,-0.861891,15.24,1.563521,3.549821,-40.1533,-0.791615,-4.988187,8.372517,-4.450481,TOK,KEI_KEI,JinguStadium,TeamExclusive,Team,20260912-JinguStadium-1,25ff0740-ae60-11f1-af02-1b6488a193e9,144.09901,,,12.96759,,,,,,,fbfbdd1a-464e-45d5-a242-20ac040e30b5,2026/9/12,12:19.7,2026-09-12T13:12:19.7432832+09:00,2026-09-12T04:12:19.7432832Z,,v3,,,,"Yoshigai, Tetsuro",1000242230,Right,KEI_KEI,f07d99a7-b354-42ba-a425-2e16a13fc4c8,16.72385,-40.46152,4.186259,1.589647,-0.627778,-2.225241,-0.995952,3.733453,-2.494093,,,,,,,,,,,,,,,,,,,,,,,,,,,,,,,,,,,,,,,,,,,,,,,,,,,High,High,High,,,,,
250,2026/9/12,12:43.3,3,1,"Oyake, Masaki",1000547678,Right,KEI_KEI,"Higuchi, Kosuke",1000325727,Right,TOK,Undefined,8,Bottom,2,0,0,Slider,Slider,StrikeCalled,Undefined,Undefined,Undefined,0,0,,130.61099,1.211589,-3.270551,2701.113488,59.118658,8:00,1.68188,0.942822,1.600025,-115.8232,-6.5603,-15.8526,0.871282,-0.153453,121.41427,-7.030181,-4.37435,0.472053,,,,,,,,,,,,5.9339,-3.0961,-0.849812,15.24,1.705421,2.129728,-35.905659,0.257943,1.013713,5.983096,-10.335566,TOK,KEI_KEI,JinguStadium,TeamExclusive,Team,20260912-JinguStadium-1,340e6c90-ae60-11f1-af02-1b6488a193e9,128.50249,,,9.19672,,,,,,,fbfbdd1a-464e-45d5-a242-20ac040e30b5,2026/9/12,12:43.3,2026-09-12T13:12:43.3079296+09:00,2026-09-12T04:12:43.3079296Z,,v3,,,,"Yoshigai, Tetsuro",1000242230,Right,KEI_KEI,a34d7a6f-7585-4833-8471-968f8d3f7ad8,16.840513,-36.171376,2.991548,1.683772,0.716958,-5.167783,-0.943396,2.084708,0.506857,,,,,,,,,,,,,,,,,,,,,,,,,,,,,,,,,,,,,,,,,,,,,,,,,,,High,High,High,,,,,
251,2026/9/12,12:54.6,3,2,"Oyake, Masaki",1000547678,Right,KEI_KEI,"Higuchi, Kosuke",1000325727,Right,TOK,Undefined,8,Bottom,2,0,1,Fastball,Four-Seam,StrikeCalled,Undefined,Undefined,Undefined,0,0,,147.19517,-1.453313,-5.557301,2608.28535,225.235013,1:30,1.582731,0.965524,1.703739,-45.4621,41.0282,38.5158,0.71245,-0.235924,134.14771,-4.823341,-2.870062,0.419989,,,,,,,,,,,,-23.2547,22.5793,-0.822757,15.24,1.54103,3.708868,-40.289024,-1.20386,-4.942366,8.502465,-5.007823,TOK,KEI_KEI,JinguStadium,TeamExclusive,Team,20260912-JinguStadium-1,3ac6b330-ae60-11f1-af02-1b6488a193e9,144.43222,,,13.04746,,,,,,,fbfbdd1a-464e-45d5-a242-20ac040e30b5,2026/9/12,12:54.6,2026-09-12T13:12:54.6237952+09:00,2026-09-12T04:12:54.6237952Z,,v3,,,,"Yoshigai, Tetsuro",1000242230,Right,KEI_KEI,dc55c2f0-f755-4f2b-86b8-1f0f22816759,16.735732,-40.603452,4.251233,1.582125,-1.018667,-2.503912,-0.963293,3.891641,-2.471183,,,,,,,,,,,,,,,,,,,,,,,,,,,,,,,,,,,,,,,,,,,,,,,,,,,High,High,High,,,,,
252,2026/9/12,13:10.1,3,3,"Oyake, Masaki",1000547678,Right,KEI_KEI,"Higuchi, Kosuke",1000325727,Right,TOK,Undefined,8,Bottom,2,0,2,Fastball,Four-Seam,FoulBallNotFieldable,Undefined,Undefined,Undefined,0,0,,149.4902,-0.603973,-5.789282,2621.537416,225.53041,1:30,1.642915,0.925097,1.637264,-39.6729,45.1406,43.0846,1.072701,-0.304077,135.58771,-3.564497,-2.797671,0.415898,,,,,,,,,,,,-25.6918,23.8708,-0.770209,15.24,1.623079,3.899634,-40.888183,-0.587213,-5.607345,9.001701,-4.596753,TOK,KEI_KEI,JinguStadium,TeamExclusive,Team,20260912-JinguStadium-1,440333b0-ae60-11f1-af02-1b6488a193e9,145.85299,,,13.90249,,,,,,,fbfbdd1a-464e-45d5-a242-20ac040e30b5,2026/9/12,13:10.1,2026-09-12T13:13:10.1277184+09:00,2026-09-12T04:13:10.1277184Z,,v3,,,,"Yoshigai, Tetsuro",1000242230,Right,KEI_KEI,54d28c07-952a-4506-a594-257671657113,16.802228,-41.230679,4.500851,1.642094,-0.412316,-2.298377,-0.922641,4.112982,-2.803672,,,,,,,,,,,,,,,,,,,,,,,,,,,,,,,,,,,,,,,,,,,,,,,,,,,High,High,High,,,,,
253,2026/9/12,13:26.1,3,4,"Oyake, Masaki",1000547678,Right,KEI_KEI,"Higuchi, Kosuke",1000325727,Right,TOK,Undefined,8,Bottom,2,0,2,Slider,Slider,StrikeSwinging,Strikeout,Undefined,Undefined,0,0,,133.25673,-0.843387,-3.715768,2811.371271,43.789791,7:30,1.703179,0.9301,1.616974,-111.3041,-6.8547,-9.138,0.348304,-0.225921,124.77725,-8.727038,-4.353282,0.461538,,,,,,,,,,,,2.4268,-2.141,-0.826328,15.24,1.669958,2.424189,-36.638368,-1.028313,0.433217,5.987048,-10.188849,TOK,KEI_KEI,JinguStadium,TeamExclusive,Team,20260912-JinguStadium-1,4d8dad20-ae60-11f1-af02-1b6488a193e9,131.43005,,,8.47948,,,,,,,fbfbdd1a-464e-45d5-a242-20ac040e30b5,2026/9/12,13:26.1,2026-09-12T13:13:26.0668416+09:00,2026-09-12T04:13:26.0668416Z,,v3,,,,"Yoshigai, Tetsuro",1000242230,Right,KEI_KEI,aa7e0829-bae1-434d-9ed7-c846d29b527d,16.823786,-36.896266,2.993524,1.704801,-0.589419,-5.094424,-0.930351,2.405528,0.216609,,,,,,,,,,,,,,,,,,,,,,,,,,,,,,,,,,,,,,,,,,,,,,,,,,,High,High,High,,,,,
254,2026/9/12,15:10.5,1,1,"Maeda, Riku",1000325747,Right,TOK,"Maruta, Minato",1000325879,Left,KEI_KEI,Undefined,9,Top,0,0,0,Splitter,Changeup,BallCalled,Undefined,Undefined,Undefined,0,0,,117.59676,-0.981967,-2.899961,2047.258681,243.312878,2:00,1.578404,0.269676,1.756479,-102.0392,31.4318,54.1286,0.27906,-0.012411,108.34682,-8.394621,0.91664,0.521733,,,,,,,,,,,,-29.7325,17.9584,-0.20051,15.24,1.546147,1.412768,-32.326209,-0.902849,-4.069693,5.453403,-7.348562,TOK,KEI_KEI,JinguStadium,TeamExclusive,Team,20260912-JinguStadium-1,8bcdcd90-ae60-11f1-af02-1b6488a193e9,116.26645,,,9.24993,,,,,,,fbfbdd1a-464e-45d5-a242-20ac040e30b5,2026/9/12,15:10.5,2026-09-12T13:15:10.4939008+09:00,2026-09-12T04:15:10.4939008Z,,v3,,,,"Fukami, Yuto",1000325714,Right,TOK,0697224b-6dec-435c-a422-28b59ec3ac0b,16.683676,-32.568845,2.726701,1.579044,-0.575892,-3.674281,-0.267396,1.593839,-2.034847,,,,,,,,,,,,,,,,,,,,,,,,,,,,,,,,,,,,,,,,,,,,,,,,,,,High,High,High,,,,,
255,2026/9/12,15:20.3,1,2,"Maeda, Riku",1000325747,Right,TOK,"Maruta, Minato",1000325879,Left,KEI_KEI,Undefined,9,Top,0,1,0,Fastball,Changeup,StrikeCalled,Undefined,Undefined,Undefined,0,0,,128.86604,-0.710425,-0.812938,2257.419352,208.914976,1:00,1.586809,0.253072,1.718742,-55.8065,56.0443,28.9555,0.826709,0.311459,117.6353,-4.866068,1.223362,0.477611,,,,,,,,,,,,-15.1947,29.9769,-0.234244,15.24,1.5642,0.364784,-35.428014,-0.624381,-2.491045,6.7255,-4.892203,TOK,KEI_KEI,JinguStadium,TeamExclusive,Team,20260912-JinguStadium-1,91a4b4e0-ae60-11f1-af02-1b6488a193e9,127.00712,,,11.23074,,,,,,,fbfbdd1a-464e-45d5-a242-20ac040e30b5,2026/9/12,15:20.3,2026-09-12T13:15:20.3018240+09:00,2026-09-12T04:15:20.3018240Z,,v3,,,,"Fukami, Yuto",1000325714,Right,TOK,e7feebc1-7d76-41f8-8a2f-3d83a49680eb,16.72027,-35.707916,3.36275,1.585949,-0.420777,-2.446102,-0.251583,0.468456,-1.245523,,,,,,,,,,,,,,,,,,,,,,,,,,,,,,,,,,,,,,,,,,,,,,,,,,,High,High,High,,,,,
256,2026/9/12,15:30.9,1,3,"Maeda, Riku",1000325747,Right,TOK,"Maruta, Minato",1000325879,Left,KEI_KEI,Undefined,9,Top,0,1,1,Splitter,Other,BallCalled,Undefined,Undefined,Undefined,0,0,,118.09472,1.225614,-0.268106,1676.11385,238.702872,2:00,1.562301,0.254524,1.803549,-101.1956,28.9428,41.6853,0.89708,0.595539,109.45815,-6.149819,2.678751,0.515178,,,,,,,,,,,,-21.5036,15.2378,-0.250792,15.24,1.585282,-0.020104,-32.529264,0.355253,-3.009516,5.009895,-7.674062,TOK,KEI_KEI,JinguStadium,TeamExclusive,Team,20260912-JinguStadium-1,97f3b260-ae60-11f1-af02-1b6488a193e9,117.74565,,,8.63656,,,,,,,fbfbdd1a-464e-45d5-a242-20ac040e30b5,2026/9/12,15:30.9,2026-09-12T13:15:30.8705280+09:00,2026-09-12T04:15:30.8705280Z,,v3,,,,"Fukami, Yuto",1000325714,Right,TOK,7d0da193-2d2f-4348-8f17-3ad374618f70,16.636409,-32.743621,2.504947,1.563057,0.683601,-3.837031,-0.252687,0.108663,-1.504758,,,,,,,,,,,,,,,,,,,,,,,,,,,,,,,,,,,,,,,,,,,,,,,,,,,High,High,High,,,,,
257,2026/9/12,15:43.3,1,4,"Maeda, Riku",1000325747,Right,TOK,"Maruta, Minato",1000325879,Left,KEI_KEI,Undefined,9,Top,0,2,1,Fastball,Changeup,StrikeSwinging,Undefined,Undefined,Undefined,0,0,,130.06518,-1.150072,-1.183213,2179.183913,224.774234,1:30,1.58852,0.254678,1.722036,-61.4237,48.2899,44.3997,0.647223,0.362259,118.95617,-5.68692,1.940593,0.473026,,,,,,,,,,,,-23.2583,26.3652,-0.227491,15.24,1.554168,0.525541,-35.759599,-0.93336,-3.886444,6.823743,-5.401054,TOK,KEI_KEI,JinguStadium,TeamExclusive,Team,20260912-JinguStadium-1,9f529940-ae60-11f1-af02-1b6488a193e9,128.23824,,,11.10901,,,,,,,fbfbdd1a-464e-45d5-a242-20ac040e30b5,2026/9/12,15:43.3,2026-09-12T13:15:43.2807936+09:00,2026-09-12T04:15:43.2807936Z,,v3,,,,"Fukami, Yuto",1000325714,Right,TOK,b84fe33b-ed1c-4a07-b4bf-b9c9241d9ec2,16.717296,-36.040398,3.411872,1.588004,-0.711105,-2.700527,-0.252408,0.68547,-1.943222,,,,,,,,,,,,,,,,,,,,,,,,,,,,,,,,,,,,,,,,,,,,,,,,,,,High,High,High,,,,,
258,2026/9/12,15:58.8,1,5,"Maeda, Riku",1000325747,Right,TOK,"Maruta, Minato",1000325879,Left,KEI_KEI,Undefined,9,Top,0,2,2,Fastball,Changeup,BallCalled,Undefined,Undefined,Undefined,0,0,,129.64684,0.594928,-0.780902,2146.286765,219.040404,1:15,1.590382,0.282371,1.73303,-56.1598,54.6628,41.3346,1.19782,0.473856,117.64774,-3.608538,2.127599,0.475411,,,,,,,,,,,,-21.4878,28.3624,-0.265459,15.24,1.601493,0.288044,-35.633014,0.185501,-3.544664,7.136891,-5.127928,TOK,KEI_KEI,JinguStadium,TeamExclusive,Team,20260912-JinguStadium-1,a89470f0-ae60-11f1-af02-1b6488a193e9,127.59498,,,11.99911,,,,,,,fbfbdd1a-464e-45d5-a242-20ac040e30b5,2026/9/12,15:58.8,2026-09-12T13:15:58.8100608+09:00,2026-09-12T04:15:58.8100608Z,,v3,,,,"Fukami, Yuto",1000325714,Right,TOK,0c554b5a-9eab-4dfa-9bd0-361cf967eabe,16.706019,-35.925441,3.568446,1.589588,0.395613,-2.563964,-0.280237,0.433283,-1.772332,,,,,,,,,,,,,,,,,,,,,,,,,,,,,,,,,,,,,,,,,,,,,,,,,,,High,High,High,,,,,
259,2026/9/12,16:13.3,1,6,"Maeda, Riku",1000325747,Right,TOK,"Maruta, Minato",1000325879,Left,KEI_KEI,Undefined,9,Top,0,3,2,Splitter,Changeup,FoulBallNotFieldable,Undefined,Undefined,Undefined,0,0,,122.65224,0.332049,-2.476306,1684.209581,231.57309,1:45,1.550765,0.299034,1.720116,-84.8814,37.3847,42.6534,0.796447,0.021071,113.24742,-5.854519,0.521335,0.499353,121.97742,82.035672,162.377726,,,,,,5.115175,,,-23.4776,19.8308,-0.238404,15.24,1.552845,1.27587,-33.749263,-0.105787,-3.529431,5.51288,-6.825451,TOK,KEI_KEI,JinguStadium,TeamExclusive,Team,20260912-JinguStadium-1,b1399370-ae60-11f1-af02-1b6488a193e9,121.47722,26.826468,,9.40482,,,,0.96144,0.871674,-0.022253,fbfbdd1a-464e-45d5-a242-20ac040e30b5,2026/9/12,16:13.3,2026-09-12T13:16:13.2940800+09:00,2026-09-12T04:16:13.2940800Z,,v3,,,,"Fukami, Yuto",1000325714,Right,TOK,77993728-c8f7-4da9-99e9-0f5fc24cce27,16.720304,-33.990208,2.75644,1.550949,0.192524,-3.412726,-0.297538,1.430127,-1.764716,352.222949,0.961443,-4.475071,-1.983945,0.732572,0.205765,-0.548758,0.445736,-0.183396,0.030933,0.871675,33.555696,-9.449368,1.231294,-0.187102,0.004146,0.003997,0.003326,-0.001868,-0.022251,1.42074,-2.022668,0.628973,0.135298,-0.390553,0.316327,-0.129308,0.021622,,,,,,,,,,,,,,,,,,,,,,,High,High,High,High,Undefined,,,
260,2026/9/12,16:38.4,1,7,"Maeda, Riku",1000325747,Right,TOK,"Maruta, Minato",1000325879,Left,KEI_KEI,Undefined,9,Top,0,3,2,Fastball,Changeup,InPlay,Undefined,LineDrive,Out,1,0,,130.36285,-0.584332,-1.580622,2160.212096,219.335908,1:15,1.548775,0.227382,1.701032,-59.3636,50.4538,38.3682,0.78874,0.161025,118.72311,-4.987049,1.114281,0.47325,164.51136,16.637761,17.48436,1010.841654,31.419474,7.709577,11.701996,84.640526,82.281816,25.820502,2.593753,-20.725,27.0873,-0.189121,15.24,1.528928,0.807847,-35.831999,-0.574413,-3.464358,7.085137,-5.278795,TOK,KEI_KEI,JinguStadium,TeamExclusive,Team,20260912-JinguStadium-1,c0344320-ae60-11f1-af02-1b6488a193e9,128.17759,8.357306,,11.63974,,,,0.826553,0.83783,-0.150898,fbfbdd1a-464e-45d5-a242-20ac040e30b5,2026/9/12,16:38.4,2026-09-12T13:16:38.4382464+09:00,2026-09-12T04:16:38.4382464Z,LineDrive,v3,,,,"Fukami, Yuto",1000325714,Right,TOK,e97b283d-11bc-40f4-87c0-f715c88a5263,16.738699,-36.127125,3.542568,1.548275,-0.354529,-2.639398,-0.225777,0.952152,-1.732179,256.755914,0.826554,41.761527,-7.525388,1.607455,-0.3333,0.058017,-0.009427,0.00116,-7.30E-05,0.83783,13.084132,-6.273291,0.577371,-0.081325,0.010316,-0.000709,8.60E-05,-1.40E-05,-0.1509,13.154961,1.8203,-1.069027,0.357703,-0.093126,0.018752,-0.002513,0.000157,,,,,,,,,,,,,,,,,,,,,,,High,High,High,High,High,,,
261,2026/9/12,17:06.3,2,1,"Maeda, Riku",1000325747,Right,TOK,"Takarada, Yuya",1000242234,Right,KEI_KEI,Undefined,9,Top,1,0,0,Fastball,Changeup,BallCalled,Undefined,Undefined,Undefined,0,0,,125.91699,-0.360435,-4.463447,2122.90749,223.853026,1:30,1.553167,0.235385,1.744674,-71.5571,46.3169,40.6106,0.73496,-0.628202,114.35516,-5.649701,-1.614621,0.490302,,,,,,,,,,,,-23.8846,24.9871,-0.124625,15.24,1.538744,2.506256,-34.512613,-0.462056,-3.700311,6.62963,-5.935539,TOK,KEI_KEI,JinguStadium,TeamExclusive,Team,20260912-JinguStadium-1,d0d7c0d0-ae60-11f1-af02-1b6488a193e9,123.71965,,,11.56184,,,,,,,fbfbdd1a-464e-45d5-a242-20ac040e30b5,2026/9/12,17:06.3,2026-09-12T13:17:06.3160320+09:00,2026-09-12T04:17:06.3160320Z,,v3,,,,"Fukami, Yuto",1000325714,Right,TOK,1dcc938f-5a1b-4515-89ec-1563998b41d7,16.694403,-34.790872,3.314815,1.552909,-0.21293,-2.96777,-0.233077,2.661566,-1.850156,,,,,,,,,,,,,,,,,,,,,,,,,,,,,,,,,,,,,,,,,,,,,,,,,,,High,High,High,,,,,
262,2026/9/12,17:17.0,2,2,"Maeda, Riku",1000325747,Right,TOK,"Takarada, Yuya",1000242234,Right,KEI_KEI,Undefined,9,Top,1,1,0,Splitter,Changeup,StrikeCalled,Undefined,Undefined,Undefined,0,0,,125.19584,0.859926,-2.488742,2068.607103,230.764282,1:45,1.551373,0.253135,1.724622,-79.5781,39.933,43.8274,1.000266,-0.016433,113.32672,-5.009966,0.591252,0.493695,,,,,,,,,,,,-24.0257,20.7872,-0.192254,15.24,1.567625,1.289254,-34.366969,0.23587,-3.676158,6.804263,-6.62602,TOK,KEI_KEI,JinguStadium,TeamExclusive,Team,20260912-JinguStadium-1,d7376020-ae60-11f1-af02-1b6488a193e9,122.86938,,,11.86912,,,,,,,fbfbdd1a-464e-45d5-a242-20ac040e30b5,2026/9/12,17:17.0,2026-09-12T13:17:17.0171904+09:00,2026-09-12T04:17:17.0171904Z,,v3,,,,"Fukami, Yuto",1000325714,Right,TOK,9db8efbf-0463-4882-a22e-b91b5a88acda,16.714315,-34.657637,3.402131,1.551503,0.518924,-3.31301,-0.250683,1.446294,-1.838079,,,,,,,,,,,,,,,,,,,,,,,,,,,,,,,,,,,,,,,,,,,,,,,,,,,High,High,High,,,,,
263,2026/9/12,17:29.3,2,3,"Maeda, Riku",1000325747,Right,TOK,"Takarada, Yuya",1000242234,Right,KEI_KEI,Undefined,9,Top,1,1,1,Splitter,Changeup,BallCalled,Undefined,Undefined,Undefined,0,0,,119.96385,1.857892,-1.783519,1475.052542,225.521816,1:30,1.549919,0.257409,1.697108,-87.6327,41.6405,38.3131,1.203011,0.132574,109.64714,-4.563354,0.904623,0.513463,,,,,,,,,,,,-20.5727,20.9657,-0.213628,15.24,1.591921,0.856307,-32.962469,0.765716,-2.927529,5.67639,-6.823197,TOK,KEI_KEI,JinguStadium,TeamExclusive,Team,20260912-JinguStadium-1,de8d4650-ae60-11f1-af02-1b6488a193e9,118.13905,,,10.31671,,,,,,,fbfbdd1a-464e-45d5-a242-20ac040e30b5,2026/9/12,17:29.3,2026-09-12T13:17:29.3216256+09:00,2026-09-12T04:17:29.3216256Z,,v3,,,,"Fukami, Yuto",1000325714,Right,TOK,4adb8119-da5a-4580-aea8-8793ac272a89,16.742229,-33.220157,2.838195,1.55013,1.075465,-3.411599,-0.255518,0.989207,-1.463765,,,,,,,,,,,,,,,,,,,,,,,,,,,,,,,,,,,,,,,,,,,,,,,,,,,High,High,High,,,,,
264,2026/9/12,17:42.7,2,4,"Maeda, Riku",1000325747,Right,TOK,"Takarada, Yuya",1000242234,Right,KEI_KEI,Undefined,9,Top,1,2,1,Fastball,Changeup,BallCalled,Undefined,Undefined,Undefined,0,0,,126.31716,-2.274378,-1.179449,2131.55672,214.252979,1:15,1.576157,0.249909,1.674257,-62.6814,54.7547,34.6005,0.300399,0.259584,115.4365,-6.892724,1.248294,0.48939,,,,,,,,,,,,-18.348,30.4771,-0.221361,15.24,1.510507,0.552712,-34.690835,-1.594738,-2.878105,6.572482,-5.025962,TOK,KEI_KEI,JinguStadium,TeamExclusive,Team,20260912-JinguStadium-1,e67fbaa0-ae60-11f1-af02-1b6488a193e9,123.95012,,,10.88066,,,,,,,fbfbdd1a-464e-45d5-a242-20ac040e30b5,2026/9/12,17:42.7,2026-09-12T13:17:42.6624000+09:00,2026-09-12T04:17:42.6624000Z,,v3,,,,"Fukami, Yuto",1000325714,Right,TOK,97004aa4-d27e-4c62-8034-5cadb74919f7,16.765092,-34.978583,3.286241,1.57551,-1.374697,-2.512981,-0.248318,0.678718,-1.439053,,,,,,,,,,,,,,,,,,,,,,,,,,,,,,,,,,,,,,,,,,,,,,,,,,,High,High,High,,,,,
265,2026/9/12,17:56.7,2,5,"Maeda, Riku",1000325747,Right,TOK,"Takarada, Yuya",1000242234,Right,KEI_KEI,Undefined,9,Top,1,3,1,Fastball,Changeup,StrikeSwinging,Undefined,Undefined,Undefined,0,0,,129.67687,-2.036869,-2.363062,2180.125795,215.341421,1:15,1.554746,0.294283,1.689944,-54.0648,57.4017,38.0034,0.433169,0.000831,118.0677,-6.060857,0.303128,0.47679,,,,,,,,,,,,-21.0458,31.6857,-0.235037,15.24,1.496767,1.288689,-35.598189,-1.449899,-3.469959,7.033301,-4.582408,TOK,KEI_KEI,JinguStadium,TeamExclusive,Team,20260912-JinguStadium-1,eed9a350-ae60-11f1-af02-1b6488a193e9,127.22595,,,11.60917,,,,,,,fbfbdd1a-464e-45d5-a242-20ac040e30b5,2026/9/12,17:56.7,2026-09-12T13:17:56.6949888+09:00,2026-09-12T04:17:56.6949888Z,,v3,,,,"Fukami, Yuto",1000325714,Right,TOK,9f549c09-dc46-4d60-ab86-b05aa2b83f6f,16.749596,-35.895208,3.516651,1.553911,-1.256383,-2.291204,-0.292553,1.435227,-1.73498,,,,,,,,,,,,,,,,,,,,,,,,,,,,,,,,,,,,,,,,,,,,,,,,,,,High,High,High,,,,,
266,2026/9/12,18:11.5,2,6,"Maeda, Riku",1000325747,Right,TOK,"Takarada, Yuya",1000242234,Right,KEI_KEI,Undefined,9,Top,1,3,2,Fastball,Changeup,InPlay,Undefined,LineDrive,Single,0,0,,126.65696,0.206512,-3.071196,2125.454071,217.882361,1:15,1.546032,0.215849,1.772664,-61.6344,53.3975,38.6894,0.988298,-0.26847,115.63615,-4.38163,-0.346503,0.484355,143.11202,11.987612,13.013589,1502.821305,32.049531,4.039175,9.846373,57.040167,57.040167,19.652557,1.751321,-22.0409,28.2506,-0.142012,15.24,1.546853,1.695411,-34.805087,-0.07593,-3.491953,6.414048,-5.330898,TOK,KEI_KEI,JinguStadium,TeamExclusive,Team,20260912-JinguStadium-1,f7aa42a0-ae60-11f1-af02-1b6488a193e9,125.23871,4.149848,,11.02081,,,,0.579447,1.00156,0.26386,fbfbdd1a-464e-45d5-a242-20ac040e30b5,2026/9/12,18:11.5,2026-09-12T13:18:11.4811392+09:00,2026-09-12T04:18:11.4811392Z,LineDrive,v3,,,,"Fukami, Yuto",1000325714,Right,TOK,80540abd-8cd5-49d9-b01c-4879b9dd6643,16.667151,-35.067103,3.207024,1.545507,0.141839,-2.665449,-0.214184,1.838058,-1.745977,264.728386,0.579447,37.887689,-5.467545,0.891926,-0.159467,0.019183,-0.002179,0.000228,-1.50E-05,1.00156,8.256776,-5.782621,0.539172,-0.090017,0.017022,-0.00239,0.000324,-3.40E-05,0.26386,8.756532,2.124568,-0.850329,0.250086,-0.059984,0.01232,-0.001942,0.000154,,,,,,,,,,,,,,,,,,,,,,,High,High,High,High,High,,,
267,2026/9/12,18:49.4,3,1,"Maeda, Riku",1000325747,Right,TOK,"Imazu, Keisuke",1000242231,Left,KEI_KEI,Undefined,9,Top,1,0,0,Fastball,Changeup,BallCalled,Undefined,Undefined,Undefined,0,0,,127.71154,-0.626324,-2.935105,2121.343142,211.198649,1:00,1.583801,0.335573,1.787965,-63.6609,48.823,27.4675,0.769619,-0.221507,117.23805,-5.336972,-0.998444,0.478961,,,,,,,,,,,,-16.0388,26.4622,-0.264999,15.24,1.563881,1.676516,-35.107513,-0.597385,-2.597095,6.249662,-5.52174,TOK,KEI_KEI,JinguStadium,TeamExclusive,Team,20260912-JinguStadium-1,0e5099a0-ae61-11f1-af02-1b6488a193e9,126.64927,,,10.47349,,,,,,,fbfbdd1a-464e-45d5-a242-20ac040e30b5,2026/9/12,18:49.5,2026-09-12T13:18:49.4592000+09:00,2026-09-12T04:18:49.4592000Z,,v3,,,,"Fukami, Yuto",1000325714,Right,TOK,613b4f5c-a43c-4fe7-a3af-b1423509eb08,16.651611,-35.357908,3.124831,1.583383,-0.376154,-2.76087,-0.334254,1.780569,-1.298548,,,,,,,,,,,,,,,,,,,,,,,,,,,,,,,,,,,,,,,,,,,,,,,,,,,High,High,High,,,,,
268,2026/9/12,19:07.2,3,2,"Maeda, Riku",1000325747,Right,TOK,"Imazu, Keisuke",1000242231,Left,KEI_KEI,Undefined,9,Top,1,1,0,Splitter,Changeup,BallCalled,Undefined,Undefined,Undefined,0,0,,119.77065,-0.631301,-0.742821,1544.53508,244.465575,2:15,1.552904,0.343985,1.709828,-105.152,23.0325,40.5419,0.321758,0.538062,111.27222,-8.210172,2.110995,0.511296,,,,,,,,,,,,-21.1434,13.1923,-0.327896,15.24,1.528252,0.254424,-32.981188,-0.744432,-3.036036,5.255242,-7.912329,TOK,KEI_KEI,JinguStadium,TeamExclusive,Team,20260912-JinguStadium-1,18dea060-ae61-11f1-af02-1b6488a193e9,118.63969,,,8.49843,,,,,,,fbfbdd1a-464e-45d5-a242-20ac040e30b5,2026/9/12,19:07.2,2026-09-12T13:19:07.1719936+09:00,2026-09-12T04:19:07.1719936Z,,v3,,,,"Fukami, Yuto",1000325714,Right,TOK,ca24a056-16ff-493d-8a66-b00cf7ebe6b4,16.730471,-33.217831,2.627621,1.553751,-0.38814,-3.956164,-0.342431,0.391137,-1.518018,,,,,,,,,,,,,,,,,,,,,,,,,,,,,,,,,,,,,,,,,,,,,,,,,,,High,High,High,,,,,
269,2026/9/12,19:25.1,3,3,"Maeda, Riku",1000325747,Right,TOK,"Imazu, Keisuke",1000242231,Left,KEI_KEI,Undefined,9,Top,1,2,0,Fastball,Changeup,FoulBallNotFieldable,Undefined,Undefined,Undefined,0,0,,127.6124,0.215912,-2.619176,2142.913028,219.931186,1:15,1.582824,0.265454,1.718217,-62.284,51.554,40.1665,1.021443,-0.078166,116.69929,-4.396716,0.201918,0.481835,129.91485,21.508004,53.037087,3009.40626,18.024957,8.553626,28.270604,66.360296,53.095553,63.160477,2.527009,-22.3656,27.1196,-0.200817,15.24,1.583734,1.421954,-35.079397,-0.082161,-3.604855,6.424344,-5.435543,TOK,KEI_KEI,JinguStadium,TeamExclusive,Team,20260912-JinguStadium-1,23822af0-ae61-11f1-af02-1b6488a193e9,125.89377,8.564773,,10.91311,,,,0.830961,1.040422,0.050741,fbfbdd1a-464e-45d5-a242-20ac040e30b5,2026/9/12,19:25.0,2026-09-12T13:19:25.0502656+09:00,2026-09-12T04:19:25.0502656Z,LineDrive,v3,,,,"Fukami, Yuto",1000325714,Right,TOK,c51f0845-c2df-4ab5-9b11-6175a0d2082d,16.721771,-35.349723,3.212172,1.582379,0.146558,-2.717771,-0.263841,1.57364,-1.802427,248.851651,0.830938,20.189003,-5.670753,1.329115,-0.187533,-0.030346,0.027749,-0.007195,0.000697,1.040443,13.23012,-6.353105,0.617668,-0.207721,0.098736,-0.036852,0.007889,-0.000703,0.050747,26.826708,-2.051962,0.403079,-0.085504,0.029007,-0.009938,0.002056,-0.00018,,,,,,,,,,,,,,,,,,,,,,,High,High,High,High,Medium,,,
270,2026/9/12,19:47.9,3,4,"Maeda, Riku",1000325747,Right,TOK,"Imazu, Keisuke",1000242231,Left,KEI_KEI,Undefined,9,Top,1,2,1,Splitter,Changeup,StrikeCalled,Undefined,Undefined,Undefined,0,0,,121.53906,0.780844,-1.013851,1570.927008,238.838389,2:00,1.565133,0.349234,1.800612,-96.9399,26.0577,37.3644,0.816693,0.436017,112.52382,-6.282366,1.627886,0.500845,,,,,,,,,,,,-19.8053,13.9545,-0.327001,15.24,1.577549,0.434286,-33.476688,0.119253,-2.933035,5.355813,-7.740076,TOK,KEI_KEI,JinguStadium,TeamExclusive,Team,20260912-JinguStadium-1,312dc560-ae61-11f1-af02-1b6488a193e9,121.11541,,,9.01524,,,,,,,fbfbdd1a-464e-45d5-a242-20ac040e30b5,2026/9/12,19:47.9,2026-09-12T13:19:47.9340032+09:00,2026-09-12T04:19:47.9340032Z,,v3,,,,"Fukami, Yuto",1000325714,Right,TOK,e9388689-9ee9-4653-bb08-5489d0250f1c,16.639452,-33.699837,2.677907,1.565862,0.441743,-3.870038,-0.347641,0.55649,-1.466518,,,,,,,,,,,,,,,,,,,,,,,,,,,,,,,,,,,,,,,,,,,,,,,,,,,High,High,High,,,,,
271,2026/9/12,20:18.4,3,5,"Maeda, Riku",1000325747,Right,TOK,"Imazu, Keisuke",1000242231,Left,KEI_KEI,Undefined,9,Top,1,2,2,Splitter,Changeup,FoulBallNotFieldable,Undefined,Undefined,Undefined,0,0,,115.70022,0.305248,-1.555219,2020.842511,240.349401,2:00,1.571307,0.250859,1.708125,-106.7636,31.9585,48.4304,0.590556,0.292552,106.29709,-7.451257,1.850372,0.531897,97.13302,55.918796,-125.583402,3986.452658,-22.64642,16.286495,-24.723782,46.770219,21.601428,-134.697157,3.66867,-25.7777,17.2557,-0.214223,15.24,1.570988,0.66201,-31.820616,-0.197338,-3.412246,5.381251,-7.522471,TOK,KEI_KEI,JinguStadium,TeamExclusive,Team,20260912-JinguStadium-1,435f5d20-ae61-11f1-af02-1b6488a193e9,114.04467,18.850748,,9.40312,,,,0.567258,0.630965,-0.294432,fbfbdd1a-464e-45d5-a242-20ac040e30b5,2026/9/12,20:18.4,2026-09-12T13:20:18.4309248+09:00,2026-09-12T04:20:18.4309248Z,Popup,v3,,,,"Fukami, Yuto",1000325714,Right,TOK,9edcc7b5-cea1-4b6d-811e-c86df07b1d70,16.731837,-32.071912,2.690625,1.572001,0.153949,-3.761236,-0.248858,0.821356,-1.706123,23.793859,0.567239,-8.798908,-1.038601,0.420598,-0.00918,-0.058522,0.02897,-0.00585,0.000435,0.631347,22.33415,-7.845702,0.655722,0.072494,-0.118227,0.042044,-0.006669,0.000403,-0.294733,-12.287599,0.991686,0.034057,-0.082655,0.033983,-0.003305,-0.000715,0.00012,,,,,,,,,,,,,,,,,,,,,,,High,High,High,High,Low,,,
272,2026/9/12,20:42.1,3,6,"Maeda, Riku",1000325747,Right,TOK,"Imazu, Keisuke",1000242231,Left,KEI_KEI,Undefined,9,Top,1,2,2,Splitter,Curveball,BallCalled,Undefined,Undefined,Undefined,0,0,,116.27576,-1.002879,-2.987517,1908.044066,241.542526,2:00,1.576585,0.251156,1.76006,-105.6575,30.6792,48.7275,0.235157,-0.10966,107.31549,-8.668282,0.448748,0.527304,,,,,,,,,,,,-27.0859,17.5819,-0.17957,15.24,1.543609,1.470126,-31.963816,-0.916753,-3.628797,5.275635,-7.451138,TOK,KEI_KEI,JinguStadium,TeamExclusive,Team,20260912-JinguStadium-1,517970d0-ae61-11f1-af02-1b6488a193e9,115.03801,,,8.96027,,,,,,,fbfbdd1a-464e-45d5-a242-20ac040e30b5,2026/9/12,20:42.1,2026-09-12T13:20:42.1399552+09:00,2026-09-12T04:20:42.1399552Z,,v3,,,,"Fukami, Yuto",1000325714,Right,TOK,2d87dd85-3430-449b-a2a5-46917484a309,16.680147,-32.200635,2.637818,1.577254,-0.582277,-3.725569,-0.249219,1.63302,-1.814399,,,,,,,,,,,,,,,,,,,,,,,,,,,,,,,,,,,,,,,,,,,,,,,,,,,High,High,High,,,,,
273,2026/9/12,21:41.6,3,7,"Maeda, Riku",1000325747,Right,TOK,"Imazu, Keisuke",1000242231,Left,KEI_KEI,Undefined,9,Top,1,3,2,Slider,Slider,BallCalled,Walk,Undefined,Undefined,0,0,,114.96736,3.228826,0.822748,2099.660447,93.235759,9:00,1.499284,0.334919,1.612352,-137.0609,5.0777,-13.6896,1.053835,0.433509,105.50856,-6.616474,-0.13302,0.538407,,,,,,,,,,,,7.3792,1.7194,-0.356512,15.24,1.576977,-0.392859,-31.56947,1.26672,0.965158,5.106232,-9.58176,TOK,KEI_KEI,JinguStadium,TeamExclusive,Team,20260912-JinguStadium-1,74ebfec0-ae61-11f1-af02-1b6488a193e9,112.66571,,,9.4588,,,,,,,fbfbdd1a-464e-45d5-a242-20ac040e30b5,2026/9/12,21:41.5,2026-09-12T13:21:41.5560000+09:00,2026-09-12T04:21:41.5560000Z,,v3,,,,"Fukami, Yuto",1000325714,Right,TOK,c694103e-d345-4762-bac8-09f97ce61b65,16.827376,-31.825186,2.553116,1.501526,1.746566,-4.79088,-0.335628,-0.441194,0.482579,,,,,,,,,,,,,,,,,,,,,,,,,,,,,,,,,,,,,,,,,,,,,,,,,,,High,High,High,,,,,
274,2026/9/12,22:32.1,4,1,"Maeda, Riku",1000325747,Right,TOK,"Yoshino, Taiyo",1000242225,Left,KEI_KEI,Undefined,9,Top,1,0,0,Splitter,Changeup,InPlay,Undefined,Popup,Out,1,0,,115.06924,0.784635,-1.534796,2002.426632,238.013676,2:00,1.58487,0.256302,1.702741,-111.9436,28.1455,38.1251,0.688851,0.200613,105.86604,-7.333851,1.144707,0.534511,124.18075,57.743368,39.185286,4503.484774,22.37419,36.259412,24.970382,54.522591,52.035927,51.337315,5.59684,-20.5138,14.9445,-0.219263,15.24,1.596632,0.690507,-31.649252,0.047176,-2.69198,5.218403,-7.84552,TOK,KEI_KEI,JinguStadium,TeamExclusive,Team,20260912-JinguStadium-1,9303b330-ae61-11f1-af02-1b6488a193e9,113.48688,36.751534,,9.2032,,,,0.641558,0.741639,-0.194877,fbfbdd1a-464e-45d5-a242-20ac040e30b5,2026/9/12,22:32.0,2026-09-12T13:22:32.0590000+09:00,2026-09-12T04:22:32.0590000Z,Popup,v3,,,,"Fukami, Yuto",1000325714,Right,TOK,d1e47859-8710-403b-bb28-4b6c4ac3b7aa,16.737266,-31.895169,2.609202,1.585697,0.416896,-3.92276,-0.254792,0.817367,-1.34599,192.935191,0.639589,14.296387,-5.171151,1.670356,-0.374284,0.049588,-0.000708,-0.000666,5.60E-05,0.730919,29.369698,-7.816578,1.696505,-0.880571,0.327666,-0.068997,0.007362,-0.00031,-0.195486,11.638264,-2.265709,0.630876,-0.100347,-0.001577,0.004703,-0.000862,5.10E-05,,,,,,,,,,,,,,,,,,,,,,,High,High,High,High,Medium,,,
275,2026/9/12,23:20.0,5,1,"Maeda, Riku",1000325747,Right,TOK,"Nakatsuka, Haruto",1000325884,Left,KEI_KEI,Undefined,9,Top,2,0,0,Splitter,Curveball,BallCalled,Undefined,Undefined,Undefined,0,0,,115.9078,0.808099,-3.620175,1801.166663,234.555628,1:45,1.5851,0.262895,1.737195,-106.0105,30.8173,37.7312,0.754985,-0.389365,107.21399,-6.882013,-0.96967,0.528253,,,,,,,,,,,,-21.4575,16.3931,-0.173084,15.24,1.597847,1.858376,-31.854144,0.08768,-2.878218,4.830351,-7.607741,TOK,KEI_KEI,JinguStadium,TeamExclusive,Team,20260912-JinguStadium-1,af94c7a0-ae61-11f1-af02-1b6488a193e9,114.83135,,,8.6938,,,,,,,fbfbdd1a-464e-45d5-a242-20ac040e30b5,2026/9/12,23:20.0,2026-09-12T13:23:19.9860000+09:00,2026-09-12T04:23:19.9860000Z,,v3,,,,"Fukami, Yuto",1000325714,Right,TOK,c3d88804-2e5e-45e5-9367-519b4b5e79b3,16.702695,-32.075179,2.415176,1.58587,0.435808,-3.803871,-0.261136,1.990083,-1.439109,,,,,,,,,,,,,,,,,,,,,,,,,,,,,,,,,,,,,,,,,,,,,,,,,,,High,High,High,,,,,
276,2026/9/12,23:38.1,5,2,"Maeda, Riku",1000325747,Right,TOK,"Nakatsuka, Haruto",1000325884,Left,KEI_KEI,Undefined,9,Top,2,1,0,Fastball,Changeup,FoulBallNotFieldable,Undefined,Undefined,Undefined,0,0,,128.17946,-0.968396,-2.02483,2134.720289,208.051931,1:00,1.591606,0.29763,1.774947,-63.281,48.146,23.8786,0.684194,-0.037581,118.07717,-5.63652,-0.340582,0.476705,142.66993,80.364781,79.945444,4269.971558,,,,,2.1937,,,-13.626,26.3073,-0.248936,15.24,1.562983,1.140935,-35.26903,-0.812926,-2.231831,6.166019,-5.497723,TOK,KEI_KEI,JinguStadium,TeamExclusive,Team,20260912-JinguStadium-1,ba5b1c70-ae61-11f1-af02-1b6488a193e9,127.24845,14.119405,,10.10228,,,,0.734543,0.692728,0.03326,fbfbdd1a-464e-45d5-a242-20ac040e30b5,2026/9/12,23:38.1,2026-09-12T13:23:38.1020000+09:00,2026-09-12T04:23:38.1020000Z,,v3,,,,"Fukami, Yuto",1000325714,Right,TOK,fc0aa070-ae5c-47d5-b000-c1e96083e0aa,16.665039,-35.517294,3.083009,1.591258,-0.591571,-2.748861,-0.296683,1.230796,-1.115916,187.950386,0.737183,1.063892,-2.50902,,,,,,,0.695635,38.968852,-8.935974,,,,,,,0.035995,6.433867,-2.922422,,,,,,,,,,,,,,,,,,,,,,,,,,,,,High,High,High,Medium,Undefined,,,
277,2026/9/12,24:14.3,5,3,"Maeda, Riku",1000325747,Right,TOK,"Nakatsuka, Haruto",1000325884,Left,KEI_KEI,Undefined,9,Top,2,1,1,Splitter,Changeup,InPlay,Undefined,FlyBall,Out,1,0,,116.592,0.339567,-1.027172,1865.875711,231.644915,1:45,1.56481,0.221093,1.744194,-102.0159,33.0828,36.7598,0.64107,0.297048,107.7261,-7.077973,1.563443,0.524904,138.07332,17.906017,8.427148,1344.137226,33.221173,8.903012,4.525202,88.596977,86.381477,7.038746,3.400675,-19.5097,17.8142,-0.197782,15.24,1.565862,0.424489,-32.095405,-0.156213,-2.645048,5.130964,-7.391473,TOK,KEI_KEI,JinguStadium,TeamExclusive,Team,20260912-JinguStadium-1,cff5f6e0-ae61-11f1-af02-1b6488a193e9,115.56388,10.099418,,8.86591,,,,0.368658,0.638157,-0.303261,fbfbdd1a-464e-45d5-a242-20ac040e30b5,2026/9/12,24:14.3,2026-09-12T13:24:14.3330000+09:00,2026-09-12T04:24:14.3330000Z,LineDrive,v3,,,,"Fukami, Yuto",1000325714,Right,TOK,e4a0a104-9978-49f4-ab76-516a4bb7c455,16.695833,-32.327305,2.565482,1.565373,0.177854,-3.695737,-0.219669,0.544036,-1.322524,180.518092,0.368675,36.101589,-5.362923,1.128441,-0.225651,0.049399,-0.010769,0.001695,-0.000118,0.638124,11.792612,-3.724217,-0.025177,0.067629,-0.035321,0.012191,-0.002049,0.000126,-0.303306,5.349678,-0.716456,0.018511,0.017848,-0.011505,0.004379,-0.000899,7.40E-05,,,,,,,,,,,,,,,,,,,,,,,High,High,High,High,High,,,
278,2026/9/12,26:30.1,1,1,"Oyake, Masaki",1000547678,Right,KEI_KEI,"Hasegawa, Yu",1000422758,Left,TOK,Undefined,9,Bottom,0,0,0,Fastball,Four-Seam,FoulBallNotFieldable,Undefined,Undefined,Undefined,0,0,,145.91397,-1.292438,-4.511028,2714.650628,230.449681,1:45,1.593748,0.99629,1.657373,-43.4838,44.9729,50.8748,0.788823,0.214866,132.61697,-4.52998,-0.960431,0.424737,,,,,,,,,,,,-28.9167,24.4424,-0.878831,15.24,1.555309,2.878937,-39.9958,-1.073756,-6.036093,8.64744,-4.704535,TOK,KEI_KEI,JinguStadium,TeamExclusive,Team,20260912-JinguStadium-1,20d7aef0-ae62-11f1-af02-1b6488a193e9,142.81778,,,13.297,,,,,,,fbfbdd1a-464e-45d5-a242-20ac040e30b5,2026/9/12,26:30.1,2026-09-12T13:26:30.1110000+09:00,2026-09-12T04:26:30.1110000Z,,v3,,,,"Yoshigai, Tetsuro",1000242230,Right,KEI_KEI,5b4f95af-9a40-4a8b-be12-4259c80973c6,16.782571,-40.327939,4.32372,1.59308,-0.89306,-2.352267,-0.99386,3.110776,-3.018046,,,,,,,,,,,,,,,,,,,,,,,,,,,,,,,,,,,,,,,,,,,,,,,,,,,High,High,High,,,,,
279,2026/9/12,26:48.6,1,2,"Oyake, Masaki",1000547678,Right,KEI_KEI,"Hasegawa, Yu",1000422758,Left,TOK,Undefined,9,Bottom,0,0,1,Splitter,Splitter,BallCalled,Undefined,Undefined,Undefined,0,0,,128.0187,0.138831,-2.033066,926.46635,288.675279,3:30,1.639748,0.933029,1.596256,-121.5568,-7.4067,31.7318,0.463978,0.66767,118.53176,-8.520258,0.185307,0.482495,,,,,,,,,,,,-17.1546,-2.6916,-0.878937,15.24,1.632743,1.094872,-35.216436,-0.435568,-2.802004,6.134682,-10.246287,TOK,KEI_KEI,JinguStadium,TeamExclusive,Team,20260912-JinguStadium-1,2be211a0-ae62-11f1-af02-1b6488a193e9,125.72151,,,9.48694,,,,,,,fbfbdd1a-464e-45d5-a242-20ac040e30b5,2026/9/12,26:48.6,2026-09-12T13:26:48.5790000+09:00,2026-09-12T04:26:48.5790000Z,,v3,,,,"Yoshigai, Tetsuro",1000242230,Right,KEI_KEI,8427f6bc-bccc-4abf-af24-9c3bb65e39eb,16.844184,-35.494784,3.067341,1.641959,0.029335,-5.123144,-0.931499,1.222007,-1.401002,,,,,,,,,,,,,,,,,,,,,,,,,,,,,,,,,,,,,,,,,,,,,,,,,,,High,High,High,,,,,
280,2026/9/12,26:59.5,1,3,"Oyake, Masaki",1000547678,Right,KEI_KEI,"Hasegawa, Yu",1000422758,Left,TOK,Undefined,9,Bottom,0,1,1,Slider,Slider,InPlay,Undefined,FlyBall,Out,1,0,,131.06445,1.499826,-2.932163,2682.397676,80.184091,8:45,1.653694,0.981354,1.560277,-107.9041,1.0263,-10.9243,1.005927,0.02953,121.65093,-6.18327,-3.691198,0.471334,138.71897,15.65737,26.861867,1449.459941,29.750193,7.845898,15.461242,83.896411,80.07359,29.236532,3.010514,3.7054,0.3756,-0.896175,15.24,1.686519,1.89933,-36.032768,0.474043,0.637928,5.98068,-9.741994,TOK,KEI_KEI,JinguStadium,TeamExclusive,Team,20260912-JinguStadium-1,32620a30-ae62-11f1-af02-1b6488a193e9,128.69843,8.505738,,9.41352,,,,0.41677,1.017869,-0.03002,fbfbdd1a-464e-45d5-a242-20ac040e30b5,2026/9/12,26:59.5,2026-09-12T13:26:59.4990000+09:00,2026-09-12T04:26:59.4990000Z,LineDrive,v3,,,,"Yoshigai, Tetsuro",1000242230,Right,KEI_KEI,460d1869-aea0-4c2e-82ef-f5f2b6567903,16.880349,-36.304011,2.99034,1.655,0.915873,-4.870997,-0.981659,1.870398,0.318964,194.739372,0.416764,33.099634,-4.984635,1.042339,-0.170564,0.016067,0.001474,-0.00079,8.80E-05,1.017919,10.398479,-3.597456,-0.010116,-0.026389,0.037495,-0.01821,0.004336,-0.000401,-0.030017,16.764611,-1.770741,0.368159,-0.058828,0.006866,-0.000421,-2.50E-05,7.00E-06,,,,,,,,,,,,,,,,,,,,,,,High,High,High,High,High,,,
281,2026/9/12,27:34.5,2,1,"Oyake, Masaki",1000547678,Right,KEI_KEI,"Li, Wenhsun",1000547847,Left,TOK,Undefined,9,Bottom,1,0,0,Curveball,Curveball,StrikeCalled,Undefined,Undefined,Undefined,0,0,,111.74996,3.219284,-1.335383,2473.598957,56.576045,8:00,1.612481,0.967467,1.572115,-182.0204,-28.2246,-50.8038,0.717117,0.076237,101.78228,-9.754512,-4.875558,0.56005,,,,,,,,,,,,24.0742,-15.0141,-0.92462,15.24,1.687483,0.937686,-30.650687,1.029261,2.909336,5.735823,-11.621086,TOK,KEI_KEI,JinguStadium,TeamExclusive,Team,20260912-JinguStadium-1,47524cc0-ae62-11f1-af02-1b6488a193e9,108.31175,,,9.96768,,,,,,,fbfbdd1a-464e-45d5-a242-20ac040e30b5,2026/9/12,27:34.5,2026-09-12T13:27:34.5050000+09:00,2026-09-12T04:27:34.5050000Z,,v3,,,,"Yoshigai, Tetsuro",1000242230,Right,KEI_KEI,624b5355-cdec-4834-ba2f-0c0ac3551250,16.8687,-30.953974,2.867912,1.616814,1.643736,-5.810543,-0.970134,0.783852,1.454668,,,,,,,,,,,,,,,,,,,,,,,,,,,,,,,,,,,,,,,,,,,,,,,,,,,High,High,High,,,,,
282,2026/9/12,27:45.5,2,2,"Oyake, Masaki",1000547678,Right,KEI_KEI,"Li, Wenhsun",1000547847,Left,TOK,Undefined,9,Bottom,1,0,1,Fastball,Four-Seam,StrikeCalled,Undefined,Undefined,Undefined,0,0,,147.25054,-2.087529,-4.116213,2710.689447,230.044448,1:45,1.574074,1.043459,1.616376,-39.8203,47.6204,53.2729,0.57676,0.396392,133.67455,-5.060935,-0.404142,0.422291,,,,,,,,,,,,-29.5127,26.1825,-0.934105,15.24,1.512786,2.599996,-40.345474,-1.626817,-6.26044,8.904775,-4.252637,TOK,KEI_KEI,JinguStadium,TeamExclusive,Team,20260912-JinguStadium-1,4dc266d0-ae62-11f1-af02-1b6488a193e9,143.64518,,,13.57599,,,,,,,fbfbdd1a-464e-45d5-a242-20ac040e30b5,2026/9/12,27:45.5,2026-09-12T13:27:45.4720000+09:00,2026-09-12T04:27:45.4720000Z,,v3,,,,"Yoshigai, Tetsuro",1000242230,Right,KEI_KEI,a79e9267-61b1-4f91-ac11-9fa7c24adfb7,16.823155,-40.693397,4.452388,1.573103,-1.46066,-2.126318,-1.04047,2.844601,-3.13022,,,,,,,,,,,,,,,,,,,,,,,,,,,,,,,,,,,,,,,,,,,,,,,,,,,High,High,High,,,,,
283,2026/9/12,28:05.9,2,3,"Oyake, Masaki",1000547678,Right,KEI_KEI,"Li, Wenhsun",1000547847,Left,TOK,Undefined,9,Bottom,1,0,2,Splitter,Changeup,BallCalled,Undefined,Undefined,Undefined,0,0,,132.51652,-0.160401,-1.925886,1257.012663,258.026737,2:30,1.625886,0.956373,1.70844,-93.9764,11.1511,37.933,0.640459,0.787541,122.24494,-6.946031,0.74206,0.463034,,,,,,,,,,,,-20.4355,6.7631,-0.909115,15.24,1.614412,1.041749,-36.463525,-0.486566,-3.576222,6.618784,-8.62311,TOK,KEI_KEI,JinguStadium,TeamExclusive,Team,20260912-JinguStadium-1,59f34820-ae62-11f1-af02-1b6488a193e9,131.00552,,,10.27157,,,,,,,fbfbdd1a-464e-45d5-a242-20ac040e30b5,2026/9/12,28:05.9,2026-09-12T13:28:05.8920000+09:00,2026-09-12T04:28:05.8920000Z,,v3,,,,"Yoshigai, Tetsuro",1000242230,Right,KEI_KEI,64f8cb48-e32b-4787-a799-7fe2cbb6a3b5,16.731611,-36.733281,3.309392,1.627081,-0.135121,-4.311555,-0.954543,1.187502,-1.788111,,,,,,,,,,,,,,,,,,,,,,,,,,,,,,,,,,,,,,,,,,,,,,,,,,,High,High,High,,,,,
284,2026/9/12,28:21.2,2,4,"Oyake, Masaki",1000547678,Right,KEI_KEI,"Li, Wenhsun",1000547847,Left,TOK,Undefined,9,Bottom,1,1,2,Fastball,Sinker,InPlay,Undefined,GroundBall,Out,1,0,,147.48379,-1.717259,-4.685871,2654.33586,235.746663,1:45,1.568643,0.98435,1.632526,-48.8034,37.8119,51.3998,0.587943,0.155914,134.60913,-5.305813,-1.104416,0.420293,141.121,-29.429438,-17.100181,,,,,1.089028,1.089027,-23.675868,0.02867,-29.0087,20.9902,-0.860259,15.24,1.517344,3.026441,-40.418208,-1.42042,-6.208891,8.504581,-5.313986,TOK,KEI_KEI,JinguStadium,TeamExclusive,Team,20260912-JinguStadium-1,63116b30-ae62-11f1-af02-1b6488a193e9,144.3279,0.553124,,12.87465,,,,0.060252,0.553124,-0.149015,fbfbdd1a-464e-45d5-a242-20ac040e30b5,2026/9/12,28:21.2,2026-09-12T13:28:21.2130000+09:00,2026-09-12T04:28:21.2130000Z,GroundBall,v3,,,,"Yoshigai, Tetsuro",1000242230,Right,KEI_KEI,dec1b59c-e301-43d9-98e7-3431ebb46872,16.807445,-40.746686,4.25229,1.568243,-1.215174,-2.656993,-0.981782,3.266251,-3.104446,,0.060002,32.686713,,,,,,,,0.553271,-19.293055,,,,,,,,-0.148938,-10.055859,,,,,,,,,,,,,,,,,,,,,,,,,,,,,,High,High,High,Estimated,Estimated,,,
285,2026/9/12,28:48.9,3,1,"Oyake, Masaki",1000547678,Right,KEI_KEI,"Fukami, Yuto",1000325714,Left,TOK,Undefined,9,Bottom,2,0,0,Splitter,Splitter,BallCalled,Undefined,Undefined,Undefined,0,0,,129.03975,-1.928363,-4.492325,1063.96393,274.894075,3:15,1.645926,0.932282,1.709495,-111.2562,0.4445,34.4848,-0.01716,-0.003576,119.43789,-9.88323,-2.071359,0.47729,,,,,,,,,,,,-20.736,2.377,-0.817835,15.24,1.586741,2.625158,-35.404498,-1.639555,-3.412256,6.401187,-9.4155,TOK,KEI_KEI,JinguStadium,TeamExclusive,Team,20260912-JinguStadium-1,7396b280-ae62-11f1-af02-1b6488a193e9,127.09247,,,9.60185,,,,,,,fbfbdd1a-464e-45d5-a242-20ac040e30b5,2026/9/12,28:48.9,2026-09-12T13:28:48.9400000+09:00,2026-09-12T04:28:48.9400000Z,,v3,,,,"Yoshigai, Tetsuro",1000242230,Right,KEI_KEI,1adea8cd-e3d5-4d94-a1f0-2ef6dcd9f8d0,16.731221,-35.673094,3.200593,1.647249,-1.244477,-4.70775,-0.930992,2.768337,-1.706128,,,,,,,,,,,,,,,,,,,,,,,,,,,,,,,,,,,,,,,,,,,,,,,,,,,High,High,High,,,,,
286,2026/9/12,29:09.4,3,2,"Oyake, Masaki",1000547678,Right,KEI_KEI,"Fukami, Yuto",1000325714,Left,TOK,Undefined,9,Bottom,2,1,0,Fastball,Sinker,FoulBallNotFieldable,Undefined,Undefined,Undefined,0,0,,145.1691,-0.557316,-3.982708,2595.635811,232.016231,1:45,1.569072,0.992818,1.717762,-48.7216,39.8466,47.2801,0.92299,0.331273,131.96852,-4.17532,-0.667687,0.425004,121.79125,17.139984,-172.332723,1766.353161,-33.026104,3.917675,-5.77926,47.775228,19.802022,-169.541051,1.706239,-26.3019,21.355,-0.892819,15.24,1.550861,2.50614,-39.818723,-0.574379,-5.447313,8.491193,-5.383883,TOK,KEI_KEI,JinguStadium,TeamExclusive,Team,20260912-JinguStadium-1,7fca2be0-ae62-11f1-af02-1b6488a193e9,142.72792,4.676418,,13.20059,,,,0.387256,0.903084,-0.324279,fbfbdd1a-464e-45d5-a242-20ac040e30b5,2026/9/12,29:09.4,2026-09-12T13:29:09.3710000+09:00,2026-09-12T04:29:09.3710000Z,LineDrive,v3,,,,"Yoshigai, Tetsuro",1000242230,Right,KEI_KEI,7af642fa-5b27-4fa8-9298-e24a113eadc0,16.720937,-40.133285,4.245597,1.568444,-0.374929,-2.691942,-0.989399,2.707939,-2.723657,325.988282,0.387253,-32.039055,2.645837,-0.123558,-0.020032,0.087728,-0.072521,0.029976,-0.005048,0.903083,9.97028,-7.026485,0.651999,-0.12859,0.044827,-0.018372,0.006487,-0.001054,-0.324279,-4.313267,-0.507446,0.12623,-0.021788,0.002845,0.00097,-0.000661,0.000122,,,,,,,,,,,,,,,,,,,,,,,High,High,High,High,Low,,,
287,2026/9/12,29:28.3,3,3,"Oyake, Masaki",1000547678,Right,KEI_KEI,"Fukami, Yuto",1000325714,Left,TOK,Undefined,9,Bottom,2,1,1,Fastball,Sinker,StrikeCalled,Undefined,Undefined,Undefined,0,0,,146.4044,-1.862768,-5.502209,2550.687461,239.125238,2:00,1.574357,0.998672,1.699056,-53.4401,34.0634,52.1383,0.507012,-0.051176,133.47026,-5.791349,-1.861212,0.422442,,,,,,,,,,,,-30.0568,19.3782,-0.858005,15.24,1.521091,3.57493,-40.073946,-1.52866,-6.317097,8.448566,-5.733902,TOK,KEI_KEI,JinguStadium,TeamExclusive,Team,20260912-JinguStadium-1,8b093320-ae62-11f1-af02-1b6488a193e9,143.59363,,,12.93413,,,,,,,fbfbdd1a-464e-45d5-a242-20ac040e30b5,2026/9/12,29:28.3,2026-09-12T13:29:28.2660000+09:00,2026-09-12T04:29:28.2660000Z,,v3,,,,"Yoshigai, Tetsuro",1000242230,Right,KEI_KEI,68d98ff3-36dc-4194-91c1-e92c180103ee,16.740692,-40.389089,4.224283,1.574124,-1.314777,-2.866951,-0.99575,3.810567,-3.158549,,,,,,,,,,,,,,,,,,,,,,,,,,,,,,,,,,,,,,,,,,,,,,,,,,,High,High,High,,,,,
288,2026/9/12,29:43.1,3,4,"Oyake, Masaki",1000547678,Right,KEI_KEI,"Fukami, Yuto",1000325714,Left,TOK,Undefined,9,Bottom,2,1,2,Slider,Slider,StrikeSwinging,Strikeout,Undefined,Undefined,0,0,,136.7949,-0.551965,-4.076812,2793.736342,130.310736,10:15,1.648139,0.990709,1.603143,-90.2676,8.2555,-7.025,0.586996,-0.248948,128.6629,-6.959208,-4.565494,0.448254,,,,,,,,,,,,1.4338,5.0897,-0.876086,15.24,1.624534,2.716509,-37.624352,-0.763592,0.27242,5.650314,-8.839606,TOK,KEI_KEI,JinguStadium,TeamExclusive,Team,20260912-JinguStadium-1,93e06220-ae62-11f1-af02-1b6488a193e9,135.32519,,,8.132,,,,,,,fbfbdd1a-464e-45d5-a242-20ac040e30b5,2026/9/12,29:43.1,2026-09-12T13:29:43.0900000+09:00,2026-09-12T04:29:43.0900000Z,,v3,,,,"Yoshigai, Tetsuro",1000242230,Right,KEI_KEI,e1c4545e-8f57-41f8-bb04-caecb55e7233,16.837718,-37.863532,2.825157,1.648937,-0.389407,-4.419803,-0.990833,2.704977,0.13621,,,,,,,,,,,,,,,,,,,,,,,,,,,,,,,,,,,,,,,,,,,,,,,,,,,High,High,High,,,,,
1,2026/9/12,02:28.7,1,1,"Sukegawa, Taishi",1000242144,Right,HOS_HOS,"Izakura, Yuto",1000242781,Left,WAS_EDA,Undefined,1,Top,0,0,0,Cutter,Cutter,StrikeCalled,Undefined,Undefined,Undefined,0,0,,140.82647,-0.743271,-1.441874,2715.426225,154.412187,11:15,1.485387,0.752599,1.9431,-62.4807,27.2929,-11.9004,0.652069,0.229171,130.59607,-5.347366,-2.290266,0.427887,,,,,,,,,,,,5.3249,15.4971,-0.720288,15.24,1.465518,1.031569,-38.813869,-0.72854,1.06297,6.993607,-6.71308,HOS_HOS,WAS_EDA,JinguStadium,NPM,NPME,20260912-JinguStadium-2,2777e770-ae67-11f1-af02-1b6488a193e9,141.76642,,,10.23041,,,,,,,4ed8090d-1fa5-46f2-9d4d-cb8573cd7fba,2026/9/12,02:28.7,2026-09-12T14:02:28.7110000+09:00,2026-09-12T05:02:28.7110000Z,,v3,,,,"Inoue, Kazuki",1000424351,Right,HOS_HOS,7673903b-51bc-4aca-89b4-efebad8eb177,16.49687,-39.039679,3.496803,1.485541,-0.511787,-3.35654,-0.753041,0.997247,0.531485,,,,,,,,,,,,,,,,,,,,,,,,,,,,,,,,,,,,,,,,,,,,,,,,,,,High,High,High,,,,,
2,2026/9/12,02:40.8,1,2,"Sukegawa, Taishi",1000242144,Right,HOS_HOS,"Izakura, Yuto",1000242781,Left,WAS_EDA,Undefined,1,Top,0,0,1,Cutter,Cutter,StrikeCalled,Undefined,Undefined,Undefined,0,0,,140.59355,-0.645439,-1.265894,2654.020777,167.014559,11:30,1.472868,0.780555,1.922107,-61.2663,28.8188,-6.0939,0.678919,0.364105,130.60484,-5.156106,-1.699841,0.428629,,,,,,,,,,,,2.4204,16.1721,-0.751938,15.24,1.454859,0.884572,-38.75727,-0.65886,0.483013,6.77676,-6.579372,HOS_HOS,WAS_EDA,JinguStadium,NPM,NPME,20260912-JinguStadium-2,2ea277e0-ae67-11f1-af02-1b6488a193e9,141.52115,,,9.98872,,,,,,,4ed8090d-1fa5-46f2-9d4d-cb8573cd7fba,2026/9/12,02:40.8,2026-09-12T14:02:40.7580000+09:00,2026-09-12T05:02:40.7580000Z,,v3,,,,"Inoue, Kazuki",1000424351,Right,HOS_HOS,4f789136-1db2-4572-8e44-bc620e00272d,16.517901,-38.980072,3.38838,1.472964,-0.442547,-3.289686,-0.780759,0.868692,0.241506,,,,,,,,,,,,,,,,,,,,,,,,,,,,,,,,,,,,,,,,,,,,,,,,,,,High,High,High,,,,,
3,2026/9/12,02:56.3,1,3,"Sukegawa, Taishi",1000242144,Right,HOS_HOS,"Izakura, Yuto",1000242781,Left,WAS_EDA,Undefined,1,Top,0,0,2,Slider,Curveball,InPlay,Undefined,GroundBall,Out,1,0,,124.3177,1.106411,-0.113641,2728.27082,72.818852,8:30,1.480614,0.787214,1.812492,-125.734,-7.8305,-36.3682,0.536102,0.391405,114.98574,-7.981267,-2.689583,0.490363,109.28427,-5.005352,-24.94318,,,,,4.194402,4.194402,-29.687546,0.135563,18.6736,-3.8012,-0.78197,15.24,1.498906,0.223365,-34.248695,0.194791,2.876789,5.965154,-10.39225,HOS_HOS,WAS_EDA,JinguStadium,NPM,NPME,20260912-JinguStadium-2,37f9ac50-ae67-11f1-af02-1b6488a193e9,123.70416,0.454892,,9.33197,,,,-0.012166,0.454892,-0.340226,4ed8090d-1fa5-46f2-9d4d-cb8573cd7fba,2026/9/12,02:56.3,2026-09-12T14:02:56.3060000+09:00,2026-09-12T05:02:56.3060000Z,GroundBall,v3,,,,"Inoue, Kazuki",1000424351,Right,HOS_HOS,27a3e10f-34aa-4681-8b5f-d9ffc7c6695b,16.628277,-34.489646,2.982577,1.482559,0.614566,-5.196125,-0.788646,0.107163,1.438394,71.258392,-0.012135,27.41727,-3.309957,,,,,,,0.454934,-2.652696,-5.19004,,,,,,,-0.340205,-12.755299,-0.43684,,,,,,,,,,,,,,,,,,,,,,,,,,,,,High,High,High,High,High,,,
4,2026/9/12,03:26.8,2,1,"Sukegawa, Taishi",1000242144,Right,HOS_HOS,"Yamane, Juntaro",1000242780,Right,WAS_EDA,Undefined,1,Top,1,0,0,Cutter,Cutter,BallCalled,Undefined,Undefined,Undefined,0,0,,142.82709,-2.229565,-3.166922,2647.113229,170.722614,11:45,1.483349,0.731192,1.994141,-57.3922,29.2687,-4.4111,0.284917,-0.199088,133.19522,-6.452132,-3.481758,0.420403,,,,,,,,,,,,0.4905,17.4352,-0.664134,15.24,1.433217,2.194952,-39.32152,-1.733562,0.100904,6.859705,-6.219943,HOS_HOS,WAS_EDA,JinguStadium,NPM,NPME,20260912-JinguStadium-2,4a110550-ae67-11f1-af02-1b6488a193e9,144.28997,,,9.63187,,,,,,,4ed8090d-1fa5-46f2-9d4d-cb8573cd7fba,2026/9/12,03:26.8,2026-09-12T14:03:26.7790000+09:00,2026-09-12T05:03:26.7790000Z,,v3,,,,"Inoue, Kazuki",1000424351,Right,HOS_HOS,6bd61c9d-c0a5-4c9e-ad17-f23a10d26bac,16.44633,-39.531406,3.429853,1.483348,-1.543251,-3.109972,-0.731246,2.191864,0.050452,,,,,,,,,,,,,,,,,,,,,,,,,,,,,,,,,,,,,,,,,,,,,,,,,,,High,High,High,,,,,
5,2026/9/12,03:39.3,2,2,"Sukegawa, Taishi",1000242144,Right,HOS_HOS,"Yamane, Juntaro",1000242780,Right,WAS_EDA,Undefined,1,Top,1,1,0,Cutter,Cutter,BallCalled,Undefined,Undefined,Undefined,0,0,,139.78454,-1.08152,-3.700914,2691.747037,152.114239,11:00,1.497529,0.737793,1.95993,-67.2705,23.5885,-11.2492,0.521187,-0.412888,130.40119,-6.006245,-4.500897,0.430466,,,,,,,,,,,,3.7459,13.7529,-0.656874,15.24,1.470329,2.538908,-38.475077,-0.969778,0.738184,6.525668,-7.096434,HOS_HOS,WAS_EDA,JinguStadium,NPM,NPME,20260912-JinguStadium-2,51837430-ae67-11f1-af02-1b6488a193e9,140.91718,,,9.38335,,,,,,,4ed8090d-1fa5-46f2-9d4d-cb8573cd7fba,2026/9/12,03:39.3,2026-09-12T14:03:39.2520000+09:00,2026-09-12T05:03:39.2520000Z,,v3,,,,"Inoue, Kazuki",1000424351,Right,HOS_HOS,2e3dbc71-70fc-4507-95d4-c82105961e02,16.480249,-38.684861,3.262834,1.497838,-0.741646,-3.548217,-0.738112,2.515178,0.369092,,,,,,,,,,,,,,,,,,,,,,,,,,,,,,,,,,,,,,,,,,,,,,,,,,,High,High,High,,,,,
6,2026/9/12,03:54.8,2,3,"Sukegawa, Taishi",1000242144,Right,HOS_HOS,"Yamane, Juntaro",1000242780,Right,WAS_EDA,Undefined,1,Top,1,2,0,Cutter,Cutter,BallCalled,Undefined,Undefined,Undefined,0,0,,140.19077,1.456797,-0.532457,2760.228158,166.289419,11:30,1.531772,0.762953,1.934282,-55.7402,34.6615,-7.8856,1.383223,0.534696,129.92239,-2.678158,-1.094208,0.429381,,,,,,,,,,,,3.7792,17.9677,-0.750764,15.24,1.560774,0.395786,-38.644194,0.789814,0.750666,6.64734,-6.237691,HOS_HOS,WAS_EDA,JinguStadium,NPM,NPME,20260912-JinguStadium-2,5aca06d0-ae67-11f1-af02-1b6488a193e9,141.27308,,,10.26838,,,,,,,4ed8090d-1fa5-46f2-9d4d-cb8573cd7fba,2026/9/12,03:54.8,2026-09-12T14:03:54.7920000+09:00,2026-09-12T05:03:54.7920000Z,,v3,,,,"Inoue, Kazuki",1000424351,Right,HOS_HOS,2376b10e-fffa-45e0-98b1-8dbb2406dc4b,16.50549,-38.861267,3.32367,1.531656,0.993508,-3.118845,-0.763288,0.371273,0.375333,,,,,,,,,,,,,,,,,,,,,,,,,,,,,,,,,,,,,,,,,,,,,,,,,,,High,High,High,,,,,
7,2026/9/12,04:12.8,2,4,"Sukegawa, Taishi",1000242144,Right,HOS_HOS,"Yamane, Juntaro",1000242780,Right,WAS_EDA,Undefined,1,Top,1,3,0,Slider,Curveball,StrikeCalled,Undefined,Undefined,Undefined,0,0,,124.78164,2.29045,-0.218791,2806.844401,65.835582,8:15,1.47673,0.735004,1.845943,-133.0666,-15.8898,-43.2896,0.792598,0.240382,114.71753,-7.35714,-3.288426,0.48885,,,,,,,,,,,,22.0424,-8.5985,-0.727154,15.24,1.522549,0.320118,-34.35031,0.876688,3.399683,6.279006,-11.132835,HOS_HOS,WAS_EDA,JinguStadium,NPM,NPME,20260912-JinguStadium-2,65870cd0-ae67-11f1-af02-1b6488a193e9,124.0872,,,10.06411,,,,,,,4ed8090d-1fa5-46f2-9d4d-cb8573cd7fba,2026/9/12,04:12.8,2026-09-12T14:04:12.7600000+09:00,2026-09-12T05:04:12.7600000Z,,v3,,,,"Inoue, Kazuki",1000424351,Right,HOS_HOS,3b3225ca-6dd7-4561-af00-9eaec32a6af2,16.59476,-34.597064,3.139503,1.4795,1.314191,-5.566417,-0.737109,0.186516,1.699841,,,,,,,,,,,,,,,,,,,,,,,,,,,,,,,,,,,,,,,,,,,,,,,,,,,High,High,High,,,,,
8,2026/9/12,04:25.2,2,5,"Sukegawa, Taishi",1000242144,Right,HOS_HOS,"Yamane, Juntaro",1000242780,Right,WAS_EDA,Undefined,1,Top,1,3,1,Slider,Slider,StrikeCalled,Undefined,Undefined,Undefined,0,0,,125.21597,1.826057,-0.518876,2732.690342,79.247512,8:45,1.496935,0.688914,1.852442,-121.2697,-5.4511,-46.401,0.799397,0.078574,115.5379,-6.976543,-3.809547,0.486009,,,,,,,,,,,,23.5411,-2.9705,-0.673817,15.24,1.53229,0.512225,-34.487052,0.654298,3.673887,6.10278,-10.270234,HOS_HOS,WAS_EDA,JinguStadium,NPM,NPME,20260912-JinguStadium-2,6cf42480-ae67-11f1-af02-1b6488a193e9,124.81263,,,9.67807,,,,,,,4ed8090d-1fa5-46f2-9d4d-cb8573cd7fba,2026/9/12,04:25.2,2026-09-12T14:04:25.2470000+09:00,2026-09-12T05:04:25.2470000Z,,v3,,,,"Inoue, Kazuki",1000424351,Right,HOS_HOS,44c771f5-a354-4623-a063-42951a7eee48,16.588216,-34.724811,3.05139,1.499005,1.054417,-5.135117,-0.690985,0.369094,1.836943,,,,,,,,,,,,,,,,,,,,,,,,,,,,,,,,,,,,,,,,,,,,,,,,,,,High,High,High,,,,,
9,2026/9/12,04:40.1,2,6,"Sukegawa, Taishi",1000242144,Right,HOS_HOS,"Yamane, Juntaro",1000242780,Right,WAS_EDA,Undefined,1,Top,1,3,2,Cutter,Cutter,FoulBallNotFieldable,Undefined,Undefined,Undefined,0,0,,142.14954,-0.133443,-2.436595,2842.724385,172.060817,11:45,1.500365,0.792845,1.951221,-56.6328,31.1064,-4.022,0.896601,0.069274,132.15968,-4.31718,-2.723061,0.423011,119.82743,13.963332,164.905605,3010.145468,-32.520724,2.976135,8.156469,46.229425,41.529118,166.087822,1.674812,0.6955,17.0834,-0.739401,15.24,1.494253,1.685267,-39.178441,-0.291921,0.142059,6.799903,-6.317398,HOS_HOS,WAS_EDA,JinguStadium,NPM,NPME,20260912-JinguStadium-2,75c279e0-ae67-11f1-af02-1b6488a193e9,143.40064,3.728706,,9.98985,,,,0.104132,0.826768,-0.048295,4ed8090d-1fa5-46f2-9d4d-cb8573cd7fba,2026/9/12,04:40.1,2026-09-12T14:04:40.0710000+09:00,2026-09-12T05:04:40.0710000Z,LineDrive,v3,,,,"Inoue, Kazuki",1000424351,Right,HOS_HOS,58bab3f4-a698-421f-b414-0d41b5f4376f,16.489103,-39.394642,3.399951,1.500341,-0.091062,-3.158699,-0.792911,1.680751,0.07103,300.411733,0.104136,-31.187497,2.584589,0.011863,-0.106362,0.230788,-0.202196,0.080183,-0.012238,0.826766,8.032033,-5.998079,0.684292,-0.157858,0.086092,-0.037711,0.008618,-0.000777,-0.048298,8.411887,-1.421222,0.304013,-0.05361,-0.039529,0.058806,-0.026775,0.004338,,,,,,,,,,,,,,,,,,,,,,,High,High,High,Medium,Medium,,,
10,2026/9/12,04:58.3,2,7,"Sukegawa, Taishi",1000242144,Right,HOS_HOS,"Yamane, Juntaro",1000242780,Right,WAS_EDA,Undefined,1,Top,1,3,2,Cutter,Cutter,FoulBallNotFieldable,Undefined,Undefined,Undefined,0,0,,141.55852,-0.062314,-1.882982,2573.191672,149.751286,11:00,1.489813,0.746183,1.992032,-58.4492,30.1923,-16.1546,0.88789,0.058018,130.69999,-4.402948,-3.037044,0.42518,115.21203,68.991991,99.511832,,,,,,43.236196,,,7.3008,16.6883,-0.705613,15.24,1.485421,1.354483,-39.009455,-0.242639,1.465755,7.39527,-6.456188,HOS_HOS,WAS_EDA,JinguStadium,NPM,NPME,20260912-JinguStadium-2,809a81f0-ae67-11f1-af02-1b6488a193e9,142.66892,16.597589,,10.85853,,,,0.262523,0.874796,-0.055312,4ed8090d-1fa5-46f2-9d4d-cb8573cd7fba,2026/9/12,04:58.2,2026-09-12T14:04:58.2590000+09:00,2026-09-12T05:04:58.2590000Z,,v3,,,,"Inoue, Kazuki",1000424351,Right,HOS_HOS,71d6e9c2-d933-4caa-b455-b068de1ace9f,16.448055,-39.237805,3.697635,1.489836,-0.043286,-3.228094,-0.746738,1.309223,0.732877,337.197712,0.262523,-1.895955,-2.510369,0.814242,-0.165683,-0.146763,0.499783,-0.674228,0.355916,0.874796,29.876089,-7.849758,0.867739,-0.166596,0.067819,-0.116468,0.151561,-0.080639,-0.055312,11.315408,-2.886581,0.727519,-0.134141,-0.070192,0.262531,-0.354519,0.186725,,,,,,,,,,,,,,,,,,,,,,,High,High,High,High,Undefined,,,
11,2026/9/12,05:23.9,2,8,"Sukegawa, Taishi",1000242144,Right,HOS_HOS,"Yamane, Juntaro",1000242780,Right,WAS_EDA,Undefined,1,Top,1,3,2,Cutter,Cutter,FoulBallNotFieldable,Undefined,Undefined,Undefined,0,0,,142.25269,-0.519705,-3.039416,2745.308355,161.504494,11:30,1.491432,0.781486,1.980205,-56.3213,31.1259,-9.6521,0.782607,-0.166196,132.29125,-4.682545,-3.727395,0.422307,120.77639,20.367134,163.656961,2819.8736,-32.679571,5.506639,7.494428,52.105028,20.454307,169.842667,1.999,3.3056,17.3872,-0.716113,15.24,1.47729,2.123566,-39.189451,-0.551488,0.674892,6.877988,-6.256719,HOS_HOS,WAS_EDA,JinguStadium,NPM,NPME,20260912-JinguStadium-2,8feca070-ae67-11f1-af02-1b6488a193e9,143.63973,5.915208,,9.96143,,,,0.280531,0.747736,0.179302,4ed8090d-1fa5-46f2-9d4d-cb8573cd7fba,2026/9/12,05:23.9,2026-09-12T14:05:23.9490000+09:00,2026-09-12T05:05:23.9490000Z,LineDrive,v3,,,,"Inoue, Kazuki",1000424351,Right,HOS_HOS,341e64f3-bfd6-424b-bd89-840d506f8397,16.460177,-39.403017,3.438994,1.491398,-0.357213,-3.128359,-0.781726,2.10261,0.337446,300.830453,0.280528,-30.180458,2.312334,-0.08308,-0.013148,0.0439,-0.032076,0.01148,-0.001662,0.747735,11.676357,-7.197331,0.772598,-0.1545,0.05425,-0.021058,0.00623,-0.000845,0.179305,8.849808,-2.559623,0.278001,-0.030913,-0.032974,0.028587,-0.01054,0.001541,,,,,,,,,,,,,,,,,,,,,,,High,High,High,High,Low,,,
12,2026/9/12,05:43.7,2,9,"Sukegawa, Taishi",1000242144,Right,HOS_HOS,"Yamane, Juntaro",1000242780,Right,WAS_EDA,Undefined,1,Top,1,3,2,Slider,Slider,StrikeCalled,Strikeout,Undefined,Undefined,0,0,,125.94864,2.082355,-0.021828,2717.720876,82.61486,8:45,1.483708,0.709562,1.818568,-119.4547,-3.6345,-56.0258,0.877893,0.143135,115.28366,-6.598609,-3.986323,0.486012,,,,,,,,,,,,28.6277,-2.2166,-0.705389,15.24,1.526121,0.263267,-34.655492,0.81119,4.477172,6.615582,-10.153317,HOS_HOS,WAS_EDA,JinguStadium,NPM,NPME,20260912-JinguStadium-2,9bbff870-ae67-11f1-af02-1b6488a193e9,124.81183,,,10.66498,,,,,,,4ed8090d-1fa5-46f2-9d4d-cb8573cd7fba,2026/9/12,05:43.7,2026-09-12T14:05:43.7320000+09:00,2026-09-12T05:05:43.7320000Z,,v3,,,,"Inoue, Kazuki",1000424351,Right,HOS_HOS,783d4110-1a2f-43af-8a37-fcf7f9231f88,16.621855,-34.918286,3.307791,1.485887,1.214514,-5.076659,-0.712315,0.085418,2.238586,,,,,,,,,,,,,,,,,,,,,,,,,,,,,,,,,,,,,,,,,,,,,,,,,,,High,High,High,,,,,
13,2026/9/12,06:10.7,3,1,"Sukegawa, Taishi",1000242144,Right,HOS_HOS,"Okanishi, Yuya",1000242774,Left,WAS_EDA,Undefined,1,Top,2,0,0,Cutter,Cutter,StrikeCalled,Undefined,Undefined,Undefined,0,0,,144.24367,-0.433011,-2.203748,2675.057191,177.474089,12:00,1.474955,0.831104,1.952682,-59.7602,26.1281,-1.0444,0.755905,0.202736,133.06526,-4.851731,-2.278188,0.418525,,,,,,,,,,,,-0.8753,14.7102,-0.78297,15.24,1.462189,1.533668,-39.726718,-0.518342,-0.182218,7.682861,-6.74425,HOS_HOS,WAS_EDA,JinguStadium,NPM,NPME,20260912-JinguStadium-2,abc672d0-ae67-11f1-af02-1b6488a193e9,144.93743,,,11.17842,,,,,,,4ed8090d-1fa5-46f2-9d4d-cb8573cd7fba,2026/9/12,06:10.7,2026-09-12T14:06:10.6940000+09:00,2026-09-12T05:06:10.6940000Z,,v3,,,,"Inoue, Kazuki",1000424351,Right,HOS_HOS,f6570105-423d-4ec5-86c9-c569b21fad8f,16.487134,-39.967177,3.841431,1.475108,-0.307259,-3.372125,-0.83106,1.539371,-0.091109,,,,,,,,,,,,,,,,,,,,,,,,,,,,,,,,,,,,,,,,,,,,,,,,,,,High,High,High,,,,,
14,2026/9/12,06:24.3,3,2,"Sukegawa, Taishi",1000242144,Right,HOS_HOS,"Okanishi, Yuya",1000242774,Left,WAS_EDA,Undefined,1,Top,2,0,1,Cutter,Cutter,InPlay,Undefined,LineDrive,Out,1,0,,142.95042,-0.645185,-2.683738,2805.373969,165.970546,11:30,1.458866,0.808696,1.952076,-66.9093,20.448,-4.5009,0.608741,0.010967,132.28554,-5.563863,-3.004372,0.422089,157.54643,4.148941,1.358205,786.202543,,,,,16.91154,,,0.6643,11.8503,-0.74986,15.24,1.441054,1.865885,-39.368344,-0.691438,0.136024,7.424146,-7.380136,HOS_HOS,WAS_EDA,JinguStadium,NPM,NPME,20260912-JinguStadium-2,b3dac700-ae67-11f1-af02-1b6488a193e9,143.71365,1.515341,,10.66487,,,,0.181767,0.583708,-7.10E-05,4ed8090d-1fa5-46f2-9d4d-cb8573cd7fba,2026/9/12,06:24.3,2026-09-12T14:06:24.2700000+09:00,2026-09-12T05:06:24.2700000Z,,v3,,,,"Inoue, Kazuki",1000424351,Right,HOS_HOS,97064ea4-4c5f-4a77-9d95-159a2fb1ebc3,16.488151,-39.603023,3.712073,1.459223,-0.45815,-3.690068,-0.808773,1.861585,0.068012,176.740934,0.185342,43.5183,-5.730633,,,,,,,0.582672,3.200687,-2.218356,,,,,,,0.000156,1.027089,-0.297569,,,,,,,,,,,,,,,,,,,,,,,,,,,,,High,High,High,Medium,Undefined,,,
15,2026/9/12,08:38.2,1,1,"Takahashi, Koki",1000326144,Right,WAS_EDA,"Fujimori, Kojun",1000188667,Left,HOS_HOS,Undefined,1,Bottom,0,0,0,Fastball,Four-Seam,BallCalled,Undefined,Undefined,Undefined,0,0,,151.49318,-1.371362,-2.109289,2468.550146,222.115056,1:30,1.691563,0.696895,1.931477,-35.4331,43.6834,37.1141,0.952054,0.475841,137.66783,-4.071723,0.533926,0.401687,,,,,,,,,,,,-20.7073,24.4641,-0.651962,15.24,1.659004,1.341361,-41.659984,-1.108097,-4.676555,9.620796,-4.281651,HOS_HOS,WAS_EDA,JinguStadium,NPM,NPME,20260912-JinguStadium-2,03b150a0-ae68-11f1-af02-1b6488a193e9,151.01294,,,13.82535,,,,,,,4ed8090d-1fa5-46f2-9d4d-cb8573cd7fba,2026/9/12,08:38.2,2026-09-12T14:08:38.2030000+09:00,2026-09-12T05:08:38.2030000Z,,v3,,,,"Ogata, Mikito",1000326132,Right,WAS_EDA,0d9c8ac8-4153-48fe-acd6-dddb98253b97,16.507749,-41.951732,4.810398,1.690638,-0.978257,-2.140825,-0.694789,1.483176,-2.338278,,,,,,,,,,,,,,,,,,,,,,,,,,,,,,,,,,,,,,,,,,,,,,,,,,,High,High,High,,,,,
16,2026/9/12,08:50.2,1,2,"Takahashi, Koki",1000326144,Right,WAS_EDA,"Fujimori, Kojun",1000188667,Left,HOS_HOS,Undefined,1,Bottom,0,1,0,OneSeam,Changeup,InPlay,Undefined,FlyBall,Double,0,0,,139.64777,-0.918767,-3.549962,1560.396139,237.341192,2:00,1.629719,0.755707,1.844269,-67.8239,25.3755,35.2838,0.691729,0.105637,128.64749,-5.890971,-1.053918,0.435975,159.5496,16.590475,-13.268061,2237.029542,32.10407,8.755704,-9.66723,97.727486,97.591672,-23.178515,3.332404,-20.5803,14.5179,-0.673768,15.24,1.603488,2.215487,-38.399547,-0.875656,-3.998437,7.262029,-6.98605,HOS_HOS,WAS_EDA,JinguStadium,NPM,NPME,20260912-JinguStadium-2,0ad0e490-ae68-11f1-af02-1b6488a193e9,139.13653,10.688015,,11.00028,,,,0.315021,0.671252,-0.104592,4ed8090d-1fa5-46f2-9d4d-cb8573cd7fba,2026/9/12,08:50.2,2026-09-12T14:08:50.1520000+09:00,2026-09-12T05:08:50.1520000Z,LineDrive,v3,,,,"Ogata, Mikito",1000326132,Right,WAS_EDA,ce830990-6d94-45c2-a586-85bd68412a17,16.595994,-38.655139,3.631014,1.62998,-0.629778,-3.493025,-0.75422,2.356214,-1.999219,133.943741,0.315121,41.336669,-7.600285,1.613195,-0.280788,0.035188,-0.002982,0.000168,-3.00E-06,0.671101,12.660406,-4.050661,0.034282,-0.027089,0.026465,-0.00858,0.001451,-0.000102,-0.104471,-9.753027,-1.516099,0.566582,-0.115097,0.010184,0.000499,-0.000178,9.00E-06,,,,,,,,,,,,,,,,,,,,,,,High,High,High,High,High,,,
17,2026/9/12,09:36.3,2,1,"Takahashi, Koki",1000326144,Right,WAS_EDA,"Okumura, Ryota",1000419474,Left,HOS_HOS,Undefined,1,Bottom,0,0,0,Fastball,Four-Seam,BallCalled,Undefined,Undefined,Undefined,0,0,,150.53104,-0.77602,-4.809347,2642.123806,221.06704,1:15,1.644026,0.748294,1.923663,-36.0354,44.4657,36.4147,1.06501,-0.241037,136.67544,-3.521163,-2.22943,0.405187,,,,,,,,,,,,-22.3666,24.4344,-0.642667,15.24,1.624499,3.288215,-41.293802,-0.674017,-4.970585,9.322236,-4.376527,HOS_HOS,WAS_EDA,JinguStadium,NPM,NPME,20260912-JinguStadium-2,26532110-ae68-11f1-af02-1b6488a193e9,149.7086,,,13.8556,,,,,,,4ed8090d-1fa5-46f2-9d4d-cb8573cd7fba,2026/9/12,09:36.3,2026-09-12T14:09:36.2970000+09:00,2026-09-12T05:09:36.2970000Z,,v3,,,,"Ogata, Mikito",1000326132,Right,WAS_EDA,55480927-a190-4173-907e-2405904e8a15,16.515843,-41.580831,4.661118,1.643178,-0.539265,-2.188263,-0.746266,3.441258,-2.485292,,,,,,,,,,,,,,,,,,,,,,,,,,,,,,,,,,,,,,,,,,,,,,,,,,,High,High,High,,,,,
18,2026/9/12,09:58.3,2,2,"Takahashi, Koki",1000326144,Right,WAS_EDA,"Okumura, Ryota",1000419474,Left,HOS_HOS,Undefined,1,Bottom,0,1,0,Fastball,Four-Seam,BallCalled,Undefined,Undefined,Undefined,0,0,,148.47779,-2.92516,-5.497637,2588.477378,229.599115,1:45,1.632343,0.70566,2.0348,-42.6384,38.8527,42.5651,0.385868,-0.406292,135.82259,-6.142204,-2.464175,0.407671,,,,,,,,,,,,-26.3939,23.3567,-0.595224,15.24,1.570292,3.721051,-40.693092,-2.224043,-5.724483,8.647167,-4.740887,HOS_HOS,WAS_EDA,JinguStadium,NPM,NPME,20260912-JinguStadium-2,33686ef0-ae68-11f1-af02-1b6488a193e9,148.7964,,,12.65521,,,,,,,4ed8090d-1fa5-46f2-9d4d-cb8573cd7fba,2026/9/12,09:58.3,2026-09-12T14:09:58.3090000+09:00,2026-09-12T05:09:58.3090000Z,,v3,,,,"Ogata, Mikito",1000326132,Right,WAS_EDA,bbb17583-5c67-447f-9f85-88ed66088dce,16.405495,-40.940007,4.323584,1.631866,-2.088669,-2.370444,-0.703811,3.88451,-2.862241,,,,,,,,,,,,,,,,,,,,,,,,,,,,,,,,,,,,,,,,,,,,,,,,,,,High,High,High,,,,,
19,2026/9/12,10:22.2,2,3,"Takahashi, Koki",1000326144,Right,WAS_EDA,"Okumura, Ryota",1000419474,Left,HOS_HOS,Undefined,1,Bottom,0,2,0,Fastball,Four-Seam,StrikeCalled,Undefined,Undefined,Undefined,0,0,,150.27312,-2.663737,-3.739749,2512.092579,222.143534,1:30,1.627992,0.772531,1.929605,-38.4605,42.6992,36.0391,0.493642,0.081826,135.96892,-5.586017,-1.178665,0.406841,,,,,,,,,,,,-21.5793,25.1039,-0.691241,15.24,1.566417,2.509716,-41.215606,-2.044701,-4.745497,9.846598,-4.28606,HOS_HOS,WAS_EDA,JinguStadium,NPM,NPME,20260912-JinguStadium-2,41a992a0-ae68-11f1-af02-1b6488a193e9,149.09993,,,14.3042,,,,,,,4ed8090d-1fa5-46f2-9d4d-cb8573cd7fba,2026/9/12,10:22.2,2026-09-12T14:10:22.1860000+09:00,2026-09-12T05:10:22.1860000Z,,v3,,,,"Ogata, Mikito",1000326132,Right,WAS_EDA,f703271b-98a6-4a6f-9060-6981da7908c9,16.509641,-41.517822,4.923299,1.627155,-1.913152,-2.14303,-0.770506,2.655367,-2.372749,,,,,,,,,,,,,,,,,,,,,,,,,,,,,,,,,,,,,,,,,,,,,,,,,,,High,High,High,,,,,
20,2026/9/12,10:42.5,2,4,"Takahashi, Koki",1000326144,Right,WAS_EDA,"Okumura, Ryota",1000419474,Left,HOS_HOS,Undefined,1,Bottom,0,2,1,Fastball,Four-Seam,InPlay,Undefined,Bunt,Sacrifice,1,0,,149.91753,-0.621287,-4.470061,2604.958842,227.128634,1:30,1.629816,0.727812,1.910818,-42.8509,38.2971,38.3796,1.026193,-0.146986,136.29107,-3.847462,-1.750393,0.406812,,,,,,,,,,,,-23.1785,21.1241,-0.629025,15.24,1.613227,3.023318,-41.151347,-0.59629,-5.118168,9.215094,-5.142116,HOS_HOS,WAS_EDA,JinguStadium,NPM,NPME,20260912-JinguStadium-2,4dc0d170-ae68-11f1-af02-1b6488a193e9,149.11076,,,13.62645,,,,,,,4ed8090d-1fa5-46f2-9d4d-cb8573cd7fba,2026/9/12,10:42.5,2026-09-12T14:10:42.4720000+09:00,2026-09-12T05:10:42.4720000Z,,v3,,,,"Ogata, Mikito",1000326132,Right,WAS_EDA,bbf84d18-ac3f-4b35-8184-0b4da54a38a6,16.528955,-41.438979,4.607547,1.629334,-0.435788,-2.571058,-0.725886,3.183072,-2.559084,,,,,,,,,,,,,,,,,,,,,,,,,,,,,,,,,,,,,,,,,,,,,,,,,,,High,High,High,,,,,
21,2026/9/12,11:24.5,3,1,"Takahashi, Koki",1000326144,Right,WAS_EDA,"Sakai, Ryoya",1000323740,Left,HOS_HOS,Undefined,1,Bottom,1,0,0,Fastball,Four-Seam,BallCalled,Undefined,Undefined,Undefined,0,0,,151.79748,-2.896755,-4.620374,2641.404978,218.320287,1:15,1.626642,0.709242,1.947793,-34.983,44.7735,33.0916,0.461381,-0.257951,136.93132,-5.576722,-2.270998,0.403309,,,,,,,,,,,,-20.9706,26.5183,-0.6096,15.24,1.560984,3.192696,-41.576776,-2.217104,-4.678821,10.271329,-3.890045,HOS_HOS,WAS_EDA,JinguStadium,NPM,NPME,20260912-JinguStadium-2,66cfc400-ae68-11f1-af02-1b6488a193e9,150.4059,,,14.86616,,,,,,,4ed8090d-1fa5-46f2-9d4d-cb8573cd7fba,2026/9/12,11:24.5,2026-09-12T14:11:24.5200000+09:00,2026-09-12T05:11:24.5200000Z,,v3,,,,"Ogata, Mikito",1000326132,Right,WAS_EDA,35e1680f-ddd8-4a9d-852b-ef2460cad3db,16.491595,-41.884834,5.135664,1.62573,-2.100433,-1.945023,-0.70746,3.333023,-2.33941,,,,,,,,,,,,,,,,,,,,,,,,,,,,,,,,,,,,,,,,,,,,,,,,,,,High,High,High,,,,,
22,2026/9/12,11:42.4,3,2,"Takahashi, Koki",1000326144,Right,WAS_EDA,"Sakai, Ryoya",1000323740,Left,HOS_HOS,Undefined,1,Bottom,1,1,0,Fastball,Four-Seam,BallCalled,Undefined,Undefined,Undefined,0,0,,150.91131,-1.263778,-4.930823,2593.193129,215.436371,1:15,1.623899,0.740149,1.987085,-35.2511,44.4488,29.7054,0.916591,-0.345157,136.81219,-3.963116,-2.819116,0.403166,,,,,,,,,,,,-19.1542,24.9727,-0.636662,15.24,1.59503,3.421036,-41.38413,-1.019189,-4.264639,9.573827,-4.24654,HOS_HOS,WAS_EDA,JinguStadium,NPM,NPME,20260912-JinguStadium-2,7179de40-ae68-11f1-af02-1b6488a193e9,150.4592,,,14.09912,,,,,,,4ed8090d-1fa5-46f2-9d4d-cb8573cd7fba,2026/9/12,11:42.4,2026-09-12T14:11:42.3840000+09:00,2026-09-12T05:11:42.3840000Z,,v3,,,,"Ogata, Mikito",1000326132,Right,WAS_EDA,b0e4cc5c-686a-4382-ba0c-5c5b50ef21ce,16.452127,-41.663601,4.786913,1.622972,-0.895228,-2.12327,-0.738342,3.545526,-2.13232,,,,,,,,,,,,,,,,,,,,,,,,,,,,,,,,,,,,,,,,,,,,,,,,,,,High,High,High,,,,,
23,2026/9/12,12:03.4,3,3,"Takahashi, Koki",1000326144,Right,WAS_EDA,"Sakai, Ryoya",1000323740,Left,HOS_HOS,Undefined,1,Bottom,1,2,0,Cutter,Slider,StrikeSwinging,Undefined,Undefined,Undefined,0,0,,142.66982,-0.977266,-3.398775,2588.94067,150.09131,11:00,1.598518,0.759655,1.89685,-75.5996,12.9426,-6.0136,0.567172,-0.257451,132.09222,-6.486828,-3.825318,0.424942,,,,,,,,,,,,0.9577,8.0906,-0.681778,15.24,1.571653,2.359093,-39.250683,-0.965979,0.194702,7.469197,-8.161802,HOS_HOS,WAS_EDA,JinguStadium,NPM,NPME,20260912-JinguStadium-2,7dff4830-ae68-11f1-af02-1b6488a193e9,142.7488,,,10.5776,,,,,,,4ed8090d-1fa5-46f2-9d4d-cb8573cd7fba,2026/9/12,12:03.4,2026-09-12T14:12:03.4160000+09:00,2026-09-12T05:12:03.4160000Z,,v3,,,,"Ogata, Mikito",1000326132,Right,WAS_EDA,5a83fe5e-28cb-4356-bb7b-b079edce2a8a,16.543446,-39.497943,3.734599,1.599158,-0.695791,-4.080901,-0.759767,2.352648,0.097351,,,,,,,,,,,,,,,,,,,,,,,,,,,,,,,,,,,,,,,,,,,,,,,,,,,High,High,High,,,,,
24,2026/9/12,12:31.3,3,4,"Takahashi, Koki",1000326144,Right,WAS_EDA,"Sakai, Ryoya",1000323740,Left,HOS_HOS,Undefined,1,Bottom,1,2,1,Cutter,Slider,BallCalled,Undefined,Undefined,Undefined,0,0,,141.83753,1.857109,-3.183596,2517.892155,192.183478,12:30,1.586335,0.792475,1.879054,-80.6298,8.8089,1.3852,1.303886,-0.090918,131.2185,-4.02279,-3.085528,0.427088,,,,,,,,,,,,-2.6441,4.2205,-0.718966,15.24,1.624346,2.163902,-39.023335,0.945555,-0.533992,7.002509,-8.954287,HOS_HOS,WAS_EDA,JinguStadium,NPM,NPME,20260912-JinguStadium-2,8ea2ecf0-ae68-11f1-af02-1b6488a193e9,142.03157,,,10.61904,,,,,,,4ed8090d-1fa5-46f2-9d4d-cb8573cd7fba,2026/9/12,12:31.3,2026-09-12T14:12:31.2850000+09:00,2026-09-12T05:12:31.2850000Z,,v3,,,,"Ogata, Mikito",1000326132,Right,WAS_EDA,ed411276-4f26-4d70-b52b-2be28f087f5c,16.561082,-39.25968,3.501254,1.587332,1.247775,-4.477143,-0.792305,2.181925,-0.266996,,,,,,,,,,,,,,,,,,,,,,,,,,,,,,,,,,,,,,,,,,,,,,,,,,,High,High,High,,,,,
25,2026/9/12,12:54.1,3,5,"Takahashi, Koki",1000326144,Right,WAS_EDA,"Sakai, Ryoya",1000323740,Left,HOS_HOS,Undefined,1,Bottom,1,3,1,Fastball,Four-Seam,StrikeCalled,Undefined,Undefined,Undefined,0,0,,151.9515,-2.213516,-4.283475,2572.284623,223.427266,1:30,1.637137,0.717653,1.99054,-35.7382,42.4883,37.7691,0.658818,-0.104544,138.3567,-4.936979,-1.592409,0.399422,,,,,,,,,,,,-22.7506,24.5947,-0.628587,15.24,1.588195,2.933516,-41.705433,-1.7249,-5.163481,9.40498,-4.22462,HOS_HOS,WAS_EDA,JinguStadium,NPM,NPME,20260912-JinguStadium-2,9c3de590-ae68-11f1-af02-1b6488a193e9,151.86956,,,13.5948,,,,,,,4ed8090d-1fa5-46f2-9d4d-cb8573cd7fba,2026/9/12,12:54.1,2026-09-12T14:12:54.1430000+09:00,2026-09-12T05:12:54.1430000Z,,v3,,,,"Ogata, Mikito",1000326132,Right,WAS_EDA,ce71aca6-c729-4fff-9f3b-9f7dbe5f8a6c,16.448949,-41.977178,4.70249,1.636271,-1.602836,-2.11231,-0.715502,3.082708,-2.581741,,,,,,,,,,,,,,,,,,,,,,,,,,,,,,,,,,,,,,,,,,,,,,,,,,,High,High,High,,,,,
26,2026/9/12,13:20.5,3,6,"Takahashi, Koki",1000326144,Right,WAS_EDA,"Sakai, Ryoya",1000323740,Left,HOS_HOS,Undefined,1,Bottom,1,3,2,Fastball,Four-Seam,FoulBallNotFieldable,Undefined,Undefined,Undefined,0,0,,150.35251,-1.985764,-4.786239,2571.349208,222.221205,1:30,1.633451,0.706489,1.977485,-43.5092,36.6972,30.8796,0.640523,-0.327153,136.84936,-5.261995,-2.590614,0.404445,94.73682,53.094907,-116.760532,4606.837668,-19.621199,15.36969,-27.187019,48.879025,20.528891,-128.486418,3.533033,-19.6889,21.472,-0.605465,15.24,1.588491,3.302059,-41.240302,-1.581237,-4.363011,9.320409,-5.0485,HOS_HOS,WAS_EDA,JinguStadium,NPM,NPME,20260912-JinguStadium-2,abf359c0-ae68-11f1-af02-1b6488a193e9,149.98345,17.436181,,13.50315,,,,0.230586,0.645037,0.330414,4ed8090d-1fa5-46f2-9d4d-cb8573cd7fba,2026/9/12,13:20.5,2026-09-12T14:13:20.5370000+09:00,2026-09-12T05:13:20.5370000Z,Popup,v3,,,,"Ogata, Mikito",1000326132,Right,WAS_EDA,b283a370-7011-4788-8f22-e1b2970b07d1,16.462229,-41.51561,4.660205,1.632995,-1.432113,-2.52425,-0.704905,3.430935,-2.181505,30.344729,0.23073,-7.1206,-1.174674,0.262501,0.062902,-0.069021,0.022115,-0.002972,0.000132,0.64501,21.044034,-7.551756,0.806362,-0.195904,0.062522,-0.022236,0.004752,-0.000395,0.330586,-14.116516,1.28595,-0.300313,0.198139,-0.125375,0.047123,-0.008801,0.000636,,,,,,,,,,,,,,,,,,,,,,,High,High,High,High,Low,,,
27,2026/9/12,13:52.6,3,7,"Takahashi, Koki",1000326144,Right,WAS_EDA,"Sakai, Ryoya",1000323740,Left,HOS_HOS,Undefined,1,Bottom,1,3,2,Cutter,Slider,StrikeSwinging,Strikeout,Undefined,Undefined,0,0,,135.51818,0.806368,-1.793199,2522.838259,63.529345,8:00,1.598518,0.743479,1.854314,-101.4813,-2.5268,-10.9659,0.811207,0.128017,124.75386,-6.567526,-2.570804,0.449234,,,,,,,,,,,,4.4166,-0.8875,-0.700611,15.24,1.611111,1.219197,-37.305632,0.122987,0.806459,7.147542,-9.968708,HOS_HOS,WAS_EDA,JinguStadium,NPM,NPME,20260912-JinguStadium-2,bf1d3430-ae68-11f1-af02-1b6488a193e9,135.02991,,,10.76432,,,,,,,4ed8090d-1fa5-46f2-9d4d-cb8573cd7fba,2026/9/12,13:52.6,2026-09-12T14:13:52.5880000+09:00,2026-09-12T05:13:52.5880000Z,,v3,,,,"Ogata, Mikito",1000326132,Right,WAS_EDA,d5d7dfea-2a54-4e17-b6f2-e1b10951b93e,16.585702,-37.562576,3.573771,1.600248,0.481348,-4.984354,-0.743918,1.190206,0.403229,,,,,,,,,,,,,,,,,,,,,,,,,,,,,,,,,,,,,,,,,,,,,,,,,,,High,High,High,,,,,
28,2026/9/12,14:32.0,4,1,"Takahashi, Koki",1000326144,Right,WAS_EDA,"Tadaishi, Kanta",1000424355,Right,HOS_HOS,Undefined,1,Bottom,2,0,0,Fastball,Four-Seam,InPlay,Undefined,LineDrive,Single,0,1,,148.73783,-1.633921,-4.000325,2563.432164,223.186365,1:30,1.646039,0.694803,1.995875,-35.202,46.6501,41.1451,0.836091,-0.013677,134.76471,-4.340007,-1.066053,0.408573,146.89687,15.045317,-6.797039,2947.497767,33.41453,6.446149,-2.756039,72.741619,72.741619,-2.836655,2.413339,-24.6881,26.57,-0.612411,15.24,1.609661,2.658796,-40.843563,-1.268752,-5.343586,9.486068,-4.055742,HOS_HOS,WAS_EDA,JinguStadium,NPM,NPME,20260912-JinguStadium-2,d6918990-ae68-11f1-af02-1b6488a193e9,148.46805,6.581249,,13.97312,,,,0.34312,0.832087,0.019883,4ed8090d-1fa5-46f2-9d4d-cb8573cd7fba,2026/9/12,14:32.0,2026-09-12T14:14:32.0180000+09:00,2026-09-12T05:14:32.0180000Z,LineDrive,v3,,,,"Ogata, Mikito",1000326132,Right,WAS_EDA,4c1e7c76-b2c7-4a11-b258-fb350994c6ff,16.443917,-41.122227,4.743034,1.645182,-1.14961,-2.027871,-0.692822,2.81577,-2.671793,240.088613,0.34313,39.128413,-5.08629,0.779832,-0.107923,-0.015379,0.01569,-0.004767,0.000551,0.832082,10.592504,-5.24379,0.381753,-0.064792,0.02463,-0.009917,0.002689,-0.000314,0.019881,-4.663678,2.426661,-0.799828,0.214492,-0.042685,0.005741,-0.000288,-3.00E-05,,,,,,,,,,,,,,,,,,,,,,,High,High,High,High,High,,,
29,2026/9/12,15:12.1,5,1,"Takahashi, Koki",1000326144,Right,WAS_EDA,"Inoue, Kazuki",1000424351,Left,HOS_HOS,Undefined,1,Bottom,2,0,0,OneSeam,Changeup,FoulBallNotFieldable,Undefined,Undefined,Undefined,0,0,,143.32497,-1.258992,-3.956118,1635.217011,248.294514,2:15,1.647464,0.726307,1.870712,-66.954,21.5377,47.3111,0.622374,0.083247,131.67564,-6.173106,-0.604405,0.424821,128.81334,-32.885648,65.800144,,,,,1.297824,1.297824,42.678521,0.024513,-27.2427,12.7893,-0.637184,15.24,1.613942,2.497081,-39.390592,-1.127577,-5.553068,7.870796,-7.199718,HOS_HOS,WAS_EDA,JinguStadium,NPM,NPME,20260912-JinguStadium-2,ee754290-ae68-11f1-af02-1b6488a193e9,142.78953,0.477064,,11.64933,,,,0.651667,0.477064,0.206781,4ed8090d-1fa5-46f2-9d4d-cb8573cd7fba,2026/9/12,15:12.1,2026-09-12T14:15:12.0640000+09:00,2026-09-12T05:15:12.0640000Z,GroundBall,v3,,,,"Ogata, Mikito",1000326132,Right,WAS_EDA,20f4b735-b63c-4ca2-8e82-a96a3b0a3077,16.569737,-39.655402,3.935398,1.647804,-0.885345,-3.599859,-0.72434,2.683912,-2.776534,,0.651582,12.338555,,,,,,,,0.477197,-19.461777,,,,,,,,0.206593,27.454715,,,,,,,,,,,,,,,,,,,,,,,,,,,,,,High,High,High,Low,Low,,,
30,2026/9/12,15:36.0,5,2,"Takahashi, Koki",1000326144,Right,WAS_EDA,"Inoue, Kazuki",1000424351,Left,HOS_HOS,Undefined,1,Bottom,2,0,1,Fastball,Four-Seam,BallCalled,Undefined,Undefined,Undefined,0,0,,149.60211,-0.307657,-1.803507,2514.279988,217.616394,1:15,1.658277,0.703266,1.871817,-37.3159,44.3854,32.1221,1.198417,0.516325,135.81701,-3.14196,0.475807,0.408197,,,,,,,,,,,,-17.8251,23.9051,-0.663243,15.24,1.648759,1.127228,-41.142935,-0.34277,-3.925544,9.400122,-4.542148,HOS_HOS,WAS_EDA,JinguStadium,NPM,NPME,20260912-JinguStadium-2,fcbb9660-ae68-11f1-af02-1b6488a193e9,148.60489,,,13.78511,,,,,,,4ed8090d-1fa5-46f2-9d4d-cb8573cd7fba,2026/9/12,15:36.0,2026-09-12T14:15:36.0370000+09:00,2026-09-12T05:15:36.0370000Z,,v3,,,,"Ogata, Mikito",1000326132,Right,WAS_EDA,392d97ce-672d-4674-8d7d-4d4e3254ae38,16.567382,-41.445098,4.700061,1.657431,-0.196764,-2.271074,-0.701506,1.253413,-1.962772,,,,,,,,,,,,,,,,,,,,,,,,,,,,,,,,,,,,,,,,,,,,,,,,,,,High,High,High,,,,,
31,2026/9/12,15:51.8,5,3,"Takahashi, Koki",1000326144,Right,WAS_EDA,"Inoue, Kazuki",1000424351,Left,HOS_HOS,Undefined,1,Bottom,2,1,1,Cutter,Slider,BallCalled,Undefined,Undefined,Undefined,0,0,,138.07607,1.33045,-1.883134,2471.377333,145.166849,10:45,1.57857,0.792652,1.860796,-87.6057,6.5727,-2.8614,1.077787,0.233062,128.20591,-5.041494,-2.085959,0.438259,,,,,,,,,,,,0.3629,3.43,-0.748376,15.24,1.604207,1.264176,-38.041662,0.537377,0.069786,6.508339,-9.147018,HOS_HOS,WAS_EDA,JinguStadium,NPM,NPME,20260912-JinguStadium-2,06223420-ae69-11f1-af02-1b6488a193e9,138.41143,,,9.87016,,,,,,,4ed8090d-1fa5-46f2-9d4d-cb8573cd7fba,2026/9/12,15:51.8,2026-09-12T14:15:51.7650000+09:00,2026-09-12T05:15:51.7650000Z,,v3,,,,"Ogata, Mikito",1000326132,Right,WAS_EDA,735ed4b3-9157-45ec-9332-32dd2795e5e6,16.579448,-38.270135,3.254169,1.579706,0.85848,-4.573509,-0.792712,1.261726,0.034893,,,,,,,,,,,,,,,,,,,,,,,,,,,,,,,,,,,,,,,,,,,,,,,,,,,High,High,High,,,,,
32,2026/9/12,16:14.2,5,4,"Takahashi, Koki",1000326144,Right,WAS_EDA,"Inoue, Kazuki",1000424351,Left,HOS_HOS,Undefined,1,Bottom,2,2,1,Fastball,Four-Seam,BallCalled,Undefined,Undefined,Undefined,0,0,,147.86335,-0.348196,-4.847011,2506.052233,219.088498,1:15,1.603947,0.702295,2.047438,-38.0697,43.8619,33.4858,1.125891,-0.316479,134.60304,-3.257828,-2.45686,0.408771,,,,,,,,,,,,-21.0047,24.1335,-0.605659,15.24,1.594937,3.282497,-40.594125,-0.355004,-4.522066,8.811304,-4.610996,HOS_HOS,WAS_EDA,JinguStadium,NPM,NPME,20260912-JinguStadium-2,1382bbd0-ae69-11f1-af02-1b6488a193e9,148.39597,,,13.26032,,,,,,,4ed8090d-1fa5-46f2-9d4d-cb8573cd7fba,2026/9/12,16:14.2,2026-09-12T14:16:14.2380000+09:00,2026-09-12T05:16:14.2380000Z,,v3,,,,"Ogata, Mikito",1000326132,Right,WAS_EDA,5b278b15-ee9a-4e50-9a2b-17ff83708a01,16.391987,-40.843409,4.405652,1.603135,-0.224553,-2.305498,-0.700335,3.410432,-2.261033,,,,,,,,,,,,,,,,,,,,,,,,,,,,,,,,,,,,,,,,,,,,,,,,,,,High,High,High,,,,,
33,2026/9/12,16:35.4,5,5,"Takahashi, Koki",1000326144,Right,WAS_EDA,"Inoue, Kazuki",1000424351,Left,HOS_HOS,Undefined,1,Bottom,2,3,1,Cutter,Slider,BallCalled,Walk,Undefined,Undefined,0,0,,131.46946,1.32673,-1.165544,2330.235136,150.454037,11:00,1.576884,0.768444,1.823495,-94.516,10.7043,-4.3412,1.006687,0.395705,121.12003,-5.558342,-1.472766,0.463238,,,,,,,,,,,,1.459,5.6196,-0.740113,15.24,1.602557,0.756314,-36.192952,0.477576,0.251674,6.487631,-8.837261,HOS_HOS,WAS_EDA,JinguStadium,NPM,NPME,20260912-JinguStadium-2,2026f860-ae69-11f1-af02-1b6488a193e9,130.94775,,,10.34943,,,,,,,4ed8090d-1fa5-46f2-9d4d-cb8573cd7fba,2026/9/12,16:35.4,2026-09-12T14:16:35.3950000+09:00,2026-09-12T05:16:35.3950000Z,,v3,,,,"Ogata, Mikito",1000326132,Right,WAS_EDA,bad13b71-a73f-47ad-988c-1897bf79d03a,16.6163,-36.438821,3.243816,1.578112,0.812491,-4.418631,-0.768595,0.746776,0.125837,,,,,,,,,,,,,,,,,,,,,,,,,,,,,,,,,,,,,,,,,,,,,,,,,,,High,High,High,,,,,
34,2026/9/12,17:15.0,6,1,"Takahashi, Koki",1000326144,Right,WAS_EDA,"Kawasaki, Hiroto",1000242159,Right,HOS_HOS,Undefined,1,Bottom,2,0,0,Cutter,Slider,StrikeCalled,Undefined,Undefined,Undefined,0,0,,134.00551,1.112376,-1.743495,2462.941792,124.147898,10:15,1.604311,0.794796,1.847597,-94.9289,5.6755,-4.267,0.969001,0.260146,123.99791,-5.79014,-2.045834,0.452963,,,,,,,,,,,,1.1004,3.1486,-0.753299,15.24,1.624541,1.14305,-36.906462,0.348779,0.198169,6.475612,-9.23965,HOS_HOS,WAS_EDA,JinguStadium,NPM,NPME,20260912-JinguStadium-2,37c59210-ae69-11f1-af02-1b6488a193e9,133.91812,,,10.0076,,,,,,,4ed8090d-1fa5-46f2-9d4d-cb8573cd7fba,2026/9/12,17:15.0,2026-09-12T14:17:15.0260000+09:00,2026-09-12T05:17:15.0260000Z,,v3,,,,"Ogata, Mikito",1000326132,Right,WAS_EDA,c987020c-ecf5-478c-8ecf-fe8bc540e5a2,16.592479,-37.14301,3.237806,1.605636,0.686294,-4.619825,-0.794922,1.135811,0.099085,,,,,,,,,,,,,,,,,,,,,,,,,,,,,,,,,,,,,,,,,,,,,,,,,,,High,High,High,,,,,
35,2026/9/12,17:58.3,6,2,"Takahashi, Koki",1000326144,Right,WAS_EDA,"Kawasaki, Hiroto",1000242159,Right,HOS_HOS,Undefined,1,Bottom,2,0,1,Cutter,Slider,InPlay,Undefined,FlyBall,Single,0,1,,137.9078,-0.763945,-3.557696,2534.585043,215.39364,1:15,1.601015,0.748337,1.853805,-86.558,8.4164,4.1427,0.519586,-0.214742,128.14761,-7.036654,-3.264561,0.440107,105.17765,30.373648,12.84343,3687.707674,31.953882,11.967781,10.152585,60.357952,58.427475,21.821091,3.345899,-4.3427,5.5698,-0.664775,15.24,1.577416,2.340126,-37.943332,-0.846136,-0.828088,6.714968,-8.744577,HOS_HOS,WAS_EDA,JinguStadium,NPM,NPME,20260912-JinguStadium-2,5185d340-ae69-11f1-af02-1b6488a193e9,137.83022,11.96647,,9.76019,,,,0.343768,0.519062,0.226047,4ed8090d-1fa5-46f2-9d4d-cb8573cd7fba,2026/9/12,17:58.3,2026-09-12T14:17:58.2960000+09:00,2026-09-12T05:17:58.2960000Z,FlyBall,v3,,,,"Ogata, Mikito",1000326132,Right,WAS_EDA,b37d6dcb-c05a-4da0-8bd0-dd767a31ee29,16.586678,-38.180914,3.357484,1.60188,-0.536744,-4.372288,-0.748089,2.369425,-0.414044,213.187679,0.343714,24.57739,-4.071265,0.876332,-0.196782,0.049919,-0.011922,0.00178,-0.000108,0.519101,14.771023,-5.158711,0.306854,-0.037673,-0.001422,0.001827,-0.000155,-1.30E-05,0.226054,5.602675,0.472974,-0.091773,0.023929,-0.006386,0.001499,-0.000217,1.30E-05,,,,,,,,,,,,,,,,,,,,,,,High,High,High,High,High,,,
36,2026/9/12,18:51.1,7,1,"Takahashi, Koki",1000326144,Right,WAS_EDA,"Imaizumi, Shugo",1000338382,Left,HOS_HOS,Undefined,1,Bottom,2,0,0,Cutter,Slider,StrikeCalled,Undefined,Undefined,Undefined,0,0,,134.78286,-0.200677,-3.142229,2585.477213,143.828706,10:45,1.591072,0.759359,1.814931,-86.4287,13.734,-7.9823,0.669975,-0.209546,124.79385,-6.47145,-3.705659,0.451968,,,,,,,,,,,,2.109,8.0356,-0.682663,15.24,1.580343,2.072273,-37.079486,-0.465439,0.382766,6.643675,-8.348249,HOS_HOS,WAS_EDA,JinguStadium,NPM,NPME,20260912-JinguStadium-2,710f4020-ae69-11f1-af02-1b6488a193e9,134.21303,,,9.98901,,,,,,,4ed8090d-1fa5-46f2-9d4d-cb8573cd7fba,2026/9/12,18:51.1,2026-09-12T14:18:51.1420000+09:00,2026-09-12T05:18:51.1420000Z,,v3,,,,"Ogata, Mikito",1000326132,Right,WAS_EDA,5f8c9cc4-c492-404f-8bc8-ff54ada44eaa,16.625253,-37.326862,3.321837,1.591886,-0.154594,-4.174124,-0.759558,2.05802,0.191383,,,,,,,,,,,,,,,,,,,,,,,,,,,,,,,,,,,,,,,,,,,,,,,,,,,High,High,High,,,,,
37,2026/9/12,19:08.6,7,2,"Takahashi, Koki",1000326144,Right,WAS_EDA,"Imaizumi, Shugo",1000338382,Left,HOS_HOS,Undefined,1,Bottom,2,0,1,Fastball,Four-Seam,StrikeSwinging,Undefined,Undefined,Undefined,0,0,,150.36663,-1.190882,-2.856169,2568.476062,227.778733,1:30,1.616128,0.753655,1.893869,-39.7514,40.3981,41.7799,0.883171,0.367389,137.60769,-4.180742,0.110334,0.404301,,,,,,,,,,,,-23.5288,22.4864,-0.690756,15.24,1.586447,1.849183,-41.359495,-0.998009,-5.278814,8.816641,-4.761706,HOS_HOS,WAS_EDA,JinguStadium,NPM,NPME,20260912-JinguStadium-2,7b6a28f0-ae69-11f1-af02-1b6488a193e9,150.03667,,,12.75894,,,,,,,4ed8090d-1fa5-46f2-9d4d-cb8573cd7fba,2026/9/12,19:08.6,2026-09-12T14:19:08.5670000+09:00,2026-09-12T05:19:08.5670000Z,,v3,,,,"Ogata, Mikito",1000326132,Right,WAS_EDA,2b65916e-d393-4a1e-bfbd-db70715fb53c,16.545988,-41.636963,4.40832,1.615498,-0.848153,-2.380853,-0.751566,2.015312,-2.639407,,,,,,,,,,,,,,,,,,,,,,,,,,,,,,,,,,,,,,,,,,,,,,,,,,,High,High,High,,,,,
38,2026/9/12,19:28.5,7,3,"Takahashi, Koki",1000326144,Right,WAS_EDA,"Imaizumi, Shugo",1000338382,Left,HOS_HOS,Undefined,1,Bottom,2,0,2,Fastball,Four-Seam,FoulBallNotFieldable,Undefined,Undefined,Undefined,0,0,,150.49142,-2.206539,-2.598965,2629.399856,222.089534,1:30,1.62755,0.742989,1.939612,-39.5191,39.7361,33.7613,0.61251,0.351126,138.50502,-5.171225,-0.194189,0.402039,130.19199,7.714795,-166.572681,3411.754291,,,,25.270699,18.139595,-168.792274,0.769244,-18.9366,22.7594,-0.687162,15.24,1.576462,1.701263,-41.391876,-1.727339,-4.279545,8.343289,-4.663173,HOS_HOS,WAS_EDA,JinguStadium,NPM,NPME,20260912-JinguStadium-2,87460c70-ae69-11f1-af02-1b6488a193e9,150.88073,1.356011,,11.9864,,,,0.283346,0.588708,-0.231297,4ed8090d-1fa5-46f2-9d4d-cb8573cd7fba,2026/9/12,19:28.5,2026-09-12T14:19:28.4790000+09:00,2026-09-12T05:19:28.4790000Z,GroundBall,v3,,,,"Ogata, Mikito",1000326132,Right,WAS_EDA,89253ed4-d480-49c9-ba86-0b29f7b62cc3,16.49949,-41.644976,4.171645,1.626717,-1.585879,-2.331587,-0.74074,1.831086,-2.139773,,0.283345,-34.857453,3.140215,-0.303735,0.160446,-0.315936,0.42685,-0.306489,0.091214,0.588708,4.854839,-7.984081,1.005083,-0.09369,-0.268989,0.415981,-0.303231,0.090526,-0.231297,-8.321904,3.405274,-0.700957,-0.128193,0.674843,-0.941344,0.677933,-0.201836,,,,,,,,,,,,,,,,,,,,,,,High,High,High,Medium,Medium,,,
39,2026/9/12,19:54.4,7,4,"Takahashi, Koki",1000326144,Right,WAS_EDA,"Imaizumi, Shugo",1000338382,Left,HOS_HOS,Undefined,1,Bottom,2,0,2,Fastball,Four-Seam,BallCalled,Undefined,Undefined,Undefined,0,0,,147.72012,-0.057856,-3.481346,2550.727283,215.250636,1:15,1.623364,0.756719,1.989769,-38.7937,42.7379,28.5645,1.21922,0.06774,136.00637,-2.988837,-1.444138,0.407772,,,,,,,,,,,,-17.1094,23.1504,-0.684273,15.24,1.619983,2.336318,-40.655328,-0.161675,-3.737506,7.887769,-4.749516,HOS_HOS,WAS_EDA,JinguStadium,NPM,NPME,20260912-JinguStadium-2,96bcf100-ae69-11f1-af02-1b6488a193e9,148.75957,,,11.71376,,,,,,,4ed8090d-1fa5-46f2-9d4d-cb8573cd7fba,2026/9/12,19:54.4,2026-09-12T14:19:54.3830000+09:00,2026-09-12T05:19:54.3830000Z,,v3,,,,"Ogata, Mikito",1000326132,Right,WAS_EDA,2b9a7338-ba63-49e2-908d-e72db760b27b,16.450103,-40.889433,3.943884,1.62269,-0.020711,-2.374758,-0.75526,2.447245,-1.868753,,,,,,,,,,,,,,,,,,,,,,,,,,,,,,,,,,,,,,,,,,,,,,,,,,,High,High,High,,,,,
40,2026/9/12,20:17.2,7,5,"Takahashi, Koki",1000326144,Right,WAS_EDA,"Imaizumi, Shugo",1000338382,Left,HOS_HOS,Undefined,1,Bottom,2,1,2,OneSeam,Changeup,BallCalled,Undefined,Undefined,Undefined,0,0,,138.31234,0.880988,-2.192819,1629.959108,234.671831,1:45,1.606356,0.757539,1.88755,-66.306,27.8831,35.5236,1.191404,0.495423,127.30876,-4.011771,0.32957,0.438283,,,,,,,,,,,,-19.6976,14.7337,-0.709211,15.24,1.622543,1.289745,-38.080694,0.343774,-3.76901,7.038525,-6.987456,HOS_HOS,WAS_EDA,JinguStadium,NPM,NPME,20260912-JinguStadium-2,a4615f80-ae69-11f1-af02-1b6488a193e9,138.40365,,,11.00358,,,,,,,4ed8090d-1fa5-46f2-9d4d-cb8573cd7fba,2026/9/12,20:17.2,2026-09-12T14:20:17.2520000+09:00,2026-09-12T05:20:17.2520000Z,,v3,,,,"Ogata, Mikito",1000326132,Right,WAS_EDA,0d751bc3-d2e1-4996-bbf1-0e88697627a9,16.552255,-38.322473,3.519263,1.606611,0.583799,-3.493728,-0.755738,1.419214,-1.884505,,,,,,,,,,,,,,,,,,,,,,,,,,,,,,,,,,,,,,,,,,,,,,,,,,,High,High,High,,,,,
41,2026/9/12,20:44.0,7,6,"Takahashi, Koki",1000326144,Right,WAS_EDA,"Imaizumi, Shugo",1000338382,Left,HOS_HOS,Undefined,1,Bottom,2,2,2,Cutter,Slider,InPlay,Undefined,FlyBall,Out,1,0,,135.15441,-0.13175,-2.187032,2611.196137,79.041583,8:45,1.599231,0.74934,1.842543,-97.4742,1.0785,-7.7572,0.587284,0.05433,125.97458,-7.17842,-2.736694,0.448321,146.21717,62.035967,-3.062696,4653.35938,31.976093,50.140315,-10.082412,56.876843,56.526338,-18.981698,6.507952,2.7204,1.3521,-0.696906,15.24,1.589688,1.457101,-37.243791,-0.467192,0.500863,6.320373,-9.55772,HOS_HOS,WAS_EDA,JinguStadium,NPM,NPME,20260912-JinguStadium-2,b44cfee0-ae69-11f1-af02-1b6488a193e9,135.30491,50.152639,,9.17982,,,,0.415351,0.617975,-0.055759,4ed8090d-1fa5-46f2-9d4d-cb8573cd7fba,2026/9/12,20:44.0,2026-09-12T14:20:43.9960000+09:00,2026-09-12T05:20:43.9960000Z,Popup,v3,,,,"Ogata, Mikito",1000326132,Right,WAS_EDA,3dfe9ccb-350f-4bfd-a190-90a7e3829127,16.598173,-37.473568,3.160187,1.600357,-0.119721,-4.77886,-0.749548,1.438892,0.250432,163.543966,0.401456,19.235811,-6.926569,2.850863,-1.024168,0.266824,-0.042173,0.003546,-0.000122,0.611197,36.010674,-8.815872,1.665974,-0.714662,0.248348,-0.049972,0.005083,-0.000204,-0.065681,-0.856649,-2.68006,1.662542,-0.731088,0.213221,-0.036624,0.003316,-0.000122,,,,,,,,,,,,,,,,,,,,,,,High,High,High,High,Medium,,,
42,2026/9/12,22:55.7,1,1,"Sukegawa, Taishi",1000242144,Right,HOS_HOS,"Sato, Kanya",1000326140,Left,WAS_EDA,Undefined,2,Top,0,0,0,Cutter,Cutter,StrikeCalled,Undefined,Undefined,Undefined,0,0,,140.13568,-1.54405,-1.668081,2711.619043,181.730435,12:00,1.481211,0.777517,1.926551,-57.691,32.9057,0.9217,0.470575,0.318346,130.41769,-5.792931,-1.602437,0.429844,,,,,,,,,,,,-1.4577,18.8415,-0.740422,15.24,1.443441,1.120528,-38.620327,-1.246127,-0.289162,6.645993,-6.069083,HOS_HOS,WAS_EDA,JinguStadium,NPM,NPME,20260912-JinguStadium-2,02d0c9c0-ae6a-11f1-af02-1b6488a193e9,141.12093,,,9.71799,,,,,,,4ed8090d-1fa5-46f2-9d4d-cb8573cd7fba,2026/9/12,22:55.7,2026-09-12T14:22:55.7050000+09:00,2026-09-12T05:22:55.7050000Z,,v3,,,,"Inoue, Kazuki",1000424351,Right,HOS_HOS,9a7273a9-7ff3-48fc-8c5a-3440262743a1,16.513673,-38.838889,3.322996,1.481139,-1.046538,-3.034541,-0.777428,1.130037,-0.144581,,,,,,,,,,,,,,,,,,,,,,,,,,,,,,,,,,,,,,,,,,,,,,,,,,,High,High,High,,,,,
43,2026/9/12,23:07.3,1,2,"Sukegawa, Taishi",1000242144,Right,HOS_HOS,"Sato, Kanya",1000326140,Left,WAS_EDA,Undefined,2,Top,0,0,1,Slider,Slider,BallCalled,Undefined,Undefined,Undefined,0,0,,124.07462,0.709511,0.469973,2771.954823,82.267402,8:45,1.475947,0.761545,1.805308,-122.072,-3.5312,-51.5096,0.455915,0.379375,114.75083,-8.113381,-3.177581,0.491687,,,,,,,,,,,,26.6982,-1.1686,-0.769543,15.24,1.484959,-0.056151,-34.181865,-0.031517,4.093932,5.984431,-9.985847,HOS_HOS,WAS_EDA,JinguStadium,NPM,NPME,20260912-JinguStadium-2,09c09b20-ae6a-11f1-af02-1b6488a193e9,123.3712,,,9.32379,,,,,,,4ed8090d-1fa5-46f2-9d4d-cb8573cd7fba,2026/9/12,23:07.3,2026-09-12T14:23:07.2680000+09:00,2026-09-12T05:23:07.2680000Z,,v3,,,,"Inoue, Kazuki",1000424351,Right,HOS_HOS,fa42ec88-b15b-4c35-9ec4-af2246d7617f,16.635413,-34.425302,2.992215,1.47798,0.374691,-4.992924,-0.763872,-0.222685,2.046966,,,,,,,,,,,,,,,,,,,,,,,,,,,,,,,,,,,,,,,,,,,,,,,,,,,High,High,High,,,,,
44,2026/9/12,23:21.0,1,3,"Sukegawa, Taishi",1000242144,Right,HOS_HOS,"Sato, Kanya",1000326140,Left,WAS_EDA,Undefined,2,Top,0,1,1,Slider,Curveball,BallCalled,Undefined,Undefined,Undefined,0,0,,123.47185,-0.245708,-1.705103,2778.174605,77.444678,8:30,1.498624,0.77935,1.852667,-127.2302,-7.4694,-49.7501,0.157,-0.199139,114.1992,-9.428093,-5.235603,0.494211,,,,,,,,,,,,24.6002,-2.6966,-0.735995,15.24,1.484709,1.218071,-33.998021,-0.602353,3.706569,6.307435,-10.212959,HOS_HOS,WAS_EDA,JinguStadium,NPM,NPME,20260912-JinguStadium-2,11e9fdf0-ae6a-11f1-af02-1b6488a193e9,122.7412,,,9.27265,,,,,,,4ed8090d-1fa5-46f2-9d4d-cb8573cd7fba,2026/9/12,23:21.0,2026-09-12T14:23:20.9830000+09:00,2026-09-12T05:23:20.9830000Z,,v3,,,,"Inoue, Kazuki",1000424351,Right,HOS_HOS,81b4569e-40ce-49e7-8ae2-3bcc2265d956,16.588167,-34.247225,3.153718,1.500537,-0.198844,-5.106479,-0.781227,1.071626,1.853285,,,,,,,,,,,,,,,,,,,,,,,,,,,,,,,,,,,,,,,,,,,,,,,,,,,High,High,High,,,,,
45,2026/9/12,23:37.5,1,4,"Sukegawa, Taishi",1000242144,Right,HOS_HOS,"Sato, Kanya",1000326140,Left,WAS_EDA,Undefined,2,Top,0,2,1,Cutter,Slider,StrikeSwinging,Undefined,Undefined,Undefined,0,0,,139.13806,-0.412882,-4.015918,2827.259733,188.79486,12:15,1.488609,0.777424,1.940263,-61.3098,30.0913,4.3154,0.759421,-0.307636,130.21914,-4.910807,-3.709581,0.431748,,,,,,,,,,,,-4.3948,16.674,-0.68907,15.24,1.475964,2.670453,-38.308375,-0.494217,-0.864308,5.972776,-6.527428,HOS_HOS,WAS_EDA,JinguStadium,NPM,NPME,20260912-JinguStadium-2,1bb7c1f0-ae6a-11f1-af02-1b6488a193e9,140.49862,,,8.91892,,,,,,,4ed8090d-1fa5-46f2-9d4d-cb8573cd7fba,2026/9/12,23:37.5,2026-09-12T14:23:37.5050000+09:00,2026-09-12T05:23:37.5050000Z,,v3,,,,"Inoue, Kazuki",1000424351,Right,HOS_HOS,809897a9-7034-48b8-b28b-c96e529a5391,16.500202,-38.504356,2.986388,1.488666,-0.280037,-3.263714,-0.777159,2.698813,-0.432154,,,,,,,,,,,,,,,,,,,,,,,,,,,,,,,,,,,,,,,,,,,,,,,,,,,High,High,High,,,,,
46,2026/9/12,23:53.3,1,5,"Sukegawa, Taishi",1000242144,Right,HOS_HOS,"Sato, Kanya",1000326140,Left,WAS_EDA,Undefined,2,Top,0,2,2,Slider,Slider,StrikeSwinging,Strikeout,Undefined,Undefined,0,0,,124.9199,1.011276,-0.319144,2820.330824,72.007778,8:30,1.475709,0.787446,1.750632,-128.9915,-11.1078,-44.8496,0.472814,0.248381,115.46184,-8.268471,-3.483881,0.490322,,,,,,,,,,,,22.5979,-5.2355,-0.776062,15.24,1.491872,0.392789,-34.401351,0.10529,3.506164,6.12308,-10.618957,HOS_HOS,WAS_EDA,JinguStadium,NPM,NPME,20260912-JinguStadium-2,25389e70-ae6a-11f1-af02-1b6488a193e9,123.71458,,,9.45806,,,,,,,4ed8090d-1fa5-46f2-9d4d-cb8573cd7fba,2026/9/12,23:53.3,2026-09-12T14:23:53.3480000+09:00,2026-09-12T05:23:53.3480000Z,,v3,,,,"Inoue, Kazuki",1000424351,Right,HOS_HOS,2737a7b5-4cb4-44c9-b22a-00e871595923,16.690117,-34.658496,3.06154,1.478086,0.551243,-5.309479,-0.789466,0.245545,1.753082,,,,,,,,,,,,,,,,,,,,,,,,,,,,,123.49949,2.119648,1.242573,0.877075,-0.437673,0.342079,-0.194146,-0.291219,1.399667,-0.420088,21.633021,1.675398,-16.398114,-0.287915,26.247291,-1.427873,1.415977,4.318542,-4.577343,-0.454795,-21.138293,3.356737,High,High,High,,,High,Medium,High
47,2026/9/12,24:19.6,2,1,"Sukegawa, Taishi",1000242144,Right,HOS_HOS,"Tokumaru, Kaisei",1000422696,Left,WAS_EDA,Undefined,2,Top,1,0,0,Slider,Curveball,StrikeCalled,Undefined,Undefined,Undefined,0,0,,125.5307,1.368493,-0.450798,2826.441268,82.958623,8:45,1.471354,0.815347,1.815382,-117.4907,-2.3277,-44.56,0.683345,0.242323,116.43141,-7.129722,-3.604735,0.484631,,,,,,,,,,,,22.5862,-1.0487,-0.801476,15.24,1.496584,0.46617,-34.590399,0.38715,3.565263,5.816531,-9.972183,HOS_HOS,WAS_EDA,JinguStadium,NPM,NPME,20260912-JinguStadium-2,34dd70d0-ae6a-11f1-af02-1b6488a193e9,125.16741,,,9.09929,,,,,,,4ed8090d-1fa5-46f2-9d4d-cb8573cd7fba,2026/9/12,24:19.6,2026-09-12T14:24:19.6150000+09:00,2026-09-12T05:24:19.6150000Z,,v3,,,,"Inoue, Kazuki",1000424351,Right,HOS_HOS,21843dc3-045f-4f86-b1b7-4e647e47b7fe,16.62536,-34.822574,2.908266,1.473186,0.785204,-4.986092,-0.817244,0.323857,1.782631,,,,,,,,,,,,,,,,,,,,,,,,,,,,,,,,,,,,,,,,,,,,,,,,,,,High,High,High,,,,,
48,2026/9/12,24:30.1,2,2,"Sukegawa, Taishi",1000242144,Right,HOS_HOS,"Tokumaru, Kaisei",1000422696,Left,WAS_EDA,Undefined,2,Top,1,0,1,Cutter,Cutter,BallCalled,Undefined,Undefined,Undefined,0,0,,140.5923,1.071263,-0.957814,2824.343089,170.971213,11:45,1.470743,0.797182,1.891861,-58.6886,31.239,-4.6137,1.185302,0.481567,130.98131,-3.249311,-1.285601,0.428254,,,,,,,,,,,,1.868,16.3507,-0.775007,15.24,1.491628,0.669682,-38.771986,0.510347,0.37535,6.317563,-6.52127,HOS_HOS,WAS_EDA,JinguStadium,NPM,NPME,20260912-JinguStadium-2,3b1abb10-ae6a-11f1-af02-1b6488a193e9,141.64496,,,9.61099,,,,,,,4ed8090d-1fa5-46f2-9d4d-cb8573cd7fba,2026/9/12,24:30.1,2026-09-12T14:24:30.1330000+09:00,2026-09-12T05:24:30.1330000Z,,v3,,,,"Inoue, Kazuki",1000424351,Right,HOS_HOS,635d1c34-2255-4e21-85c0-33b768b1c918,16.548316,-38.984582,3.158781,1.470761,0.729799,-3.260635,-0.79733,0.657051,0.187675,,,,,,,,,,,,,,,,,,,,,,,,,,,,,,,,,,,,,,,,,,,,,,,,,,,High,High,High,,,,,
49,2026/9/12,24:43.8,2,3,"Sukegawa, Taishi",1000242144,Right,HOS_HOS,"Tokumaru, Kaisei",1000422696,Left,WAS_EDA,Undefined,2,Top,1,1,1,Cutter,Slider,FoulBallNotFieldable,Undefined,Undefined,Undefined,0,0,,140.64186,-0.972748,-3.660385,2848.441028,184.170827,12:15,1.456566,0.801986,1.918076,-63.6738,25.8437,1.7308,0.546035,-0.210172,131.97672,-5.620918,-3.537566,0.427276,,,,,,,,,,,,-2.8186,14.6663,-0.719944,15.24,1.430925,2.47072,-38.740851,-0.894041,-0.56766,6.007736,-6.852901,HOS_HOS,WAS_EDA,JinguStadium,NPM,NPME,20260912-JinguStadium-2,433ddc50-ae6a-11f1-af02-1b6488a193e9,141.96912,,,8.66514,,,,,,,4ed8090d-1fa5-46f2-9d4d-cb8573cd7fba,2026/9/12,24:43.8,2026-09-12T14:24:43.8280000+09:00,2026-09-12T05:24:43.8280000Z,,v3,,,,"Inoue, Kazuki",1000424351,Right,HOS_HOS,f2884afb-5ffb-44fe-b25c-befe5922ee77,16.522691,-38.939256,3.003868,1.456714,-0.667724,-3.42645,-0.801849,2.489467,-0.28383,,,,,,,,,,,,,,,,,,,,,,,,,,,,,,,,,,,,,,,,,,,,,,,,,,,High,High,High,,,,,
50,2026/9/12,25:05.4,2,4,"Sukegawa, Taishi",1000242144,Right,HOS_HOS,"Tokumaru, Kaisei",1000422696,Left,WAS_EDA,Undefined,2,Top,1,1,2,Slider,Curveball,InPlay,Undefined,LineDrive,Single,0,0,,124.03592,0.700538,-0.712443,2780.264504,78.273662,8:30,1.466464,0.775531,1.835868,-123.969,-5.5999,-43.7556,0.424559,0.136844,114.66123,-8.269521,-3.815265,0.491331,155.98958,6.960105,4.792427,5325.910976,,,,38.222481,38.222481,5.780773,0.992593,22.1573,-2.4058,-0.755656,15.24,1.47503,0.609018,-34.169987,-0.033299,3.388305,6.099114,-10.174553,HOS_HOS,WAS_EDA,JinguStadium,NPM,NPME,20260912-JinguStadium-2,502b56e0-ae6a-11f1-af02-1b6488a193e9,123.46068,1.601902,,9.3747,,,,0.505226,0.467834,-0.146592,4ed8090d-1fa5-46f2-9d4d-cb8573cd7fba,2026/9/12,25:05.4,2026-09-12T14:25:05.4390000+09:00,2026-09-12T05:25:05.4390000Z,GroundBall,v3,,,,"Inoue, Kazuki",1000424351,Right,HOS_HOS,ffb411a4-a9a7-4415-a998-d8c5854af3b3,16.604914,-34.412753,3.049557,1.468296,0.371683,-5.087276,-0.777213,0.474152,1.694152,306.190161,0.505226,42.860756,-5.718926,0.774058,-0.178916,0.038425,-0.007862,0.001537,-0.000187,0.467834,5.250704,-6.361901,0.700357,-0.124617,0.030628,-0.0063,0.00111,-0.000128,-0.146592,3.593413,0.511,-0.093198,0.021422,-0.004318,0.000885,-0.000168,1.90E-05,,,,,,,,,,,,,,,,,,,,,,,High,High,High,High,High,,,
51,2026/9/12,25:41.0,3,1,"Sukegawa, Taishi",1000242144,Right,HOS_HOS,"Takahashi, Hiroto",1000326145,Right,WAS_EDA,Undefined,2,Top,1,0,0,Cutter,Cutter,FoulBallNotFieldable,Undefined,Undefined,Undefined,0,0,,141.17359,0.360958,-3.214509,2787.415259,154.047748,11:15,1.471131,0.745743,1.896777,-61.8461,28.1207,-12.5261,0.954345,-0.284498,130.9123,-4.18502,-4.102102,0.428347,,,,,,,,,,,,4.5591,15.1543,-0.671716,15.24,1.475617,2.241266,-38.858796,0.016717,0.913513,6.901461,-6.770171,HOS_HOS,WAS_EDA,JinguStadium,NPM,NPME,20260912-JinguStadium-2,65580630-ae6a-11f1-af02-1b6488a193e9,141.61407,,,10.26129,,,,,,,4ed8090d-1fa5-46f2-9d4d-cb8573cd7fba,2026/9/12,25:41.0,2026-09-12T14:25:41.0130000+09:00,2026-09-12T05:25:41.0130000Z,,v3,,,,"Inoue, Kazuki",1000424351,Right,HOS_HOS,77f711bb-55f1-4d88-9449-2078e46b27d9,16.543189,-39.089561,3.45073,1.471274,0.243093,-3.385085,-0.746147,2.210721,0.456756,,,,,,,,,,,,,,,,,,,,,,,,,,,,,,,,,,,,,,,,,,,,,,,,,,,High,High,High,,,,,
52,2026/9/12,26:02.1,3,2,"Sukegawa, Taishi",1000242144,Right,HOS_HOS,"Takahashi, Hiroto",1000326145,Right,WAS_EDA,Undefined,2,Top,1,0,1,Cutter,Cutter,StrikeCalled,Undefined,Undefined,Undefined,0,0,,141.8873,-1.369962,-3.194515,2738.461276,173.30344,11:45,1.48198,0.77618,1.995571,-56.1481,32.0755,-3.478,0.536911,-0.152425,131.40865,-5.529287,-3.442688,0.424177,,,,,,,,,,,,-0.1657,18.4995,-0.708678,15.24,1.450131,2.195322,-39.052302,-1.126345,-0.033436,7.193463,-6.073765,HOS_HOS,WAS_EDA,JinguStadium,NPM,NPME,20260912-JinguStadium-2,71ed2790-ae6a-11f1-af02-1b6488a193e9,143.00639,,,10.47866,,,,,,,4ed8090d-1fa5-46f2-9d4d-cb8573cd7fba,2026/9/12,26:02.1,2026-09-12T14:26:02.1170000+09:00,2026-09-12T05:26:02.1170000Z,,v3,,,,"Inoue, Kazuki",1000424351,Right,HOS_HOS,6d931362-0d35-4a5c-901b-c78e2f021eee,16.444276,-39.273504,3.596732,1.481895,-0.939574,-3.036883,-0.776201,2.19635,-0.016718,,,,,,,,,,,,,,,,,,,,,,,,,,,,,,,,,,,,,,,,,,,,,,,,,,,High,High,High,,,,,
53,2026/9/12,26:20.6,3,3,"Sukegawa, Taishi",1000242144,Right,HOS_HOS,"Takahashi, Hiroto",1000326145,Right,WAS_EDA,Undefined,2,Top,1,0,2,Cutter,Slider,StrikeSwinging,Strikeout,Undefined,Undefined,0,0,,140.49006,0.606848,-4.629849,2809.876721,141.063649,10:45,1.460035,0.78081,1.890775,-75.3304,16.4429,-11.1913,0.878027,-0.636504,129.6453,-4.896504,-5.419953,0.432626,,,,,,,,,,,,2.7884,8.9558,-0.673964,15.24,1.46942,3.177203,-38.584016,0.121328,0.547225,7.296637,-8.049083,HOS_HOS,WAS_EDA,JinguStadium,NPM,NPME,20260912-JinguStadium-2,7cf651c0-ae6a-11f1-af02-1b6488a193e9,140.21348,,,10.84477,,,,,,,4ed8090d-1fa5-46f2-9d4d-cb8573cd7fba,2026/9/12,26:20.6,2026-09-12T14:26:20.6490000+09:00,2026-09-12T05:26:20.6490000Z,,v3,,,,"Inoue, Kazuki",1000424351,Right,HOS_HOS,dcdf4fca-6aba-4fff-b260-8ae1b97c3782,16.549147,-38.8308,3.648318,1.460713,0.393561,-4.024542,-0.781109,3.158695,0.273612,,,,,,,,,,,,,,,,,,,,,,,,,,,,,,,,,,,,,,,,,,,,,,,,,,,High,High,High,,,,,
54,2026/9/12,26:47.2,4,1,"Sukegawa, Taishi",1000242144,Right,HOS_HOS,"Ogata, Mikito",1000326132,Left,WAS_EDA,Undefined,2,Top,2,0,0,Slider,Slider,BallCalled,Undefined,Undefined,Undefined,0,0,,124.53842,0.32821,-0.516943,2804.352063,79.134752,8:45,1.442289,0.770033,1.734385,-127.0559,-6.6903,-55.6469,0.264969,0.066713,113.93903,-8.826123,-4.440382,0.495457,,,,,,,,,,,,27.9342,-2.5068,-0.752535,15.24,1.441189,0.559418,-34.253662,-0.294895,4.237718,6.872059,-10.186934,HOS_HOS,WAS_EDA,JinguStadium,NPM,NPME,20260912-JinguStadium-2,8cd0b310-ae6a-11f1-af02-1b6488a193e9,122.43243,,,10.59939,,,,,,,4ed8090d-1fa5-46f2-9d4d-cb8573cd7fba,2026/9/12,26:47.2,2026-09-12T14:26:47.1880000+09:00,2026-09-12T05:26:47.1880000Z,,v3,,,,"Inoue, Kazuki",1000424351,Right,HOS_HOS,98fc140c-433e-4fb7-bc99-251703ae3362,16.706031,-34.546529,3.43603,1.444505,0.139242,-5.093467,-0.772528,0.378819,2.118859,,,,,,,,,,,,,,,,,,,,,,,,,,,,,,,,,,,,,,,,,,,,,,,,,,,High,High,High,,,,,
55,2026/9/12,27:04.0,4,2,"Sukegawa, Taishi",1000242144,Right,HOS_HOS,"Ogata, Mikito",1000326132,Left,WAS_EDA,Undefined,2,Top,2,1,0,Slider,Curveball,StrikeSwinging,Undefined,Undefined,Undefined,0,0,,124.09005,0.459271,-0.838114,2801.114782,71.962785,8:30,1.453971,0.8211,1.73407,-130.8446,-10.7019,-44.0552,0.276009,0.142445,114.54264,-8.936951,-3.944402,0.494998,,,,,,,,,,,,21.7648,-4.5892,-0.796309,15.24,1.455955,0.697623,-34.157453,-0.235715,3.316703,6.253692,-10.505982,HOS_HOS,WAS_EDA,JinguStadium,NPM,NPME,20260912-JinguStadium-2,96d31ba0-ae6a-11f1-af02-1b6488a193e9,122.546,,,9.54741,,,,,,,4ed8090d-1fa5-46f2-9d4d-cb8573cd7fba,2026/9/12,27:04.0,2026-09-12T14:27:03.9610000+09:00,2026-09-12T05:27:03.9610000Z,,v3,,,,"Inoue, Kazuki",1000424351,Right,HOS_HOS,f27a0332-a30a-4f65-afc4-19f36af625c7,16.706501,-34.424899,3.126846,1.456428,0.213585,-5.252991,-0.823111,0.55578,1.658351,,,,,,,,,,,,,,,,,,,,,,,,,,,,,,,,,,,,,,,,,,,,,,,,,,,High,High,High,,,,,
56,2026/9/12,27:25.4,4,3,"Sukegawa, Taishi",1000242144,Right,HOS_HOS,"Ogata, Mikito",1000326132,Left,WAS_EDA,Undefined,2,Top,2,1,1,Cutter,Cutter,StrikeSwinging,Undefined,Undefined,Undefined,0,0,,142.31298,0.43093,-1.942789,2717.663399,153.716373,11:00,1.465743,0.837674,1.917205,-65.4364,22.6247,-10.0271,0.93249,0.191508,132.03552,-4.376923,-2.655839,0.423786,,,,,,,,,,,,4.0623,12.2661,-0.793528,15.24,1.471569,1.377141,-39.22062,0.049558,0.829644,6.987685,-7.301522,HOS_HOS,WAS_EDA,JinguStadium,NPM,NPME,20260912-JinguStadium-2,a38eb0c0-ae6a-11f1-af02-1b6488a193e9,143.13827,,,10.27746,,,,,,,4ed8090d-1fa5-46f2-9d4d-cb8573cd7fba,2026/9/12,27:25.4,2026-09-12T14:27:25.4090000+09:00,2026-09-12T05:27:25.4090000Z,,v3,,,,"Inoue, Kazuki",1000424351,Right,HOS_HOS,e249a004-cfc6-4cf3-937b-a51d4d5a03e2,16.52295,-39.448533,3.493842,1.466069,0.287707,-3.650761,-0.838004,1.350081,0.414822,,,,,,,,,,,,,,,,,,,,,,,,,,,,,,,,,,,,,,,,,,,,,,,,,,,High,High,High,,,,,
57,2026/9/12,27:44.7,4,4,"Sukegawa, Taishi",1000242144,Right,HOS_HOS,"Ogata, Mikito",1000326132,Left,WAS_EDA,Undefined,2,Top,2,1,2,Cutter,Slider,StrikeCalled,Strikeout,Undefined,Undefined,0,0,,142.15882,0.154634,-1.073368,2879.065956,145.209788,10:45,1.426687,0.797365,1.854423,-66.3351,22.3706,-13.9495,0.806947,0.355174,132.1828,-4.695372,-2.06246,0.425334,,,,,,,,,,,,6.5928,12.2052,-0.771236,15.24,1.426048,0.800926,-39.192518,-0.153514,1.347458,6.808893,-7.312102,HOS_HOS,WAS_EDA,JinguStadium,NPM,NPME,20260912-JinguStadium-2,af1150b0-ae6a-11f1-af02-1b6488a193e9,142.61725,,,9.97602,,,,,,,4ed8090d-1fa5-46f2-9d4d-cb8573cd7fba,2026/9/12,27:44.7,2026-09-12T14:27:44.7130000+09:00,2026-09-12T05:27:44.7130000Z,,v3,,,,"Inoue, Kazuki",1000424351,Right,HOS_HOS,cff3bca9-7ce8-4679-8306-0336413472e0,16.585831,-39.425635,3.404446,1.427019,0.096831,-3.656051,-0.797868,0.754793,0.673729,,,,,,,,,,,,,,,,,,,,,,,,,,,,,111.28145,,,1.00918,,,,-0.382501,1.50931,-0.402235,23.304112,1.436853,-14.727454,-0.379064,24.976957,-1.504152,1.51766,4.418821,-4.479212,-0.422384,-17.262565,3.107452,High,High,High,,,High,Medium,Low
58,2026/9/12,29:41.5,1,1,"Takahashi, Koki",1000326144,Right,WAS_EDA,"Ogawa, Daichi",1000338392,Right,HOS_HOS,Undefined,2,Bottom,0,0,0,Cutter,Slider,StrikeSwinging,Undefined,Undefined,Undefined,0,0,,136.41577,-0.440343,-3.291992,2608.159247,138.778104,10:45,1.622979,0.74644,1.83785,-89.5631,8.2366,-4.734,0.602848,-0.231131,126.0426,-6.93839,-3.626675,0.446605,,,,,,,,,,,,0.2625,5.4581,-0.667668,15.24,1.606668,2.180041,-37.513855,-0.641858,0.048629,6.992653,-8.795478,HOS_HOS,WAS_EDA,JinguStadium,NPM,NPME,20260912-JinguStadium-2,f4b476b0-ae6a-11f1-af02-1b6488a193e9,135.82477,,,10.37317,,,,,,,4ed8090d-1fa5-46f2-9d4d-cb8573cd7fba,2026/9/12,29:41.5,2026-09-12T14:29:41.5030000+09:00,2026-09-12T05:29:41.5030000Z,,v3,,,,"Ogata, Mikito",1000326132,Right,WAS_EDA,7e1330c8-7199-49f5-84c3-d9bc048b93b6,16.602044,-37.76689,3.496327,1.624135,-0.323587,-4.397739,-0.746523,2.178282,0.024315,,,,,,,,,,,,,,,,,,,,,,,,,,,,,,,,,,,,,,,,,,,,,,,,,,,High,High,High,,,,,
59,2026/9/12,29:52.8,1,2,"Takahashi, Koki",1000326144,Right,WAS_EDA,"Ogawa, Daichi",1000338392,Right,HOS_HOS,Undefined,2,Bottom,0,0,1,Cutter,Curveball,BallCalled,Undefined,Undefined,Undefined,0,0,,130.95769,-0.865471,-2.395882,2574.803753,28.578561,7:00,1.575214,0.818059,1.828643,-118.377,-11.7384,-8.1446,0.146782,0.059564,121.05503,-9.392166,-2.973359,0.46635,,,,,,,,,,,,2.5358,-4.6673,-0.760039,15.24,1.546539,1.543532,-36.036305,-1.002549,0.430584,6.890268,-10.599161,HOS_HOS,WAS_EDA,JinguStadium,NPM,NPME,20260912-JinguStadium-2,fb6d80a0-ae6a-11f1-af02-1b6488a193e9,130.07395,,,9.90265,,,,,,,4ed8090d-1fa5-46f2-9d4d-cb8573cd7fba,2026/9/12,29:52.8,2026-09-12T14:29:52.8210000+09:00,2026-09-12T05:29:52.8210000Z,,v3,,,,"Ogata, Mikito",1000326132,Right,WAS_EDA,db7240d9-cdac-4499-91af-0dec675bdf0e,16.61201,-36.29769,3.445134,1.576945,-0.600465,-5.29958,-0.818284,1.527197,0.215292,,,,,,,,,,,,,,,,,,,,,,,,,,,,,,,,,,,,,,,,,,,,,,,,,,,High,High,High,,,,,
60,2026/9/12,30:13.1,1,3,"Takahashi, Koki",1000326144,Right,WAS_EDA,"Ogawa, Daichi",1000338392,Right,HOS_HOS,Undefined,2,Bottom,0,1,1,Cutter,Slider,InPlay,Undefined,Popup,Out,1,0,,135.78299,0.555237,-3.068463,2481.128177,158.691839,11:15,1.61093,0.769066,1.843296,-82.6568,15.2789,-4.9345,0.941262,-0.14693,125.97352,-5.459287,-3.41729,0.446915,131.57477,64.399706,8.358454,5090.732569,,,,37.739021,36.053519,13.660621,5.841863,0.6911,8.3293,-0.6959,15.24,1.618702,2.025974,-37.375888,0.046227,0.127982,6.454364,-8.26418,HOS_HOS,WAS_EDA,JinguStadium,NPM,NPME,20260912-JinguStadium-2,077ea4f0-ae6b-11f1-af02-1b6488a193e9,135.7304,42.934092,,9.80947,,,,0.329588,0.945899,0.147256,4ed8090d-1fa5-46f2-9d4d-cb8573cd7fba,2026/9/12,30:13.0,2026-09-12T14:30:13.0560000+09:00,2026-09-12T05:30:13.0560000Z,Popup,v3,,,,"Ogata, Mikito",1000326132,Right,WAS_EDA,8960fac7-8c86-4881-a02e-0790ffcdc611,16.597068,-37.609507,3.227182,1.611615,0.345353,-4.13209,-0.769148,2.021342,0.063991,183.152513,0.329134,15.624034,-5.718206,1.775724,-0.367573,0.047026,-0.002055,-0.000249,2.50E-05,0.938178,33.09316,-8.410905,1.406017,-0.537194,0.171989,-0.033865,0.003473,-0.000142,0.147806,2.285429,-0.304936,0.013771,0.03174,-0.015481,0.003464,-0.000384,1.70E-05,,,,,,,,,,,,,,,,,,,,,,,High,High,High,High,Low,,,
61,2026/9/12,30:45.1,2,1,"Takahashi, Koki",1000326144,Right,WAS_EDA,"Kumagai, Riku",1000338393,Left,HOS_HOS,Undefined,2,Bottom,1,0,0,Fastball,Four-Seam,BallCalled,Undefined,Undefined,Undefined,0,0,,146.64252,-2.629643,-4.928365,2532.564185,215.848547,1:15,1.615102,0.754852,2.000723,-34.0904,49.5521,33.8834,0.536177,-0.286805,134.2203,-5.236642,-2.517016,0.413017,,,,,,,,,,,,-21.2203,28.6639,-0.652869,15.24,1.557875,3.311043,-40.226948,-1.94999,-4.503901,8.337473,-3.722888,HOS_HOS,WAS_EDA,JinguStadium,NPM,NPME,20260912-JinguStadium-2,1a967e00-ae6b-11f1-af02-1b6488a193e9,146.87039,,,12.42221,,,,,,,4ed8090d-1fa5-46f2-9d4d-cb8573cd7fba,2026/9/12,30:45.1,2026-09-12T14:30:45.0930000+09:00,2026-09-12T05:30:45.0930000Z,,v3,,,,"Ogata, Mikito",1000326132,Right,WAS_EDA,caaaeb4d-61b9-4938-8c34-7505b581daf7,16.43934,-40.474761,4.168736,1.61419,-1.839335,-1.861444,-0.753272,3.444912,-2.251951,,,,,,,,,,,,,,,,,,,,,,,,,,,,,,,,,,,,,,,,,,,,,,,,,,,High,High,High,,,,,
62,2026/9/12,30:56.5,2,2,"Takahashi, Koki",1000326144,Right,WAS_EDA,"Kumagai, Riku",1000338393,Left,HOS_HOS,Undefined,2,Bottom,1,1,0,Cutter,Slider,StrikeCalled,Undefined,Undefined,Undefined,0,0,,135.16413,-0.631035,-2.970808,2495.792505,154.046977,11:15,1.586349,0.777602,1.818631,-84.6912,14.0796,-5.6125,0.560861,-0.118821,126.14147,-6.757852,-3.367299,0.448817,,,,,,,,,,,,1.1746,8.4144,-0.705425,15.24,1.565352,1.957119,-37.216603,-0.74044,0.216553,6.116168,-8.255397,HOS_HOS,WAS_EDA,JinguStadium,NPM,NPME,20260912-JinguStadium-2,216c10a0-ae6b-11f1-af02-1b6488a193e9,135.15541,,,9.02267,,,,,,,4ed8090d-1fa5-46f2-9d4d-cb8573cd7fba,2026/9/12,30:56.5,2026-09-12T14:30:56.5240000+09:00,2026-09-12T05:30:56.5240000Z,,v3,,,,"Ogata, Mikito",1000326132,Right,WAS_EDA,9aac7d8d-12b1-4773-8cc1-fbd8b2855c7e,16.621746,-37.44299,3.058084,1.587104,-0.434871,-4.127698,-0.777719,1.949103,0.108277,,,,,,,,,,,,,,,,,,,,,,,,,,,,,,,,,,,,,,,,,,,,,,,,,,,High,High,High,,,,,
63,2026/9/12,31:09.3,2,3,"Takahashi, Koki",1000326144,Right,WAS_EDA,"Kumagai, Riku",1000338393,Left,HOS_HOS,Undefined,2,Bottom,1,1,1,Fastball,Four-Seam,StrikeCalled,Undefined,Undefined,Undefined,0,0,,146.59494,-2.369693,-4.329617,2548.081291,217.531834,1:15,1.603992,0.73839,2.008686,-37.7155,45.3259,32.9092,0.562753,-0.144006,134.90054,-5.22495,-1.982784,0.41153,,,,,,,,,,,,-20.0748,26.13,-0.649519,15.24,1.552432,2.895292,-40.271621,-1.783879,-4.293411,7.918857,-4.218233,HOS_HOS,WAS_EDA,JinguStadium,NPM,NPME,20260912-JinguStadium-2,2904a520-ae6b-11f1-af02-1b6488a193e9,147.40101,,,11.6944,,,,,,,4ed8090d-1fa5-46f2-9d4d-cb8573cd7fba,2026/9/12,31:09.3,2026-09-12T14:31:09.3100000+09:00,2026-09-12T05:31:09.3100000Z,,v3,,,,"Ogata, Mikito",1000326132,Right,WAS_EDA,46381fcb-9289-4a6c-a5c0-4d36639d96bb,16.43134,-40.505204,3.959428,1.603216,-1.659453,-2.109117,-0.73679,3.021935,-2.146705,,,,,,,,,,,,,,,,,,,,,,,,,,,,,,,,,,,,,,,,,,,,,,,,,,,High,High,High,,,,,
64,2026/9/12,31:24.5,2,4,"Takahashi, Koki",1000326144,Right,WAS_EDA,"Kumagai, Riku",1000338393,Left,HOS_HOS,Undefined,2,Bottom,1,1,2,Fastball,Four-Seam,InPlay,Undefined,GroundBall,Out,1,0,,146.97412,-1.531112,-4.466615,2492.047422,215.810851,1:15,1.637973,0.756628,2.017826,-39.1701,43.6683,29.6511,0.817501,-0.196122,134.59018,-4.502728,-2.352066,0.411027,97.01051,-20.596602,10.453358,,,,,2.366725,2.366725,14.453178,0.08356,-18.7027,24.8403,-0.665474,15.24,1.604182,3.016946,-40.375638,-1.200834,-4.000128,8.375389,-4.4938,HOS_HOS,WAS_EDA,JinguStadium,NPM,NPME,20260912-JinguStadium-2,320ea3f0-ae6b-11f1-af02-1b6488a193e9,147.58146,0.796122,,12.38394,,,,0.208554,0.796122,0.206351,4ed8090d-1fa5-46f2-9d4d-cb8573cd7fba,2026/9/12,31:24.5,2026-09-12T14:31:24.4970000+09:00,2026-09-12T05:31:24.4970000Z,GroundBall,v3,,,,"Ogata, Mikito",1000326132,Right,WAS_EDA,3bca518e-cea3-4bbb-a990-70d2ff89c5e5,16.422199,-40.620129,4.187694,1.637322,-1.069653,-2.2469,-0.755248,3.133716,-2.000064,180,0.20687,24.931419,,,,,,,,0.796765,-9.527546,,,,,,,,0.20604,4.599776,,,,,,,,,,,,,,,,,,,,,,,,,,,,,,High,High,High,High,High,,,
65,2026/9/12,31:55.7,3,1,"Takahashi, Koki",1000326144,Right,WAS_EDA,"Fujimori, Kojun",1000188667,Left,HOS_HOS,Undefined,2,Bottom,2,0,0,Cutter,Slider,StrikeSwinging,Undefined,Undefined,Undefined,0,0,,134.69336,0.056251,-2.141143,2464.643496,164.115103,11:30,1.614282,0.808673,1.838137,-86.0895,13.5264,-3.07,0.769276,0.173337,124.87992,-6.204156,-2.358526,0.450733,,,,,,,,,,,,0.2528,7.8381,-0.757483,15.24,1.610013,1.40102,-37.092607,-0.295631,0.046037,6.456844,-8.379133,HOS_HOS,WAS_EDA,JinguStadium,NPM,NPME,20260912-JinguStadium-2,44b62f00-ae6b-11f1-af02-1b6488a193e9,134.58087,,,9.81344,,,,,,,4ed8090d-1fa5-46f2-9d4d-cb8573cd7fba,2026/9/12,31:55.7,2026-09-12T14:31:55.7210000+09:00,2026-09-12T05:31:55.7210000Z,,v3,,,,"Ogata, Mikito",1000326132,Right,WAS_EDA,4e8a27fe-0f6d-437f-a9c1-fb4eef79daca,16.601822,-37.328911,3.228422,1.615221,0.011025,-4.189566,-0.808726,1.399335,0.023018,,,,,,,,,,,,,,,,,,,,,,,,,,,,,,,,,,,,,,,,,,,,,,,,,,,High,High,High,,,,,
66,2026/9/12,32:07.6,3,2,"Takahashi, Koki",1000326144,Right,WAS_EDA,"Fujimori, Kojun",1000188667,Left,HOS_HOS,Undefined,2,Bottom,2,0,1,Fastball,Four-Seam,InPlay,Undefined,FlyBall,Out,1,0,,148.86046,-1.561307,-3.621743,2598.047859,222.370548,1:30,1.612698,0.722755,2.085802,-36.4218,43.3769,37.3419,0.813562,0.088221,136.48502,-4.342467,-0.941863,0.403415,155.2035,16.848241,-11.495314,2679.119438,32.244275,8.81729,-9.18871,97.124314,92.764169,-23.704651,3.300551,-22.3485,24.87,-0.653561,15.24,1.580474,2.424473,-40.958251,-1.222074,-4.922671,8.553462,-4.328565,HOS_HOS,WAS_EDA,JinguStadium,NPM,NPME,20260912-JinguStadium-2,4bb542a0-ae6b-11f1-af02-1b6488a193e9,150.36609,10.479632,,12.37544,,,,0.17181,0.784177,-0.077353,4ed8090d-1fa5-46f2-9d4d-cb8573cd7fba,2026/9/12,32:07.6,2026-09-12T14:32:07.5510000+09:00,2026-09-12T05:32:07.5510000Z,LineDrive,v3,,,,"Ogata, Mikito",1000326132,Right,WAS_EDA,0aea1c57-f30e-4dd0-9962-b0bbba7bc518,16.354443,-41.190326,4.276731,1.612038,-1.10463,-2.164282,-0.721155,2.558037,-2.461335,127.029719,0.1718,40.434402,-6.991245,1.440313,-0.247892,0.025172,0.000977,-0.000729,7.70E-05,0.784219,12.493473,-4.057017,-0.025147,0.022795,0.012696,-0.008026,0.001911,-0.000169,-0.077422,-8.219896,-2.561798,0.890574,-0.221378,0.035605,-0.002636,-0.000167,3.50E-05,,,,,,,,,,,,,,,,,,,,,,,High,High,High,High,Medium,,,
67,2026/9/12,34:03.7,1,1,"Sukegawa, Taishi",1000242144,Right,HOS_HOS,"Abe, Yota",1000547801,Left,WAS_EDA,Undefined,3,Top,0,0,0,Cutter,Cutter,StrikeCalled,Undefined,Undefined,Undefined,0,0,,139.04757,-0.422756,-1.319053,2681.154353,161.73268,11:30,1.438039,0.799577,1.90504,-66.8486,25.0474,-7.5056,0.650687,0.353682,129.76049,-5.31837,-1.852949,0.432915,,,,,,,,,,,,3.171,14.0187,-0.769278,15.24,1.424446,0.917033,-38.347551,-0.529999,0.622278,6.300988,-7.055646,HOS_HOS,WAS_EDA,JinguStadium,NPM,NPME,20260912-JinguStadium-2,90f70ec0-ae6b-11f1-af02-1b6488a193e9,140.11984,,,9.28708,,,,,,,4ed8090d-1fa5-46f2-9d4d-cb8573cd7fba,2026/9/12,34:03.7,2026-09-12T14:34:03.6800000+09:00,2026-09-12T05:34:03.6800000Z,,v3,,,,"Inoue, Kazuki",1000424351,Right,HOS_HOS,e436ccaf-c5d5-4a71-8bc3-ee072d02b83e,16.535266,-38.559792,3.150494,1.438296,-0.292338,-3.527823,-0.799814,0.896072,0.311139,,,,,,,,,,,,,,,,,,,,,,,,,,,,,,,,,,,,,,,,,,,,,,,,,,,High,High,High,,,,,
68,2026/9/12,34:14.8,1,2,"Sukegawa, Taishi",1000242144,Right,HOS_HOS,"Abe, Yota",1000547801,Left,WAS_EDA,Undefined,3,Top,0,0,1,Slider,Curveball,BallCalled,Undefined,Undefined,Undefined,0,0,,122.09755,0.82198,0.708848,2761.960953,76.60998,8:30,1.471864,0.749723,1.754011,-130.8644,-6.4394,-43.9965,0.396472,0.510887,111.8999,-8.627077,-2.397974,0.503742,,,,,,,,,,,,22.8908,-2.6202,-0.764424,15.24,1.483144,-0.220858,-33.589849,-0.012276,3.355786,6.336979,-10.19077,HOS_HOS,WAS_EDA,JinguStadium,NPM,NPME,20260912-JinguStadium-2,97a28420-ae6b-11f1-af02-1b6488a193e9,120.41874,,,10.19765,,,,,,,4ed8090d-1fa5-46f2-9d4d-cb8573cd7fba,2026/9/12,34:14.8,2026-09-12T14:34:14.8200000+09:00,2026-09-12T05:34:14.8200000Z,,v3,,,,"Inoue, Kazuki",1000424351,Right,HOS_HOS,80fe00cd-c47e-4dbc-9844-b85b45567c86,16.686217,-33.861589,3.16849,1.474301,0.424722,-5.095385,-0.751868,-0.36476,1.677893,,,,,,,,,,,,,,,,,,,,,,,,,,,,,,,,,,,,,,,,,,,,,,,,,,,High,High,High,,,,,
69,2026/9/12,34:27.4,1,3,"Sukegawa, Taishi",1000242144,Right,HOS_HOS,"Abe, Yota",1000547801,Left,WAS_EDA,Undefined,3,Top,0,1,1,Slider,Curveball,BallCalled,Undefined,Undefined,Undefined,0,0,,122.60602,0.85341,-0.387895,2758.785373,76.15202,8:30,1.470861,0.767586,1.770068,-130.2492,-7.43,-45.7099,0.410288,0.200538,112.75334,-8.54558,-3.61744,0.500481,,,,,,,,,,,,22.9864,-3.1699,-0.754653,15.24,1.482955,0.429781,-33.744596,0.011867,3.409762,6.250266,-10.276872,HOS_HOS,WAS_EDA,JinguStadium,NPM,NPME,20260912-JinguStadium-2,9f2ce7d0-ae6b-11f1-af02-1b6488a193e9,121.20337,,,9.85268,,,,,,,4ed8090d-1fa5-46f2-9d4d-cb8573cd7fba,2026/9/12,34:27.4,2026-09-12T14:34:27.4470000+09:00,2026-09-12T05:34:27.4470000Z,,v3,,,,"Inoue, Kazuki",1000424351,Right,HOS_HOS,cac878e9-5584-4ae1-881d-66ef02d8c137,16.670314,-34.008491,3.125133,1.473293,0.445771,-5.138436,-0.769759,0.285816,1.704881,,,,,,,,,,,,,,,,,,,,,,,,,,,,,,,,,,,,,,,,,,,,,,,,,,,High,High,High,,,,,
70,2026/9/12,34:42.2,1,4,"Sukegawa, Taishi",1000242144,Right,HOS_HOS,"Abe, Yota",1000547801,Left,WAS_EDA,Undefined,3,Top,0,2,1,Cutter,Slider,BallCalled,Undefined,Undefined,Undefined,0,0,,139.06156,-0.63556,-0.848889,2772.553037,162.298069,11:30,1.451898,0.786955,1.875907,-69.4079,22.542,-6.4809,0.57882,0.483083,130.16565,-5.696331,-1.309326,0.433042,,,,,,,,,,,,2.9118,12.7595,-0.766907,15.24,1.432821,0.597996,-38.362771,-0.689204,0.573462,6.097229,-7.293746,HOS_HOS,WAS_EDA,JinguStadium,NPM,NPME,20260912-JinguStadium-2,a7e9d810-ae6b-11f1-af02-1b6488a193e9,140.07869,,,8.89592,,,,,,,4ed8090d-1fa5-46f2-9d4d-cb8573cd7fba,2026/9/12,34:42.2,2026-09-12T14:34:42.2030000+09:00,2026-09-12T05:34:42.2030000Z,,v3,,,,"Inoue, Kazuki",1000424351,Right,HOS_HOS,fa702244-6628-4841-8d93-084ffcf4458a,16.564557,-38.572716,3.048615,1.452229,-0.438059,-3.646873,-0.787158,0.57825,0.286731,,,,,,,,,,,,,,,,,,,,,,,,,,,,,,,,,,,,,,,,,,,,,,,,,,,High,High,High,,,,,
71,2026/9/12,34:58.0,1,5,"Sukegawa, Taishi",1000242144,Right,HOS_HOS,"Abe, Yota",1000547801,Left,WAS_EDA,Undefined,3,Top,0,3,1,Cutter,Slider,StrikeSwinging,Undefined,Undefined,Undefined,0,0,,136.70507,-0.713183,-2.468054,2710.021183,153.595238,11:00,1.44212,0.789257,1.930076,-76.3585,18.4353,-7.9937,0.478182,0.016224,127.95893,-6.281445,-3.036987,0.439688,,,,,,,,,,,,2.8229,10.7641,-0.733982,15.24,1.421852,1.659162,-37.686276,-0.748237,0.535542,6.015383,-7.764553,HOS_HOS,WAS_EDA,JinguStadium,NPM,NPME,20260912-JinguStadium-2,b157efe0-ae6b-11f1-af02-1b6488a193e9,137.96144,,,8.74613,,,,,,,4ed8090d-1fa5-46f2-9d4d-cb8573cd7fba,2026/9/12,34:58.0,2026-09-12T14:34:58.0090000+09:00,2026-09-12T05:34:58.0090000Z,,v3,,,,"Inoue, Kazuki",1000424351,Right,HOS_HOS,98ba5516-4171-4c28-a3bb-e97531b79bc7,16.510449,-37.888519,3.007692,1.44262,-0.487186,-3.882276,-0.789462,1.641156,0.267771,,,,,,,,,,,,,,,,,,,,,,,,,,,,,,,,,,,,,,,,,,,,,,,,,,,High,High,High,,,,,
72,2026/9/12,35:12.8,1,6,"Sukegawa, Taishi",1000242144,Right,HOS_HOS,"Abe, Yota",1000547801,Left,WAS_EDA,Undefined,3,Top,0,3,2,Cutter,Slider,InPlay,Undefined,GroundBall,Out,1,0,,137.27631,0.097513,-2.625217,2829.842894,141.945724,10:45,1.484828,0.767242,1.907053,-74.7541,20.1582,-13.8113,0.764723,-0.109217,127.51514,-5.371369,-3.605972,0.439963,154.81047,-10.305092,23.092481,,,,,4.488921,3.844028,21.914516,0.095604,5.6426,11.1902,-0.707046,15.24,1.482562,1.795007,-37.816632,-0.21043,1.070132,6.579261,-7.684388,HOS_HOS,WAS_EDA,JinguStadium,NPM,NPME,20260912-JinguStadium-2,ba1f1950-ae6b-11f1-af02-1b6488a193e9,137.87532,0.736637,,9.76118,,,,0.437781,0.736637,0.08634,4ed8090d-1fa5-46f2-9d4d-cb8573cd7fba,2026/9/12,35:12.8,2026-09-12T14:35:12.7710000+09:00,2026-09-12T05:35:12.7710000Z,GroundBall,v3,,,,"Inoue, Kazuki",1000424351,Right,HOS_HOS,7420e3e8-7ae8-4126-9573-3e8415227612,16.533386,-38.040988,3.289631,1.48527,0.05161,-3.842194,-0.767634,1.758515,0.535066,180,0.43682,38.981599,,,,,,,,0.736827,-7.705125,,,,,,,,0.08593,16.621016,,,,,,,,,,,,,,,,,,,,,,,,,,,,,,High,High,High,Low,Low,,,
73,2026/9/12,35:43.7,2,1,"Sukegawa, Taishi",1000242144,Right,HOS_HOS,"Ouchi, Aoma",1000242767,Left,WAS_EDA,Undefined,3,Top,1,0,0,Cutter,Slider,FoulBallNotFieldable,Undefined,Undefined,Undefined,0,0,,135.7508,0.057017,-2.376345,2697.22748,136.467089,10:30,1.460117,0.818052,1.946851,-79.5128,16.3851,-13.3441,0.680988,0.017995,126.99574,-5.749552,-3.326845,0.442241,108.57113,51.419012,-113.503725,5086.436063,-18.042967,19.558434,-28.25901,54.30535,22.669765,-129.225766,3.764845,5.6966,9.2723,-0.765232,15.24,1.45688,1.61046,-37.43295,-0.248907,1.066099,5.944881,-8.071378,HOS_HOS,WAS_EDA,JinguStadium,NPM,NPME,20260912-JinguStadium-2,cc9c11f0-ae6b-11f1-af02-1b6488a193e9,137.16499,19.859111,,8.75506,,,,0.165104,0.652966,-0.011036,4ed8090d-1fa5-46f2-9d4d-cb8573cd7fba,2026/9/12,35:43.7,2026-09-12T14:35:43.7410000+09:00,2026-09-12T05:35:43.7410000Z,Popup,v3,,,,"Inoue, Kazuki",1000424351,Right,HOS_HOS,75758d70-3d33-49b7-9fa7-981987c3f861,16.493761,-37.631538,2.97244,1.460692,0.020716,-4.035689,-0.818435,1.574847,0.533049,31.393308,0.164962,-7.497046,-1.625284,0.575005,-0.14371,0.033841,-0.00404,-6.80E-05,3.90E-05,0.65299,23.572845,-8.388464,0.843878,-0.053422,-0.063038,0.032746,-0.00642,0.000457,-0.011561,-17.230576,1.292777,0.307436,-0.28395,0.163726,-0.048028,0.006876,-0.000388,,,,,,,,,,,,,,,,,,,,,,,High,High,High,High,Low,,,
74,2026/9/12,36:01.1,2,2,"Sukegawa, Taishi",1000242144,Right,HOS_HOS,"Ouchi, Aoma",1000242767,Left,WAS_EDA,Undefined,3,Top,1,0,1,Cutter,Slider,BallCalled,Undefined,Undefined,Undefined,0,0,,138.05329,-1.266824,-2.303976,2869.450764,153.112826,11:00,1.461489,0.814758,1.89692,-71.2431,22.416,-10.1415,0.392439,0.065042,128.83349,-6.462283,-3.024505,0.437049,,,,,,,,,,,,3.9601,13.1528,-0.761643,15.24,1.428274,1.575881,-38.038244,-1.106553,0.762753,6.380001,-7.273279,HOS_HOS,WAS_EDA,JinguStadium,NPM,NPME,20260912-JinguStadium-2,d6f68590-ae6b-11f1-af02-1b6488a193e9,138.79464,,,9.2198,,,,,,,4ed8090d-1fa5-46f2-9d4d-cb8573cd7fba,2026/9/12,36:01.1,2026-09-12T14:36:01.1210000+09:00,2026-09-12T05:36:01.1210000Z,,v3,,,,"Inoue, Kazuki",1000424351,Right,HOS_HOS,b5a27580-a237-42f9-8a5c-2a746cdd0616,16.543469,-38.256244,3.190001,1.461838,-0.858029,-3.63664,-0.815045,1.549818,0.381376,,,,,,,,,,,,,,,,,,,,,,,,,,,,,,,,,,,,,,,,,,,,,,,,,,,High,High,High,,,,,
75,2026/9/12,36:16.1,2,3,"Sukegawa, Taishi",1000242144,Right,HOS_HOS,"Ouchi, Aoma",1000242767,Left,WAS_EDA,Undefined,3,Top,1,1,1,Cutter,Cutter,InPlay,Undefined,LineDrive,Single,0,0,,138.86711,-0.87683,-2.534066,2790.458422,165.931189,11:30,1.454569,0.798842,1.932547,-61.7781,30.3256,-7.0074,0.590481,0.017219,129.44132,-5.417097,-3.032639,0.433404,138.42717,16.383105,-25.198728,3800.922528,28.999205,6.696162,-16.827606,72.316283,71.942275,-35.719467,2.503377,2.2191,17.1008,-0.742264,15.24,1.431541,1.724608,-38.266881,-0.805458,0.43285,6.410822,-6.471045,HOS_HOS,WAS_EDA,JinguStadium,NPM,NPME,20260912-JinguStadium-2,dfe3ad90-ae6b-11f1-af02-1b6488a193e9,139.9617,6.815641,,9.42579,,,,0.098863,0.565773,-0.001339,4ed8090d-1fa5-46f2-9d4d-cb8573cd7fba,2026/9/12,36:16.1,2026-09-12T14:36:16.0990000+09:00,2026-09-12T05:36:16.0990000Z,LineDrive,v3,,,,"Inoue, Kazuki",1000424351,Right,HOS_HOS,e09c0bd7-4fa5-4cdd-8703-5c94bda241e6,16.507804,-38.478689,3.205411,1.454621,-0.59166,-3.235523,-0.799007,1.710307,0.216425,114.367391,0.098859,33.380598,-5.887836,1.164779,-0.224986,0.033956,-0.004252,0.000393,-1.50E-05,0.565777,10.845228,-4.979518,0.252846,-0.01711,0.00176,-0.00011,0.000141,-2.40E-05,-0.001346,-15.705655,-1.280567,0.617612,-0.186026,0.040467,-0.006344,0.00057,-1.80E-05,,,,,,,,,,,,,,,,,,,,,,,High,High,High,High,High,,,
76,2026/9/12,37:06.1,3,1,"Sukegawa, Taishi",1000242144,Right,HOS_HOS,"Izakura, Yuto",1000242781,Left,WAS_EDA,Undefined,3,Top,1,0,0,Slider,Curveball,BallCalled,Undefined,Undefined,Undefined,0,0,,124.82438,0.289776,-0.07436,2737.981574,96.501265,9:15,1.457987,0.794233,1.88472,-107.6365,8.5196,-44.3164,0.463178,0.33014,115.17098,-7.554942,-3.226675,0.486716,,,,,,,,,,,,22.8766,5.3215,-0.789939,15.24,1.458155,0.231884,-34.388763,-0.204813,3.544678,6.153757,-8.982101,HOS_HOS,WAS_EDA,JinguStadium,NPM,NPME,20260912-JinguStadium-2,fdbad690-ae6b-11f1-af02-1b6488a193e9,124.63119,,,9.6534,,,,,,,4ed8090d-1fa5-46f2-9d4d-cb8573cd7fba,2026/9/12,37:06.1,2026-09-12T14:37:06.1070000+09:00,2026-09-12T05:37:06.1070000Z,,v3,,,,"Inoue, Kazuki",1000424351,Right,HOS_HOS,ff4c816a-3f8e-4b2f-b7c3-0a440999bc0c,16.555508,-34.623369,3.076878,1.459436,0.13762,-4.49105,-0.796204,0.096747,1.772339,,,,,,,,,,,,,,,,,,,,,,,,,,,,,,,,,,,,,,,,,,,,,,,,,,,High,High,High,,,,,
77,2026/9/12,37:24.8,3,2,"Sukegawa, Taishi",1000242144,Right,HOS_HOS,"Izakura, Yuto",1000242781,Left,WAS_EDA,Undefined,3,Top,1,1,0,Cutter,Cutter,FoulBallNotFieldable,Undefined,Undefined,Undefined,0,0,,138.69703,-0.057699,-1.800442,2783.168797,153.818882,11:15,1.4533,0.797753,1.890242,-63.215,30.0634,-13.5252,0.804908,0.155783,128.40069,-4.711719,-2.760811,0.436159,120.39381,56.108377,-82.030843,2781.26372,,,,,4.909553,,,5.924,16.4419,-0.755708,15.24,1.448108,1.263072,-38.213359,-0.267882,1.144943,6.862809,-6.628883,HOS_HOS,WAS_EDA,JinguStadium,NPM,NPME,20260912-JinguStadium-2,08d58cf0-ae6c-11f1-af02-1b6488a193e9,139.07758,7.48103,,10.29634,,,,0.042796,0.796881,-0.154586,4ed8090d-1fa5-46f2-9d4d-cb8573cd7fba,2026/9/12,37:24.8,2026-09-12T14:37:24.8030000+09:00,2026-09-12T05:37:24.8030000Z,,v3,,,,"Inoue, Kazuki",1000424351,Right,HOS_HOS,6bbc7585-0a94-4980-9e92-2c89e7bd8872,16.549874,-38.447882,3.431405,1.453392,-0.041353,-3.314441,-0.798202,1.223946,0.572472,145.23258,0.043854,2.531433,-3.275047,,,,,,,0.797735,27.71726,-8.252015,,,,,,,-0.154651,-18.465255,1.413254,,,,,,,,,,,,,,,,,,,,,,,,,,,,,High,High,High,Medium,Undefined,,,
78,2026/9/12,37:49.9,3,3,"Sukegawa, Taishi",1000242144,Right,HOS_HOS,"Izakura, Yuto",1000242781,Left,WAS_EDA,Undefined,3,Top,1,1,1,Cutter,Cutter,BallCalled,Undefined,Undefined,Undefined,0,0,,142.08871,-1.908284,-3.375116,2850.993595,174.620355,11:45,1.452885,0.836372,1.954186,-56.5537,31.6889,-2.7597,0.351458,-0.138137,132.07125,-6.07308,-3.571488,0.424223,,,,,,,,,,,,-0.5788,18.4978,-0.76263,15.24,1.408066,2.318296,-39.097972,-1.504426,-0.117424,6.97023,-6.053679,HOS_HOS,WAS_EDA,JinguStadium,NPM,NPME,20260912-JinguStadium-2,17cd5670-ae6c-11f1-af02-1b6488a193e9,142.99097,,,10.01746,,,,,,,4ed8090d-1fa5-46f2-9d4d-cb8573cd7fba,2026/9/12,37:49.9,2026-09-12T14:37:49.9360000+09:00,2026-09-12T05:37:49.9360000Z,,v3,,,,"Inoue, Kazuki",1000424351,Right,HOS_HOS,9c4c5d36-813b-4b80-921f-b320f5d6941c,16.485986,-39.319474,3.485115,1.452817,-1.31205,-3.02684,-0.836361,2.322027,-0.058712,,,,,,,,,,,,,,,,,,,,,,,,,,,,,,,,,,,,,,,,,,,,,,,,,,,High,High,High,,,,,
79,2026/9/12,38:49.0,3,4,"Sukegawa, Taishi",1000242144,Right,HOS_HOS,"Izakura, Yuto",1000242781,Left,WAS_EDA,Undefined,3,Top,1,2,1,Slider,Slider,BallCalled,Undefined,Undefined,Undefined,0,0,,124.76693,0.325073,-1.262527,2802.382525,73.514025,8:30,1.466266,0.762408,1.862348,-127.935,-10.6459,-48.1955,0.278556,-0.075429,114.97655,-8.933807,-4.68585,0.489084,,,,,,,,,,,,24.0328,-4.6894,-0.729896,15.24,1.465878,0.960819,-34.35681,-0.270695,3.69174,6.538421,-10.527006,HOS_HOS,WAS_EDA,JinguStadium,NPM,NPME,20260912-JinguStadium-2,3b03c5c0-ae6c-11f1-af02-1b6488a193e9,124.02777,,,9.79038,,,,,,,4ed8090d-1fa5-46f2-9d4d-cb8573cd7fba,2026/9/12,38:49.0,2026-09-12T14:38:48.9710000+09:00,2026-09-12T05:38:48.9710000Z,,v3,,,,"Inoue, Kazuki",1000424351,Right,HOS_HOS,6824f685-3b50-44b4-aeff-c6be7947db74,16.578366,-34.610576,3.269211,1.468456,0.137875,-5.263503,-0.764407,0.817537,1.84587,,,,,,,,,,,,,,,,,,,,,,,,,,,,,,,,,,,,,,,,,,,,,,,,,,,High,High,High,,,,,
80,2026/9/12,39:09.2,3,5,"Sukegawa, Taishi",1000242144,Right,HOS_HOS,"Izakura, Yuto",1000242781,Left,WAS_EDA,Undefined,3,Top,1,3,1,Cutter,Cutter,FoulBallNotFieldable,Undefined,Undefined,Undefined,0,0,,140.04458,-0.268462,-1.6529,2776.155143,170.226543,11:45,1.443176,0.765361,1.949941,-59.2559,31.1004,-4.9527,0.775334,0.252387,130.21187,-4.644071,-2.006006,0.429273,118.03779,23.33589,-153.521433,2809.754754,-30.715984,6.183449,-13.440648,52.095357,21.858909,-158.573541,2.052944,1.6329,17.1805,-0.728963,15.24,1.433961,1.136399,-38.614023,-0.388996,0.323897,6.625501,-6.398847,HOS_HOS,WAS_EDA,JinguStadium,NPM,NPME,20260912-JinguStadium-2,470ab0e0-ae6c-11f1-af02-1b6488a193e9,141.30861,6.603894,,9.83271,,,,-0.158411,0.705836,-0.230982,4ed8090d-1fa5-46f2-9d4d-cb8573cd7fba,2026/9/12,39:09.2,2026-09-12T14:39:09.1570000+09:00,2026-09-12T05:39:09.1570000Z,LineDrive,v3,,,,"Inoue, Kazuki",1000424351,Right,HOS_HOS,09493b6c-8e69-4bdb-b50e-ccef167b69cb,16.490295,-38.827959,3.312751,1.443185,-0.182378,-3.199424,-0.765488,1.125941,0.161948,38.134007,-0.158396,-26.949172,1.42894,0.091773,0.093067,-0.125379,0.081168,-0.026047,0.003228,0.705838,12.98799,-7.830713,0.847074,-0.142662,0.028428,-0.003211,0.000648,-0.000181,-0.230967,-13.42441,2.288631,-0.219284,0.166788,-0.149205,0.090543,-0.028692,0.003555,,,,,,,,,,,,,,,,,,,,,,,High,High,High,High,Low,,,
81,2026/9/12,39:32.4,3,6,"Sukegawa, Taishi",1000242144,Right,HOS_HOS,"Izakura, Yuto",1000242781,Left,WAS_EDA,Undefined,3,Top,1,3,2,Cutter,Cutter,FoulBallNotFieldable,Undefined,Undefined,Undefined,0,0,,139.52895,0.112457,-1.811436,2806.284687,175.862142,11:45,1.444347,0.809799,1.892261,-63.8429,28.3554,-1.8666,0.83757,0.281381,129.00596,-4.58954,-1.944018,0.433627,120.28392,30.141588,-134.396167,3710.681181,-25.345358,10.690192,-21.948447,60.722365,32.571886,-143.490021,2.685862,-0.1592,15.4499,-0.768265,15.24,1.443032,1.224316,-38.437049,-0.158621,-0.031128,6.965921,-6.786468,HOS_HOS,WAS_EDA,JinguStadium,NPM,NPME,20260912-JinguStadium-2,54e06890-ae6c-11f1-af02-1b6488a193e9,139.88984,10.694763,,10.52299,,,,-0.285064,0.773714,-0.265451,4ed8090d-1fa5-46f2-9d4d-cb8573cd7fba,2026/9/12,39:32.4,2026-09-12T14:39:32.3610000+09:00,2026-09-12T05:39:32.3610000Z,FlyBall,v3,,,,"Inoue, Kazuki",1000424351,Right,HOS_HOS,81979d63-bfe6-4708-8556-f58d0d1b7edf,16.547629,-38.673304,3.48296,1.444509,0.071547,-3.393234,-0.809806,1.225372,-0.015564,47.425923,-0.28506,-20.21546,0.217822,0.275412,-0.015147,-0.030928,0.02555,-0.007841,0.000846,0.773734,16.776497,-7.93313,0.834764,-0.12457,-0.006777,0.015755,-0.004224,0.000367,-0.26546,-20.645652,3.249528,-0.360127,0.121993,-0.065651,0.035881,-0.010626,0.001179,,,,,,,,,,,,,,,,,,,,,,,High,High,High,High,Medium,,,
82,2026/9/12,39:58.7,3,7,"Sukegawa, Taishi",1000242144,Right,HOS_HOS,"Izakura, Yuto",1000242781,Left,WAS_EDA,Undefined,3,Top,1,3,2,Cutter,Cutter,InPlay,Undefined,FlyBall,Out,1,0,,139.42842,0.504866,-3.062114,2726.246229,160.599518,11:15,1.451921,0.778292,1.953982,-62.8414,29.3487,-9.402,0.965195,-0.174661,128.37635,-4.149267,-3.730938,0.433607,120.69768,25.479512,27.541875,1918.780202,28.969525,11.811838,16.878699,76.001446,73.921821,32.778367,3.391054,2.9158,15.8291,-0.711021,15.24,1.459444,2.09463,-38.372183,0.119821,0.565077,7.331145,-6.739019,HOS_HOS,WAS_EDA,JinguStadium,NPM,NPME,20260912-JinguStadium-2,64940800-ae6c-11f1-af02-1b6488a193e9,139.89611,12.276765,,11.05207,,,,0.23084,0.951477,0.187911,4ed8090d-1fa5-46f2-9d4d-cb8573cd7fba,2026/9/12,39:58.7,2026-09-12T14:39:58.7290000+09:00,2026-09-12T05:39:58.7290000Z,FlyBall,v3,,,,"Inoue, Kazuki",1000424351,Right,HOS_HOS,1f6e0f47-c3d8-4d6f-ab6b-de3706cc0ebb,16.486072,-38.609515,3.665572,1.452033,0.337985,-3.369509,-0.778535,2.076337,0.282539,210.770032,0.230732,26.840581,-4.494721,1.109918,-0.260069,0.068151,-0.018104,0.003237,-0.000244,0.951637,14.416819,-4.782937,0.074787,0.076382,-0.05039,0.01766,-0.003002,0.000192,0.187904,13.9951,-0.852746,0.114706,-0.019719,0.010148,-0.004187,0.000861,-6.70E-05,,,,,,,,,,,,,,,,,,,,,,,High,High,High,High,High,,,
83,2026/9/12,40:39.9,4,1,"Sukegawa, Taishi",1000242144,Right,HOS_HOS,"Yamane, Juntaro",1000242780,Right,WAS_EDA,Undefined,3,Top,2,0,0,Cutter,Cutter,BallCalled,Undefined,Undefined,Undefined,0,0,,137.89505,1.397069,-3.221246,2747.385409,168.851393,11:45,1.453053,0.787068,1.887046,-65.3404,29.8771,-5.3436,1.193491,-0.173797,126.66375,-3.428057,-3.599603,0.440669,,,,,,,,,,,,0.628,15.4133,-0.712746,15.24,1.481187,2.158698,-37.911393,0.690971,0.118781,7.163408,-6.891202,HOS_HOS,WAS_EDA,JinguStadium,NPM,NPME,20260912-JinguStadium-2,7d260260-ae6c-11f1-af02-1b6488a193e9,137.65424,,,11.2313,,,,,,,4ed8090d-1fa5-46f2-9d4d-cb8573cd7fba,2026/9/12,40:39.9,2026-09-12T14:40:39.9440000+09:00,2026-09-12T05:40:39.9440000Z,,v3,,,,"Inoue, Kazuki",1000424351,Right,HOS_HOS,75294aa6-03fe-4bba-a393-b3ecd6f0631c,16.552497,-38.158585,3.581704,1.45324,0.92877,-3.445601,-0.787167,2.154599,0.05939,,,,,,,,,,,,,,,,,,,,,,,,,,,,,,,,,,,,,,,,,,,,,,,,,,,High,High,High,,,,,
84,2026/9/12,40:56.5,4,2,"Sukegawa, Taishi",1000242144,Right,HOS_HOS,"Yamane, Juntaro",1000242780,Right,WAS_EDA,Undefined,3,Top,2,1,0,Cutter,Slider,FoulBallNotFieldable,Undefined,Undefined,Undefined,0,0,,138.03799,-0.287993,-3.410334,2755.720261,184.376411,12:15,1.461433,0.795973,1.955535,-68.3383,24.924,1.7202,0.697208,-0.143561,128.32867,-5.309789,-3.287975,0.436122,114.5617,44.615659,142.598079,4725.644239,-29.241868,18.476295,16.402324,67.19124,23.290187,154.63356,3.633869,-2.9205,13.9871,-0.721778,15.24,1.45135,2.257557,-38.009522,-0.433142,-0.5607,6.496677,-7.121294,HOS_HOS,WAS_EDA,JinguStadium,NPM,NPME,20260912-JinguStadium-2,870308a0-ae6c-11f1-af02-1b6488a193e9,139.08964,18.481892,,9.70932,,,,0.299405,0.680768,0.145867,4ed8090d-1fa5-46f2-9d4d-cb8573cd7fba,2026/9/12,40:56.5,2026-09-12T14:40:56.4690000+09:00,2026-09-12T05:40:56.4690000Z,Popup,v3,,,,"Inoue, Kazuki",1000424351,Right,HOS_HOS,1ef4043c-c22b-405f-b909-fdd7cf42f0c3,16.484803,-38.221694,3.248338,1.461698,-0.20057,-3.560647,-0.795806,2.275869,-0.28035,311.389734,0.298812,-17.977177,-0.139536,0.563879,-0.404943,0.202099,-0.063384,0.010798,-0.000748,0.681492,22.328367,-8.075745,0.629834,0.189937,-0.193012,0.070048,-0.012489,0.000887,0.145502,13.768458,-3.972061,1.346204,-0.361135,0.071579,-0.003494,-0.002349,0.000388,,,,,,,,,,,,,,,,,,,,,,,High,High,High,High,Low,,,
85,2026/9/12,41:21.5,4,3,"Sukegawa, Taishi",1000242144,Right,HOS_HOS,"Yamane, Juntaro",1000242780,Right,WAS_EDA,Undefined,3,Top,2,1,1,Cutter,Slider,BallCalled,Undefined,Undefined,Undefined,0,0,,141.26232,-0.635709,-4.33323,2943.408257,181.31378,12:00,1.452516,0.770297,1.895787,-61.7481,27.6853,0.5844,0.655721,-0.444916,132.00706,-5.148471,-4.291897,0.427075,,,,,,,,,,,,-2.6673,15.46,-0.671346,15.24,1.434203,2.941926,-38.860795,-0.66257,-0.538727,6.299461,-6.684082,HOS_HOS,WAS_EDA,JinguStadium,NPM,NPME,20260912-JinguStadium-2,95ebb6f0-ae6c-11f1-af02-1b6488a193e9,142.03581,,,9.25525,,,,,,,4ed8090d-1fa5-46f2-9d4d-cb8573cd7fba,2026/9/12,41:21.5,2026-09-12T14:41:21.4810000+09:00,2026-09-12T05:41:21.4810000Z,,v3,,,,"Inoue, Kazuki",1000424351,Right,HOS_HOS,6c73c484-ad0c-48ff-af96-ab7137b6b0dc,16.544527,-39.071691,3.14973,1.452639,-0.438797,-3.342041,-0.770138,2.959962,-0.269364,,,,,,,,,,,,,,,,,,,,,,,,,,,,,,,,,,,,,,,,,,,,,,,,,,,High,High,High,,,,,
86,2026/9/12,41:38.6,4,4,"Sukegawa, Taishi",1000242144,Right,HOS_HOS,"Yamane, Juntaro",1000242780,Right,WAS_EDA,Undefined,3,Top,2,2,1,Slider,Curveball,BallCalled,Undefined,Undefined,Undefined,0,0,,126.46894,-0.751782,-1.995274,2778.608049,64.263417,8:15,1.462952,0.779734,1.883529,-135.0517,-20.4034,-49.9628,-0.099306,-0.281722,116.43396,-10.4871,-5.550855,0.483547,,,,,,,,,,,,24.7112,-9.3293,-0.730653,15.24,1.437306,1.416943,-34.805724,-0.945262,3.866246,7.16168,-11.26629,HOS_HOS,WAS_EDA,JinguStadium,NPM,NPME,20260912-JinguStadium-2,a01b4a00-ae6c-11f1-af02-1b6488a193e9,125.44805,,,10.03497,,,,,,,4ed8090d-1fa5-46f2-9d4d-cb8573cd7fba,2026/9/12,41:38.6,2026-09-12T14:41:38.6170000+09:00,2026-09-12T05:41:38.6170000Z,,v3,,,,"Inoue, Kazuki",1000424351,Right,HOS_HOS,bbd0b979-2be2-45a7-b158-eaed806e6765,16.557588,-35.075785,3.58084,1.464941,-0.520419,-5.633145,-0.781336,1.27115,1.933123,,,,,,,,,,,,,,,,,,,,,,,,,,,,,,,,,,,,,,,,,,,,,,,,,,,High,High,High,,,,,
87,2026/9/12,42:08.7,4,5,"Sukegawa, Taishi",1000242144,Right,HOS_HOS,"Yamane, Juntaro",1000242780,Right,WAS_EDA,Undefined,3,Top,2,3,1,Cutter,Slider,StrikeSwinging,Undefined,Undefined,Undefined,0,0,,140.33733,0.154387,-2.097379,2772.899894,149.25487,11:00,1.43876,0.781119,1.936176,-67.4486,23.9615,-12.6215,0.807615,0.066228,128.83341,-4.828518,-2.995861,0.431769,,,,,,,,,,,,5.1245,13.2434,-0.734094,15.24,1.438371,1.473504,-38.631493,-0.140634,1.002927,7.700334,-7.214752,HOS_HOS,WAS_EDA,JinguStadium,NPM,NPME,20260912-JinguStadium-2,b20418f0-ae6c-11f1-af02-1b6488a193e9,140.49168,,,11.50392,,,,,,,4ed8090d-1fa5-46f2-9d4d-cb8573cd7fba,2026/9/12,42:08.7,2026-09-12T14:42:08.6700000+09:00,2026-09-12T05:42:08.6700000Z,,v3,,,,"Inoue, Kazuki",1000424351,Right,HOS_HOS,1d6c8a16-27ec-400b-b808-22548ec642eb,16.503443,-38.882517,3.850167,1.439122,0.094561,-3.607376,-0.781596,1.44081,0.501464,,,,,,,,,,,,,,,,,,,,,,,,,,,,,,,,,,,,,,,,,,,,,,,,,,,High,High,High,,,,,
88,2026/9/12,42:30.1,4,6,"Sukegawa, Taishi",1000242144,Right,HOS_HOS,"Yamane, Juntaro",1000242780,Right,WAS_EDA,Undefined,3,Top,2,3,2,Cutter,Slider,FoulBallNotFieldable,Undefined,Undefined,Undefined,0,0,,140.4111,0.100184,-2.783365,2812.446091,142.340033,10:45,1.484066,0.772241,1.930969,-65.1698,25.8793,-17.9773,0.860516,-0.189264,129.53886,-4.703971,-4.061016,0.430916,117.66323,46.401088,133.453111,4626.81577,-26.251664,20.464201,20.856075,62.973176,31.38078,146.61851,3.80549,7.5909,14.2281,-0.709442,15.24,1.482549,1.960858,-38.653711,-0.167785,1.493992,7.378297,-7.00637,HOS_HOS,WAS_EDA,JinguStadium,NPM,NPME,20260912-JinguStadium-2,bed1d680-ae6c-11f1-af02-1b6488a193e9,140.76992,20.496186,,10.87224,,,,0.164969,0.831522,0.207531,4ed8090d-1fa5-46f2-9d4d-cb8573cd7fba,2026/9/12,42:30.1,2026-09-12T14:42:30.1240000+09:00,2026-09-12T05:42:30.1240000Z,FlyBall,v3,,,,"Inoue, Kazuki",1000424351,Right,HOS_HOS,161415d4-9022-4832-b9e2-b93101e1b40e,16.509144,-38.895213,3.689148,1.484288,0.061543,-3.503185,-0.772824,1.911958,0.746996,316.929867,0.165158,-15.506933,-0.548299,0.466245,-0.019038,-0.066041,0.030098,-0.005242,0.000327,0.831513,23.670346,-8.425556,1.029759,-0.214408,0.049086,-0.013674,0.002674,-0.00021,0.20763,16.36112,-3.503669,0.795382,-0.177989,0.052639,-0.020279,0.00455,-0.000377,,,,,,,,,,,,,,,,,,,,,,,High,High,High,High,Medium,,,
89,2026/9/12,42:53.2,4,7,"Sukegawa, Taishi",1000242144,Right,HOS_HOS,"Yamane, Juntaro",1000242780,Right,WAS_EDA,Undefined,3,Top,2,3,2,Cutter,Slider,InPlay,Undefined,GroundBall,Out,1,0,,138.96484,-1.13779,-2.952252,2787.761912,148.125372,11:00,1.470459,0.778682,1.944646,-70.9089,21.3169,-11.7334,0.441869,-0.167194,129.33784,-6.326199,-3.787316,0.433692,89.03062,-37.229844,18.938877,,,,,1.241649,1.241649,16.491023,0.030777,4.4061,12.5724,-0.713175,15.24,1.441432,2.024874,-38.273193,-1.017638,0.856142,6.720891,-7.363718,HOS_HOS,WAS_EDA,JinguStadium,NPM,NPME,20260912-JinguStadium-2,cc960200-ae6c-11f1-af02-1b6488a193e9,139.86897,0.462151,,9.627,,,,0.615294,0.462151,0.155063,4ed8090d-1fa5-46f2-9d4d-cb8573cd7fba,2026/9/12,42:53.2,2026-09-12T14:42:53.2450000+09:00,2026-09-12T05:42:53.2450000Z,GroundBall,v3,,,,"Inoue, Kazuki",1000424351,Right,HOS_HOS,7049427d-fe7f-4e8e-8b69-af394dbf8335,16.495906,-38.493102,3.360446,1.470788,-0.776696,-3.681859,-0.778971,1.99686,0.428071,,0.614963,18.691699,,,,,,,,0.462417,-15.01601,,,,,,,,0.154949,6.413772,,,,,,,,,,,,,,,,,,,,,,,,,,,,,,High,High,High,Estimated,Estimated,,,
90,2026/9/12,44:49.7,1,1,"Takahashi, Koki",1000326144,Right,WAS_EDA,"Okumura, Ryota",1000419474,Left,HOS_HOS,Undefined,3,Bottom,0,0,0,OneSeam,Changeup,BallCalled,Undefined,Undefined,Undefined,0,0,,140.6123,-3.341687,-3.698563,1644.395688,206.047929,12:45,1.606914,0.73864,1.879994,-38.8406,52.9352,24.5124,0.274698,-0.058931,129.57738,-6.260712,-1.962736,0.432632,,,,,,,,,,,,-15.1244,30.4676,-0.65467,15.24,1.527127,2.380453,-38.600626,-2.379502,-2.97191,7.273294,-3.819831,HOS_HOS,WAS_EDA,JinguStadium,NPM,NPME,20260912-JinguStadium-2,11ffa170-ae6d-11f1-af02-1b6488a193e9,140.21151,,,11.03493,,,,,,,4ed8090d-1fa5-46f2-9d4d-cb8573cd7fba,2026/9/12,44:49.7,2026-09-12T14:44:49.6950000+09:00,2026-09-12T05:44:49.6950000Z,,v3,,,,"Ogata, Mikito",1000326132,Right,WAS_EDA,408e9d18-cd49-46bf-a035-f40bbacd63c8,16.560064,-38.848562,3.636647,1.606021,-2.24929,-1.909916,-0.737543,2.481761,-1.485955,,,,,,,,,,,,,,,,,,,,,,,,,,,,,,,,,,,,,,,,,,,,,,,,,,,High,High,High,,,,,
91,2026/9/12,45:03.7,1,2,"Takahashi, Koki",1000326144,Right,WAS_EDA,"Okumura, Ryota",1000419474,Left,HOS_HOS,Undefined,3,Bottom,0,1,0,Cutter,Slider,StrikeSwinging,Undefined,Undefined,Undefined,0,0,,135.16781,-1.663572,-3.160934,2367.200888,217.329615,1:15,1.610273,0.786712,1.960109,-85.6621,12.019,7.0942,0.286795,-0.028715,125.63603,-7.910088,-2.654927,0.446334,,,,,,,,,,,,-5.7078,8.1811,-0.71849,15.24,1.569485,2.023955,-37.201634,-1.390068,-1.044493,6.572732,-8.309573,HOS_HOS,WAS_EDA,JinguStadium,NPM,NPME,20260912-JinguStadium-2,1a5878b0-ae6d-11f1-af02-1b6488a193e9,135.90715,,,9.53178,,,,,,,4ed8090d-1fa5-46f2-9d4d-cb8573cd7fba,2026/9/12,45:03.7,2026-09-12T14:45:03.6750000+09:00,2026-09-12T05:45:03.6750000Z,,v3,,,,"Ogata, Mikito",1000326132,Right,WAS_EDA,02264dfc-15c9-4063-a8d8-f070800e8ca5,16.480172,-37.420105,3.286366,1.611099,-1.113867,-4.154786,-0.786341,2.058673,-0.522246,,,,,,,,,,,,,,,,,,,,,,,,,,,,,,,,,,,,,,,,,,,,,,,,,,,High,High,High,,,,,
92,2026/9/12,45:19.2,1,3,"Takahashi, Koki",1000326144,Right,WAS_EDA,"Okumura, Ryota",1000419474,Left,HOS_HOS,Undefined,3,Bottom,0,1,1,Curveball,Curveball,FoulBallNotFieldable,Undefined,Undefined,Undefined,0,0,,117.19233,1.901865,-0.884767,2718.776544,58.112367,8:00,1.552601,0.785531,1.823358,-158.7912,-24.679,-46.5466,0.502258,0.070085,107.66579,-9.564562,-4.183985,0.522984,,,,,,,,,,,,23.4139,-13.1259,-0.761074,15.24,1.587764,0.68487,-32.25287,0.513598,3.157098,5.964567,-11.57652,HOS_HOS,WAS_EDA,JinguStadium,NPM,NPME,20260912-JinguStadium-2,239dd2d0-ae6d-11f1-af02-1b6488a193e9,115.98818,,,9.52654,,,,,,,4ed8090d-1fa5-46f2-9d4d-cb8573cd7fba,2026/9/12,45:19.2,2026-09-12T14:45:19.1900000+09:00,2026-09-12T05:45:19.1900000Z,,v3,,,,"Ogata, Mikito",1000326132,Right,WAS_EDA,f1181cc4-5273-432c-b2f3-115ebfe59dd2,16.617819,-32.506673,2.982283,1.555429,1.0062,-5.78826,-0.787358,0.550529,1.578549,,,,,,,,,,,,,,,,,,,,,,,,,,,,,,,,,,,,,,,,,,,,,,,,,,,High,High,High,,,,,
93,2026/9/12,45:39.3,1,4,"Takahashi, Koki",1000326144,Right,WAS_EDA,"Okumura, Ryota",1000419474,Left,HOS_HOS,Undefined,3,Bottom,0,1,2,Fastball,Four-Seam,InPlay,Undefined,GroundBall,Out,1,0,,148.61243,-1.510733,-3.799862,2539.36906,217.297962,1:15,1.646278,0.745833,2.001081,-34.656,47.2312,33.8454,0.87657,0.020993,134.69855,-4.1777,-1.385078,0.408661,146.01667,-17.042872,13.922693,,,,,2.836907,2.836907,14.149855,0.074338,-20.602,26.7385,-0.667591,15.24,1.612649,2.546404,-40.815192,-1.175122,-4.455266,9.430844,-4.024328,HOS_HOS,WAS_EDA,JinguStadium,NPM,NPME,20260912-JinguStadium-2,2f975070-ae6d-11f1-af02-1b6488a193e9,148.43611,0.885795,,13.91388,,,,-0.053844,0.885795,-0.00176,4ed8090d-1fa5-46f2-9d4d-cb8573cd7fba,2026/9/12,45:39.3,2026-09-12T14:45:39.3570000+09:00,2026-09-12T05:45:39.3570000Z,GroundBall,v3,,,,"Ogata, Mikito",1000326132,Right,WAS_EDA,7e54c032-c3a2-4dd1-b93e-74d7d01c376b,16.438358,-41.091155,4.715422,1.645312,-1.057363,-2.012164,-0.744011,2.676772,-2.227633,180,-0.054909,37.728775,,,,,,,,0.886131,-11.915792,,,,,,,,-0.002024,9.352788,,,,,,,,,,,,,,,,,,,,,,,,,,,,,,High,High,High,High,High,,,
94,2026/9/12,46:06.3,2,1,"Takahashi, Koki",1000326144,Right,WAS_EDA,"Sakai, Ryoya",1000323740,Left,HOS_HOS,Undefined,3,Bottom,1,0,0,Fastball,Four-Seam,FoulBallNotFieldable,Undefined,Undefined,Undefined,0,0,,149.71022,-2.21912,-4.288302,2601.09306,216.544759,1:15,1.634664,0.7189,1.979781,-31.2638,49.501,34.6901,0.699093,-0.13625,136.16594,-4.630186,-1.81903,0.40585,114.26619,20.78913,-161.222875,2195.203021,-32.156802,4.660458,-9.490323,48.18762,20.691169,-164.342985,1.872442,-21.2871,28.3384,-0.628922,15.24,1.585408,2.911361,-41.088085,-1.681701,-4.68368,9.229183,-3.57149,HOS_HOS,WAS_EDA,JinguStadium,NPM,NPME,20260912-JinguStadium-2,3fa34910-ae6d-11f1-af02-1b6488a193e9,149.46398,5.451042,,13.54428,,,,0.126947,0.689977,0.146831,4ed8090d-1fa5-46f2-9d4d-cb8573cd7fba,2026/9/12,46:06.3,2026-09-12T14:46:06.2650000+09:00,2026-09-12T05:46:06.2650000Z,LineDrive,v3,,,,"Ogata, Mikito",1000326132,Right,WAS_EDA,7d30e11d-e77f-4fa7-9912-9fa4bb27ef9d,16.459931,-41.361198,4.614592,1.63361,-1.576012,-1.785745,-0.717127,3.049962,-2.34184,37.42281,0.126947,-28.094755,2.029073,-0.214688,0.032321,-0.001694,0.00047,-3.40E-05,-8.00E-06,0.689977,11.26568,-7.200616,0.738762,-0.156108,0.030228,-0.005201,0.000876,-7.90E-05,0.146831,-9.55172,1.835663,-0.374689,0.082371,-0.015255,0.003008,-0.000482,3.40E-05,,,,,,,,,,,,,,,,,,,,,,,High,High,High,High,Low,,,
95,2026/9/12,46:25.7,2,2,"Takahashi, Koki",1000326144,Right,WAS_EDA,"Sakai, Ryoya",1000323740,Left,HOS_HOS,Undefined,3,Bottom,1,0,1,Fastball,Four-Seam,StrikeCalled,Undefined,Undefined,Undefined,0,0,,149.34691,-1.89566,-3.13584,2590.919826,225.57577,1:30,1.612457,0.754217,1.992683,-40.491,39.8341,38.089,0.676607,0.257573,136.79349,-4.952364,-0.415629,0.404744,,,,,,,,,,,,-22.0753,22.9528,-0.689714,15.24,1.570179,2.065571,-41.074498,-1.491632,-4.883729,8.712039,-4.728792,HOS_HOS,WAS_EDA,JinguStadium,NPM,NPME,20260912-JinguStadium-2,4b2fd410-ae6d-11f1-af02-1b6488a193e9,149.87252,,,12.55343,,,,,,,4ed8090d-1fa5-46f2-9d4d-cb8573cd7fba,2026/9/12,46:25.7,2026-09-12T14:46:25.6720000+09:00,2026-09-12T05:46:25.6720000Z,,v3,,,,"Ogata, Mikito",1000326132,Right,WAS_EDA,0c260083-7378-418b-834f-90e67413b359,16.447182,-41.329753,4.35602,1.611852,-1.353083,-2.364396,-0.752329,2.208659,-2.441864,,,,,,,,,,,,,,,,,,,,,,,,,,,,,,,,,,,,,,,,,,,,,,,,,,,High,High,High,,,,,
96,2026/9/12,46:41.1,2,3,"Takahashi, Koki",1000326144,Right,WAS_EDA,"Sakai, Ryoya",1000323740,Left,HOS_HOS,Undefined,3,Bottom,1,0,2,Fastball,Four-Seam,FoulBallNotFieldable,Undefined,Undefined,Undefined,0,0,,150.57525,-2.137393,-3.4394,2568.5804,225.919874,1:30,1.620295,0.741005,2.004277,-40.4972,38.1949,36.9931,0.616869,0.148956,138.40853,-5.185491,-0.796673,0.400609,119.12582,27.571171,-146.548353,2563.946892,-28.832978,8.130212,-17.110891,56.30828,23.302337,-151.348634,2.276511,-21.7207,22.2279,-0.670727,15.24,1.573366,2.311874,-41.412321,-1.681186,-4.902339,8.547601,-4.78984,HOS_HOS,WAS_EDA,JinguStadium,NPM,NPME,20260912-JinguStadium-2,546353e0-ae6d-11f1-af02-1b6488a193e9,151.41963,8.320641,,12.16671,,,,-0.041322,0.546032,-0.133238,4ed8090d-1fa5-46f2-9d4d-cb8573cd7fba,2026/9/12,46:41.1,2026-09-12T14:46:41.0920000+09:00,2026-09-12T05:46:41.0920000Z,FlyBall,v3,,,,"Ogata, Mikito",1000326132,Right,WAS_EDA,297d319f-2129-4624-b742-cb386034fa94,16.435869,-41.65842,4.273801,1.619784,-1.543279,-2.39492,-0.739321,2.45302,-2.45117,30.040974,-0.041294,-24.475529,0.877563,0.147237,0.06398,-0.083799,0.045551,-0.011558,0.001092,0.546047,15.314904,-8.364574,0.931552,-0.159291,0.030646,-0.011172,0.004302,-0.000631,-0.133222,-16.170082,2.265919,-0.269286,0.118483,-0.079644,0.04157,-0.011192,0.001146,,,,,,,,,,,,,,,,,,,,,,,High,High,High,High,Low,,,
97,2026/9/12,47:00.6,2,4,"Takahashi, Koki",1000326144,Right,WAS_EDA,"Sakai, Ryoya",1000323740,Left,HOS_HOS,Undefined,3,Bottom,1,0,2,Cutter,Curveball,BallCalled,Undefined,Undefined,Undefined,0,0,,133.452,-2.201546,-2.956131,2622.183936,14.539837,6:30,1.548626,0.794148,1.830153,-113.7966,-10.1627,-3.5054,-0.212185,-0.076451,122.7595,-10.384659,-3.204709,0.459733,,,,,,,,,,,,-0.4353,-2.9057,-0.723058,15.24,1.488189,1.908564,-36.659553,-1.85423,-0.075887,7.662351,-10.313167,HOS_HOS,WAS_EDA,JinguStadium,NPM,NPME,20260912-JinguStadium-2,600ed890-ae6d-11f1-af02-1b6488a193e9,131.9462,,,10.69249,,,,,,,4ed8090d-1fa5-46f2-9d4d-cb8573cd7fba,2026/9/12,47:00.7,2026-09-12T14:47:00.6590000+09:00,2026-09-12T05:47:00.6590000Z,,v3,,,,"Ogata, Mikito",1000326132,Right,WAS_EDA,31dcacd4-a272-451a-b677-de5c9da25f8e,16.610441,-36.944884,3.831175,1.550086,-1.470188,-5.156584,-0.794181,1.91139,-0.037944,,,,,,,,,,,,,,,,,,,,,,,,,,,,,,,,,,,,,,,,,,,,,,,,,,,High,High,High,,,,,
98,2026/9/12,47:26.9,2,5,"Takahashi, Koki",1000326144,Right,WAS_EDA,"Sakai, Ryoya",1000323740,Left,HOS_HOS,Undefined,3,Bottom,1,1,2,Fastball,Four-Seam,BallCalled,Undefined,Undefined,Undefined,0,0,,150.51775,-0.026412,-1.856307,2529.372644,219.824654,1:15,1.623911,0.716635,1.985567,-36.5935,42.5121,33.3997,1.250585,0.53127,137.40592,-2.813391,0.530393,0.40166,,,,,,,,,,,,-18.6663,22.984,-0.678697,15.24,1.621297,1.176098,-41.442033,-0.130491,-4.194753,9.052025,-4.641627,HOS_HOS,WAS_EDA,JinguStadium,NPM,NPME,20260912-JinguStadium-2,6fa775f0-ae6d-11f1-af02-1b6488a193e9,151.02337,,,13.11182,,,,,,,4ed8090d-1fa5-46f2-9d4d-cb8573cd7fba,2026/9/12,47:26.8,2026-09-12T14:47:26.8540000+09:00,2026-09-12T05:47:26.8540000Z,,v3,,,,"Ogata, Mikito",1000326132,Right,WAS_EDA,2f9e20e1-9814-4d2e-bcad-0dc5d6043441,16.453873,-41.706331,4.526013,1.623128,0.005035,-2.320814,-0.714825,1.298576,-2.097377,,,,,,,,,,,,,,,,,,,,,,,,,,,,,,,,,,,,,,,,,,,,,,,,,,,High,High,High,,,,,
99,2026/9/12,47:40.3,2,6,"Takahashi, Koki",1000326144,Right,WAS_EDA,"Sakai, Ryoya",1000323740,Left,HOS_HOS,Undefined,3,Bottom,1,2,2,Fastball,Four-Seam,InPlay,Undefined,FlyBall,Out,1,0,,148.24605,-1.949492,-3.749027,2566.172787,220.2981,1:15,1.618757,0.725039,2.054954,-37.7709,42.9629,34.3581,0.696792,0.023122,136.147,-4.81875,-1.288752,0.405772,157.06431,22.810297,-4.174616,3085.742834,33.348326,13.406105,-3.464444,117.543174,114.402492,-11.075383,4.739741,-20.7081,24.7988,-0.651307,15.24,1.577747,2.514711,-40.7709,-1.50234,-4.526994,8.34225,-4.385374,HOS_HOS,WAS_EDA,JinguStadium,NPM,NPME,20260912-JinguStadium-2,77b1b800-ae6d-11f1-af02-1b6488a193e9,149.49274,19.727464,,12.09905,,,,0.253557,0.67597,-0.020632,4ed8090d-1fa5-46f2-9d4d-cb8573cd7fba,2026/9/12,47:40.3,2026-09-12T14:47:40.3230000+09:00,2026-09-12T05:47:40.3230000Z,LineDrive,v3,,,,"Ogata, Mikito",1000326132,Right,WAS_EDA,83ca7a91-c62f-4ade-a136-489639978127,16.385221,-41.004557,4.171125,1.618106,-1.37951,-2.192687,-0.723517,2.641507,-2.263497,161.348774,0.25339,40.113971,-7.122683,1.629779,-0.361322,0.07841,-0.014078,0.001602,-7.90E-05,0.676335,16.905793,-3.730167,-0.13773,0.122816,-0.048949,0.011643,-0.001435,7.00E-05,-0.020629,-2.927732,-0.872138,0.233054,-0.058694,0.012584,-0.002049,0.000211,-1.00E-05,,,,,,,,,,,,,,,,,,,,,,,High,High,High,High,High,,,
100,2026/9/12,48:56.0,3,1,"Takahashi, Koki",1000326144,Right,WAS_EDA,"Tadaishi, Kanta",1000424355,Right,HOS_HOS,Undefined,3,Bottom,2,0,0,Cutter,Slider,StrikeCalled,Undefined,Undefined,Undefined,0,0,,135.80919,0.431505,-3.526888,2536.481205,186.692152,12:15,1.589981,0.750279,1.841967,-86.6162,10.9848,0.9952,0.845819,-0.236284,126.53234,-5.84871,-3.456577,0.446151,,,,,,,,,,,,-2.5441,6.2278,-0.666511,15.24,1.594584,2.299274,-37.379632,-0.054993,-0.473412,6.130492,-8.647789,HOS_HOS,WAS_EDA,JinguStadium,NPM,NPME,20260912-JinguStadium-2,a4ccceb0-ae6d-11f1-af02-1b6488a193e9,135.96294,,,9.27685,,,,,,,4ed8090d-1fa5-46f2-9d4d-cb8573cd7fba,2026/9/12,48:56.0,2026-09-12T14:48:55.9690000+09:00,2026-09-12T05:48:55.9690000Z,,v3,,,,"Ogata, Mikito",1000326132,Right,WAS_EDA,a47090d3-45cc-440f-98c0-c6b4cc8c2a46,16.598368,-37.601753,3.065246,1.5909,0.258335,-4.323895,-0.75013,2.316427,-0.236706,,,,,,,,,,,,,,,,,,,,,,,,,,,,,,,,,,,,,,,,,,,,,,,,,,,High,High,High,,,,,
101,2026/9/12,49:08.5,3,2,"Takahashi, Koki",1000326144,Right,WAS_EDA,"Tadaishi, Kanta",1000424355,Right,HOS_HOS,Undefined,3,Bottom,2,0,1,Cutter,Slider,StrikeCalled,Undefined,Undefined,Undefined,0,0,,137.44845,0.300641,-3.713468,2609.094259,173.610013,11:45,1.577899,0.765591,1.815978,-85.2985,10.5321,-0.8976,0.810068,-0.29445,127.81946,-5.875715,-3.776756,0.442086,,,,,,,,,,,,-1.7347,6.0333,-0.675565,15.24,1.579403,2.458368,-37.81251,-0.1416,-0.329599,6.43112,-8.660327,HOS_HOS,WAS_EDA,JinguStadium,NPM,NPME,20260912-JinguStadium-2,ac453100-ae6d-11f1-af02-1b6488a193e9,137.21308,,,9.62899,,,,,,,4ed8090d-1fa5-46f2-9d4d-cb8573cd7fba,2026/9/12,49:08.5,2026-09-12T14:49:08.5000000+09:00,2026-09-12T05:49:08.5000000Z,,v3,,,,"Ogata, Mikito",1000326132,Right,WAS_EDA,4e32d60b-f1d0-4709-8fe2-0dbd540df906,16.624332,-38.047227,3.21556,1.578803,0.174478,-4.330164,-0.765508,2.470397,-0.164799,,,,,,,,,,,,,,,,,,,,,,,,,,,,,,,,,,,,,,,,,,,,,,,,,,,High,High,High,,,,,
102,2026/9/12,49:22.4,3,3,"Takahashi, Koki",1000326144,Right,WAS_EDA,"Tadaishi, Kanta",1000424355,Right,HOS_HOS,Undefined,3,Bottom,2,0,2,Fastball,Four-Seam,BallCalled,Undefined,Undefined,Undefined,0,0,,149.92962,-2.114936,-5.159044,2597.71366,223.281321,1:30,1.633168,0.688189,2.034241,-38.2573,41.3111,36.5708,0.658208,-0.388527,137.36265,-5.015434,-2.551858,0.402833,,,,,,,,,,,,-22.6783,23.9408,-0.584254,15.24,1.587883,3.539377,-41.137559,-1.64141,-5.042006,8.580943,-4.483948,HOS_HOS,WAS_EDA,JinguStadium,NPM,NPME,20260912-JinguStadium-2,b491d340-ae6d-11f1-af02-1b6488a193e9,150.58351,,,12.56696,,,,,,,4ed8090d-1fa5-46f2-9d4d-cb8573cd7fba,2026/9/12,49:22.4,2026-09-12T14:49:22.4230000+09:00,2026-09-12T05:49:22.4230000Z,,v3,,,,"Ogata, Mikito",1000326132,Right,WAS_EDA,2d13355e-baa0-42a7-b5ca-c6e8abf5e872,16.405635,-41.379987,4.290471,1.632466,-1.514731,-2.241974,-0.68626,3.681823,-2.521003,,,,,,,,,,,,,,,,,,,,,,,,,,,,,,,,,,,,,,,,,,,,,,,,,,,High,High,High,,,,,
103,2026/9/12,49:39.2,3,4,"Takahashi, Koki",1000326144,Right,WAS_EDA,"Tadaishi, Kanta",1000424355,Right,HOS_HOS,Undefined,3,Bottom,2,1,2,Curveball,Curveball,InPlay,Undefined,FlyBall,Out,1,0,,117.55868,2.197462,-0.028877,2834.054516,56.162347,7:45,1.512478,0.793281,1.698116,-161.6017,-26.3897,-45.7801,0.522389,0.327259,107.94448,-9.38954,-3.249842,0.525125,130.46157,31.590864,-17.359183,2439.494181,32.303394,16.862711,-8.978458,93.460537,91.571856,-12.045853,4.49098,23.2531,-13.9112,-0.788767,15.24,1.557332,0.212097,-32.334229,0.631868,3.157545,5.892537,-11.695658,HOS_HOS,WAS_EDA,JinguStadium,NPM,NPME,20260912-JinguStadium-2,be9637a0-ae6d-11f1-af02-1b6488a193e9,115.51544,20.074349,,9.6142,,,,0.499644,0.550311,-0.341029,4ed8090d-1fa5-46f2-9d4d-cb8573cd7fba,2026/9/12,49:39.2,2026-09-12T14:49:39.1750000+09:00,2026-09-12T05:49:39.1750000Z,FlyBall,v3,,,,"Ogata, Mikito",1000326132,Right,WAS_EDA,d18bb7a5-5aee-4adc-926b-f6f0ddcb918f,16.743069,-32.606995,2.946269,1.515552,1.173262,-5.847829,-0.795202,0.065934,1.578772,203.982786,0.499856,29.458539,-4.159168,0.868098,-0.15172,0.023599,-0.004032,0.00061,-4.20E-05,0.550347,18.982049,-5.031034,0.216059,0.019047,-0.028252,0.010388,-0.001688,0.000102,-0.341162,-9.207061,2.426899,-0.574979,0.10923,-0.015817,0.001834,-0.000202,1.30E-05,,,,,,,,,,,,,,,,,,,,,,,High,High,High,High,High,,,
104,2026/9/12,51:48.4,1,1,"Sukegawa, Taishi",1000242144,Right,HOS_HOS,"Okanishi, Yuya",1000242774,Left,WAS_EDA,Undefined,4,Top,0,0,0,Slider,Curveball,BallCalled,Undefined,Undefined,Undefined,0,0,,123.80111,-0.423306,-0.974796,2789.238921,60.794105,8:00,1.473785,0.760109,1.868668,-136.6113,-16.9084,-37.2582,-0.011604,0.112876,113.74402,-10.296978,-3.627501,0.494091,,,,,,,,,,,,18.6437,-7.4415,-0.735087,15.24,1.455429,0.734039,-34.077959,-0.7438,2.799422,6.800924,-10.924011,HOS_HOS,WAS_EDA,JinguStadium,NPM,NPME,20260912-JinguStadium-2,0b9955f0-ae6e-11f1-af02-1b6488a193e9,122.77089,,,10.0571,,,,,,,4ed8090d-1fa5-46f2-9d4d-cb8573cd7fba,2026/9/12,51:48.4,2026-09-12T14:51:48.4260000+09:00,2026-09-12T05:51:48.4260000Z,,v3,,,,"Inoue, Kazuki",1000424351,Right,HOS_HOS,c63ec41e-1967-406a-8139-68d44516aa33,16.571998,-34.342756,3.400462,1.476109,-0.318469,-5.462006,-0.761546,0.625042,1.399711,,,,,,,,,,,,,,,,,,,,,,,,,,,,,,,,,,,,,,,,,,,,,,,,,,,High,High,High,,,,,
105,2026/9/12,52:03.9,1,2,"Sukegawa, Taishi",1000242144,Right,HOS_HOS,"Okanishi, Yuya",1000242774,Left,WAS_EDA,Undefined,4,Top,0,1,0,Slider,Curveball,BallCalled,Undefined,Undefined,Undefined,0,0,,122.52162,0.618079,-0.417184,2667.247077,88.403329,9:00,1.522665,0.775755,1.846079,-118.9527,2.7904,-36.6117,0.507521,0.29194,112.60523,-8.029073,-3.015459,0.498284,,,,,,,,,,,,18.4906,2.2417,-0.763622,15.24,1.529755,0.402032,-33.727928,-0.061106,2.742943,6.187167,-9.474115,HOS_HOS,WAS_EDA,JinguStadium,NPM,NPME,20260912-JinguStadium-2,14dd9ea0-ae6e-11f1-af02-1b6488a193e9,121.73784,,,9.91639,,,,,,,4ed8090d-1fa5-46f2-9d4d-cb8573cd7fba,2026/9/12,52:03.9,2026-09-12T14:52:03.9170000+09:00,2026-09-12T05:52:03.9170000Z,,v3,,,,"Inoue, Kazuki",1000424351,Right,HOS_HOS,b9719808-a5c5-49d2-81cd-2f98759a74e8,16.593855,-33.975376,3.093584,1.524622,0.3178,-4.737058,-0.777507,0.292331,1.371472,,,,,,,,,,,,,,,,,,,,,,,,,,,,,,,,,,,,,,,,,,,,,,,,,,,High,High,High,,,,,
106,2026/9/12,52:18.2,1,3,"Sukegawa, Taishi",1000242144,Right,HOS_HOS,"Okanishi, Yuya",1000242774,Left,WAS_EDA,Undefined,4,Top,0,2,0,Cutter,Cutter,InPlay,Undefined,FlyBall,Out,1,0,,137.51169,0.233595,-2.067061,2764.951149,161.483547,11:30,1.46648,0.727027,1.905221,-64.5818,30.2532,-9.2535,0.886366,0.053216,127.13571,-4.528495,-2.724519,0.439784,140.99734,34.730108,-18.746232,4722.87852,30.44272,20.100896,-14.048478,89.130804,86.345725,-33.66839,4.8986,3.5323,16.4009,-0.679677,15.24,1.467903,1.408769,-37.879729,-0.075504,0.670097,6.822912,-6.695321,HOS_HOS,WAS_EDA,JinguStadium,NPM,NPME,20260912-JinguStadium-2,1d606c10-ae6e-11f1-af02-1b6488a193e9,137.93149,23.926331,,10.37597,,,,0.142057,0.874432,-0.041337,4ed8090d-1fa5-46f2-9d4d-cb8573cd7fba,2026/9/12,52:18.2,2026-09-12T14:52:18.2450000+09:00,2026-09-12T05:52:18.2450000Z,FlyBall,v3,,,,"Inoue, Kazuki",1000424351,Right,HOS_HOS,031821ff-9590-42d5-b630-486ad8ad5cb5,16.534894,-38.112253,3.411456,1.466588,0.152671,-3.347661,-0.727299,1.385933,0.335049,137.276535,0.14396,30.46086,-6.974798,1.831268,-0.640045,0.267584,-0.082916,0.013695,-0.000876,0.8793,22.212065,-5.775278,-0.293873,0.589752,-0.285803,0.072651,-0.009288,0.000467,-0.047428,-10.20761,-1.771978,1.89981,-1.262158,0.54957,-0.140877,0.018945,-0.001023,,,,,,,,,,,,,,,,,,,,,,,High,High,High,High,Medium,,,
107,2026/9/12,52:45.3,2,1,"Sukegawa, Taishi",1000242144,Right,HOS_HOS,"Sato, Kanya",1000326140,Left,WAS_EDA,Undefined,4,Top,1,0,0,Cutter,Cutter,BallCalled,Undefined,Undefined,Undefined,0,0,,139.21028,-1.970317,-1.778818,2760.12835,156.262283,11:15,1.466543,0.817713,1.92765,-56.6152,36.4164,-14.7684,0.346846,0.170562,128.07697,-6.16577,-2.830343,0.435582,,,,,,,,,,,,6.4981,21.2093,-0.777315,15.24,1.419407,1.256877,-38.308195,-1.512582,1.250833,7.557415,-5.724013,HOS_HOS,WAS_EDA,JinguStadium,NPM,NPME,20260912-JinguStadium-2,2d86ca80-ae6e-11f1-af02-1b6488a193e9,139.26196,,,11.13331,,,,,,,4ed8090d-1fa5-46f2-9d4d-cb8573cd7fba,2026/9/12,52:45.3,2026-09-12T14:52:45.3280000+09:00,2026-09-12T05:52:45.3280000Z,,v3,,,,"Inoue, Kazuki",1000424351,Right,HOS_HOS,c998fdaa-76d1-44bf-b484-44fcd8e35dc4,16.51217,-38.558351,3.778707,1.466338,-1.323113,-2.862007,-0.818234,1.215474,0.625416,,,,,,,,,,,,,,,,,,,,,,,,,,,,,,,,,,,,,,,,,,,,,,,,,,,High,High,High,,,,,
108,2026/9/12,52:57.6,2,2,"Sukegawa, Taishi",1000242144,Right,HOS_HOS,"Sato, Kanya",1000326140,Left,WAS_EDA,Undefined,4,Top,1,1,0,Cutter,Cutter,StrikeSwinging,Undefined,Undefined,Undefined,0,0,,137.08718,-1.696266,-2.642385,2768.990608,170.375441,11:45,1.46604,0.80119,1.9318,-63.0205,31.7643,-4.9602,0.359177,0.009548,127.68546,-6.323129,-2.995345,0.439667,,,,,,,,,,,,1.0435,18.3909,-0.742286,15.24,1.424732,1.764072,-37.753666,-1.33957,0.197693,6.393826,-6.32244,HOS_HOS,WAS_EDA,JinguStadium,NPM,NPME,20260912-JinguStadium-2,34d16610-ae6e-11f1-af02-1b6488a193e9,137.96797,,,9.40172,,,,,,,4ed8090d-1fa5-46f2-9d4d-cb8573cd7fba,2026/9/12,52:57.6,2026-09-12T14:52:57.5660000+09:00,2026-09-12T05:52:57.5660000Z,,v3,,,,"Inoue, Kazuki",1000424351,Right,HOS_HOS,f20e3034-16a5-4fcf-91f1-77a2d4c7c512,16.508488,-37.967885,3.196913,1.466065,-1.127742,-3.16122,-0.801279,1.757448,0.098847,,,,,,,,,,,,,,,,,,,,,,,,,,,,,,,,,,,,,,,,,,,,,,,,,,,High,High,High,,,,,
109,2026/9/12,53:11.5,2,3,"Sukegawa, Taishi",1000242144,Right,HOS_HOS,"Sato, Kanya",1000326140,Left,WAS_EDA,Undefined,4,Top,1,1,1,Slider,Curveball,StrikeSwinging,Undefined,Undefined,Undefined,0,0,,121.8856,1.329013,-1.617297,2755.424433,59.671076,8:00,1.507823,0.71031,1.877875,-141.9073,-19.169,-39.2321,0.463168,-0.137504,112.24127,-8.948899,-4.4051,0.500316,,,,,,,,,,,,19.094,-9.7258,-0.670594,15.24,1.529967,1.109996,-33.554684,0.271651,2.797883,6.233277,-11.231802,HOS_HOS,WAS_EDA,JinguStadium,NPM,NPME,20260912-JinguStadium-2,3d28b6b0-ae6e-11f1-af02-1b6488a193e9,121.24326,,,9.64434,,,,,,,4ed8090d-1fa5-46f2-9d4d-cb8573cd7fba,2026/9/12,53:11.5,2026-09-12T14:53:11.4800000+09:00,2026-09-12T05:53:11.4800000Z,,v3,,,,"Inoue, Kazuki",1000424351,Right,HOS_HOS,e6d09244-e8ab-4212-b381-1c00751083d3,16.562897,-33.799538,3.116638,1.510631,0.712856,-5.615901,-0.712038,1.00009,1.398942,,,,,,,,,,,,,,,,,,,,,,,,,,,,,,,,,,,,,,,,,,,,,,,,,,,High,High,High,,,,,
110,2026/9/12,53:27.8,2,4,"Sukegawa, Taishi",1000242144,Right,HOS_HOS,"Sato, Kanya",1000326140,Left,WAS_EDA,Undefined,4,Top,1,1,2,Cutter,Cutter,StrikeSwinging,Strikeout,Undefined,Undefined,0,0,,140.13823,-1.073993,-2.812595,2842.61422,160.92638,11:15,1.48308,0.764345,1.955817,-55.8569,35.0358,-11.2359,0.623176,-0.136748,129.68256,-5.210903,-3.612595,0.430546,,,,,,,,,,,,4.1048,19.8119,-0.70254,15.24,1.456566,1.946211,-38.579837,-0.91469,0.807596,7.091722,-5.90881,HOS_HOS,WAS_EDA,JinguStadium,NPM,NPME,20260912-JinguStadium-2,46d66f90-ae6e-11f1-af02-1b6488a193e9,140.89097,,,10.45567,,,,,,,4ed8090d-1fa5-46f2-9d4d-cb8573cd7fba,2026/9/12,53:27.8,2026-09-12T14:53:27.8370000+09:00,2026-09-12T05:53:27.8370000Z,,v3,,,,"Inoue, Kazuki",1000424351,Right,HOS_HOS,e75d8b8b-75cb-4d4d-9f0f-6ea69f749e3b,16.484082,-38.80785,3.545861,1.482921,-0.72471,-2.954405,-0.764697,1.920245,0.403798,,,,,,,,,,,,,,,,,,,,,,,,,,,,,111.22557,2.386164,1.393562,0.992603,-0.270688,0.55772,0.181315,-0.56625,1.523499,-0.356895,22.088657,2.416134,-15.9416,-0.546936,24.400618,-1.602658,1.524695,4.303839,-3.430318,-0.386874,-17.80433,2.141146,High,High,High,,,High,Medium,High
111,2026/9/12,53:51.8,3,1,"Sukegawa, Taishi",1000242144,Right,HOS_HOS,"Tokumaru, Kaisei",1000422696,Left,WAS_EDA,Undefined,4,Top,2,0,0,Cutter,Slider,StrikeCalled,Undefined,Undefined,Undefined,0,0,,137.39933,-0.524968,-2.053302,2840.710394,151.523453,11:00,1.434629,0.794054,1.916284,-68.9733,25.2486,-12.3877,0.597337,0.093169,128.10281,-5.576487,-2.934332,0.43836,,,,,,,,,,,,5.2773,14.2396,-0.74726,15.24,1.418772,1.413272,-37.873161,-0.597391,1.00822,6.284359,-7.08618,HOS_HOS,WAS_EDA,JinguStadium,NPM,NPME,20260912-JinguStadium-2,55283510-ae6e-11f1-af02-1b6488a193e9,138.37952,,,9.29652,,,,,,,4ed8090d-1fa5-46f2-9d4d-cb8573cd7fba,2026/9/12,53:51.8,2026-09-12T14:53:51.8190000+09:00,2026-09-12T05:53:51.8190000Z,,v3,,,,"Inoue, Kazuki",1000424351,Right,HOS_HOS,2f7fe517-46ee-49c7-9bd6-4ae8ecb7add7,16.523937,-38.085611,3.142179,1.434918,-0.357834,-3.54309,-0.794461,1.379188,0.50411,,,,,,,,,,,,,,,,,,,,,,,,,,,,,,,,,,,,,,,,,,,,,,,,,,,High,High,High,,,,,
112,2026/9/12,54:04.2,3,2,"Sukegawa, Taishi",1000242144,Right,HOS_HOS,"Tokumaru, Kaisei",1000422696,Left,WAS_EDA,Undefined,4,Top,2,0,1,Slider,Curveball,BallCalled,Undefined,Undefined,Undefined,0,0,,122.74808,-0.579204,-1.108073,2804.940477,71.123904,8:15,1.483873,0.755567,1.819219,-134.8133,-12.5684,-48.1457,-0.027972,-0.039057,113.13961,-10.284206,-4.523719,0.49931,,,,,,,,,,,,24.087,-5.0272,-0.725543,15.24,1.460847,0.854828,-33.786185,-0.83324,3.564718,6.533896,-10.550639,HOS_HOS,WAS_EDA,JinguStadium,NPM,NPME,20260912-JinguStadium-2,5c81c4c0-ae6e-11f1-af02-1b6488a193e9,121.48773,,,9.60847,,,,,,,4ed8090d-1fa5-46f2-9d4d-cb8573cd7fba,2026/9/12,54:04.2,2026-09-12T14:54:04.1560000+09:00,2026-09-12T05:54:04.1560000Z,,v3,,,,"Inoue, Kazuki",1000424351,Right,HOS_HOS,cc30230d-09cb-4a3a-be7e-c697a8ffd355,16.621577,-34.05232,3.266948,1.486034,-0.403498,-5.27532,-0.757404,0.709632,1.782359,,,,,,,,,,,,,,,,,,,,,,,,,,,,,,,,,,,,,,,,,,,,,,,,,,,High,High,High,,,,,
113,2026/9/12,54:20.7,3,3,"Sukegawa, Taishi",1000242144,Right,HOS_HOS,"Tokumaru, Kaisei",1000422696,Left,WAS_EDA,Undefined,4,Top,2,1,1,Slider,Curveball,FoulBallNotFieldable,Undefined,Undefined,Undefined,0,0,,123.12132,0.457576,-0.821236,2804.388449,66.287375,8:15,1.485671,0.751788,1.850554,-141.5991,-20.107,-54.8926,0.198751,-0.028775,112.85309,-9.778508,-4.721442,0.49777,,,,,,,,,,,,27.8025,-9.6974,-0.728902,15.24,1.487451,0.715867,-33.891141,-0.244428,4.120257,6.845027,-11.243773,HOS_HOS,WAS_EDA,JinguStadium,NPM,NPME,20260912-JinguStadium-2,6657c620-ae6e-11f1-af02-1b6488a193e9,121.86352,,,10.26823,,,,,,,4ed8090d-1fa5-46f2-9d4d-cb8573cd7fba,2026/9/12,54:20.7,2026-09-12T14:54:20.6540000+09:00,2026-09-12T05:54:20.6540000Z,,v3,,,,"Inoue, Kazuki",1000424351,Right,HOS_HOS,ab5954a6-a122-487c-8e6c-0360ec7f90ad,16.590357,-34.162785,3.422514,1.488297,0.20178,-5.621887,-0.754067,0.552355,2.060128,,,,,,,,,,,,,,,,,,,,,,,,,,,,,,,,,,,,,,,,,,,,,,,,,,,High,High,High,,,,,
114,2026/9/12,54:41.1,3,4,"Sukegawa, Taishi",1000242144,Right,HOS_HOS,"Tokumaru, Kaisei",1000422696,Left,WAS_EDA,Undefined,4,Top,2,1,2,Cutter,Slider,StrikeSwinging,Strikeout,Undefined,Undefined,0,0,,137.51482,1.4855,-1.461099,2792.611344,143.939092,10:45,1.519424,0.769864,1.862994,-70.363,24.1898,-15.9051,1.234674,0.19895,128.00488,-3.66317,-2.588322,0.439129,,,,,,,,,,,,7.405,12.4408,-0.734727,15.24,1.549674,1.040137,-37.902536,0.718939,1.419405,6.166275,-7.421961,HOS_HOS,WAS_EDA,JinguStadium,NPM,NPME,20260912-JinguStadium-2,72830220-ae6e-11f1-af02-1b6488a193e9,138.13717,,,9.50994,,,,,,,4ed8090d-1fa5-46f2-9d4d-cb8573cd7fba,2026/9/12,54:41.1,2026-09-12T14:54:41.0830000+09:00,2026-09-12T05:54:41.0830000Z,,v3,,,,"Inoue, Kazuki",1000424351,Right,HOS_HOS,0afdce1c-fbf6-4519-9418-a49978f8a235,16.577243,-38.119468,3.083138,1.519788,0.980047,-3.710981,-0.770441,0.990201,0.709703,,,,,,,,,,,,,,,,,,,,,,,,,,,,,95.37711,,,1.220068,,,,-0.73194,1.541143,-1.100997,23.212354,2.552836,-14.818704,-0.722325,21.299783,-1.38094,1.575471,6.99947,-5.088108,-1.131891,-13.430957,1.820498,High,High,High,,,High,Medium,Medium
115,2026/9/12,56:33.1,1,1,"Takahashi, Koki",1000326144,Right,WAS_EDA,"Inoue, Kazuki",1000424351,Left,HOS_HOS,Undefined,4,Bottom,0,0,0,Slider,Slider,StrikeCalled,Undefined,Undefined,Undefined,0,0,,126.6933,0.830344,-1.379581,2578.264594,78.207463,8:30,1.568709,0.803909,1.781709,-116.8362,-2.226,-27.4335,0.63562,0.138741,116.55285,-7.618205,-3.317063,0.483466,,,,,,,,,,,,13.0162,-0.5997,-0.767787,15.24,1.581125,0.96335,-34.862092,0.056449,2.067866,6.465833,-9.901928,HOS_HOS,WAS_EDA,JinguStadium,NPM,NPME,20260912-JinguStadium-2,b54f1350-ae6e-11f1-af02-1b6488a193e9,125.46892,,,10.14045,,,,,,,4ed8090d-1fa5-46f2-9d4d-cb8573cd7fba,2026/9/12,56:33.1,2026-09-12T14:56:33.1300000+09:00,2026-09-12T05:56:33.1300000Z,,v3,,,,"Ogata, Mikito",1000326132,Right,WAS_EDA,c6c1b697-e37b-4def-b8ca-8cb08b22c406,16.658341,-35.124165,3.232917,1.570703,0.457794,-4.950964,-0.805135,0.879536,1.033933,,,,,,,,,,,,,,,,,,,,,,,,,,,,,,,,,,,,,,,,,,,,,,,,,,,High,High,High,,,,,
116,2026/9/12,56:44.8,1,2,"Takahashi, Koki",1000326144,Right,WAS_EDA,"Inoue, Kazuki",1000424351,Left,HOS_HOS,Undefined,4,Bottom,0,0,1,Slider,Slider,BallCalled,Undefined,Undefined,Undefined,0,0,,129.93741,-0.336105,-0.617342,2578.112156,88.414462,9:00,1.574943,0.808724,1.773808,-106.6113,2.7213,-27.0053,0.413579,0.363721,119.26865,-8.04936,-2.525993,0.472204,,,,,,,,,,,,13.3532,2.6864,-0.791401,15.24,1.558999,0.509783,-35.752107,-0.627163,2.22393,7.003222,-9.359241,HOS_HOS,WAS_EDA,JinguStadium,NPM,NPME,20260912-JinguStadium-2,bc3ebda0-ae6e-11f1-af02-1b6488a193e9,128.46153,,,10.66876,,,,,,,4ed8090d-1fa5-46f2-9d4d-cb8573cd7fba,2026/9/12,56:44.8,2026-09-12T14:56:44.7600000+09:00,2026-09-12T05:56:44.7600000Z,,v3,,,,"Ogata, Mikito",1000326132,Right,WAS_EDA,e7f29349-ee6d-4ba1-b17d-8a8b73b21593,16.666116,-36.030375,3.501611,1.576531,-0.255279,-4.679621,-0.809901,0.421417,1.111965,,,,,,,,,,,,,,,,,,,,,,,,,,,,,,,,,,,,,,,,,,,,,,,,,,,High,High,High,,,,,
117,2026/9/12,56:59.3,1,3,"Takahashi, Koki",1000326144,Right,WAS_EDA,"Inoue, Kazuki",1000424351,Left,HOS_HOS,Undefined,4,Bottom,0,1,1,Cutter,Slider,StrikeSwinging,Undefined,Undefined,Undefined,0,0,,134.06959,-0.65259,-3.739874,2495.739235,68.966689,8:15,1.564695,0.785082,1.838196,-101.4874,-0.8872,-9.1972,0.365221,-0.363996,125.10006,-7.961534,-4.389854,0.452954,,,,,,,,,,,,2.5099,0.6445,-0.695313,15.24,1.542398,2.451962,-36.888663,-0.8158,0.452799,6.281041,-9.690386,HOS_HOS,WAS_EDA,JinguStadium,NPM,NPME,20260912-JinguStadium-2,c4dfc170-ae6e-11f1-af02-1b6488a193e9,133.92083,,,8.96953,,,,,,,4ed8090d-1fa5-46f2-9d4d-cb8573cd7fba,2026/9/12,56:59.3,2026-09-12T14:56:59.2610000+09:00,2026-09-12T05:56:59.2610000Z,,v3,,,,"Ogata, Mikito",1000326132,Right,WAS_EDA,34b8ab7d-d82e-4c50-ab56-e631e8896eb1,16.602589,-37.119946,3.14052,1.565868,-0.458976,-4.845193,-0.785293,2.435289,0.2264,,,,,,,,,,,,,,,,,,,,,,,,,,,,,,,,,,,,,,,,,,,,,,,,,,,High,High,High,,,,,
118,2026/9/12,57:15.8,1,4,"Takahashi, Koki",1000326144,Right,WAS_EDA,"Inoue, Kazuki",1000424351,Left,HOS_HOS,Undefined,4,Bottom,0,1,2,Fastball,Four-Seam,InPlay,Undefined,GroundBall,Out,1,0,,148.60241,-1.591466,-4.227386,2576.230067,207.62476,1:00,1.600939,0.706798,2.069842,-41.7632,38.8054,18.9948,0.739218,-0.28151,136.0567,-4.75175,-2.867997,0.405357,77.96079,18.392406,-22.300776,3372.574443,,,,28.383531,27.704719,-27.025705,1.543456,-13.0128,22.4455,-0.623858,15.24,1.567396,2.931629,-40.836525,-1.26518,-2.842792,8.692358,-4.9032,HOS_HOS,WAS_EDA,JinguStadium,NPM,NPME,20260912-JinguStadium-2,ceb1f240-ae6e-11f1-af02-1b6488a193e9,149.64591,3.088603,,12.54571,,,,0.230279,0.72709,0.288752,4ed8090d-1fa5-46f2-9d4d-cb8573cd7fba,2026/9/12,57:15.8,2026-09-12T14:57:15.7960000+09:00,2026-09-12T05:57:15.7960000Z,GroundBall,v3,,,,"Ogata, Mikito",1000326132,Right,WAS_EDA,1a735a32-5151-458b-84ba-2d97324273db,16.369994,-41.076348,4.346179,1.600436,-1.129901,-2.4516,-0.705824,3.010062,-1.421396,109.27873,0.230276,19.012923,-2.208328,0.392134,-0.162568,0.130136,-0.094706,0.036555,-0.005358,0.727091,6.832744,-5.127979,0.279933,-0.002559,-0.035445,0.031418,-0.010769,0.001203,0.288751,-7.797822,-0.71376,0.250362,-0.098018,0.042768,-0.024658,0.008865,-0.001259,,,,,,,,,,,,,,,,,,,,,,,High,High,High,High,High,,,
119,2026/9/12,57:55.3,2,1,"Takahashi, Koki",1000326144,Right,WAS_EDA,"Kawasaki, Hiroto",1000242159,Right,HOS_HOS,Undefined,4,Bottom,1,0,0,Fastball,Four-Seam,BallCalled,Undefined,Undefined,Undefined,0,0,,149.79302,-1.985683,-4.810736,2592.84314,214.268083,1:15,1.601835,0.702506,2.037803,-35.1494,45.0849,28.8899,0.694606,-0.352859,136.19139,-4.680589,-2.749727,0.404515,,,,,,,,,,,,-18.6254,25.9528,-0.605626,15.24,1.559457,3.3167,-41.08736,-1.526333,-4.096755,9.252179,-4.098191,HOS_HOS,WAS_EDA,JinguStadium,NPM,NPME,20260912-JinguStadium-2,e642a940-ae6e-11f1-af02-1b6488a193e9,149.95727,,,13.60164,,,,,,,4ed8090d-1fa5-46f2-9d4d-cb8573cd7fba,2026/9/12,57:55.3,2026-09-12T14:57:55.3110000+09:00,2026-09-12T05:57:55.3110000Z,,v3,,,,"Ogata, Mikito",1000326132,Right,WAS_EDA,fd44e93b-498a-4b13-ae02-c2dd10cfe5b4,16.401389,-41.348059,4.626089,1.600837,-1.410858,-2.049095,-0.700707,3.432134,-2.048378,,,,,,,,,,,,,,,,,,,,,,,,,,,,,,,,,,,,,,,,,,,,,,,,,,,High,High,High,,,,,
120,2026/9/12,58:06.6,2,2,"Takahashi, Koki",1000326144,Right,WAS_EDA,"Kawasaki, Hiroto",1000242159,Right,HOS_HOS,Undefined,4,Bottom,1,1,0,Cutter,Slider,InPlay,Undefined,GroundBall,Out,1,0,,133.69122,-0.854804,-2.872365,2376.683691,145.868235,10:45,1.574303,0.79696,1.88221,-96.2615,6.1252,-1.8862,0.37075,-0.031118,122.33053,-7.872077,-3.006287,0.456958,129.67917,-2.376794,-30.600541,,,,,6.126864,6.126864,-27.208674,0.164449,-1.1897,4.7624,-0.730621,15.24,1.548727,1.852222,-36.747402,-0.910118,-0.20872,7.590668,-8.97114,HOS_HOS,WAS_EDA,JinguStadium,NPM,NPME,20260912-JinguStadium-2,ecf8a5f0-ae6e-11f1-af02-1b6488a193e9,132.74738,0.367128,,11.36069,,,,0.467769,0.367128,0.09131,4ed8090d-1fa5-46f2-9d4d-cb8573cd7fba,2026/9/12,58:06.6,2026-09-12T14:58:06.5660000+09:00,2026-09-12T05:58:06.5660000Z,GroundBall,v3,,,,"Ogata, Mikito",1000326132,Right,WAS_EDA,862fe6aa-6890-4eb2-b925-9ef7484a5584,16.557639,-37.018578,3.795334,1.575516,-0.589625,-4.48557,-0.796924,1.859678,-0.10436,266.532006,0.46792,30.966593,-4.125988,,,,,,,0.367216,-1.500952,-4.454778,,,,,,,0.091096,-18.303962,4.355087,,,,,,,,,,,,,,,,,,,,,,,,,,,,,High,High,High,High,High,,,
121,2026/9/12,58:42.3,3,1,"Takahashi, Koki",1000326144,Right,WAS_EDA,"Imaizumi, Shugo",1000338382,Left,HOS_HOS,Undefined,4,Bottom,2,0,0,Fastball,Four-Seam,InPlay,Undefined,FlyBall,Out,1,0,,147.86738,-2.084374,-3.813776,2574.451223,216.429767,1:15,1.603679,0.738272,2.06246,-37.6105,43.8871,30.476,0.645859,-0.020075,135.17713,-4.952771,-1.63097,0.407687,132.63571,35.418003,-8.607978,4096.590867,32.535019,20.085437,-8.099335,88.662388,87.351455,-21.108481,4.725932,-18.834,25.4985,-0.663535,15.24,1.560256,2.569744,-40.641595,-1.590277,-4.069912,8.717889,-4.296595,HOS_HOS,WAS_EDA,JinguStadium,NPM,NPME,20260912-JinguStadium-2,023ed0b0-ae6f-11f1-af02-1b6488a193e9,148.79055,23.262951,,12.69024,,,,0.177172,0.634607,0.023317,4ed8090d-1fa5-46f2-9d4d-cb8573cd7fba,2026/9/12,58:42.3,2026-09-12T14:58:42.2730000+09:00,2026-09-12T05:58:42.2730000Z,FlyBall,v3,,,,"Ogata, Mikito",1000326132,Right,WAS_EDA,246d7319-e8a2-46a0-8068-31a9d5159f8f,16.37745,-40.884858,4.358945,1.602958,-1.470385,-2.148298,-0.736826,2.68331,-2.034956,144.56754,0.178054,29.668446,-5.817794,1.282709,-0.164673,-0.007681,0.006531,-0.000823,3.10E-05,0.634613,21.348604,-5.481449,0.15428,0.087933,-0.057389,0.017956,-0.002716,0.000157,0.023532,-4.49779,-1.67891,0.614047,-0.147043,0.023776,-0.00283,0.000282,-1.60E-05,,,,,,,,,,,,,,,,,,,,,,,High,High,High,High,High,,,
122,2026/9/12,00:33.8,1,1,"Sukegawa, Taishi",1000242144,Right,HOS_HOS,"Takahashi, Hiroto",1000326145,Right,WAS_EDA,Undefined,5,Top,0,0,0,Cutter,Slider,StrikeCalled,Undefined,Undefined,Undefined,0,0,,136.82267,-1.025215,-2.881038,2773.920103,142.306994,10:45,1.493014,0.775286,1.956084,-70.0409,24.7366,-17.2261,0.504947,-0.204921,127.63801,-6.154822,-4.107649,0.43965,,,,,,,,,,,,7.3562,14.3436,-0.711676,15.24,1.466801,1.971591,-37.691318,-0.922116,1.390034,6.322202,-7.09626,HOS_HOS,WAS_EDA,JinguStadium,NPM,NPME,20260912-JinguStadium-2,44ba29d0-ae6f-11f1-af02-1b6488a193e9,137.97338,,,9.18465,,,,,,,4ed8090d-1fa5-46f2-9d4d-cb8573cd7fba,2026/9/12,00:33.8,2026-09-12T15:00:33.7680000+09:00,2026-09-12T06:00:33.7680000Z,,v3,,,,"Inoue, Kazuki",1000424351,Right,HOS_HOS,f25a27a2-f099-4146-b55e-635086c21a36,16.484228,-37.899445,3.161101,1.493312,-0.688506,-3.54813,-0.775828,1.925831,0.695017,,,,,,,,,,,,,,,,,,,,,,,,,,,,,,,,,,,,,,,,,,,,,,,,,,,High,High,High,,,,,
123,2026/9/12,00:44.6,1,2,"Sukegawa, Taishi",1000242144,Right,HOS_HOS,"Takahashi, Hiroto",1000326145,Right,WAS_EDA,Undefined,5,Top,0,0,1,Slider,Curveball,BallCalled,Undefined,Undefined,Undefined,0,0,,121.55004,2.444787,-0.371956,2759.191221,67.387396,8:15,1.4942,0.75486,1.74193,-137.301,-12.2192,-38.3898,0.815792,0.265348,111.78794,-7.452665,-3.076327,0.50507,,,,,,,,,,,,19.2242,-6.7288,-0.742507,15.24,1.54635,0.386278,-33.437612,0.90544,2.812501,5.891856,-10.791069,HOS_HOS,WAS_EDA,JinguStadium,NPM,NPME,20260912-JinguStadium-2,4b3a9790-ae6f-11f1-af02-1b6488a193e9,120.10211,,,9.76209,,,,,,,4ed8090d-1fa5-46f2-9d4d-cb8573cd7fba,2026/9/12,00:44.6,2026-09-12T15:00:44.5910000+09:00,2026-09-12T06:00:44.5910000Z,,v3,,,,"Inoue, Kazuki",1000424351,Right,HOS_HOS,ebb5d9c7-2910-493d-b52a-c0876e36e24e,16.698661,-33.693655,2.945928,1.496813,1.374387,-5.395534,-0.756637,0.264056,1.406251,,,,,,,,,,,,,,,,,,,,,,,,,,,,,,,,,,,,,,,,,,,,,,,,,,,High,High,High,,,,,
124,2026/9/12,00:56.6,1,3,"Sukegawa, Taishi",1000242144,Right,HOS_HOS,"Takahashi, Hiroto",1000326145,Right,WAS_EDA,Undefined,5,Top,0,1,1,Slider,Curveball,StrikeCalled,Undefined,Undefined,Undefined,0,0,,122.41613,1.163498,-0.948633,2725.859539,70.973874,8:15,1.487016,0.775599,1.729398,-133.0278,-9.7853,-38.9657,0.487443,0.116358,113.09469,-8.396355,-3.69348,0.501343,,,,,,,,,,,,19.2519,-4.7944,-0.748166,15.24,1.506776,0.727557,-33.699095,0.177521,2.863274,5.93518,-10.519708,HOS_HOS,WAS_EDA,JinguStadium,NPM,NPME,20260912-JinguStadium-2,525a2b80-ae6f-11f1-af02-1b6488a193e9,120.99498,,,9.32144,,,,,,,4ed8090d-1fa5-46f2-9d4d-cb8573cd7fba,2026/9/12,00:56.6,2026-09-12T15:00:56.5950000+09:00,2026-09-12T06:00:56.5950000Z,,v3,,,,"Inoue, Kazuki",1000424351,Right,HOS_HOS,b682506e-4ac1-485f-ac97-976fdb94e6e1,16.711391,-33.957251,2.96759,1.489104,0.635087,-5.259854,-0.777104,0.603016,1.431637,,,,,,,,,,,,,,,,,,,,,,,,,,,,,,,,,,,,,,,,,,,,,,,,,,,High,High,High,,,,,
125,2026/9/12,01:14.0,1,4,"Sukegawa, Taishi",1000242144,Right,HOS_HOS,"Takahashi, Hiroto",1000326145,Right,WAS_EDA,Undefined,5,Top,0,1,2,Cutter,Slider,StrikeCalled,Strikeout,Undefined,Undefined,0,0,,139.33025,-0.897054,-3.210416,2838.153196,158.338854,11:15,1.486447,0.771577,1.907631,-67.1171,24.6347,-8.8704,0.562747,-0.220345,130.16762,-5.798531,-3.839858,0.432575,,,,,,,,,,,,2.8188,14.0823,-0.698463,15.24,1.462132,2.192593,-38.371715,-0.850109,0.553867,6.307259,-7.039618,HOS_HOS,WAS_EDA,JinguStadium,NPM,NPME,20260912-JinguStadium-2,5cabec90-ae6f-11f1-af02-1b6488a193e9,140.22991,,,9.16263,,,,,,,4ed8090d-1fa5-46f2-9d4d-cb8573cd7fba,2026/9/12,01:14.0,2026-09-12T15:01:13.9660000+09:00,2026-09-12T06:01:13.9660000Z,,v3,,,,"Inoue, Kazuki",1000424351,Right,HOS_HOS,eff95cb9-457d-4f35-a2e5-80da7a8cc775,16.532638,-38.583605,3.15363,1.486719,-0.613616,-3.519809,-0.771809,2.173987,0.276933,,,,,,,,,,,,,,,,,,,,,,,,,,,,,,,,,,,,,,,,,,,,,,,,,,,High,High,High,,,,,
126,2026/9/12,01:37.9,2,1,"Sukegawa, Taishi",1000242144,Right,HOS_HOS,"Ogata, Mikito",1000326132,Left,WAS_EDA,Undefined,5,Top,1,0,0,Cutter,Slider,StrikeCalled,Undefined,Undefined,Undefined,0,0,,135.14263,-0.656447,-2.597996,2772.830996,152.740196,11:00,1.455342,0.816793,1.876723,-74.9488,22.867,-10.5152,0.52081,-0.020416,126.29264,-6.114507,-3.343596,0.446642,,,,,,,,,,,,3.9967,13.0287,-0.756018,15.24,1.435457,1.736518,-37.23547,-0.704029,0.739312,5.956776,-7.396604,HOS_HOS,WAS_EDA,JinguStadium,NPM,NPME,20260912-JinguStadium-2,6af54da0-ae6f-11f1-af02-1b6488a193e9,135.81359,,,8.84999,,,,,,,4ed8090d-1fa5-46f2-9d4d-cb8573cd7fba,2026/9/12,01:37.9,2026-09-12T15:01:37.9070000+09:00,2026-09-12T06:01:37.9070000Z,,v3,,,,"Inoue, Kazuki",1000424351,Right,HOS_HOS,7e7867d2-2988-4dcb-a262-51284757c252,16.56356,-37.446609,2.978388,1.455765,-0.441855,-3.698302,-0.817105,1.710313,0.369656,,,,,,,,,,,,,,,,,,,,,,,,,,,,,,,,,,,,,,,,,,,,,,,,,,,High,High,High,,,,,
127,2026/9/12,01:50.1,2,2,"Sukegawa, Taishi",1000242144,Right,HOS_HOS,"Ogata, Mikito",1000326132,Left,WAS_EDA,Undefined,5,Top,1,0,1,Cutter,Slider,FoulBallNotFieldable,Undefined,Undefined,Undefined,0,0,,135.33414,0.131565,-1.553898,2812.956187,149.276667,11:00,1.458279,0.795707,1.856694,-72.636,26.2819,-13.9055,0.769024,0.218448,124.6671,-5.201728,-2.539592,0.449151,155.69812,34.411413,-30.314965,4799.268509,26.919355,19.772963,-19.98679,100.279346,73.038051,-48.81592,4.637908,6.1724,14.3698,-0.75833,15.24,1.456736,1.074424,-37.265152,-0.181197,1.127757,6.939149,-7.181128,HOS_HOS,WAS_EDA,JinguStadium,NPM,NPME,20260912-JinguStadium-2,7239f5c0-ae6f-11f1-af02-1b6488a193e9,135.05485,25.302817,,10.66704,,,,0.106839,0.768442,-0.222102,4ed8090d-1fa5-46f2-9d4d-cb8573cd7fba,2026/9/12,01:50.1,2026-09-12T15:01:50.1280000+09:00,2026-09-12T06:01:50.1280000Z,FlyBall,v3,,,,"Inoue, Kazuki",1000424351,Right,HOS_HOS,8cd27889-2f28-423c-947b-0d53d1ab62fb,16.583226,-37.51444,3.469575,1.458611,0.076784,-3.590564,-0.796201,1.033909,0.563878,127.781614,0.111199,30.704878,-6.982332,0.988704,0.290484,-0.250462,0.075141,-0.011024,0.00065,0.768141,24.449124,-7.247097,0.817576,-0.202379,0.056838,-0.013279,0.002021,-0.000137,-0.219279,-18.076249,0.030774,-0.142298,0.386666,-0.233273,0.069501,-0.010495,0.000638,,,,,,,,,,,,,,,,,,,,,,,High,High,High,Medium,Medium,,,
128,2026/9/12,02:24.9,2,3,"Sukegawa, Taishi",1000242144,Right,HOS_HOS,"Ogata, Mikito",1000326132,Left,WAS_EDA,Undefined,5,Top,1,0,2,Cutter,Slider,InPlay,Undefined,GroundBall,Out,1,0,,134.99019,1.083766,-2.465918,2792.482811,126.844532,10:15,1.437028,0.779952,1.931791,-83.2744,14.576,-16.017,0.908732,-0.07264,125.31793,-5.010504,-3.60486,0.446721,91.11876,18.604778,14.501458,2689.969278,,,,36.428272,36.356162,13.549957,1.758366,6.894,7.7359,-0.724356,15.24,1.456308,1.671113,-37.189055,0.402693,1.264565,6.355715,-8.387649,HOS_HOS,WAS_EDA,JinguStadium,NPM,NPME,20260912-JinguStadium-2,86fd0dd0-ae6f-11f1-af02-1b6488a193e9,135.78955,4.094343,,9.67226,,,,0.178815,0.909733,0.087662,4ed8090d-1fa5-46f2-9d4d-cb8573cd7fba,2026/9/12,02:24.9,2026-09-12T15:02:24.9230000+09:00,2026-09-12T06:02:24.9230000Z,GroundBall,v3,,,,"Inoue, Kazuki",1000424351,Right,HOS_HOS,b0e808ab-4c18-4bd0-a60a-7e866eb9cb4d,16.508604,-37.405234,3.177858,1.437759,0.687986,-4.193825,-0.780465,1.6281,0.632283,140.716484,0.178815,23.223924,-2.312343,0.387919,-0.084289,0.028366,-0.013474,0.004114,-0.000512,0.909738,8.074554,-5.353229,0.314532,0.017042,-0.078452,0.050964,-0.014909,0.001727,0.087654,6.007592,-0.893644,0.204917,-0.157081,0.151597,-0.086392,0.025205,-0.002959,,,,,,,,,,,,,,,,,,,,,,,High,High,High,High,High,,,
129,2026/9/12,02:55.3,3,1,"Sukegawa, Taishi",1000242144,Right,HOS_HOS,"Abe, Yota",1000547801,Left,WAS_EDA,Undefined,5,Top,2,0,0,Cutter,Slider,StrikeCalled,Undefined,Undefined,Undefined,0,0,,137.75044,0.453274,-1.660745,2848.976372,157.622259,11:15,1.445855,0.839806,1.848539,-72.3968,22.4858,-8.2105,0.849801,0.289113,127.7146,-4.840466,-2.242399,0.439894,,,,,,,,,,,,3.2354,12.1432,-0.800042,15.24,1.45188,1.138741,-37.952417,0.024427,0.618163,6.608685,-7.486515,HOS_HOS,WAS_EDA,JinguStadium,NPM,NPME,20260912-JinguStadium-2,99181050-ae6f-11f1-af02-1b6488a193e9,137.89687,,,10.03583,,,,,,,4ed8090d-1fa5-46f2-9d4d-cb8573cd7fba,2026/9/12,02:55.3,2026-09-12T15:02:55.3340000+09:00,2026-09-12T06:02:55.3340000Z,,v3,,,,"Inoue, Kazuki",1000424351,Right,HOS_HOS,ed8f6cb7-caac-456a-829d-6e028dc95d10,16.591513,-38.187032,3.304343,1.446295,0.290205,-3.743257,-0.840078,1.116796,0.309081,,,,,,,,,,,,,,,,,,,,,,,,,,,,,,,,,,,,,,,,,,,,,,,,,,,High,High,High,,,,,
130,2026/9/12,03:06.3,3,2,"Sukegawa, Taishi",1000242144,Right,HOS_HOS,"Abe, Yota",1000547801,Left,WAS_EDA,Undefined,5,Top,2,0,1,Cutter,Slider,FoulBallNotFieldable,Undefined,Undefined,Undefined,0,0,,135.48099,0.55379,-1.069815,2776.204025,154.082086,11:15,1.432137,0.841026,1.901484,-75.3297,21.7326,-9.3479,0.834571,0.446731,126.05709,-4.962821,-1.734569,0.444918,117.95018,-67.619983,-170.692389,,,,,0.523797,0.523797,-110.039552,0.026634,4.2572,11.7576,-0.816187,15.24,1.440165,0.738885,-37.359562,0.086676,0.79073,6.177195,-7.622799,HOS_HOS,WAS_EDA,JinguStadium,NPM,NPME,20260912-JinguStadium-2,9fa50130-ae6f-11f1-af02-1b6488a193e9,136.33975,0.80979,,9.42389,,,,0.149562,0.80979,-0.438156,4ed8090d-1fa5-46f2-9d4d-cb8573cd7fba,2026/9/12,03:06.3,2026-09-12T15:03:06.3310000+09:00,2026-09-12T06:03:06.3310000Z,GroundBall,v3,,,,"Inoue, Kazuki",1000424351,Right,HOS_HOS,827b40d3-d4cb-4c15-9dff-e0a29e412d6c,16.53888,-37.57371,3.088597,1.432579,0.350941,-3.8114,-0.841327,0.711472,0.395365,,0.149751,-12.354748,,,,,,,,0.810256,-30.404867,,,,,,,,-0.438125,-2.024853,,,,,,,,,,,,,,,,,,,,,,,,,,,,,,High,High,High,Estimated,Estimated,,,
131,2026/9/12,03:45.7,3,3,"Sukegawa, Taishi",1000242144,Right,HOS_HOS,"Abe, Yota",1000547801,Left,WAS_EDA,Undefined,5,Top,2,0,2,Cutter,Slider,BallCalled,Undefined,Undefined,Undefined,0,0,,140.29131,0.028844,-0.173488,2812.016861,153.7418,11:00,1.443148,0.804634,1.849211,-64.8733,26.9889,-12.0188,0.802551,0.635511,129.3703,-4.740406,-1.025798,0.432836,,,,,,,,,,,,6.0695,14.7347,-0.799793,15.24,1.439651,0.175124,-38.647,-0.22723,1.196154,7.250054,-6.902812,HOS_HOS,WAS_EDA,JinguStadium,NPM,NPME,20260912-JinguStadium-2,b71ba080-ae6f-11f1-af02-1b6488a193e9,140.14555,,,10.92101,,,,,,,4ed8090d-1fa5-46f2-9d4d-cb8573cd7fba,2026/9/12,03:45.7,2026-09-12T15:03:45.6800000+09:00,2026-09-12T06:03:45.6800000Z,,v3,,,,"Inoue, Kazuki",1000424351,Right,HOS_HOS,4035af38-c6a2-40f2-97d2-10572c309a7f,16.590485,-38.899522,3.625027,1.443378,0.013198,-3.451406,-0.805167,0.133461,0.598077,,,,,,,,,,,,,,,,,,,,,,,,,,,,,,,,,,,,,,,,,,,,,,,,,,,High,High,High,,,,,
132,2026/9/12,03:59.7,3,4,"Sukegawa, Taishi",1000242144,Right,HOS_HOS,"Abe, Yota",1000547801,Left,WAS_EDA,Undefined,5,Top,2,1,2,Slider,Curveball,StrikeSwinging,Strikeout,Undefined,Undefined,0,0,,122.1157,0.091915,-0.616639,2773.365435,81.874286,8:45,1.441811,0.780327,1.77106,-126.67,-3.0628,-48.0653,0.201163,0.124895,112.66858,-9.035349,-4.013588,0.502084,,,,,,,,,,,,24.3141,-0.6512,-0.761369,15.24,1.434971,0.565549,-33.620648,-0.412408,3.583826,6.149069,-9.902631,HOS_HOS,WAS_EDA,JinguStadium,NPM,NPME,20260912-JinguStadium-2,bf7bcac0-ae6f-11f1-af02-1b6488a193e9,120.81637,,,9.44713,,,,,,,4ed8090d-1fa5-46f2-9d4d-cb8573cd7fba,2026/9/12,03:59.7,2026-09-12T15:03:59.7130000+09:00,2026-09-12T06:03:59.7130000Z,,v3,,,,"Inoue, Kazuki",1000424351,Right,HOS_HOS,e8920a55-9d4c-45f4-9dc4-ca443a1587c4,16.669671,-33.881119,3.074534,1.443556,0.007063,-4.951315,-0.78211,0.413739,1.791913,,,,,,,,,,,,,,,,,,,,,,,,,,,,,,,,,,,,,,,,,,,,,,,,,,,High,High,High,,,,,
133,2026/9/12,05:56.8,1,1,"Takahashi, Koki",1000326144,Right,WAS_EDA,"Ogawa, Daichi",1000338392,Right,HOS_HOS,Undefined,5,Bottom,0,0,0,Fastball,Four-Seam,StrikeCalled,Undefined,Undefined,Undefined,0,0,,148.38521,-2.442457,-4.685619,2481.920815,222.634087,1:30,1.637464,0.690987,2.034127,-39.9013,41.2566,35.6582,0.554705,-0.261876,136.06971,-5.460815,-2.140292,0.406837,,,,,,,,,,,,-21.9329,24.174,-0.596765,15.24,1.585433,3.171519,-40.734713,-1.865452,-4.780554,8.42577,-4.537629,HOS_HOS,WAS_EDA,JinguStadium,NPM,NPME,20260912-JinguStadium-2,05416ce0-ae70-11f1-af02-1b6488a193e9,149.1016,,,12.3155,,,,,,,4ed8090d-1fa5-46f2-9d4d-cb8573cd7fba,2026/9/12,05:56.8,2026-09-12T15:05:56.8170000+09:00,2026-09-12T06:05:56.8170000Z,,v3,,,,"Ogata, Mikito",1000326132,Right,WAS_EDA,58d70345-50da-4fbb-a8e2-a188435429cf,16.405836,-40.97515,4.212885,1.636818,-1.735966,-2.268815,-0.689214,3.307937,-2.390277,,,,,,,,,,,,,,,,,,,,,,,,,,,,,,,,,,,,,,,,,,,,,,,,,,,High,High,High,,,,,
134,2026/9/12,06:09.2,1,2,"Takahashi, Koki",1000326144,Right,WAS_EDA,"Ogawa, Daichi",1000338392,Right,HOS_HOS,Undefined,5,Bottom,0,0,1,Slider,Slider,BallCalled,Undefined,Undefined,Undefined,0,0,,129.60764,-0.093877,-2.986346,2684.157088,93.280264,9:00,1.57573,0.77223,1.801441,-104.2588,5.1999,-33.0645,0.506548,-0.404013,119.45062,-7.631247,-5.318192,0.472476,,,,,,,,,,,,14.8715,3.7259,-0.696885,15.24,1.566291,2.007635,-35.633461,-0.456643,2.46779,6.768766,-9.188367,HOS_HOS,WAS_EDA,JinguStadium,NPM,NPME,20260912-JinguStadium-2,0cb11ca0-ae70-11f1-af02-1b6488a193e9,128.38749,,,10.15702,,,,,,,4ed8090d-1fa5-46f2-9d4d-cb8573cd7fba,2026/9/12,06:09.2,2026-09-12T15:06:09.2260000+09:00,2026-09-12T06:06:09.2260000Z,,v3,,,,"Ogata, Mikito",1000326132,Right,WAS_EDA,cc208d14-aa8e-4d0f-a79a-b4be97aec387,16.638692,-35.898167,3.384383,1.577123,-0.097314,-4.594183,-0.77351,1.911127,1.233895,,,,,,,,,,,,,,,,,,,,,,,,,,,,,,,,,,,,,,,,,,,,,,,,,,,High,High,High,,,,,
135,2026/9/12,06:21.7,1,3,"Takahashi, Koki",1000326144,Right,WAS_EDA,"Ogawa, Daichi",1000338392,Right,HOS_HOS,Undefined,5,Bottom,0,1,1,OneSeam,Changeup,InPlay,Undefined,LineDrive,Single,0,0,,134.64101,0.051419,-3.940767,1648.575111,257.498341,2:30,1.563347,0.779139,1.914859,-86.808,12.9201,44.5618,0.709746,0.115972,123.69525,-6.309875,-0.775378,0.450986,162.95182,6.83008,-31.750159,2648.670517,,,,39.009055,35.31141,-35.06794,0.978937,-25.9997,7.5355,-0.693055,15.24,1.559413,2.354344,-37.021153,-0.283724,-4.676799,7.017858,-8.451169,HOS_HOS,WAS_EDA,JinguStadium,NPM,NPME,20260912-JinguStadium-2,14169330-ae70-11f1-af02-1b6488a193e9,134.50516,1.74905,,10.94575,,,,0.462941,0.653317,-0.022842,4ed8090d-1fa5-46f2-9d4d-cb8573cd7fba,2026/9/12,06:21.7,2026-09-12T15:06:21.6950000+09:00,2026-09-12T06:06:21.6950000Z,LineDrive,v3,,,,"Ogata, Mikito",1000326132,Right,WAS_EDA,ceb28293-1efd-4994-9c13-59ff591343ff,16.52568,-37.264074,3.508929,1.564171,0.008811,-4.225584,-0.777352,2.51623,-2.338399,75.313638,0.505287,37.623056,-5.682904,,,,,,,0.682751,4.970048,-5.817054,,,,,,,-0.014956,-23.764565,0.897303,,,,,,,,,,,,,,,,,,,,,,,,,,,,,High,High,High,Medium,Medium,,,
136,2026/9/12,06:56.2,2,1,"Takahashi, Koki",1000326144,Right,WAS_EDA,"Kumagai, Riku",1000338393,Left,HOS_HOS,Undefined,5,Bottom,0,0,0,Fastball,Four-Seam,BallCalled,Undefined,Undefined,Undefined,0,0,,144.97676,0.698618,-4.343622,2446.675098,228.417578,1:30,1.612102,0.740304,1.995702,-52.3572,32.7741,34.0668,1.284371,-0.135436,132.82631,-3.216118,-1.917019,0.416677,,,,,,,,,,,,-20.8119,17.5175,-0.650301,15.24,1.624106,2.869337,-39.848424,0.30979,-4.345247,7.985139,-6.14923,HOS_HOS,WAS_EDA,JinguStadium,NPM,NPME,20260912-JinguStadium-2,28aa36d0-ae70-11f1-af02-1b6488a193e9,145.58042,,,12.15044,,,,,,,4ed8090d-1fa5-46f2-9d4d-cb8573cd7fba,2026/9/12,06:56.2,2026-09-12T15:06:56.2250000+09:00,2026-09-12T06:06:56.2250000Z,,v3,,,,"Ogata, Mikito",1000326132,Right,WAS_EDA,1bf76309-1833-44cf-9700-bd86ca010c24,16.444401,-40.089045,3.99257,1.611979,0.495089,-3.074615,-0.738737,3.000275,-2.172624,,,,,,,,,,,,,,,,,,,,,,,,,,,,,,,,,,,,,,,,,,,,,,,,,,,High,High,High,,,,,
137,2026/9/12,07:18.9,2,2,"Takahashi, Koki",1000326144,Right,WAS_EDA,"Kumagai, Riku",1000338393,Left,HOS_HOS,Undefined,5,Bottom,0,1,0,OneSeam,Changeup,InPlay,Undefined,GroundBall,Single,0,0,,136.9202,-0.958582,-3.662766,1323.600997,250.854758,2:15,1.57196,0.782154,1.923085,-80.728,14.6009,34.5946,0.494958,0.098283,127.26079,-6.850681,-1.202609,0.440927,142.21865,-2.532627,-20.734239,2498.711213,,,,9.492715,8.93577,-20.425806,0.223298,-20.4114,8.9148,-0.702303,15.24,1.54578,2.262646,-37.69065,-0.929003,-3.847406,6.497264,-8.126276,HOS_HOS,WAS_EDA,JinguStadium,NPM,NPME,20260912-JinguStadium-2,36310b30-ae70-11f1-af02-1b6488a193e9,137.57374,0.579237,,9.65942,,,,0.92218,0.579237,-0.119228,4ed8090d-1fa5-46f2-9d4d-cb8573cd7fba,2026/9/12,07:18.9,2026-09-12T15:07:18.9350000+09:00,2026-09-12T06:07:18.9350000Z,GroundBall,v3,,,,"Ogata, Mikito",1000326132,Right,WAS_EDA,bcf80129-c592-46d1-b708-52cb81bc87f0,16.517755,-37.910274,3.248632,1.57254,-0.654313,-4.063138,-0.780985,2.392698,-1.923703,102.24997,0.92256,36.887939,-5.296241,,,,,,,0.579316,-1.750317,-3.781457,,,,,,,-0.118983,-13.987095,-1.421224,,,,,,,,,,,,,,,,,,,,,,,,,,,,,High,High,High,Medium,Medium,,,
138,2026/9/12,08:08.9,3,1,"Takahashi, Koki",1000326144,Right,WAS_EDA,"Fujimori, Kojun",1000188667,Left,HOS_HOS,Undefined,5,Bottom,0,0,0,Fastball,Four-Seam,StrikeSwinging,Undefined,Undefined,Undefined,0,0,,149.28769,-0.839675,-3.642693,2437.590528,224.685871,1:30,1.596049,0.727656,1.993794,-41.4679,38.9974,36.0833,0.946154,0.068832,136.44972,-3.973281,-1.068249,0.405097,,,,,,,,,,,,-21.3689,21.7815,-0.652369,15.24,1.576067,2.437307,-41.049146,-0.736455,-4.717645,8.7716,-4.997905,HOS_HOS,WAS_EDA,JinguStadium,NPM,NPME,20260912-JinguStadium-2,53f8cae0-ae70-11f1-af02-1b6488a193e9,149.74201,,,12.83798,,,,,,,4ed8090d-1fa5-46f2-9d4d-cb8573cd7fba,2026/9/12,08:08.9,2026-09-12T15:08:08.8730000+09:00,2026-09-12T06:08:08.8730000Z,,v3,,,,"Ogata, Mikito",1000326132,Right,WAS_EDA,5f0e7504-57af-424d-8bb6-c2cf27176001,16.445931,-41.306032,4.3858,1.595491,-0.590086,-2.498952,-0.725771,2.575468,-2.358823,,,,,,,,,,,,,,,,,,,,,,,,,,,,,,,,,,,,,,,,,,,,,,,,,,,High,High,High,,,,,
139,2026/9/12,08:31.1,3,2,"Takahashi, Koki",1000326144,Right,WAS_EDA,"Fujimori, Kojun",1000188667,Left,HOS_HOS,Undefined,5,Bottom,0,0,1,Fastball,Sinker,BallCalled,Undefined,Undefined,Undefined,0,0,,147.52344,0.105642,-2.855627,2448.43568,231.178924,1:45,1.612614,0.740448,2.03603,-45.8127,35.9498,41.5637,1.183976,0.359265,134.92263,-3.351835,0.121329,0.408349,,,,,,,,,,,,-23.7293,19.6254,-0.68393,15.24,1.612458,1.827812,-40.611399,-0.071576,-5.130568,8.538423,-5.56339,HOS_HOS,WAS_EDA,JinguStadium,NPM,NPME,20260912-JinguStadium-2,61396e80-ae70-11f1-af02-1b6488a193e9,148.54929,,,12.60082,,,,,,,4ed8090d-1fa5-46f2-9d4d-cb8573cd7fba,2026/9/12,08:31.1,2026-09-12T15:08:31.1170000+09:00,2026-09-12T06:08:31.1170000Z,,v3,,,,"Ogata, Mikito",1000326132,Right,WAS_EDA,1126af64-acea-4ecd-9e56-3eeba40e098b,16.4037,-40.85533,4.269211,1.612232,0.087363,-2.781695,-0.738242,1.974386,-2.565284,,,,,,,,,,,,,,,,,,,,,,,,,,,,,,,,,,,,,,,,,,,,,,,,,,,High,High,High,,,,,
140,2026/9/12,08:50.3,3,3,"Takahashi, Koki",1000326144,Right,WAS_EDA,"Fujimori, Kojun",1000188667,Left,HOS_HOS,Undefined,5,Bottom,0,1,1,Fastball,Four-Seam,StrikeCalled,Undefined,Undefined,Undefined,0,0,,147.69148,-1.258059,-4.680476,2495.320051,219.019859,1:15,1.604779,0.748838,2.120275,-40.1574,40.2596,30.7557,0.853079,-0.244553,136.18897,-4.301601,-2.474014,0.404975,,,,,,,,,,,,-19.3056,22.9778,-0.661297,15.24,1.579111,3.188475,-40.608634,-1.010186,-4.209372,7.834214,-4.796596,HOS_HOS,WAS_EDA,JinguStadium,NPM,NPME,20260912-JinguStadium-2,6ca1a8a0-ae70-11f1-af02-1b6488a193e9,149.78688,,,11.5025,,,,,,,4ed8090d-1fa5-46f2-9d4d-cb8573cd7fba,2026/9/12,08:50.3,2026-09-12T15:08:50.2600000+09:00,2026-09-12T06:08:50.2600000Z,,v3,,,,"Ogata, Mikito",1000326132,Right,WAS_EDA,c789c009-b8ec-4e95-8c26-0b86a9aad130,16.319848,-40.816427,3.917107,1.604217,-0.882962,-2.398298,-0.747348,3.300124,-2.104686,,,,,,,,,,,,,,,,,,,,,,,,,,,,,,,,,,,,,,,,,,,,,,,,,,,High,High,High,,,,,
141,2026/9/12,09:11.9,3,4,"Takahashi, Koki",1000326144,Right,WAS_EDA,"Fujimori, Kojun",1000188667,Left,HOS_HOS,Undefined,5,Bottom,0,1,2,Fastball,Four-Seam,BallCalled,Undefined,Undefined,Undefined,0,0,,149.5133,-1.988205,-2.219367,2461.580122,227.644904,1:30,1.595696,0.75415,1.882229,-40.6022,40.5051,41.6857,0.629372,0.545969,137.11392,-5.030316,0.740872,0.40671,,,,,,,,,,,,-23.0669,23.0833,-0.705459,15.24,1.547314,1.382567,-41.131893,-1.571247,-5.121894,8.662203,-4.681113,HOS_HOS,WAS_EDA,JinguStadium,NPM,NPME,20260912-JinguStadium-2,798d7580-ae70-11f1-af02-1b6488a193e9,149.14812,,,12.39938,,,,,,,4ed8090d-1fa5-46f2-9d4d-cb8573cd7fba,2026/9/12,09:11.9,2026-09-12T15:09:11.9380000+09:00,2026-09-12T06:09:11.9380000Z,,v3,,,,"Ogata, Mikito",1000326132,Right,WAS_EDA,62393e97-1e67-44fe-89a0-d431fb6ddcf2,16.55777,-41.40848,4.331102,1.595098,-1.421777,-2.340556,-0.752215,1.546111,-2.560947,,,,,,,,,,,,,,,,,,,,,,,,,,,,,,,,,,,,,,,,,,,,,,,,,,,High,High,High,,,,,
142,2026/9/12,09:31.5,3,5,"Takahashi, Koki",1000326144,Right,WAS_EDA,"Fujimori, Kojun",1000188667,Left,HOS_HOS,Undefined,5,Bottom,0,2,2,Cutter,Slider,StrikeSwinging,Strikeout,Undefined,Undefined,0,0,,130.72918,1.223897,-1.653787,2520.33478,128.964304,10:15,1.574579,0.775268,1.795039,-90.4168,16.536,-16.59,1.016983,0.1412,120.35082,-5.362619,-2.824853,0.467036,,,,,,,,,,,,7.3607,8.6737,-0.733522,15.24,1.598427,1.115673,-35.971678,0.424482,1.253083,6.468302,-8.330032,HOS_HOS,WAS_EDA,JinguStadium,NPM,NPME,20260912-JinguStadium-2,853aa7e0-ae70-11f1-af02-1b6488a193e9,129.88279,,,10.37836,,,,,,,4ed8090d-1fa5-46f2-9d4d-cb8573cd7fba,2026/9/12,09:31.5,2026-09-12T15:09:31.4750000+09:00,2026-09-12T06:09:31.4750000Z,,v3,,,,"Ogata, Mikito",1000326132,Right,WAS_EDA,68b0132d-87e2-40d3-98f6-d4205e099e55,16.64457,-36.223363,3.234151,1.575604,0.748607,-4.165016,-0.775985,1.066915,0.626542,,,,,,,,,,,,,,,,,,,,,,,,,,,,,,,,,,,,,,,,,,,,,,,,,,,High,High,High,,,,,
143,2026/9/12,10:03.0,4,1,"Takahashi, Koki",1000326144,Right,WAS_EDA,"Okumura, Ryota",1000419474,Left,HOS_HOS,Undefined,5,Bottom,1,0,0,Cutter,Slider,InPlay,Undefined,FlyBall,Out,1,0,,134.58634,-0.123809,-2.099597,2499.956159,134.268003,10:30,1.580748,0.779778,1.803772,-87.0629,13.6789,-11.0252,0.675075,0.075373,124.21938,-6.449246,-2.878552,0.453273,155.5795,35.07555,22.525725,3534.03363,30.440198,22.956108,14.054158,106.64662,105.827368,29.807934,5.792154,4.2957,7.9521,-0.727742,15.24,1.571725,1.408924,-37.044348,-0.418935,0.775484,6.867289,-8.371102,HOS_HOS,WAS_EDA,JinguStadium,NPM,NPME,20260912-JinguStadium-2,97ffcd10-ae70-11f1-af02-1b6488a193e9,133.82674,33.323417,,10.36697,,,,0.493209,0.688072,-0.066476,4ed8090d-1fa5-46f2-9d4d-cb8573cd7fba,2026/9/12,10:03.0,2026-09-12T15:10:02.9830000+09:00,2026-09-12T06:10:02.9830000Z,FlyBall,v3,,,,"Ogata, Mikito",1000326132,Right,WAS_EDA,3ea0b905-f609-453e-88be-9b5d569b1e5d,16.636401,-37.302315,3.433644,1.581556,-0.104478,-4.185551,-0.78012,1.379793,0.387742,197.177362,0.494921,32.636931,-7.723363,1.735968,-0.234418,0.004422,0.004157,-0.000596,2.60E-05,0.687161,24.848956,-5.189486,0.23763,-0.040059,0.004671,0.001087,-0.000314,2.00E-05,-0.066099,13.543445,-1.466462,0.20555,-0.017749,0.000284,-1.90E-05,2.60E-05,-2.00E-06,,,,,,,,,,,,,,,,,,,,,,,High,High,High,High,High,,,
144,2026/9/12,11:09.8,5,1,"Takahashi, Koki",1000326144,Right,WAS_EDA,"Sakai, Ryoya",1000323740,Left,HOS_HOS,Undefined,5,Bottom,2,0,0,Cutter,Slider,StrikeSwinging,Undefined,Undefined,Undefined,0,0,,134.70318,0.907731,-2.317312,2554.559933,139.578909,10:45,1.577366,0.755652,1.81306,-90.9268,10.3843,-6.1205,0.924941,0.038995,123.13679,-5.724591,-2.749698,0.454552,,,,,,,,,,,,1.4554,5.6824,-0.699037,15.24,1.593314,1.527728,-37.031941,0.230616,0.260481,7.405085,-8.789667,HOS_HOS,WAS_EDA,JinguStadium,NPM,NPME,20260912-JinguStadium-2,bfdc1dc0-ae70-11f1-af02-1b6488a193e9,133.45017,,,11.56639,,,,,,,4ed8090d-1fa5-46f2-9d4d-cb8573cd7fba,2026/9/12,11:09.8,2026-09-12T15:11:09.8380000+09:00,2026-09-12T06:11:09.8380000Z,,v3,,,,"Ogata, Mikito",1000326132,Right,WAS_EDA,606b6e37-2260-4d3d-a106-a0f689eecc15,16.626418,-37.308146,3.702543,1.578598,0.558465,-4.394833,-0.755839,1.518012,0.13024,,,,,,,,,,,,,,,,,,,,,,,,,,,,,,,,,,,,,,,,,,,,,,,,,,,High,High,High,,,,,
145,2026/9/12,11:33.6,5,2,"Takahashi, Koki",1000326144,Right,WAS_EDA,"Sakai, Ryoya",1000323740,Left,HOS_HOS,Undefined,5,Bottom,2,0,1,Fastball,Four-Seam,StrikeCalled,Undefined,Undefined,Undefined,0,0,,146.17911,-1.518933,-4.39932,2494.055875,222.891237,1:30,1.590972,0.697624,2.013985,-41.6198,42.1296,36.7177,0.749352,-0.165859,133.86935,-4.667448,-1.780071,0.413281,,,,,,,,,,,,-22.2286,23.9649,-0.607817,15.24,1.557177,2.91675,-40.158516,-1.195486,-4.705743,8.242808,-4.733324,HOS_HOS,WAS_EDA,JinguStadium,NPM,NPME,20260912-JinguStadium-2,ce076f80-ae70-11f1-af02-1b6488a193e9,146.77662,,,12.30976,,,,,,,4ed8090d-1fa5-46f2-9d4d-cb8573cd7fba,2026/9/12,11:33.6,2026-09-12T15:11:33.6460000+09:00,2026-09-12T06:11:33.6460000Z,,v3,,,,"Ogata, Mikito",1000326132,Right,WAS_EDA,77c6ae33-c483-46e9-a2f5-898cfe486b93,16.425838,-40.401184,4.121404,1.590321,-1.056137,-2.366662,-0.695725,3.055287,-2.352871,,,,,,,,,,,,,,,,,,,,,,,,,,,,,,,,,,,,,,,,,,,,,,,,,,,High,High,High,,,,,
146,2026/9/12,12:09.0,5,3,"Takahashi, Koki",1000326144,Right,WAS_EDA,"Sakai, Ryoya",1000323740,Left,HOS_HOS,Undefined,5,Bottom,2,0,2,Fastball,Four-Seam,BallCalled,Undefined,Undefined,Undefined,0,0,,149.26078,-0.979259,-2.155071,2520.604469,222.926963,1:30,1.602528,0.72445,1.936612,-38.8693,42.2762,36.9032,0.938893,0.488614,136.10156,-3.923979,0.473786,0.406805,,,,,,,,,,,,-20.6969,23.4836,-0.678742,15.24,1.578612,1.360482,-41.069652,-0.828121,-4.558097,9.068362,-4.634822,HOS_HOS,WAS_EDA,JinguStadium,NPM,NPME,20260912-JinguStadium-2,e313eca0-ae70-11f1-af02-1b6488a193e9,149.11307,,,13.15922,,,,,,,4ed8090d-1fa5-46f2-9d4d-cb8573cd7fba,2026/9/12,12:09.0,2026-09-12T15:12:08.9920000+09:00,2026-09-12T06:12:08.9920000Z,,v3,,,,"Ogata, Mikito",1000326132,Right,WAS_EDA,f9ae157a-3542-492e-8ac2-ebc0163bf622,16.503001,-41.347588,4.534181,1.601816,-0.686069,-2.317411,-0.72258,1.500183,-2.279048,,,,,,,,,,,,,,,,,,,,,,,,,,,,,,,,,,,,,,,,,,,,,,,,,,,High,High,High,,,,,
147,2026/9/12,12:36.9,5,4,"Takahashi, Koki",1000326144,Right,WAS_EDA,"Sakai, Ryoya",1000323740,Left,HOS_HOS,Undefined,5,Bottom,2,1,2,Fastball,Four-Seam,InPlay,Undefined,GroundBall,Out,1,0,,148.93614,-1.517233,-5.012094,2547.139548,219.719832,1:15,1.595821,0.701567,2.08336,-38.0998,41.9837,32.8173,0.791348,-0.367075,136.37586,-4.418432,-2.665006,0.404135,105.1513,-32.84975,30.253463,,,,,1.942533,1.942533,34.48653,0.064665,-20.8339,24.0757,-0.604703,15.24,1.56425,3.437194,-40.897778,-1.197378,-4.573735,8.560476,-4.521225,HOS_HOS,WAS_EDA,JinguStadium,NPM,NPME,20260912-JinguStadium-2,f3baecc0-ae70-11f1-af02-1b6488a193e9,150.09843,1.03034,,12.56028,,,,0.22275,1.03034,0.295915,4ed8090d-1fa5-46f2-9d4d-cb8573cd7fba,2026/9/12,12:36.9,2026-09-12T15:12:36.9140000+09:00,2026-09-12T06:12:36.9140000Z,GroundBall,v3,,,,"Ogata, Mikito",1000326132,Right,WAS_EDA,95067aaf-359d-4008-a849-19adc2054797,16.356664,-41.130847,4.280238,1.595175,-1.074283,-2.260612,-0.69998,3.561719,-2.286868,180,0.221503,21.315977,,,,,,,,1.031272,-15.93348,,,,,,,,0.295188,12.432837,,,,,,,,,,,,,,,,,,,,,,,,,,,,,,High,High,High,Low,High,,,
148,2026/9/12,17:19.9,1,1,"Sukegawa, Taishi",1000242144,Right,HOS_HOS,"Ouchi, Aoma",1000242767,Left,WAS_EDA,Undefined,6,Top,0,0,0,Cutter,Slider,BallCalled,Undefined,Undefined,Undefined,0,0,,136.6579,-1.18118,-2.609328,1427.753921,130.989409,10:15,1.464241,0.784609,1.934661,-79.6002,15.0912,-14.758,0.336441,-0.095586,128.34197,-6.965111,-3.659972,0.43945,,,,,,,,,,,,6.3451,9.2335,-0.726018,15.24,1.433494,1.780221,-37.674131,-1.069105,1.204844,5.89905,-8.053339,HOS_HOS,WAS_EDA,JinguStadium,NPM,NPME,20260912-JinguStadium-2,9c66db40-ae71-11f1-af02-1b6488a193e9,138.03607,,,8.31592,,,,,,,4ed8090d-1fa5-46f2-9d4d-cb8573cd7fba,2026/9/12,17:19.9,2026-09-12T15:17:19.8630000+09:00,2026-09-12T06:17:19.8630000Z,,v3,,,,"Inoue, Kazuki",1000424351,Right,HOS_HOS,e50e055a-d7a2-4f2f-be8b-66de61c20ee9,16.506079,-37.871856,2.949525,1.464804,-0.799173,-4.02667,-0.785011,1.739837,0.602422,,,,,,,,,,,,,,,,,,,,,,,,,,,,,,,,,,,,,,,,,,,,,,,,,,,High,High,High,,,,,
149,2026/9/12,17:32.2,1,2,"Sukegawa, Taishi",1000242144,Right,HOS_HOS,"Ouchi, Aoma",1000242767,Left,WAS_EDA,Undefined,6,Top,0,1,0,Cutter,Slider,StrikeCalled,Undefined,Undefined,Undefined,0,0,,134.67771,-0.788117,-1.877382,2754.87002,145.274634,10:45,1.460934,0.786612,1.892208,-74.3266,23.8028,-14.8048,0.495826,0.110241,125.99195,-6.206675,-2.929186,0.447357,,,,,,,,,,,,6.6613,13.6033,-0.742801,15.24,1.438357,1.282271,-37.130674,-0.781727,1.226219,5.869491,-7.302529,HOS_HOS,WAS_EDA,JinguStadium,NPM,NPME,20260912-JinguStadium-2,a3c76fd0-ae71-11f1-af02-1b6488a193e9,135.59642,,,8.68576,,,,,,,4ed8090d-1fa5-46f2-9d4d-cb8573cd7fba,2026/9/12,17:32.2,2026-09-12T15:17:32.2460000+09:00,2026-09-12T06:17:32.2460000Z,,v3,,,,"Inoue, Kazuki",1000424351,Right,HOS_HOS,861d860d-0e1c-47c3-a2a7-7be8427e744d,16.548152,-37.33689,2.934745,1.461314,-0.525163,-3.651265,-0.787094,1.23919,0.61311,,,,,,,,,,,,,,,,,,,,,,,,,,,,,,,,,,,,,,,,,,,,,,,,,,,High,High,High,,,,,
150,2026/9/12,17:45.3,1,3,"Sukegawa, Taishi",1000242144,Right,HOS_HOS,"Ouchi, Aoma",1000242767,Left,WAS_EDA,Undefined,6,Top,0,1,1,Slider,Curveball,StrikeSwinging,Undefined,Undefined,Undefined,0,0,,122.5347,1.054906,-1.388653,2735.40873,61.707614,8:00,1.514925,0.724758,1.824183,-139.2271,-17.3804,-39.0735,0.420787,-0.05835,113.17285,-8.989072,-4.157176,0.498496,,,,,,,,,,,,19.1353,-8.6154,-0.688771,15.24,1.53108,0.983004,-33.740417,0.109286,2.844774,6.110692,-11.087476,HOS_HOS,WAS_EDA,JinguStadium,NPM,NPME,20260912-JinguStadium-2,ab9e93f0-ae71-11f1-af02-1b6488a193e9,121.68608,,,9.36184,,,,,,,4ed8090d-1fa5-46f2-9d4d-cb8573cd7fba,2026/9/12,17:45.3,2026-09-12T15:17:45.3360000+09:00,2026-09-12T06:17:45.3360000Z,,v3,,,,"Inoue, Kazuki",1000424351,Right,HOS_HOS,7db7d703-3dca-4a10-bcf4-46fb286e799b,16.616689,-33.988833,3.055346,1.517476,0.560022,-5.543738,-0.726382,0.867356,1.422387,,,,,,,,,,,,,,,,,,,,,,,,,,,,,,,,,,,,,,,,,,,,,,,,,,,High,High,High,,,,,
151,2026/9/12,18:00.6,1,4,"Sukegawa, Taishi",1000242144,Right,HOS_HOS,"Ouchi, Aoma",1000242767,Left,WAS_EDA,Undefined,6,Top,0,1,2,Cutter,Cutter,StrikeSwinging,Strikeout,Undefined,Undefined,0,0,,140.38061,-0.002009,-1.527389,2761.420957,167.843209,11:30,1.444227,0.791742,1.895927,-58.8711,31.2799,-6.2594,0.854951,0.299469,130.99814,-4.329139,-1.972148,0.428785,,,,,,,,,,,,2.4152,16.9845,-0.756549,15.24,1.440573,1.061167,-38.714076,-0.216505,0.483857,6.296972,-6.404034,HOS_HOS,WAS_EDA,JinguStadium,NPM,NPME,20260912-JinguStadium-2,b4b67570-ae71-11f1-af02-1b6488a193e9,141.46936,,,9.38247,,,,,,,4ed8090d-1fa5-46f2-9d4d-cb8573cd7fba,2026/9/12,18:00.6,2026-09-12T15:18:00.6480000+09:00,2026-09-12T06:18:00.6480000Z,,v3,,,,"Inoue, Kazuki",1000424351,Right,HOS_HOS,c3e089f1-4cad-4b01-a189-829d6ca9cd3d,16.544309,-38.925648,3.148486,1.444232,-0.001336,-3.202017,-0.79193,1.044911,0.241928,,,,,,,,,,,,,,,,,,,,,,,,,,,,,,,,,,,,,,,,,,,,,,,,,,,High,High,High,,,,,
152,2026/9/12,18:23.9,2,1,"Sukegawa, Taishi",1000242144,Right,HOS_HOS,"Izakura, Yuto",1000242781,Left,WAS_EDA,Undefined,6,Top,1,0,0,Cutter,Slider,BallCalled,Undefined,Undefined,Undefined,0,0,,135.02897,-0.857359,-2.48366,2831.314083,133.886158,10:30,1.471062,0.772331,1.915261,-79.6368,17.6157,-15.8723,0.433607,-0.084519,126.66632,-6.647347,-3.612262,0.445354,,,,,,,,,,,,6.9591,10.3949,-0.715596,15.24,1.447065,1.682965,-37.225685,-0.848117,1.289472,5.797531,-7.880556,HOS_HOS,WAS_EDA,JinguStadium,NPM,NPME,20260912-JinguStadium-2,c294dfb0-ae71-11f1-af02-1b6488a193e9,136.20634,,,8.36265,,,,,,,4ed8090d-1fa5-46f2-9d4d-cb8573cd7fba,2026/9/12,18:23.9,2026-09-12T15:18:23.9100000+09:00,2026-09-12T06:18:23.9100000Z,,v3,,,,"Inoue, Kazuki",1000424351,Right,HOS_HOS,8f1bc750-5519-4847-9cf9-a028b0fb9945,16.525378,-37.425335,2.898765,1.471599,-0.576734,-3.940278,-0.772787,1.638559,0.644736,,,,,,,,,,,,,,,,,,,,,,,,,,,,,,,,,,,,,,,,,,,,,,,,,,,High,High,High,,,,,
153,2026/9/12,18:36.6,2,2,"Sukegawa, Taishi",1000242144,Right,HOS_HOS,"Izakura, Yuto",1000242781,Left,WAS_EDA,Undefined,6,Top,1,1,0,Cutter,Slider,StrikeCalled,Undefined,Undefined,Undefined,0,0,,136.5014,-0.849979,-2.328932,2835.152218,148.82966,11:00,1.475506,0.821561,1.898795,-72.6436,22.9677,-12.4343,0.509842,0.041963,127.53776,-6.148797,-3.21219,0.44158,,,,,,,,,,,,5.1698,13.1968,-0.767821,15.24,1.451748,1.58507,-37.620405,-0.825249,0.975611,6.122493,-7.316227,HOS_HOS,WAS_EDA,JinguStadium,NPM,NPME,20260912-JinguStadium-2,ca222990-ae71-11f1-af02-1b6488a193e9,137.37039,,,8.96364,,,,,,,4ed8090d-1fa5-46f2-9d4d-cb8573cd7fba,2026/9/12,18:36.6,2026-09-12T15:18:36.6010000+09:00,2026-09-12T06:18:36.6010000Z,,v3,,,,"Inoue, Kazuki",1000424351,Right,HOS_HOS,98aaa4ca-00d3-4075-a9d2-dc2296b2dd10,16.541622,-37.831643,3.061246,1.475866,-0.572825,-3.658113,-0.821928,1.55141,0.487805,,,,,,,,,,,,,,,,,,,,,,,,,,,,,,,,,,,,,,,,,,,,,,,,,,,High,High,High,,,,,
154,2026/9/12,18:50.1,2,3,"Sukegawa, Taishi",1000242144,Right,HOS_HOS,"Izakura, Yuto",1000242781,Left,WAS_EDA,Undefined,6,Top,1,1,1,Cutter,Slider,FoulBallNotFieldable,Undefined,Undefined,Undefined,0,0,,135.3139,0.316235,-2.087275,2795.611736,142.231157,10:45,1.480034,0.737935,1.890022,-73.2574,24.1771,-16.8256,0.836494,-0.01784,126.12695,-5.04087,-3.281463,0.44577,100.53946,28.778678,-157.682192,4007.197944,-31.707599,5.80791,-10.897451,45.657229,21.471289,-161.74926,2.199432,7.5855,13.1479,-0.689095,15.24,1.482774,1.433426,-37.299366,-0.060595,1.405819,6.086105,-7.369967,HOS_HOS,WAS_EDA,JinguStadium,NPM,NPME,20260912-JinguStadium-2,d2334970-ae71-11f1-af02-1b6488a193e9,136.07912,7.250294,,9.18694,,,,0.09317,0.781705,0.054768,4ed8090d-1fa5-46f2-9d4d-cb8573cd7fba,2026/9/12,18:50.1,2026-09-12T15:18:50.1230000+09:00,2026-09-12T06:18:50.1230000Z,FlyBall,v3,,,,"Inoue, Kazuki",1000424351,Right,HOS_HOS,fbdfd810-60f7-4e60-8738-8543a87cf5e2,16.550435,-37.512579,3.043052,1.480374,0.197595,-3.684984,-0.738449,1.384176,0.702909,32.815905,0.093186,-22.645981,0.931681,0.253649,0.035802,-0.158249,0.11926,-0.038426,0.004604,0.781714,13.44457,-7.821227,1.003691,-0.172444,0.008744,0.003408,0.00086,-0.000385,0.054769,-9.295698,1.922544,-0.489006,0.15489,-0.084144,0.052223,-0.01815,0.002387,,,,,,,,,,,,,,,,,,,,,,,High,High,High,High,Medium,,,
155,2026/9/12,19:10.5,2,4,"Sukegawa, Taishi",1000242144,Right,HOS_HOS,"Izakura, Yuto",1000242781,Left,WAS_EDA,Undefined,6,Top,1,1,2,Cutter,Slider,BallCalled,Undefined,Undefined,Undefined,0,0,,137.43447,0.511567,-0.821984,2771.90317,145.983895,10:45,1.441902,0.777733,1.838786,-68.2943,27.4543,-16.7194,0.903365,0.378521,126.8922,-4.501921,-2.00629,0.441897,,,,,,,,,,,,8.0772,14.6726,-0.757111,15.24,1.449606,0.62236,-37.858722,0.081476,1.529603,6.860813,-7.028057,HOS_HOS,WAS_EDA,JinguStadium,NPM,NPME,20260912-JinguStadium-2,de569630-ae71-11f1-af02-1b6488a193e9,137.27184,,,10.54227,,,,,,,4ed8090d-1fa5-46f2-9d4d-cb8573cd7fba,2026/9/12,19:10.4,2026-09-12T15:19:10.4570000+09:00,2026-09-12T06:19:10.4570000Z,,v3,,,,"Inoue, Kazuki",1000424351,Right,HOS_HOS,6888bc52-c4ba-457b-ada3-c47bc486ba5a,16.601007,-38.104568,3.430406,1.442175,0.333314,-3.514028,-0.778431,0.56755,0.764801,,,,,,,,,,,,,,,,,,,,,,,,,,,,,,,,,,,,,,,,,,,,,,,,,,,High,High,High,,,,,
156,2026/9/12,19:24.6,2,5,"Sukegawa, Taishi",1000242144,Right,HOS_HOS,"Izakura, Yuto",1000242781,Left,WAS_EDA,Undefined,6,Top,1,2,2,Slider,Curveball,BallCalled,Undefined,Undefined,Undefined,0,1,,121.2673,0.272169,-0.254919,2785.822062,82.615322,8:45,1.437468,0.741104,1.755988,-130.24,-3.4445,-59.5714,0.212282,0.073071,110.87373,-9.130081,-4.461816,0.508518,,,,,,,,,,,,30.2344,-0.7529,-0.730255,15.24,1.434881,0.406969,-33.354381,-0.324014,4.341065,6.615125,-9.914744,HOS_HOS,WAS_EDA,JinguStadium,NPM,NPME,20260912-JinguStadium-2,e6c7fe80-ae71-11f1-af02-1b6488a193e9,119.28773,,,10.39357,,,,,,,4ed8090d-1fa5-46f2-9d4d-cb8573cd7fba,2026/9/12,19:24.6,2026-09-12T15:19:24.5850000+09:00,2026-09-12T06:19:24.5850000Z,,v3,,,,"Inoue, Kazuki",1000424351,Right,HOS_HOS,1b60babd-39ee-4a66-9d7d-c5d70dc1fa5e,16.684413,-33.639629,3.307563,1.439635,0.103517,-4.957372,-0.743768,0.21978,2.170533,,,,,,,,,,,,,,,,,,,,,,,,,,,,,,,,,,,,,,,,,,,,,,,,,,,High,High,High,,,,,
157,2026/9/12,19:41.9,2,6,"Sukegawa, Taishi",1000242144,Right,HOS_HOS,"Izakura, Yuto",1000242781,Left,WAS_EDA,Undefined,6,Top,1,3,2,Cutter,Slider,InPlay,Undefined,FlyBall,Out,1,0,,135.03936,1.117455,-2.13543,2738.778888,139.684472,10:45,1.455906,0.758924,1.898822,-78.5888,19.0532,-14.1136,0.984503,0.01703,125.9007,-4.624171,-3.13742,0.446245,125.50771,22.506326,-11.32165,2631.726414,32.246858,9.687996,-9.1792,72.872256,70.099206,-21.048062,2.989277,6.1606,10.0317,-0.709491,15.24,1.476578,1.449833,-37.221851,0.438679,1.138503,5.967525,-7.952737,HOS_HOS,WAS_EDA,JinguStadium,NPM,NPME,20260912-JinguStadium-2,f10f1130-ae71-11f1-af02-1b6488a193e9,135.93439,9.878896,,9.13866,,,,0.072316,0.937332,0.003443,4ed8090d-1fa5-46f2-9d4d-cb8573cd7fba,2026/9/12,19:41.9,2026-09-12T15:19:41.9050000+09:00,2026-09-12T06:19:41.9050000Z,LineDrive,v3,,,,"Inoue, Kazuki",1000424351,Right,HOS_HOS,647b9307-6b19-4048-963d-1d9088f9c2d8,16.54166,-37.429955,2.983763,1.456445,0.716013,-3.976369,-0.759358,1.410131,0.569251,117.920462,0.072252,31.583974,-4.542717,0.91445,-0.249792,0.092909,-0.033099,0.006921,-0.000578,0.93738,13.343122,-5.372941,0.295675,0.02803,-0.044007,0.019979,-0.004073,0.000312,0.003434,-6.322595,-1.789745,0.663834,-0.198094,0.050336,-0.011652,0.001851,-0.000133,,,,,,,,,,,,,,,,,,,,,,,High,High,High,High,High,,,
158,2026/9/12,20:15.8,3,1,"Sukegawa, Taishi",1000242144,Right,HOS_HOS,"Yamane, Juntaro",1000242780,Right,WAS_EDA,Undefined,6,Top,2,0,0,Slider,Curveball,StrikeCalled,Undefined,Undefined,Undefined,0,0,,118.58824,2.849263,-0.257742,2722.736136,71.413716,8:30,1.493087,0.720847,1.925967,-143.5834,-13.9552,-54.0706,0.85778,0.107786,108.23403,-7.638967,-4.109058,0.514167,,,,,,,,,,,,27.7707,-8.0651,-0.712266,15.24,1.548663,0.365333,-32.621924,1.137643,3.826426,6.160544,-10.917912,HOS_HOS,WAS_EDA,JinguStadium,NPM,NPME,20260912-JinguStadium-2,0548fc10-ae72-11f1-af02-1b6488a193e9,117.97714,,,10.35421,,,,,,,4ed8090d-1fa5-46f2-9d4d-cb8573cd7fba,2026/9/12,20:15.8,2026-09-12T15:20:15.7680000+09:00,2026-09-12T06:20:15.7680000Z,,v3,,,,"Inoue, Kazuki",1000424351,Right,HOS_HOS,b48bcc31-0e4f-4774-baee-abd3c1ca199b,16.514613,-32.861749,3.080272,1.496103,1.562669,-5.458956,-0.723589,0.216373,1.913213,,,,,,,,,,,,,,,,,,,,,,,,,,,,,,,,,,,,,,,,,,,,,,,,,,,High,High,High,,,,,
159,2026/9/12,20:27.5,3,2,"Sukegawa, Taishi",1000242144,Right,HOS_HOS,"Yamane, Juntaro",1000242780,Right,WAS_EDA,Undefined,6,Top,2,0,1,Cutter,Slider,InPlay,Undefined,FlyBall,Out,1,0,,135.94138,0.469015,-2.299519,2847.635556,136.709611,10:30,1.474331,0.769043,1.895482,-73.7853,22.6332,-19.0612,0.868501,-0.068673,126.82182,-4.923316,-3.652241,0.44344,147.78653,47.847593,-16.107544,4296.313826,31.674177,35.692864,-10.994133,83.770422,83.195099,-20.424815,6.235106,8.6731,12.2384,-0.715416,15.24,1.480522,1.58806,-37.472594,0.037497,1.623507,6.091339,-7.51576,HOS_HOS,WAS_EDA,JinguStadium,NPM,NPME,20260912-JinguStadium-2,0c3487b0-ae72-11f1-af02-1b6488a193e9,136.79416,42.397083,,9.11956,,,,0.489648,0.875659,0.061239,4ed8090d-1fa5-46f2-9d4d-cb8573cd7fba,2026/9/12,20:27.5,2026-09-12T15:20:27.4850000+09:00,2026-09-12T06:20:27.4850000Z,FlyBall,v3,,,,"Inoue, Kazuki",1000424351,Right,HOS_HOS,28a87a66-8c60-4234-ae87-7e2ab72d96c9,16.545128,-37.684151,3.045669,1.474686,0.298526,-3.75788,-0.769591,1.531674,0.811754,169.024385,0.488238,26.483805,-7.4587,2.159722,-0.472288,0.073032,-0.006801,0.00032,-6.00E-06,0.874354,30.459285,-6.546789,0.431975,-0.041726,0.000987,0.001678,-0.000388,2.50E-05,0.060757,-7.635735,0.76336,-0.002099,-0.041164,0.012972,-0.001814,0.000105,-1.00E-06,,,,,,,,,,,,,,,,,,,,,,,High,High,High,High,Medium,,,
160,2026/9/12,22:27.6,1,1,"Takahashi, Koki",1000326144,Right,WAS_EDA,"Tadaishi, Kanta",1000424355,Right,HOS_HOS,Undefined,6,Bottom,0,0,0,Slider,Slider,BallCalled,Undefined,Undefined,Undefined,0,0,,129.1618,-0.315656,-2.308186,2606.877387,88.323688,9:00,1.620521,0.750493,1.845727,-106.0993,2.0028,-28.9683,0.4704,-0.19074,120.54754,-7.972387,-4.360411,0.469539,,,,,,,,,,,,13.5643,2.1317,-0.693976,15.24,1.606179,1.560114,-35.583451,-0.59407,2.274913,5.901997,-9.449142,HOS_HOS,WAS_EDA,JinguStadium,NPM,NPME,20260912-JinguStadium-2,53dc7e60-ae72-11f1-af02-1b6488a193e9,129.19054,,,8.61426,,,,,,,4ed8090d-1fa5-46f2-9d4d-cb8573cd7fba,2026/9/12,22:27.6,2026-09-12T15:22:27.6330000+09:00,2026-09-12T06:22:27.6330000Z,,v3,,,,"Ogata, Mikito",1000326132,Right,WAS_EDA,9c4190b5-2c53-4366-b4b1-91de814cefee,16.594878,-35.80747,2.950998,1.621922,-0.235413,-4.724571,-0.751554,1.473766,1.137457,,,,,,,,,,,,,,,,,,,,,,,,,,,,,,,,,,,,,,,,,,,,,,,,,,,High,High,High,,,,,
161,2026/9/12,22:39.8,1,2,"Takahashi, Koki",1000326144,Right,WAS_EDA,"Tadaishi, Kanta",1000424355,Right,HOS_HOS,Undefined,6,Bottom,0,1,0,Cutter,Slider,StrikeSwinging,Undefined,Undefined,Undefined,0,0,,134.62928,-0.403126,-2.446026,2723.223122,64.619828,8:15,1.602789,0.768318,1.831965,-101.0183,-1.052,-8.0375,0.478671,-0.003151,125.04249,-7.699858,-3.015179,0.451525,,,,,,,,,,,,2.6176,0.4442,-0.709247,15.24,1.5864,1.619814,-37.074285,-0.657625,0.475102,6.619306,-9.726031,HOS_HOS,WAS_EDA,JinguStadium,NPM,NPME,20260912-JinguStadium-2,5b0f9a50-ae72-11f1-af02-1b6488a193e9,134.34479,,,9.58679,,,,,,,4ed8090d-1fa5-46f2-9d4d-cb8573cd7fba,2026/9/12,22:39.8,2026-09-12T15:22:39.7620000+09:00,2026-09-12T06:22:39.7620000Z,,v3,,,,"Ogata, Mikito",1000326132,Right,WAS_EDA,a671aa48-e66f-4497-9e38-763a75ecb9b0,16.608687,-37.317852,3.309653,1.604014,-0.299741,-4.863015,-0.768528,1.602332,0.237551,,,,,,,,,,,,,,,,,,,,,,,,,,,,,,,,,,,,,,,,,,,,,,,,,,,High,High,High,,,,,
162,2026/9/12,22:56.1,1,3,"Takahashi, Koki",1000326144,Right,WAS_EDA,"Tadaishi, Kanta",1000424355,Right,HOS_HOS,Undefined,6,Bottom,0,1,1,Fastball,Four-Seam,StrikeCalled,Undefined,Undefined,Undefined,0,0,,147.99674,-2.183382,-3.994711,2647.135995,211.443927,1:00,1.598491,0.695891,1.988702,-31.6814,50.4668,29.2539,0.669354,-0.130425,135.22805,-4.618825,-1.910281,0.409311,,,,,,,,,,,,-18.0641,28.7367,-0.612506,15.24,1.550316,2.697087,-40.646843,-1.638114,-3.908099,8.645878,-3.589588,HOS_HOS,WAS_EDA,JinguStadium,NPM,NPME,20260912-JinguStadium-2,64c828a0-ae72-11f1-af02-1b6488a193e9,148.20019,,,12.76869,,,,,,,4ed8090d-1fa5-46f2-9d4d-cb8573cd7fba,2026/9/12,22:56.1,2026-09-12T15:22:56.0770000+09:00,2026-09-12T06:22:56.0770000Z,,v3,,,,"Ogata, Mikito",1000326132,Right,WAS_EDA,7f7b2df5-0fdc-4a3f-b0e6-4099f548cb8f,16.450933,-40.903606,4.322939,1.597382,-1.531511,-1.794794,-0.694326,2.813148,-1.954049,,,,,,,,,,,,,,,,,,,,,,,,,,,,,,,,,,,,,,,,,,,,,,,,,,,High,High,High,,,,,
163,2026/9/12,23:11.7,1,4,"Takahashi, Koki",1000326144,Right,WAS_EDA,"Tadaishi, Kanta",1000424355,Right,HOS_HOS,Undefined,6,Bottom,0,1,2,Fastball,Four-Seam,BallCalled,Undefined,Undefined,Undefined,0,0,,148.47735,-2.647537,-4.657705,2493.08771,210.281364,1:00,1.634724,0.644863,2.017668,-34.0285,47.52,26.2134,0.552471,-0.395954,135.67613,-5.249921,-2.789461,0.407814,,,,,,,,,,,,-17.0438,27.6507,-0.549518,15.24,1.577949,3.19436,-40.734683,-1.984749,-3.700943,8.735808,-3.802502,HOS_HOS,WAS_EDA,JinguStadium,NPM,NPME,20260912-JinguStadium-2,6e159910-ae72-11f1-af02-1b6488a193e9,148.74417,,,12.80121,,,,,,,4ed8090d-1fa5-46f2-9d4d-cb8573cd7fba,2026/9/12,23:11.7,2026-09-12T15:23:11.6820000+09:00,2026-09-12T06:23:11.6820000Z,,v3,,,,"Ogata, Mikito",1000326132,Right,WAS_EDA,64efd0c2-630c-47ec-a2b2-951006a2c035,16.422041,-40.987395,4.367904,1.633773,-1.874749,-1.901251,-0.643474,3.301422,-1.850472,,,,,,,,,,,,,,,,,,,,,,,,,,,,,,,,,,,,,,,,,,,,,,,,,,,High,High,High,,,,,
164,2026/9/12,23:30.0,1,5,"Takahashi, Koki",1000326144,Right,WAS_EDA,"Tadaishi, Kanta",1000424355,Right,HOS_HOS,Undefined,6,Bottom,0,2,2,Fastball,Four-Seam,StrikeSwinging,Strikeout,Undefined,Undefined,0,0,,149.96248,-1.226315,-3.053891,2484.202892,211.650737,1:00,1.593133,0.71823,1.968238,-32.4236,47.7256,27.8339,0.925004,0.140709,136.72274,-3.714501,-1.069935,0.4043,,,,,,,,,,,,-16.6417,26.5442,-0.653723,15.24,1.564799,2.060804,-41.233847,-0.975261,-3.697378,9.07295,-3.909177,HOS_HOS,WAS_EDA,JinguStadium,NPM,NPME,20260912-JinguStadium-2,7901ec70-ae72-11f1-af02-1b6488a193e9,150.03693,,,13.23974,,,,,,,4ed8090d-1fa5-46f2-9d4d-cb8573cd7fba,2026/9/12,23:30.0,2026-09-12T15:23:30.0100000+09:00,2026-09-12T06:23:30.0100000Z,,v3,,,,"Ogata, Mikito",1000326132,Right,WAS_EDA,1e3af7d8-e1e6-4b23-9806-868b3144fbd9,16.471182,-41.503868,4.536475,1.592093,-0.858919,-1.954589,-0.716692,2.170842,-1.848689,,,,,,,,,,,,,,,,,,,,,,,,,,,,,,,,,,,,,,,,,,,,,,,,,,,High,High,High,,,,,
165,2026/9/12,23:57.3,2,1,"Takahashi, Koki",1000326144,Right,WAS_EDA,"Inoue, Kazuki",1000424351,Left,HOS_HOS,Undefined,6,Bottom,1,0,0,Curveball,Curveball,StrikeCalled,Undefined,Undefined,Undefined,0,0,,112.11967,3.720038,-0.447285,2786.619964,62.815174,8:00,1.543948,0.759913,1.882872,-169.389,-23.2556,-54.6023,0.89867,0.087987,102.39723,-8.596325,-4.32492,0.54592,,,,,,,,,,,,27.6255,-13.2007,-0.746552,15.24,1.619778,0.456107,-30.814713,1.441054,3.393343,5.538007,-11.428138,HOS_HOS,WAS_EDA,JinguStadium,NPM,NPME,20260912-JinguStadium-2,895f3960-ae72-11f1-af02-1b6488a193e9,111.1151,,,9.72244,,,,,,,4ed8090d-1fa5-46f2-9d4d-cb8573cd7fba,2026/9/12,23:57.3,2026-09-12T15:23:57.2880000+09:00,2026-09-12T06:23:57.2880000Z,,v3,,,,"Ogata, Mikito",1000326132,Right,WAS_EDA,c8223e15-b0d4-439a-bafc-175de8f2ecbe,16.558077,-31.050693,2.769004,1.547998,1.92802,-5.714069,-0.762907,0.311513,1.696672,,,,,,,,,,,,,,,,,,,,,,,,,,,,,,,,,,,,,,,,,,,,,,,,,,,High,High,High,,,,,
166,2026/9/12,24:09.7,2,2,"Takahashi, Koki",1000326144,Right,WAS_EDA,"Inoue, Kazuki",1000424351,Left,HOS_HOS,Undefined,6,Bottom,1,0,1,OneSeam,Changeup,BallCalled,Undefined,Undefined,Undefined,0,0,,142.52346,-2.233002,-3.752664,1594.335271,210.317496,1:00,1.551918,0.801339,1.866561,-46.3821,42.6424,23.4401,0.457251,-0.023131,131.75718,-5.675011,-2.094073,0.426098,,,,,,,,,,,,-14.4152,24.2216,-0.715161,15.24,1.496762,2.455665,-39.166553,-1.691995,-2.927875,7.180601,-4.886994,HOS_HOS,WAS_EDA,JinguStadium,NPM,NPME,20260912-JinguStadium-2,90b3c000-ae72-11f1-af02-1b6488a193e9,142.36165,,,10.76628,,,,,,,4ed8090d-1fa5-46f2-9d4d-cb8573cd7fba,2026/9/12,24:09.7,2026-09-12T15:24:09.7480000+09:00,2026-09-12T06:24:09.7480000Z,,v3,,,,"Ogata, Mikito",1000326132,Right,WAS_EDA,cd5aad97-127a-48df-9162-a8e0958f3491,16.573367,-39.410248,3.590301,1.551371,-1.526141,-2.443497,-0.800187,2.555031,-1.463937,,,,,,,,,,,,,,,,,,,,,,,,,,,,,,,,,,,,,,,,,,,,,,,,,,,High,High,High,,,,,
167,2026/9/12,24:25.0,2,3,"Takahashi, Koki",1000326144,Right,WAS_EDA,"Inoue, Kazuki",1000424351,Left,HOS_HOS,Undefined,6,Bottom,1,1,1,OneSeam,Changeup,StrikeCalled,Undefined,Undefined,Undefined,0,0,,138.56671,-1.70399,-3.542618,1567.611149,211.22791,1:00,1.58186,0.747066,1.944324,-50.0758,43.1956,24.5531,0.60224,-0.002037,127.96735,-5.437876,-1.79615,0.436143,,,,,,,,,,,,-15.0102,24.4534,-0.670469,15.24,1.541488,2.247609,-38.108159,-1.297783,-2.882002,6.903448,-5.111525,HOS_HOS,WAS_EDA,JinguStadium,NPM,NPME,20260912-JinguStadium-2,99d2f480-ae72-11f1-af02-1b6488a193e9,139.08282,,,10.59937,,,,,,,4ed8090d-1fa5-46f2-9d4d-cb8573cd7fba,2026/9/12,24:25.0,2026-09-12T15:24:25.0190000+09:00,2026-09-12T06:24:25.0190000Z,,v3,,,,"Ogata, Mikito",1000326132,Right,WAS_EDA,4d5e740c-ca53-43c4-b21a-ea5ab584b895,16.495532,-38.334929,3.451724,1.58136,-1.129875,-2.555762,-0.745855,2.342279,-1.441001,,,,,,,,,,,,,,,,,,,,,,,,,,,,,,,,,,,,,,,,,,,,,,,,,,,High,High,High,,,,,
168,2026/9/12,24:39.9,2,4,"Takahashi, Koki",1000326144,Right,WAS_EDA,"Inoue, Kazuki",1000424351,Left,HOS_HOS,Undefined,6,Bottom,1,1,2,Cutter,Slider,BallCalled,Undefined,Undefined,Undefined,0,0,,133.20628,-1.46155,-2.136773,2616.028276,70.135595,8:15,1.560246,0.755548,1.894689,-107.1731,-5.0465,-22.3576,0.077048,-0.069319,123.3052,-9.210833,-3.728236,0.456378,,,,,,,,,,,,10.1871,-0.7728,-0.705432,15.24,1.520424,1.465408,-36.665937,-1.340784,1.79262,7.063168,-9.94264,HOS_HOS,WAS_EDA,JinguStadium,NPM,NPME,20260912-JinguStadium-2,a2a7d990-ae72-11f1-af02-1b6488a193e9,132.91627,,,9.90108,,,,,,,4ed8090d-1fa5-46f2-9d4d-cb8573cd7fba,2026/9/12,24:39.9,2026-09-12T15:24:39.8680000+09:00,2026-09-12T06:24:39.8680000Z,,v3,,,,"Ogata, Mikito",1000326132,Right,WAS_EDA,2bb91038-695f-4a45-acf2-c5c9c87ddd6b,16.545826,-36.916629,3.531584,1.56175,-0.987892,-4.97132,-0.756315,1.401783,0.89631,,,,,,,,,,,,,,,,,,,,,,,,,,,,,,,,,,,,,,,,,,,,,,,,,,,High,High,High,,,,,
169,2026/9/12,25:00.0,2,5,"Takahashi, Koki",1000326144,Right,WAS_EDA,"Inoue, Kazuki",1000424351,Left,HOS_HOS,Undefined,6,Bottom,1,2,2,Cutter,Slider,InPlay,Undefined,FlyBall,Out,1,0,,133.1814,-0.022279,-1.464012,2527.876775,70.721898,8:15,1.537941,0.761686,1.817745,-104.6087,-2.7141,-15.5041,0.485556,0.192804,124.05088,-7.569414,-2.561953,0.455859,150.92358,23.205368,-11.625473,2681.044561,32.467894,13.222921,-8.36356,109.06851,106.638739,-20.349442,4.448983,7.138,-0.6538,-0.725237,15.24,1.530272,1.007519,-36.708053,-0.42525,1.274285,6.266245,-9.923363,HOS_HOS,WAS_EDA,JinguStadium,NPM,NPME,20260912-JinguStadium-2,aead3e10-ae72-11f1-af02-1b6488a193e9,133.06757,18.217224,,9.13052,,,,0.3034,0.476761,-0.187269,4ed8090d-1fa5-46f2-9d4d-cb8573cd7fba,2026/9/12,25:00.0,2026-09-12T15:25:00.0420000+09:00,2026-09-12T06:25:00.0420000Z,LineDrive,v3,,,,"Ogata, Mikito",1000326132,Right,WAS_EDA,7440d96b-f825-4bf2-8838-c149a988df4d,16.62304,-36.94339,3.133122,1.539245,-0.052565,-4.961682,-0.762177,0.959662,0.637143,155.123409,0.303388,37.741302,-7.105,1.626454,-0.320116,0.060624,-0.010932,0.001394,-7.90E-05,0.476881,16.516429,-3.737989,-0.148169,0.084741,-0.031415,0.008495,-0.00119,6.40E-05,-0.187204,-7.766385,-0.499732,0.176259,-0.038864,0.004959,-0.000292,-3.00E-06,1.00E-06,,,,,,,,,,,,,,,,,,,,,,,High,High,High,High,Medium,,,
170,2026/9/12,25:32.8,3,1,"Takahashi, Koki",1000326144,Right,WAS_EDA,"Kawasaki, Hiroto",1000242159,Right,HOS_HOS,Undefined,6,Bottom,2,0,0,Fastball,Four-Seam,StrikeCalled,Undefined,Undefined,Undefined,0,0,,147.64107,-2.10177,-3.634931,2510.221955,216.861922,1:15,1.606037,0.720359,2.011709,-37.599,44.565,31.4695,0.641726,0.018714,135.10104,-4.959998,-1.387281,0.409351,,,,,,,,,,,,-19.0328,25.6699,-0.646135,15.24,1.560257,2.428704,-40.577894,-1.603685,-4.106102,8.569038,-4.268682,HOS_HOS,WAS_EDA,JinguStadium,NPM,NPME,20260912-JinguStadium-2,c2387260-ae72-11f1-af02-1b6488a193e9,148.18597,,,12.54003,,,,,,,4ed8090d-1fa5-46f2-9d4d-cb8573cd7fba,2026/9/12,25:32.8,2026-09-12T15:25:32.8410000+09:00,2026-09-12T06:25:32.8410000Z,,v3,,,,"Ogata, Mikito",1000326132,Right,WAS_EDA,692b5f4b-0b0a-45f7-b5b7-f4c0df7cb729,16.428067,-40.828013,4.284519,1.605248,-1.479087,-2.134341,-0.718775,2.548556,-2.053051,,,,,,,,,,,,,,,,,,,,,,,,,,,,,,,,,,,,,,,,,,,,,,,,,,,High,High,High,,,,,
171,2026/9/12,25:44.5,3,2,"Takahashi, Koki",1000326144,Right,WAS_EDA,"Kawasaki, Hiroto",1000242159,Right,HOS_HOS,Undefined,6,Bottom,2,0,1,Curveball,Curveball,BallCalled,Undefined,Undefined,Undefined,0,0,,112.344,1.427613,-2.648106,2753.701097,65.550334,8:15,1.518027,0.776052,1.806422,-165.7941,-19.0885,-52.2016,0.264346,-0.495413,103.60953,-10.496173,-6.335476,0.546988,,,,,,,,,,,,24.7699,-9.5682,-0.707948,15.24,1.54163,1.632827,-30.887352,0.20897,3.058232,5.544619,-10.987997,HOS_HOS,WAS_EDA,JinguStadium,NPM,NPME,20260912-JinguStadium-2,c93dc790-ae72-11f1-af02-1b6488a193e9,110.89817,,,8.73447,,,,,,,4ed8090d-1fa5-46f2-9d4d-cb8573cd7fba,2026/9/12,25:44.5,2026-09-12T15:25:44.4860000+09:00,2026-09-12T06:25:44.4860000Z,,v3,,,,"Ogata, Mikito",1000326132,Right,WAS_EDA,e8392679-c786-42a7-bbe7-d6f37e76d0d8,16.634589,-31.13669,2.772309,1.521123,0.703092,-5.493999,-0.778283,1.495301,1.529116,,,,,,,,,,,,,,,,,,,,,,,,,,,,,,,,,,,,,,,,,,,,,,,,,,,High,High,High,,,,,
172,2026/9/12,25:58.0,3,3,"Takahashi, Koki",1000326144,Right,WAS_EDA,"Kawasaki, Hiroto",1000242159,Right,HOS_HOS,Undefined,6,Bottom,2,1,1,Cutter,Slider,BallCalled,Undefined,Undefined,Undefined,0,0,,135.90037,-0.668817,-3.315776,2630.964727,116.254295,10:00,1.588836,0.740622,1.838607,-90.6473,6.6014,-8.5175,0.493265,-0.281475,127.32363,-7.206795,-3.917999,0.445345,,,,,,,,,,,,2.5563,4.5271,-0.661068,15.24,1.566907,2.206742,-37.424331,-0.793329,0.477847,5.991208,-8.960403,HOS_HOS,WAS_EDA,JinguStadium,NPM,NPME,20260912-JinguStadium-2,d13f5710-ae72-11f1-af02-1b6488a193e9,136.20905,,,8.57674,,,,,,,4ed8090d-1fa5-46f2-9d4d-cb8573cd7fba,2026/9/12,25:58.0,2026-09-12T15:25:58.0240000+09:00,2026-09-12T06:25:58.0240000Z,,v3,,,,"Ogata, Mikito",1000326132,Right,WAS_EDA,ec2c4bda-28bc-4765-a45a-95a3b8d954a5,16.60204,-37.641746,2.995604,1.589796,-0.468164,-4.480202,-0.740834,2.189402,0.238924,,,,,,,,,,,,,,,,,,,,,,,,,,,,,,,,,,,,,,,,,,,,,,,,,,,High,High,High,,,,,
173,2026/9/12,26:12.4,3,4,"Takahashi, Koki",1000326144,Right,WAS_EDA,"Kawasaki, Hiroto",1000242159,Right,HOS_HOS,Undefined,6,Bottom,2,2,1,Cutter,Slider,InPlay,Undefined,FlyBall,Out,1,0,,133.95697,-0.425043,-3.004593,2440.352751,125.630166,10:15,1.600695,0.751923,1.839538,-91.3973,9.1054,-9.0206,0.566593,-0.187058,124.85944,-7.037757,-3.642706,0.452734,135.84658,32.380106,5.58273,3527.985546,33.105443,18.774747,5.305512,91.424894,90.345736,14.451828,4.777556,2.8849,5.7263,-0.679806,15.24,1.584543,1.97618,-36.884388,-0.62478,0.521038,6.187043,-8.772437,HOS_HOS,WAS_EDA,JinguStadium,NPM,NPME,20260912-JinguStadium-2,d9cf43e0-ae72-11f1-af02-1b6488a193e9,133.98583,22.952712,,9.09753,,,,0.319759,0.551395,0.19145,4ed8090d-1fa5-46f2-9d4d-cb8573cd7fba,2026/9/12,26:12.4,2026-09-12T15:26:12.4000000+09:00,2026-09-12T06:26:12.4000000Z,FlyBall,v3,,,,"Ogata, Mikito",1000326132,Right,WAS_EDA,6c778c03-bb3b-4ed1-8fcf-ef4b76ec2aa7,16.601009,-37.111983,3.093521,1.60159,-0.302079,-4.386219,-0.752149,1.957013,0.260519,201.572964,0.320099,31.709391,-6.282722,1.416377,-0.243805,0.035629,-0.005552,0.000752,-4.70E-05,0.551546,20.204076,-4.863932,0.127741,0.042573,-0.035892,0.011843,-0.001769,9.90E-05,0.191335,3.102894,0.966736,-0.273081,0.049562,-0.005637,0.00043,-3.60E-05,2.00E-06,,,,,,,,,,,,,,,,,,,,,,,High,High,High,High,High,,,
174,2026/9/12,28:19.1,1,1,"Sukegawa, Taishi",1000242144,Right,HOS_HOS,"Okanishi, Yuya",1000242774,Left,WAS_EDA,Undefined,7,Top,0,0,0,Slider,Curveball,StrikeCalled,Undefined,Undefined,Undefined,0,0,,122.34937,1.596818,-0.424531,2733.117278,86.040365,8:45,1.512245,0.751456,1.825398,-122.5718,0.1308,-53.996,0.737726,0.091572,112.1197,-7.312503,-4.247446,0.500243,,,,,,,,,,,,27.3057,0.1489,-0.7378,15.24,1.542623,0.483061,-33.667974,0.495182,4.026616,6.29785,-9.784697,HOS_HOS,WAS_EDA,JinguStadium,NPM,NPME,20260912-JinguStadium-2,255efc10-ae73-11f1-af02-1b6488a193e9,121.26096,,,10.22967,,,,,,,4ed8090d-1fa5-46f2-9d4d-cb8573cd7fba,2026/9/12,28:19.1,2026-09-12T15:28:19.0760000+09:00,2026-09-12T06:28:19.0760000Z,,v3,,,,"Inoue, Kazuki",1000424351,Right,HOS_HOS,e686b1a6-6ea7-42b6-a3fc-07e162ac250f,16.61484,-33.924173,3.148925,1.514382,0.893228,-4.892348,-0.75412,0.319256,2.013308,,,,,,,,,,,,,,,,,,,,,,,,,,,,,,,,,,,,,,,,,,,,,,,,,,,High,High,High,,,,,
175,2026/9/12,28:31.8,1,2,"Sukegawa, Taishi",1000242144,Right,HOS_HOS,"Okanishi, Yuya",1000242774,Left,WAS_EDA,Undefined,7,Top,0,0,1,Cutter,Slider,InPlay,Undefined,LineDrive,Double,0,0,,135.98553,0.453885,-2.393628,2697.015241,150.729452,11:00,1.525039,0.746255,1.923598,-71.0989,25.107,-12.6928,0.941599,-0.053115,126.56258,-4.762755,-3.295969,0.442951,99.22676,21.700522,-32.296376,4408.835409,26.178415,4.827038,-20.947935,46.188654,45.526873,-41.105746,2.176254,5.2488,13.6089,-0.692097,15.24,1.531021,1.622134,-37.475776,0.043516,0.980988,6.214882,-7.263164,HOS_HOS,WAS_EDA,JinguStadium,NPM,NPME,20260912-JinguStadium-2,2ce6a0a0-ae73-11f1-af02-1b6488a193e9,136.94522,5.910445,,9.42294,,,,-0.048939,0.889374,0.087618,4ed8090d-1fa5-46f2-9d4d-cb8573cd7fba,2026/9/12,28:31.8,2026-09-12T15:28:31.7980000+09:00,2026-09-12T06:28:31.7980000Z,LineDrive,v3,,,,"Inoue, Kazuki",1000424351,Right,HOS_HOS,1ba43213-a1c9-41fd-96e4-9aaec4a958c2,16.516724,-37.68691,3.107441,1.525351,0.290263,-3.631582,-0.746638,1.588808,0.490494,111.566083,-0.048941,21.647868,-3.52761,0.642263,-0.106269,-0.013003,0.018198,-0.00688,0.001002,0.889373,10.191538,-5.486476,0.364059,-0.068425,0.029831,-0.014529,0.004894,-0.000688,0.087614,-13.682667,-0.501945,0.301759,-0.090545,0.01579,-0.001232,-0.00015,3.00E-05,,,,,,,,,,,,,,,,,,,,,,,High,High,High,High,High,,,
176,2026/9/12,29:22.9,2,1,"Sukegawa, Taishi",1000242144,Right,HOS_HOS,"Sato, Kanya",1000326140,Left,WAS_EDA,Undefined,7,Top,0,0,0,Cutter,Cutter,InPlay,Undefined,Bunt,Out,1,0,,137.78941,-1.135993,-2.297498,2839.030949,155.153092,11:15,1.485172,0.810811,1.945468,-50.7569,43.7932,-18.9842,0.65879,-0.023559,126.86641,-4.926511,-3.648877,0.439122,52.27066,-56.098458,29.12978,,,,,1.153671,1.15367,11.423946,0.055915,8.4342,24.5443,-0.759355,15.24,1.45736,1.605528,-37.932659,-0.91593,1.594665,7.282634,-5.166045,HOS_HOS,WAS_EDA,JinguStadium,NPM,NPME,20260912-JinguStadium-2,4b5bb750-ae73-11f1-af02-1b6488a193e9,138.13916,0.684261,,10.923,,,,0.729143,0.684261,0.004663,4ed8090d-1fa5-46f2-9d4d-cb8573cd7fba,2026/9/12,29:22.9,2026-09-12T15:29:22.9150000+09:00,2026-09-12T06:29:22.9150000Z,GroundBall,v3,,,,"Inoue, Kazuki",1000424351,Right,HOS_HOS,86dacfe6-79c9-4f96-b88b-34e453af70ca,16.494583,-38.172765,3.641317,1.48475,-0.745607,-2.583023,-0.811422,1.552952,0.797333,,0.728158,7.183687,,,,,,,,0.685938,-12.23766,,,,,,,,0.004114,4.003281,,,,,,,,,,,,,,,,,,,,,,,,,,,,,,High,High,High,Estimated,Estimated,,,
177,2026/9/12,30:07.0,3,1,"Sukegawa, Taishi",1000242144,Right,HOS_HOS,"Tokumaru, Kaisei",1000422696,Left,WAS_EDA,Undefined,7,Top,1,0,0,Cutter,Slider,BallCalled,Undefined,Undefined,Undefined,0,0,,139.47078,-2.001296,-3.160015,2897.841936,156.815999,11:15,1.44397,0.797056,1.907215,-46.8712,45.8155,-18.4738,0.411703,-0.276713,128.84914,-5.48677,-4.469984,0.434774,,,,,,,,,,,,7.5959,25.9978,-0.724491,15.24,1.395839,2.201503,-38.353822,-1.496134,1.472956,7.209612,-4.765282,HOS_HOS,WAS_EDA,JinguStadium,NPM,NPME,20260912-JinguStadium-2,659d8490-ae73-11f1-af02-1b6488a193e9,139.5208,,,10.62164,,,,,,,4ed8090d-1fa5-46f2-9d4d-cb8573cd7fba,2026/9/12,30:07.0,2026-09-12T15:30:06.9820000+09:00,2026-09-12T06:30:06.9820000Z,,v3,,,,"Inoue, Kazuki",1000424351,Right,HOS_HOS,4bd15cc5-7390-42e6-beaf-ca9fabffd334,16.532825,-38.596078,3.604806,1.443421,-1.336013,-2.382641,-0.797634,2.152009,0.736478,,,,,,,,,,,,,,,,,,,,,,,,,,,,,,,,,,,,,,,,,,,,,,,,,,,High,High,High,,,,,
178,2026/9/12,30:24.4,3,2,"Sukegawa, Taishi",1000242144,Right,HOS_HOS,"Tokumaru, Kaisei",1000422696,Left,WAS_EDA,Undefined,7,Top,1,1,0,Slider,Curveball,StrikeCalled,Undefined,Undefined,Undefined,0,0,,122.04589,1.747924,-0.837484,2667.126391,61.327518,8:00,1.492506,0.75465,1.780064,-145.1119,-20.5979,-45.0774,0.53673,0.066624,111.6937,-8.723732,-4.022803,0.503923,,,,,,,,,,,,22.2996,-10.5522,-0.730726,15.24,1.525794,0.688923,-33.568895,0.474754,3.254463,6.508087,-11.346669,HOS_HOS,WAS_EDA,JinguStadium,NPM,NPME,20260912-JinguStadium-2,70180350-ae73-11f1-af02-1b6488a193e9,120.37562,,,10.35218,,,,,,,4ed8090d-1fa5-46f2-9d4d-cb8573cd7fba,2026/9/12,30:24.4,2026-09-12T15:30:24.4520000+09:00,2026-09-12T06:30:24.4520000Z,,v3,,,,"Inoue, Kazuki",1000424351,Right,HOS_HOS,f4482405-02f4-4b9c-a39d-a3e28faf5563,16.660522,-33.843175,3.254043,1.495709,0.952953,-5.673335,-0.75687,0.551766,1.627232,,,,,,,,,,,,,,,,,,,,,,,,,,,,,,,,,,,,,,,,,,,,,,,,,,,High,High,High,,,,,
179,2026/9/12,30:43.4,3,3,"Sukegawa, Taishi",1000242144,Right,HOS_HOS,"Tokumaru, Kaisei",1000422696,Left,WAS_EDA,Undefined,7,Top,1,1,1,Cutter,Slider,BallCalled,Undefined,Undefined,Undefined,0,0,,138.75401,-1.105863,-3.276763,2935.064228,149.683683,11:00,1.437991,0.804897,1.875227,-56.3378,37.5193,-20.3951,0.562641,-0.322832,128.35821,-5.257247,-4.719771,0.43751,,,,,,,,,,,,8.5473,21.0013,-0.727649,15.24,1.408818,2.277952,-38.170374,-0.937537,1.643408,7.062115,-5.768705,HOS_HOS,WAS_EDA,JinguStadium,NPM,NPME,20260912-JinguStadium-2,7b54c0a0-ae73-11f1-af02-1b6488a193e9,138.64812,,,10.3958,,,,,,,4ed8090d-1fa5-46f2-9d4d-cb8573cd7fba,2026/9/12,30:43.4,2026-09-12T15:30:43.4220000+09:00,2026-09-12T06:30:43.4220000Z,,v3,,,,"Inoue, Kazuki",1000424351,Right,HOS_HOS,2a6da967-836b-4c49-91ca-c86d46714e0b,16.56503,-38.414743,3.531058,1.437806,-0.737924,-2.884352,-0.805489,2.221085,0.821704,,,,,,,,,,,,,,,,,,,,,,,,,,,,,,,,,,,,,,,,,,,,,,,,,,,High,High,High,,,,,
180,2026/9/12,31:05.5,3,4,"Sukegawa, Taishi",1000242144,Right,HOS_HOS,"Tokumaru, Kaisei",1000422696,Left,WAS_EDA,Undefined,7,Top,1,2,1,Slider,Curveball,InPlay,Undefined,LineDrive,Single,0,0,,123.47346,0.729955,-1.195359,2769.842284,73.133893,8:30,1.504866,0.743179,1.852579,-134.1561,-13.4211,-57.3223,0.369213,-0.167191,113.08879,-8.987817,-5.263646,0.496216,132.83546,20.263742,35.109703,1875.684741,26.376927,7.075703,20.69737,64.744906,62.111961,41.841061,2.309587,28.7544,-6.4391,-0.711375,15.24,1.513558,0.950136,-33.981002,-0.052615,4.287833,6.8305,-10.766851,HOS_HOS,WAS_EDA,JinguStadium,NPM,NPME,20260912-JinguStadium-2,88873370-ae73-11f1-af02-1b6488a193e9,122.24503,7.07862,,10.38467,,,,0.609924,0.37424,0.14312,4ed8090d-1fa5-46f2-9d4d-cb8573cd7fba,2026/9/12,31:05.5,2026-09-12T15:31:05.4960000+09:00,2026-09-12T06:31:05.4960000Z,LineDrive,v3,,,,"Inoue, Kazuki",1000424351,Right,HOS_HOS,c0d78beb-c61d-4e5d-82f5-75ffac23e06f,16.58818,-34.250927,3.41525,1.50723,0.372865,-5.383425,-0.745574,0.780691,2.143917,263.612663,0.609903,28.317933,-4.651885,0.877218,-0.203424,0.037648,0.002073,-0.003607,0.000609,0.374243,12.779397,-6.707648,0.708251,-0.147645,0.028757,-0.005191,0.001009,-0.00011,0.143152,19.906947,-0.666598,0.052573,0.025091,-0.011039,-0.007723,0.005244,-0.000837,,,,,,,,,,,,,,,,,,,,,,,High,High,High,High,High,,,
181,2026/9/12,31:51.4,4,1,"Sukegawa, Taishi",1000242144,Right,HOS_HOS,"Takahashi, Hiroto",1000326145,Right,WAS_EDA,Undefined,7,Top,1,0,0,Cutter,Slider,BallCalled,Undefined,Undefined,Undefined,0,0,,139.82031,-1.381438,-4.586495,2881.085014,154.2751,11:15,1.46173,0.786307,1.918946,-64.0107,27.6259,-12.1575,0.432327,-0.626132,130.2892,-6.057879,-5.446792,0.432304,,,,,,,,,,,,3.6452,15.9893,-0.682683,15.24,1.42692,3.137449,-38.427479,-1.16205,0.715454,6.625824,-6.668411,HOS_HOS,WAS_EDA,JinguStadium,NPM,NPME,20260912-JinguStadium-2,a3d67910-ae73-11f1-af02-1b6488a193e9,140.31797,,,9.53111,,,,,,,4ed8090d-1fa5-46f2-9d4d-cb8573cd7fba,2026/9/12,31:51.4,2026-09-12T15:31:51.3620000+09:00,2026-09-12T06:31:51.3620000Z,,v3,,,,"Inoue, Kazuki",1000424351,Right,HOS_HOS,a180563b-9181-4d5d-a939-e3d60a6aba8b,16.521308,-38.647776,3.312912,1.46187,-0.940337,-3.334205,-0.786603,3.113662,0.357727,,,,,,,,,,,,,,,,,,,,,,,,,,,,,,,,,,,,,,,,,,,,,,,,,,,High,High,High,,,,,
182,2026/9/12,32:10.1,4,2,"Sukegawa, Taishi",1000242144,Right,HOS_HOS,"Takahashi, Hiroto",1000326145,Right,WAS_EDA,Undefined,7,Top,1,1,0,Cutter,Slider,FoulBallNotFieldable,Undefined,Undefined,Undefined,0,0,,137.06495,-0.145311,-2.186498,2794.573496,147.865245,11:00,1.485562,0.775977,1.934173,-57.8087,37.4512,-21.8508,0.866673,-0.05632,126.64159,-4.43327,-3.740863,0.440768,109.81561,23.990894,157.94677,3628.37312,-32.047965,5.696095,9.851507,48.782842,20.856401,164.804157,2.06242,10.0268,20.4778,-0.726375,15.24,1.479013,1.538556,-37.75309,-0.290356,1.886435,6.889963,-5.953977,HOS_HOS,WAS_EDA,JinguStadium,NPM,NPME,20260912-JinguStadium-2,af0839e0-ae73-11f1-af02-1b6488a193e9,137.62346,6.554717,,10.42335,,,,0.008,0.835195,0.081376,4ed8090d-1fa5-46f2-9d4d-cb8573cd7fba,2026/9/12,32:10.1,2026-09-12T15:32:10.1390000+09:00,2026-09-12T06:32:10.1390000Z,LineDrive,v3,,,,"Inoue, Kazuki",1000424351,Right,HOS_HOS,25114f61-d73b-470a-aa61-cbf3cb5a9c95,16.505836,-37.983404,3.444981,1.485392,-0.09133,-2.976989,-0.77675,1.475498,0.943218,303.278342,0.008,-25.830037,1.884615,-0.252274,0.015796,0.007436,-0.004648,0.001551,-0.000207,0.835195,12.402791,-7.338716,0.779657,-0.152085,0.023153,-0.001516,-0.000458,0.000117,0.081375,10.464064,-3.311353,0.907741,-0.242718,0.087508,-0.038746,0.011624,-0.0015,,,,,,,,,,,,,,,,,,,,,,,High,High,High,High,Low,,,
183,2026/9/12,32:32.6,4,3,"Sukegawa, Taishi",1000242144,Right,HOS_HOS,"Takahashi, Hiroto",1000326145,Right,WAS_EDA,Undefined,7,Top,1,1,1,Cutter,Slider,FoulBallNotFieldable,Undefined,Undefined,Undefined,0,0,,136.79781,0.382398,-0.77167,2722.822623,152.796734,11:00,1.448029,0.738852,1.86011,-74.1888,21.314,-9.719,0.813941,0.424135,127.51284,-5.032487,-1.461249,0.441329,,,,,,,,,,,,4.674,11.4858,-0.720124,15.24,1.452179,0.550667,-37.735347,-0.026399,0.886818,6.211605,-7.627422,HOS_HOS,WAS_EDA,JinguStadium,NPM,NPME,20260912-JinguStadium-2,bc5efd90-ae73-11f1-af02-1b6488a193e9,137.4484,,,9.28497,,,,,,,4ed8090d-1fa5-46f2-9d4d-cb8573cd7fba,2026/9/12,32:32.5,2026-09-12T15:32:32.5570000+09:00,2026-09-12T06:32:32.5570000Z,,v3,,,,"Inoue, Kazuki",1000424351,Right,HOS_HOS,484fa445-5299-47a1-b66e-73034220b596,16.580818,-37.955417,3.105802,1.448327,0.243832,-3.813711,-0.739077,0.519249,0.443409,,,,,,,,,,,,,,,,,,,,,,,,,,,,,124.29079,,,0.812817,,,,1.074138,1.36304,1.112876,20.034914,1.226363,17.996006,1.088237,26.245482,-3.647582,1.367074,3.174208,-4.129057,1.115603,21.84955,-1.338125,High,High,High,,,High,Medium,Medium
184,2026/9/12,33:08.7,4,4,"Sukegawa, Taishi",1000242144,Right,HOS_HOS,"Takahashi, Hiroto",1000326145,Right,WAS_EDA,Undefined,7,Top,1,1,2,Slider,Slider,FoulBallNotFieldable,Undefined,Undefined,Undefined,0,0,,125.52652,1.068124,-1.323708,2793.975939,81.600775,8:45,1.487655,0.775644,1.814709,-121.7897,-4.8388,-57.8173,0.571797,-0.176764,115.09407,-7.755083,-5.412297,0.488378,60.30906,18.34646,162.983591,1800.887252,,,,16.823446,16.823446,163.030029,1.053653,28.542,-2.065,-0.73983,15.24,1.505478,1.055467,-34.537806,0.186438,4.419172,6.760299,-10.126378,HOS_HOS,WAS_EDA,JinguStadium,NPM,NPME,20260912-JinguStadium-2,d1fe92f0-ae73-11f1-af02-1b6488a193e9,124.20696,1.719398,,10.43245,,,,,,,4ed8090d-1fa5-46f2-9d4d-cb8573cd7fba,2026/9/12,33:08.7,2026-09-12T15:33:08.7240000+09:00,2026-09-12T06:33:08.7240000Z,GroundBall,v3,,,,"Inoue, Kazuki",1000424351,Right,HOS_HOS,912bb5ec-8857-42b1-b024-318befbe5d66,16.625664,-34.807974,3.380149,1.489941,0.591127,-5.063189,-0.778481,0.878859,2.209586,350.185343,-0.643915,-15.204867,0.628684,-0.124022,0.01669,-0.000301,0.000133,0.000382,-9.50E-05,0.472139,5.27306,-5.720615,0.345615,-0.075616,0.010139,-0.001472,0.000359,4.50E-05,0.301504,4.653356,-0.370522,0.12863,-0.03109,0.004697,-0.000924,6.30E-05,1.00E-05,,,,,,,,,,,,,,,,,,,,,,,High,High,High,High,High,,,
185,2026/9/12,33:33.7,4,5,"Sukegawa, Taishi",1000242144,Right,HOS_HOS,"Takahashi, Hiroto",1000326145,Right,WAS_EDA,Undefined,7,Top,1,1,2,Cutter,Slider,FoulBallNotFieldable,Undefined,Undefined,Undefined,0,0,,139.58131,0.270399,-4.175005,2949.834433,139.60232,10:45,1.461929,0.766236,1.878805,-71.7941,20.5289,-15.433,0.820321,-0.565644,129.79254,-4.964356,-5.26501,0.43392,114.96203,18.787266,70.191769,5275.405776,8.540415,7.432486,32.422027,60.819788,36.123765,79.339375,2.670393,5.5364,11.2413,-0.668701,15.24,1.463726,2.873114,-38.38627,-0.091018,1.083575,6.661618,-7.606507,HOS_HOS,WAS_EDA,JinguStadium,NPM,NPME,20260912-JinguStadium-2,e0de8eb0-ae73-11f1-af02-1b6488a193e9,139.79535,7.434095,,9.78877,,,,-0.028462,0.880003,0.572544,4ed8090d-1fa5-46f2-9d4d-cb8573cd7fba,2026/9/12,33:33.7,2026-09-12T15:33:33.7310000+09:00,2026-09-12T06:33:33.7310000Z,LineDrive,v3,,,,"Inoue, Kazuki",1000424351,Right,HOS_HOS,d29cd951-8140-450f-8f82-edee52ab51a9,16.561485,-38.614921,3.330809,1.46237,0.170066,-3.803253,-0.766679,2.835921,0.541787,,-0.02847,10.245187,-3.636817,0.789129,-0.13119,0.006951,0.00403,-0.001275,0.000127,0.880029,10.283768,-4.036888,0.007981,-0.045341,0.056557,-0.02568,0.005721,-0.000506,0.572534,28.443959,-4.017169,0.925791,-0.137954,0.001445,0.006437,-0.001738,0.000165,,,,,,,,,,,,,,,,,,,,,,,High,High,High,Medium,Medium,,,
186,2026/9/12,34:14.5,4,6,"Sukegawa, Taishi",1000242144,Right,HOS_HOS,"Takahashi, Hiroto",1000326145,Right,WAS_EDA,Undefined,7,Top,1,1,2,Cutter,Cutter,BallCalled,Undefined,Undefined,Undefined,0,0,,140.30938,-1.868229,-2.69862,2923.636426,157.099398,11:15,1.451062,0.846869,1.951514,-43.4025,47.8306,-19.059,0.492645,-0.100648,129.19978,-5.12504,-4.054905,0.431351,,,,,,,,,,,,8.14,27.0834,-0.786947,15.24,1.407734,1.906592,-38.596969,-1.393488,1.594231,7.502039,-4.502344,HOS_HOS,WAS_EDA,JinguStadium,NPM,NPME,20260912-JinguStadium-2,f92d6590-ae73-11f1-af02-1b6488a193e9,140.62793,,,11.1096,,,,,,,4ed8090d-1fa5-46f2-9d4d-cb8573cd7fba,2026/9/12,34:14.5,2026-09-12T15:34:14.5480000+09:00,2026-09-12T06:34:14.5480000Z,,v3,,,,"Inoue, Kazuki",1000424351,Right,HOS_HOS,a7ab2ae7-69b4-4839-9be0-0f1329aef157,16.488162,-38.838815,3.751019,1.450317,-1.248344,-2.251172,-0.847582,1.855199,0.797116,,,,,,,,,,,,,,,,,,,,,,,,,,,,,,,,,,,,,,,,,,,,,,,,,,,High,High,High,,,,,
187,2026/9/12,34:35.3,4,7,"Sukegawa, Taishi",1000242144,Right,HOS_HOS,"Takahashi, Hiroto",1000326145,Right,WAS_EDA,Undefined,7,Top,1,2,2,Cutter,Slider,FoulBallNotFieldable,Undefined,Undefined,Undefined,0,0,,139.48003,-0.949999,-2.732276,2878.400678,148.54177,11:00,1.456445,0.78683,1.864678,-54.7337,38.4315,-21.8577,0.641074,-0.202271,128.6089,-4.995226,-4.279256,0.435895,118.60415,2.350292,172.144899,2258.747884,,,,18.080154,16.644496,172.035095,0.597971,9.4712,21.335,-0.72169,15.24,1.430768,1.935219,-38.370356,-0.83045,1.836117,7.298742,-5.670599,HOS_HOS,WAS_EDA,JinguStadium,NPM,NPME,20260912-JinguStadium-2,058f9010-ae74-11f1-af02-1b6488a193e9,139.162,0.680282,,10.87114,,,,0.675593,0.564167,0.161106,4ed8090d-1fa5-46f2-9d4d-cb8573cd7fba,2026/9/12,34:35.3,2026-09-12T15:34:35.2650000+09:00,2026-09-12T06:34:35.2650000Z,GroundBall,v3,,,,"Inoue, Kazuki",1000424351,Right,HOS_HOS,ff1f87ca-8cd5-4e0a-adb0-6439032e7f8a,16.574949,-38.623453,3.649371,1.456156,-0.633811,-2.835299,-0.787693,1.871548,0.918058,210.655705,0.675593,-32.60901,2.721041,-0.28487,0.050355,-0.008174,0.000855,3.70E-05,-5.70E-05,0.564167,1.35106,-3.956875,0.206569,-0.013372,0.004786,-0.000721,-2.40E-05,3.10E-05,0.161106,4.498831,-1.029699,0.114977,-0.020407,0.003375,-0.000331,-4.30E-05,3.60E-05,,,,,,,,,,,,,,,,,,,,,,,High,High,High,High,High,,,
188,2026/9/12,35:02.6,4,8,"Sukegawa, Taishi",1000242144,Right,HOS_HOS,"Takahashi, Hiroto",1000326145,Right,WAS_EDA,Undefined,7,Top,1,2,2,Cutter,Cutter,BallCalled,Undefined,Undefined,Undefined,0,0,,140.03106,-1.387163,-1.209304,2772.318443,161.777427,11:30,1.459042,0.802456,1.908595,-56.4384,34.3132,-10.5241,0.504663,0.357316,130.51167,-5.540615,-1.958149,0.430211,,,,,,,,,,,,4.8109,19.4256,-0.774535,15.24,1.424319,0.862465,-38.606367,-1.13658,0.9551,6.526728,-5.950138,HOS_HOS,WAS_EDA,JinguStadium,NPM,NPME,20260912-JinguStadium-2,15defa50-ae74-11f1-af02-1b6488a193e9,141.00045,,,9.51939,,,,,,,4ed8090d-1fa5-46f2-9d4d-cb8573cd7fba,2026/9/12,35:02.6,2026-09-12T15:35:02.6450000+09:00,2026-09-12T06:35:02.6450000Z,,v3,,,,"Inoue, Kazuki",1000424351,Right,HOS_HOS,743121df-d2b3-4f3e-a061-45dd3e2c6db4,16.531777,-38.824138,3.263364,1.45893,-0.938047,-2.975069,-0.80278,0.830597,0.47755,,,,,,,,,,,,,,,,,,,,,,,,,,,,,,,,,,,,,,,,,,,,,,,,,,,High,High,High,,,,,
189,2026/9/12,35:27.1,4,9,"Sukegawa, Taishi",1000242144,Right,HOS_HOS,"Takahashi, Hiroto",1000326145,Right,WAS_EDA,Undefined,7,Top,1,3,2,Cutter,Slider,InPlay,Undefined,GroundBall,Out,1,0,,139.44875,-0.640062,-1.727939,2788.591584,134.812148,10:30,1.458047,0.766203,1.900465,-75.2532,16.672,-14.3272,0.52546,0.136939,129.69865,-6.132201,-2.74667,0.432984,127.82163,-10.826104,-36.011902,,,,,2.835087,2.479245,-31.125755,0.069845,6.4505,9.7912,-0.726082,15.24,1.438957,1.224218,-38.4367,-0.714586,1.264253,6.770727,-7.887645,HOS_HOS,WAS_EDA,JinguStadium,NPM,NPME,20260912-JinguStadium-2,246d0580-ae74-11f1-af02-1b6488a193e9,140.09752,0.466525,,9.7501,,,,0.453576,0.466525,-0.031154,4ed8090d-1fa5-46f2-9d4d-cb8573cd7fba,2026/9/12,35:27.1,2026-09-12T15:35:27.0930000+09:00,2026-09-12T06:35:27.0930000Z,GroundBall,v3,,,,"Inoue, Kazuki",1000424351,Right,HOS_HOS,32d6cf8e-9e69-4edd-9050-fd7c5925170e,16.540005,-38.665021,3.385363,1.458569,-0.4486,-3.943822,-0.766646,1.181585,0.632127,180,0.453082,28.253453,,,,,,,,0.466642,-6.679454,,,,,,,,-0.030794,-20.536304,,,,,,,,,,,,,,,,,,,,,,,,,,,,,,High,High,High,Low,Low,,,
190,2026/9/12,36:13.5,5,1,"Sukegawa, Taishi",1000242144,Right,HOS_HOS,"Ogata, Mikito",1000326132,Left,WAS_EDA,Undefined,7,Top,2,0,0,Cutter,Cutter,BallCalled,Undefined,Undefined,Undefined,0,0,,138.66165,0.566953,-0.220231,2649.621295,160.333128,11:15,1.49071,0.88339,1.940401,-63.6585,28.4302,-9.3233,1.013147,0.728388,128.98448,-4.126679,-0.884983,0.433369,,,,,,,,,,,,4.7356,15.2879,-0.87805,15.24,1.499562,0.189045,-38.247322,0.152531,0.923129,6.3744,-6.826506,HOS_HOS,WAS_EDA,JinguStadium,NPM,NPME,20260912-JinguStadium-2,401826c0-ae74-11f1-af02-1b6488a193e9,139.97312,,,9.67717,,,,,,,4ed8090d-1fa5-46f2-9d4d-cb8573cd7fba,2026/9/12,36:13.5,2026-09-12T15:36:13.4870000+09:00,2026-09-12T06:36:13.4870000Z,,v3,,,,"Inoue, Kazuki",1000424351,Right,HOS_HOS,520be8e8-55e7-475a-b393-82b23ddc2045,16.499691,-38.456693,3.1872,1.490869,0.376751,-3.413253,-0.883761,0.158724,0.461565,,,,,,,,,,,,,,,,,,,,,,,,,,,,,,,,,,,,,,,,,,,,,,,,,,,High,High,High,,,,,
191,2026/9/12,36:32.8,5,2,"Sukegawa, Taishi",1000242144,Right,HOS_HOS,"Ogata, Mikito",1000326132,Left,WAS_EDA,Undefined,7,Top,2,1,0,Slider,Slider,BallCalled,Undefined,Undefined,Undefined,0,0,,121.19996,1.048548,1.184915,2782.972594,84.942177,8:45,1.468496,0.769877,1.816143,-126.793,-1.3812,-61.8412,0.497026,0.48642,110.92033,-8.158709,-3.196533,0.505736,,,,,,,,,,,,32.4221,-0.1186,-0.794568,15.24,1.485525,-0.421285,-33.349076,0.150999,4.68058,6.300009,-9.823766,HOS_HOS,WAS_EDA,JinguStadium,NPM,NPME,20260912-JinguStadium-2,4ba09310-ae74-11f1-af02-1b6488a193e9,119.94399,,,10.27963,,,,,,,4ed8090d-1fa5-46f2-9d4d-cb8573cd7fba,2026/9/12,36:32.8,2026-09-12T15:36:32.7960000+09:00,2026-09-12T06:36:32.7960000Z,,v3,,,,"Inoue, Kazuki",1000424351,Right,HOS_HOS,5ad9aa13-de64-4c81-a859-50a50c453737,16.62419,-33.609547,3.150004,1.470885,0.557159,-4.911883,-0.77315,-0.614802,2.34029,,,,,,,,,,,,,,,,,,,,,,,,,,,,,,,,,,,,,,,,,,,,,,,,,,,High,High,High,,,,,
192,2026/9/12,36:53.9,5,3,"Sukegawa, Taishi",1000242144,Right,HOS_HOS,"Ogata, Mikito",1000326132,Left,WAS_EDA,Undefined,7,Top,2,2,0,Slider,Curveball,StrikeSwinging,Undefined,Undefined,Undefined,0,0,,122.2895,0.840088,-1.282789,2827.088153,71.428613,8:30,1.542057,0.760577,1.765507,-137.5449,-13.9152,-52.7718,0.404871,-0.130905,112.69953,-9.053063,-5.008072,0.50213,,,,,,,,,,,,26.0916,-6.6625,-0.724539,15.24,1.553197,0.981149,-33.658147,-0.023186,3.846027,6.28471,-10.788729,HOS_HOS,WAS_EDA,JinguStadium,NPM,NPME,20260912-JinguStadium-2,58339190-ae74-11f1-af02-1b6488a193e9,120.80538,,,9.58996,,,,,,,4ed8090d-1fa5-46f2-9d4d-cb8573cd7fba,2026/9/12,36:53.9,2026-09-12T15:36:53.9170000+09:00,2026-09-12T06:36:53.9170000Z,,v3,,,,"Inoue, Kazuki",1000424351,Right,HOS_HOS,40581f39-5fbf-408b-8f87-e206b82d502a,16.675403,-33.92511,3.142355,1.544449,0.435098,-5.394365,-0.762746,0.817777,1.923013,,,,,,,,,,,,,,,,,,,,,,,,,,,,,,,,,,,,,,,,,,,,,,,,,,,High,High,High,,,,,
193,2026/9/12,37:16.0,5,4,"Sukegawa, Taishi",1000242144,Right,HOS_HOS,"Ogata, Mikito",1000326132,Left,WAS_EDA,Undefined,7,Top,2,2,1,Cutter,Slider,FoulBallNotFieldable,Undefined,Undefined,Undefined,0,0,,139.42747,-0.653615,-1.606842,2846.557868,151.086794,11:00,1.455449,0.814161,1.85672,-67.742,24.3148,-12.1406,0.593672,0.239614,130.08714,-5.59535,-2.467639,0.433294,,,,,,,,,,,,5.4144,13.6766,-0.775631,15.24,1.435713,1.133767,-38.440379,-0.697027,1.066412,6.418689,-7.112894,HOS_HOS,WAS_EDA,JinguStadium,NPM,NPME,20260912-JinguStadium-2,65590c10-ae74-11f1-af02-1b6488a193e9,139.99732,,,9.34033,,,,,,,4ed8090d-1fa5-46f2-9d4d-cb8573cd7fba,2026/9/12,37:16.0,2026-09-12T15:37:16.0040000+09:00,2026-09-12T06:37:16.0040000Z,,v3,,,,"Inoue, Kazuki",1000424351,Right,HOS_HOS,2a8bc6e3-62da-485b-9d22-8bed047a069a,16.583853,-38.664122,3.209344,1.455688,-0.449086,-3.556447,-0.814504,1.096594,0.533206,,,,,,,,,,,,,,,,,,,,,,,,,,,,,,,,,,,,,,,,,,,,,,,,,,,High,High,High,,,,,
194,2026/9/12,37:42.5,5,5,"Sukegawa, Taishi",1000242144,Right,HOS_HOS,"Ogata, Mikito",1000326132,Left,WAS_EDA,Undefined,7,Top,2,2,2,Slider,Curveball,InPlay,Undefined,FlyBall,Double,0,1,,122.50286,2.085588,0.223023,2800.146361,84.288543,8:45,1.487083,0.7589,1.780608,-124.4512,-1.4177,-52.9844,0.833604,0.292231,112.13736,-6.941173,-3.518377,0.500918,157.83538,22.969167,1.057859,1351.193917,33.488471,12.441513,-1.627054,110.78237,108.832154,-8.685492,4.124994,27.3208,-1.1674,-0.760625,15.24,1.530053,0.098086,-33.700356,0.768631,4.039735,6.266573,-9.979266,HOS_HOS,WAS_EDA,JinguStadium,NPM,NPME,20260912-JinguStadium-2,752e8b60-ae74-11f1-af02-1b6488a193e9,121.0977,16.102707,,10.3655,,,,0.297413,0.829663,-0.289828,4ed8090d-1fa5-46f2-9d4d-cb8573cd7fba,2026/9/12,37:42.5,2026-09-12T15:37:42.5490000+09:00,2026-09-12T06:37:42.5490000Z,LineDrive,v3,,,,"Inoue, Kazuki",1000424351,Right,HOS_HOS,ab677797-33c4-45c5-a68e-bf6b0ce0c278,16.659919,-33.963364,3.133286,1.489004,1.187459,-4.989633,-0.761184,-0.071462,2.019867,126.610933,0.297495,40.358815,-6.274482,1.305296,-0.265003,0.056792,-0.013953,0.002477,-0.000177,0.829608,17.109752,-5.275071,0.243563,0.043207,-0.034036,0.012313,-0.002072,0.000129,-0.289788,0.744079,-3.189475,1.184391,-0.329513,0.070246,-0.01158,0.001201,-5.00E-05,,,,,,,,,,,,,,,,,,,,,,,High,High,High,High,High,,,
195,2026/9/12,41:01.0,6,1,"Yamatoko, Shiro",1000338381,Left,HOS_HOS,"Shimo, Yuta",10105978,Right,WAS_EDA,Undefined,7,Top,2,0,0,Slider,Slider,StrikeCalled,Undefined,Undefined,Undefined,0,0,,130.21579,1.16281,0.415413,2877.177036,241.319241,2:00,1.417616,-0.642562,1.670381,-97.161,10.9628,14.9645,0.777677,-0.374445,121.26849,-5.821138,1.46503,0.469586,,,,,,,,,,,,-7.3276,5.745,0.630197,15.24,1.4407,-0.33113,-35.8752,0.330353,-1.256155,5.637401,-8.821795,HOS_HOS,WAS_EDA,JinguStadium,NPM,NPME,20260912-JinguStadium-2,eb7db700-ae74-11f1-af02-1b6488a193e9,129.17756,,,8.9473,,,,,,,4ed8090d-1fa5-46f2-9d4d-cb8573cd7fba,2026/9/12,41:01.0,2026-09-12T15:41:00.9830000+09:00,2026-09-12T06:41:00.9830000Z,,v3,,,,"Inoue, Kazuki",1000424351,Right,HOS_HOS,4c8865a4-70ea-4140-9f78-40eedfe575fd,16.769968,-36.114818,2.818701,1.418689,0.705323,-4.410897,0.643137,-0.277737,-0.628077,,,,,,,,,,,,,,,,,,,,,,,,,,,,,,,,,,,,,,,,,,,,,,,,,,,High,High,High,,,,,
196,2026/9/12,41:22.2,6,2,"Yamatoko, Shiro",1000338381,Left,HOS_HOS,"Shimo, Yuta",10105978,Right,WAS_EDA,Undefined,7,Top,2,0,1,Slider,Slider,BallCalled,Undefined,Undefined,Undefined,0,0,,128.3498,-0.255173,0.926806,2702.11695,276.996046,3:15,1.428007,-0.610648,1.711403,-110.8355,0.6151,20.0467,0.247053,-0.14651,119.38198,-8.204262,2.338179,0.476756,,,,,,,,,,,,-9.6707,1.3014,0.58491,15.24,1.412654,-0.662707,-35.355327,-0.599023,-1.597275,5.979838,-9.591706,HOS_HOS,WAS_EDA,JinguStadium,NPM,NPME,20260912-JinguStadium-2,f81a7980-ae74-11f1-af02-1b6488a193e9,127.23499,,,8.96782,,,,,,,4ed8090d-1fa5-46f2-9d4d-cb8573cd7fba,2026/9/12,41:22.2,2026-09-12T15:41:22.2150000+09:00,2026-09-12T06:41:22.2150000Z,,v3,,,,"Inoue, Kazuki",1000424351,Right,HOS_HOS,6429001d-6aa2-4089-b73e-b59a1579ab67,16.729254,-35.606322,2.989919,1.429348,-0.196425,-4.795853,0.61132,-0.595664,-0.798638,,,,,,,,,,,,,,,,,,,,,,,,,,,,,,,,,,,,,,,,,,,,,,,,,,,High,High,High,,,,,
197,2026/9/12,41:44.1,6,3,"Yamatoko, Shiro",1000338381,Left,HOS_HOS,"Shimo, Yuta",10105978,Right,WAS_EDA,Undefined,7,Top,2,1,1,Fastball,Four-Seam,FoulBallNotFieldable,Undefined,Undefined,Undefined,0,0,,139.11608,0.093241,3.756153,2638.737962,160.201768,11:15,1.365145,-0.610945,1.839478,-51.6423,41.2405,-13.9959,0.875094,0.310733,129.42039,-3.715088,2.768233,0.435234,,,,,,,,,,,,9.2197,21.9322,0.522329,15.24,1.363899,-2.444839,-38.275144,-0.120698,1.804837,6.177847,-5.513205,HOS_HOS,WAS_EDA,JinguStadium,NPM,NPME,20260912-JinguStadium-2,051ba320-ae75-11f1-af02-1b6488a193e9,139.37346,,,9.6957,,,,,,,4ed8090d-1fa5-46f2-9d4d-cb8573cd7fba,2026/9/12,41:44.1,2026-09-12T15:41:44.0650000+09:00,2026-09-12T06:41:44.0650000Z,,v3,,,,"Inoue, Kazuki",1000424351,Right,HOS_HOS,f75c47e2-3afb-4e27-9b62-88af59fd1360,16.600163,-38.494057,3.088924,1.364715,0.074663,-2.756603,0.610096,-2.508794,0.902418,,,,,,,,,,,,,,,,,,,,,,,,,,,,,,,,,,,,,,,,,,,,,,,,,,,High,High,High,,,,,
198,2026/9/12,42:14.3,6,4,"Yamatoko, Shiro",1000338381,Left,HOS_HOS,"Shimo, Yuta",10105978,Right,WAS_EDA,Undefined,7,Top,2,1,2,Slider,Slider,BallCalled,Undefined,Undefined,Undefined,0,0,,131.76462,-1.031994,3.184839,1539.379674,271.863475,3:00,1.451579,-0.642732,1.759854,-104.2841,2.3238,28.5528,0.115555,0.547025,121.54251,-8.528997,5.194565,0.466283,,,,,,,,,,,,-12.4092,2.7899,0.560333,15.24,1.417929,-2.145139,-36.20751,-1.066202,-2.12393,7.053616,-9.329142,HOS_HOS,WAS_EDA,JinguStadium,NPM,NPME,20260912-JinguStadium-2,17293820-ae75-11f1-af02-1b6488a193e9,130.0927,,,10.22211,,,,,,,4ed8090d-1fa5-46f2-9d4d-cb8573cd7fba,2026/9/12,42:14.3,2026-09-12T15:42:14.3160000+09:00,2026-09-12T06:42:14.3160000Z,,v3,,,,"Inoue, Kazuki",1000424351,Right,HOS_HOS,a587d53d-54db-4448-b77b-6123b39b2c23,16.680501,-36.487056,3.526808,1.452857,-0.696474,-4.664571,0.64368,-2.060964,-1.061965,,,,,,,,,,,,,,,,,,,,,,,,,,,,,,,,,,,,,,,,,,,,,,,,,,,High,High,High,,,,,
199,2026/9/12,42:47.5,6,5,"Yamatoko, Shiro",1000338381,Left,HOS_HOS,"Shimo, Yuta",10105978,Right,WAS_EDA,Undefined,7,Top,2,2,2,Fastball,Four-Seam,BallCalled,Undefined,Undefined,Undefined,0,0,,140.68066,-0.506068,0.82676,2577.235198,159.070085,11:15,1.352248,-0.614906,1.828308,-50.6587,40.669,-14.5813,0.702714,-0.527201,130.02137,-4.257706,-0.205693,0.431575,,,,,,,,,,,,8.0173,22.0479,0.596037,15.24,1.336723,-0.488884,-38.758556,-0.525059,1.594476,7.040315,-5.421801,HOS_HOS,WAS_EDA,JinguStadium,NPM,NPME,20260912-JinguStadium-2,2aebd020-ae75-11f1-af02-1b6488a193e9,140.55508,,,10.6593,,,,,,,4ed8090d-1fa5-46f2-9d4d-cb8573cd7fba,2026/9/12,42:47.5,2026-09-12T15:42:47.4880000+09:00,2026-09-12T06:42:47.4880000Z,,v3,,,,"Inoue, Kazuki",1000424351,Right,HOS_HOS,a47be265-4bc4-49ed-bdd6-00828f573d59,16.611596,-39.006904,3.520158,1.351871,-0.333804,-2.710901,0.614274,-0.54513,0.797238,,,,,,,,,,,,,,,,,,,,,,,,,,,,,,,,,,,,,,,,,,,,,,,,,,,High,High,High,,,,,
200,2026/9/12,43:10.1,6,6,"Yamatoko, Shiro",1000338381,Left,HOS_HOS,"Shimo, Yuta",10105978,Right,WAS_EDA,Undefined,7,Top,2,3,2,Slider,Slider,StrikeSwinging,Strikeout,Undefined,Undefined,0,0,,131.0305,-0.416972,1.916204,1460.868195,277.661433,3:15,1.394541,-0.637099,1.669067,-106.3559,0.4342,16.7558,0.211989,0.077182,122.7425,-8.002994,3.091698,0.466681,,,,,,,,,,,,-7.4738,1.1097,0.584353,15.24,1.374475,-1.285064,-36.101265,-0.702981,-1.297338,5.712342,-9.614014,HOS_HOS,WAS_EDA,JinguStadium,NPM,NPME,20260912-JinguStadium-2,386250d0-ae75-11f1-af02-1b6488a193e9,129.9817,,,8.288,,,,,,,4ed8090d-1fa5-46f2-9d4d-cb8573cd7fba,2026/9/12,43:10.1,2026-09-12T15:43:10.0610000+09:00,2026-09-12T06:43:10.0610000Z,,v3,,,,"Inoue, Kazuki",1000424351,Right,HOS_HOS,227b5a6a-8b8b-4f4f-a5a6-e9b675ed8e94,16.771938,-36.342857,2.856171,1.395607,-0.296376,-4.807007,0.637542,-1.230196,-0.648669,,,,,,,,,,,,,,,,,,,,,,,,,,,,,,,,,,,,,,,,,,,,,,,,,,,High,High,High,,,,,
201,2026/9/12,45:27.5,1,1,"Takahashi, Koki",1000326144,Right,WAS_EDA,"Imaizumi, Shugo",1000338382,Left,HOS_HOS,Undefined,7,Bottom,0,0,0,Cutter,Slider,StrikeSwinging,Undefined,Undefined,Undefined,0,0,,135.86198,0.079583,-1.719221,2588.740964,121.907134,10:00,1.597737,0.812533,1.820345,-89.9342,8.8569,-9.5228,0.720893,0.231362,125.14333,-6.459192,-2.393144,0.448863,,,,,,,,,,,,3.7153,5.4597,-0.770442,15.24,1.593694,1.167753,-37.394817,-0.304712,0.682444,7.10152,-8.8038,HOS_HOS,WAS_EDA,JinguStadium,NPM,NPME,20260912-JinguStadium-2,8a4f8570-ae75-11f1-af02-1b6488a193e9,135.14154,,,10.71865,,,,,,,4ed8090d-1fa5-46f2-9d4d-cb8573cd7fba,2026/9/12,45:27.5,2026-09-12T15:45:27.5020000+09:00,2026-09-12T06:45:27.5020000Z,,v3,,,,"Ogata, Mikito",1000326132,Right,WAS_EDA,ee1b99ce-14cf-47a2-903b-40f7f403c60a,16.619389,-37.655861,3.55076,1.598947,0.018906,-4.4019,-0.812906,1.142667,0.341222,,,,,,,,,,,,,,,,,,,,,,,,,,,,,,,,,,,,,,,,,,,,,,,,,,,High,High,High,,,,,
202,2026/9/12,45:39.5,1,2,"Takahashi, Koki",1000326144,Right,WAS_EDA,"Imaizumi, Shugo",1000338382,Left,HOS_HOS,Undefined,7,Bottom,0,0,1,Fastball,Four-Seam,InPlay,Undefined,FlyBall,Double,0,0,,148.58217,-2.075618,-3.011209,2525.762831,217.928006,1:15,1.608324,0.743609,2.019435,-34.9518,46.2689,33.9965,0.678459,0.24239,135.50882,-4.751817,-0.5794,0.406994,163.69025,19.201467,7.771327,1526.090411,33.1955,11.121987,4.709824,120.250003,119.30572,9.568068,4.286172,-20.0865,26.6623,-0.68292,15.24,1.563564,1.988678,-40.855423,-1.582331,-4.375293,9.019382,-3.998998,HOS_HOS,WAS_EDA,JinguStadium,NPM,NPME,20260912-JinguStadium-2,91742270-ae75-11f1-af02-1b6488a193e9,149.044,16.232618,,13.07334,,,,0.280589,0.675284,-0.23787,4ed8090d-1fa5-46f2-9d4d-cb8573cd7fba,2026/9/12,45:39.5,2026-09-12T15:45:39.5260000+09:00,2026-09-12T06:45:39.5260000Z,LineDrive,v3,,,,"Ogata, Mikito",1000326132,Right,WAS_EDA,e5cad7e2-0728-4649-8458-2d2f1d17837b,16.420412,-41.115189,4.509691,1.607478,-1.467156,-1.999499,-0.74201,2.11469,-2.187647,191.15013,0.280597,42.545413,-7.188069,1.614007,-0.315286,0.058806,-0.010205,0.001263,-7.10E-05,0.675271,14.954668,-3.426549,-0.184058,0.082717,-0.026405,0.006847,-0.000946,5.00E-05,-0.237985,5.809173,-0.204039,-0.039247,0.003116,0.004634,-0.001729,0.00025,-1.30E-05,,,,,,,,,,,,,,,,,,,,,,,High,High,High,High,Medium,,,
203,2026/9/12,46:54.3,2,1,"Takahashi, Koki",1000326144,Right,WAS_EDA,"Ogawa, Daichi",1000338392,Right,HOS_HOS,Undefined,7,Bottom,0,0,0,Cutter,Slider,InPlay,Undefined,Bunt,Sacrifice,1,0,,134.28855,0.397511,-3.521822,2550.114917,172.513948,11:45,1.587664,0.819255,1.897775,-84.3971,15.1038,-1.6344,0.855694,-0.188734,124.67578,-5.758116,-3.637663,0.450472,,,,,,,,,,,,-1.2905,8.3634,-0.73888,15.24,1.5916,2.28182,-36.960896,-0.051943,-0.233688,6.31759,-8.292201,HOS_HOS,WAS_EDA,JinguStadium,NPM,NPME,20260912-JinguStadium-2,be08cb10-ae75-11f1-af02-1b6488a193e9,134.65864,,,9.61277,,,,,,,4ed8090d-1fa5-46f2-9d4d-cb8573cd7fba,2026/9/12,46:54.3,2026-09-12T15:46:54.3140000+09:00,2026-09-12T06:46:54.3140000Z,,v3,,,,"Ogata, Mikito",1000326132,Right,WAS_EDA,b012f23c-51bc-4a81-a12e-f2227fcbdf32,16.542764,-37.182906,3.158795,1.588306,0.239457,-4.146101,-0.819211,2.290032,-0.116844,,,,,,,,,,,,,,,,,,,,,,,,,,,,,,,,,,,,,,,,,,,,,,,,,,,High,High,High,,,,,
204,2026/9/12,47:34.6,3,1,"Takahashi, Koki",1000326144,Right,WAS_EDA,"Kumagai, Riku",1000338393,Left,HOS_HOS,Undefined,7,Bottom,1,0,0,OneSeam,Changeup,FoulBallNotFieldable,Undefined,Undefined,Undefined,0,0,,128.91723,2.027016,-1.106192,1529.723887,246.534647,2:15,1.560293,0.831966,1.811284,-92.0148,16.6892,31.8749,1.213582,0.837927,119.57487,-4.668971,1.147432,0.470844,,,,,,,,,,,,-17.2197,8.1499,-0.807377,15.24,1.603172,0.548434,-35.518708,0.917923,-2.885112,5.711988,-8.441155,HOS_HOS,WAS_EDA,JinguStadium,NPM,NPME,20260912-JinguStadium-2,d615b6f0-ae75-11f1-af02-1b6488a193e9,128.8324,,,9.34235,,,,,,,4ed8090d-1fa5-46f2-9d4d-cb8573cd7fba,2026/9/12,47:34.6,2026-09-12T15:47:34.6330000+09:00,2026-09-12T06:47:34.6330000Z,,v3,,,,"Ogata, Mikito",1000326132,Right,WAS_EDA,b2183306-ee3b-4d00-8351-37d5e55f521c,16.629496,-35.741463,2.855994,1.560956,1.24711,-4.220578,-0.830958,0.660947,-1.442556,,,,,,,,,,,,,,,,,,,,,,,,,,,,,,,,,,,,,,,,,,,,,,,,,,,High,High,High,,,,,
205,2026/9/12,48:10.9,3,2,"Takahashi, Koki",1000326144,Right,WAS_EDA,"Kumagai, Riku",1000338393,Left,HOS_HOS,Undefined,7,Bottom,1,0,1,Fastball,Four-Seam,StrikeSwinging,Undefined,Undefined,Undefined,0,0,,148.81935,-0.76315,-4.045024,2639.846044,207.467974,1:00,1.541782,0.758323,2.052123,-31.5408,50.207,24.5646,1.013275,-0.124539,133.84737,-3.230291,-2.288464,0.408313,,,,,,,,,,,,-16.1761,27.8963,-0.677918,15.24,1.524744,2.769084,-40.845936,-0.618539,-3.476496,10.07273,-3.811286,HOS_HOS,WAS_EDA,JinguStadium,NPM,NPME,20260912-JinguStadium-2,ebabfd80-ae75-11f1-af02-1b6488a193e9,148.56264,,,14.97197,,,,,,,4ed8090d-1fa5-46f2-9d4d-cb8573cd7fba,2026/9/12,48:10.9,2026-09-12T15:48:10.8930000+09:00,2026-09-12T06:48:10.8930000Z,,v3,,,,"Ogata, Mikito",1000326132,Right,WAS_EDA,85fab15c-3087-4975-8165-fe96ac8509a1,16.386656,-41.127732,5.036365,1.540557,-0.511913,-1.905643,-0.756747,2.866343,-1.738248,,,,,,,,,,,,,,,,,,,,,,,,,,,,,,,,,,,,,,,,,,,,,,,,,,,High,High,High,,,,,
206,2026/9/12,48:38.5,3,3,"Takahashi, Koki",1000326144,Right,WAS_EDA,"Kumagai, Riku",1000338393,Left,HOS_HOS,Undefined,7,Bottom,1,0,2,Fastball,Four-Seam,BallCalled,Undefined,Undefined,Undefined,0,0,,149.74943,-1.623559,-5.020767,2621.528713,206.920567,1:00,1.561047,0.732655,2.024424,-28.3644,53.163,25.4414,0.822553,-0.417354,134.26088,-3.862554,-3.208987,0.407762,,,,,,,,,,,,-17.7812,30.348,-0.630372,15.24,1.526093,3.484535,-41.030938,-1.232965,-3.839245,10.522444,-3.254029,HOS_HOS,WAS_EDA,JinguStadium,NPM,NPME,20260912-JinguStadium-2,fc21db80-ae75-11f1-af02-1b6488a193e9,148.76332,,,15.48856,,,,,,,4ed8090d-1fa5-46f2-9d4d-cb8573cd7fba,2026/9/12,48:38.5,2026-09-12T15:48:38.5420000+09:00,2026-09-12T06:48:38.5420000Z,,v3,,,,"Ogata, Mikito",1000326132,Right,WAS_EDA,766e749d-24ca-4dce-afd6-f21bd253c4ba,16.415117,-41.3312,5.261222,1.559951,-1.14011,-1.627014,-0.731368,3.59409,-1.919622,,,,,,,,,,,,,,,,,,,,,,,,,,,,,,,,,,,,,,,,,,,,,,,,,,,High,High,High,,,,,
207,2026/9/12,49:02.0,3,4,"Takahashi, Koki",1000326144,Right,WAS_EDA,"Kumagai, Riku",1000338393,Left,HOS_HOS,Undefined,7,Bottom,1,1,2,Fastball,Four-Seam,BallCalled,Undefined,Undefined,Undefined,0,0,,150.84504,-3.146725,-5.780527,2670.563649,204.012813,12:45,1.569809,0.724347,2.075288,-21.6212,58.3593,24.6683,0.473075,-0.642121,135.61589,-4.898835,-4.022581,0.403875,,,,,,,,,,,,-17.7638,34.2824,-0.611174,15.24,1.50631,4.056773,-41.246189,-2.30671,-3.890627,10.319763,-2.298144,HOS_HOS,WAS_EDA,JinguStadium,NPM,NPME,20260912-JinguStadium-2,0a1f6680-ae76-11f1-af02-1b6488a193e9,150.19505,,,15.22915,,,,,,,4ed8090d-1fa5-46f2-9d4d-cb8573cd7fba,2026/9/12,49:02.0,2026-09-12T15:49:01.9710000+09:00,2026-09-12T06:49:01.9710000Z,,v3,,,,"Ogata, Mikito",1000326132,Right,WAS_EDA,66964b21-1685-4f29-a226-dc5a7f200f4d,16.363764,-41.526402,5.159881,1.568097,-2.244308,-1.149072,-0.722762,4.162415,-1.945314,,,,,,,,,,,,,,,,,,,,,,,,,,,,,,,,,,,,,,,,,,,,,,,,,,,High,High,High,,,,,
208,2026/9/12,49:26.5,3,5,"Takahashi, Koki",1000326144,Right,WAS_EDA,"Kumagai, Riku",1000338393,Left,HOS_HOS,Undefined,7,Bottom,1,2,2,Fastball,Four-Seam,FoulBallNotFieldable,Undefined,Undefined,Undefined,0,0,,150.54557,-1.573613,-3.852951,2668.97586,211.495828,1:00,1.573563,0.722323,1.99434,-23.2286,57.4938,33.3711,0.900295,-0.022614,134.92294,-3.444253,-1.473764,0.405744,113.68878,52.801956,-166.023764,4721.641936,-32.534504,20.192181,-8.101365,58.566442,45.228212,-167.17753,3.703424,-20.7198,32.3055,-0.642527,15.24,1.538976,2.615597,-41.301719,-1.176926,-4.536237,10.602614,-2.733937,HOS_HOS,WAS_EDA,JinguStadium,NPM,NPME,20260912-JinguStadium-2,18c195f0-ae76-11f1-af02-1b6488a193e9,149.50328,20.366096,,15.62263,,,,0.463736,0.883963,0.030082,4ed8090d-1fa5-46f2-9d4d-cb8573cd7fba,2026/9/12,49:26.5,2026-09-12T15:49:26.4750000+09:00,2026-09-12T06:49:26.4750000Z,FlyBall,v3,,,,"Ogata, Mikito",1000326132,Right,WAS_EDA,25d1291d-a1de-466a-8930-7ba9b1f11f46,16.444788,-41.609852,5.301307,1.572026,-1.097472,-1.366968,-0.720457,2.747429,-2.268118,358.606315,0.463472,-18.520316,-0.245804,0.711524,-0.265157,0.064315,-0.004819,-0.001024,0.000157,0.884253,25.145654,-9.812804,1.308329,-0.122737,-0.057581,0.028978,-0.00515,0.000332,0.029979,-4.608538,-0.196817,0.313962,-0.107075,0.023294,-0.000835,-0.000613,7.70E-05,,,,,,,,,,,,,,,,,,,,,,,High,High,High,High,High,,,
209,2026/9/12,49:57.3,3,6,"Takahashi, Koki",1000326144,Right,WAS_EDA,"Kumagai, Riku",1000338393,Left,HOS_HOS,Undefined,7,Bottom,1,2,2,Cutter,Slider,FoulBallNotFieldable,Undefined,Undefined,Undefined,0,0,,132.75151,0.389467,-2.888183,2708.251538,77.136759,8:30,1.504819,0.774832,1.843879,-106.0293,-3.0509,-25.9363,0.554559,-0.300145,123.06903,-7.275698,-4.722896,0.458276,,,,,,,,,,,,11.5924,-1.0797,-0.704595,15.24,1.507125,1.958011,-36.541308,-0.159427,2.038269,6.617104,-9.996488,HOS_HOS,WAS_EDA,JinguStadium,NPM,NPME,20260912-JinguStadium-2,2b1de730-ae76-11f1-af02-1b6488a193e9,132.36552,,,9.68248,,,,,,,4ed8090d-1fa5-46f2-9d4d-cb8573cd7fba,2026/9/12,49:57.3,2026-09-12T15:49:57.3080000+09:00,2026-09-12T06:49:57.3080000Z,,v3,,,,"Ogata, Mikito",1000326132,Right,WAS_EDA,76265d22-755f-4314-a373-1ecb1a73b862,16.596841,-36.786192,3.308552,1.50618,0.21052,-4.998244,-0.77566,1.882579,1.019134,,,,,,,,,,,,,,,,,,,,,,,,,,,,,,,,,,,,,,,,,,,,,,,,,,,High,High,High,,,,,
210,2026/9/12,50:25.4,3,7,"Takahashi, Koki",1000326144,Right,WAS_EDA,"Kumagai, Riku",1000338393,Left,HOS_HOS,Undefined,7,Bottom,1,2,2,Cutter,Curveball,InPlay,Undefined,GroundBall,Single,0,1,,131.99084,0.923645,-0.832894,2807.163287,34.696733,7:15,1.542637,0.773756,1.721263,-122.6192,-16.7585,-13.7436,0.579085,0.399514,121.89264,-7.877473,-1.801083,0.464646,99.65908,-67.531034,-12.580465,,,,,0.588325,0.588325,-48.432905,0.021142,6.4371,-8.2608,-0.751148,15.24,1.557052,0.593354,-36.341497,0.073365,1.116383,6.726925,-11.239318,HOS_HOS,WAS_EDA,JinguStadium,NPM,NPME,20260912-JinguStadium-2,3be344c0-ae76-11f1-af02-1b6488a193e9,130.55103,0.542676,,10.09821,,,,0.171301,0.542676,-0.391287,4ed8090d-1fa5-46f2-9d4d-cb8573cd7fba,2026/9/12,50:25.4,2026-09-12T15:50:25.4170000+09:00,2026-09-12T06:50:25.4170000Z,GroundBall,v3,,,,"Ogata, Mikito",1000326132,Right,WAS_EDA,59a0330d-e281-4cb0-9eaa-b87501da5cb4,16.719403,-36.614315,3.363462,1.544833,0.529188,-5.619659,-0.774294,0.548078,0.558192,,0.171182,10.36093,,,,,,,,0.542971,-25.668133,,,,,,,,-0.391261,-2.312234,,,,,,,,,,,,,,,,,,,,,,,,,,,,,,High,High,High,Estimated,Estimated,,,
211,2026/9/12,51:12.7,4,1,"Takahashi, Koki",1000326144,Right,WAS_EDA,"Fujimori, Kojun",1000188667,Left,HOS_HOS,Undefined,7,Bottom,1,0,0,Fastball,Sinker,BallCalled,Undefined,Undefined,Undefined,0,0,,144.19081,-0.381971,-1.970081,2598.492759,225.376424,1:30,1.617436,0.761874,1.988155,-43.8767,42.2405,40.0922,1.07179,0.611667,131.84187,-3.700389,0.895477,0.419083,,,,,,,,,,,,-22.2869,23.1979,-0.721947,15.24,1.606946,1.175882,-39.70397,-0.401057,-4.599729,8.263714,-5.018894,HOS_HOS,WAS_EDA,JinguStadium,NPM,NPME,20260912-JinguStadium-2,580a4cc0-ae76-11f1-af02-1b6488a193e9,144.74475,,,12.34894,,,,,,,4ed8090d-1fa5-46f2-9d4d-cb8573cd7fba,2026/9/12,51:12.7,2026-09-12T15:51:12.6870000+09:00,2026-09-12T06:51:12.6870000Z,,v3,,,,"Ogata, Mikito",1000326132,Right,WAS_EDA,1d657637-69f6-4c47-905a-34f97e727bac,16.451522,-39.955332,4.131857,1.616823,-0.248394,-2.509447,-0.759842,1.315794,-2.299864,,,,,,,,,,,,,,,,,,,,,,,,,,,,,,,,,,,,,,,,,,,,,,,,,,,High,High,High,,,,,
212,2026/9/12,51:29.3,4,2,"Takahashi, Koki",1000326144,Right,WAS_EDA,"Fujimori, Kojun",1000188667,Left,HOS_HOS,Undefined,7,Bottom,1,1,0,Fastball,Four-Seam,FoulBallNotFieldable,Undefined,Undefined,Undefined,0,0,,145.91366,-2.001463,-2.9654,2630.522812,225.033284,1:30,1.581643,0.735689,2.001683,-43.4942,40.3778,37.8594,0.586508,0.284999,133.99353,-5.275165,-0.259215,0.413583,,,,,,,,,,,,-21.8929,23.3587,-0.675266,15.24,1.537333,1.903514,-40.145128,-1.543559,-4.635547,8.169102,-4.860752,HOS_HOS,WAS_EDA,JinguStadium,NPM,NPME,20260912-JinguStadium-2,61e99cf0-ae76-11f1-af02-1b6488a193e9,146.66935,,,11.92014,,,,,,,4ed8090d-1fa5-46f2-9d4d-cb8573cd7fba,2026/9/12,51:29.3,2026-09-12T15:51:29.2600000+09:00,2026-09-12T06:51:29.2600000Z,,v3,,,,"Ogata, Mikito",1000326132,Right,WAS_EDA,5ce90143-209a-424d-b388-2d531d14b26e,16.438382,-40.38825,4.084551,1.581119,-1.398898,-2.430376,-0.73397,2.041473,-2.317773,,,,,,,,,,,,,,,,,,,,,,,,,,,,,,,,,,,,,,,,,,,,,,,,,,,High,High,High,,,,,
213,2026/9/12,52:22.3,4,3,"Takahashi, Koki",1000326144,Right,WAS_EDA,"Fujimori, Kojun",1000188667,Left,HOS_HOS,Undefined,7,Bottom,1,1,1,OneSeam,Changeup,BallCalled,Undefined,Undefined,Undefined,0,0,,140.29418,0.490662,-2.929003,1652.072558,197.484042,12:30,1.567737,0.768486,1.8632,-43.1919,48.4879,14.4683,1.274281,0.086996,129.34341,-2.746161,-1.90482,0.432406,,,,,,,,,,,,-9.2635,25.5184,-0.700852,15.24,1.576416,1.90585,-38.606876,0.190539,-1.827615,6.997794,-4.772074,HOS_HOS,WAS_EDA,JinguStadium,NPM,NPME,20260912-JinguStadium-2,81962230-ae76-11f1-af02-1b6488a193e9,140.28489,,,10.95077,,,,,,,4ed8090d-1fa5-46f2-9d4d-cb8573cd7fba,2026/9/12,52:22.3,2026-09-12T15:52:22.3420000+09:00,2026-09-12T06:52:22.3420000Z,,v3,,,,"Ogata, Mikito",1000326132,Right,WAS_EDA,bfac0ad2-a846-4beb-9cc3-b48c3b871edf,16.576488,-38.84837,3.498897,1.566999,0.355223,-2.386037,-0.767711,1.968921,-0.913808,,,,,,,,,,,,,,,,,,,,,,,,,,,,,,,,,,,,,,,,,,,,,,,,,,,High,High,High,,,,,
214,2026/9/12,52:43.7,4,4,"Takahashi, Koki",1000326144,Right,WAS_EDA,"Fujimori, Kojun",1000188667,Left,HOS_HOS,Undefined,7,Bottom,1,2,1,Cutter,Slider,InPlay,Undefined,FlyBall,Single,0,0,,131.41584,0.320673,-2.42006,2582.642187,99.566362,9:15,1.570469,0.759789,1.840466,-99.1009,5.069,-14.198,0.670042,-0.06558,122.62385,-6.847689,-3.425137,0.46092,105.1525,44.734458,-25.94264,5475.774792,27.059256,19.416909,-19.796993,58.282925,47.141717,-41.666376,4.05878,5.9602,3.1663,-0.701294,15.24,1.571539,1.592024,-36.210902,-0.171954,1.03876,5.882817,-9.254823,HOS_HOS,WAS_EDA,JinguStadium,NPM,NPME,20260912-JinguStadium-2,8e4b75c0-ae76-11f1-af02-1b6488a193e9,131.60628,19.514613,,8.79198,,,,0.361563,0.664215,0.069505,4ed8090d-1fa5-46f2-9d4d-cb8573cd7fba,2026/9/12,52:43.7,2026-09-12T15:52:43.6870000+09:00,2026-09-12T06:52:43.6870000Z,Popup,v3,,,,"Ogata, Mikito",1000326132,Right,WAS_EDA,f8f71332-a0cb-4d20-a651-8d273fae2037,16.600287,-36.431224,2.941409,1.571489,0.174656,-4.627411,-0.76019,1.553121,0.51938,141.981912,0.361688,18.657375,-4.483028,1.181064,-0.239623,0.047101,-0.011571,0.002196,-0.000171,0.664686,20.543175,-6.171654,0.260117,0.128818,-0.102117,0.033508,-0.005272,0.000321,0.069457,-9.075117,-0.625411,0.317981,-0.100782,0.025912,-0.005551,0.00079,-5.00E-05,,,,,,,,,,,,,,,,,,,,,,,High,High,High,High,Medium,,,
215,2026/9/12,53:36.3,5,1,"Takahashi, Koki",1000326144,Right,WAS_EDA,"Okumura, Ryota",1000419474,Left,HOS_HOS,Undefined,7,Bottom,1,0,0,Cutter,Slider,InPlay,Undefined,Bunt,Sacrifice,2,1,,134.08401,-0.08958,-1.762062,2623.053416,141.985657,10:45,1.572668,0.785029,1.783101,-93.1518,9.2399,-4.7231,0.615766,0.238592,122.99332,-6.854749,-2.095623,0.456969,,,,,,,,,,,,1.1651,5.7241,-0.741037,15.24,1.56389,1.156904,-36.884095,-0.426685,0.207097,7.269802,-8.789198,HOS_HOS,WAS_EDA,JinguStadium,NPM,NPME,20260912-JinguStadium-2,adb21860-ae76-11f1-af02-1b6488a193e9,132.74409,,,11.09069,,,,,,,4ed8090d-1fa5-46f2-9d4d-cb8573cd7fba,2026/9/12,53:36.3,2026-09-12T15:53:36.3410000+09:00,2026-09-12T06:53:36.3410000Z,,v3,,,,"Ogata, Mikito",1000326132,Right,WAS_EDA,a1760815-badc-4ce9-ba2b-70b18ccb76fb,16.656758,-37.162287,3.634901,1.573782,-0.09035,-4.394599,-0.785156,1.148979,0.103548,,,,,,,,,,,,,,,,,,,,,,,,,,,,,,,,,,,,,,,,,,,,,,,,,,,High,High,High,,,,,
216,2026/9/12,55:38.6,1,1,"Yamatoko, Shiro",1000338381,Left,HOS_HOS,"Yuasa, Osuke",1000422710,Right,WAS_EDA,Undefined,8,Top,0,0,0,Slider,Curveball,BallCalled,Undefined,Undefined,Undefined,0,0,,119.83662,1.208976,-0.899357,2785.726383,275.731325,3:15,1.395765,-0.660453,1.621298,-130.1294,-0.9162,44.5405,0.440383,-0.472323,111.43673,-8.083826,2.218718,0.513344,,,,,,,,,,,,-22.896,-0.0784,0.681282,15.24,1.417769,0.317727,-32.997711,0.185487,-3.297971,5.144957,-9.81794,HOS_HOS,WAS_EDA,JinguStadium,NPM,NPME,20260912-JinguStadium-2,f6996ce0-ae76-11f1-af02-1b6488a193e9,118.16648,,,8.39988,,,,,,,4ed8090d-1fa5-46f2-9d4d-cb8573cd7fba,2026/9/12,55:38.6,2026-09-12T15:55:38.5980000+09:00,2026-09-12T06:55:38.5980000Z,,v3,,,,"Inoue, Kazuki",1000424351,Right,HOS_HOS,8f9d9be8-6896-4caa-844f-ce9ef2f2ed9c,16.819466,-33.243067,2.572478,1.397759,0.653691,-4.90897,0.66238,0.475003,-1.648985,,,,,,,,,,,,,,,,,,,,,,,,,,,,,,,,,,,,,,,,,,,,,,,,,,,High,High,High,,,,,
217,2026/9/12,55:48.5,1,2,"Yamatoko, Shiro",1000338381,Left,HOS_HOS,"Yuasa, Osuke",1000422710,Right,WAS_EDA,Undefined,8,Top,0,1,0,Slider,Curveball,StrikeCalled,Undefined,Undefined,Undefined,0,0,,126.7755,1.035654,1.489337,2819.48009,282.775134,3:30,1.395871,-0.679499,1.622392,-117.9051,-1.9811,23.2616,0.513174,-0.020802,117.35684,-7.393506,3.115865,0.486229,,,,,,,,,,,,-10.7136,-0.658,0.636339,15.24,1.41416,-1.01729,-34.881976,0.142158,-1.718108,5.974455,-9.912177,HOS_HOS,WAS_EDA,JinguStadium,NPM,NPME,20260912-JinguStadium-2,fc7b29a0-ae76-11f1-af02-1b6488a193e9,124.75594,,,9.41866,,,,,,,4ed8090d-1fa5-46f2-9d4d-cb8573cd7fba,2026/9/12,55:48.5,2026-09-12T15:55:48.5020000+09:00,2026-09-12T06:55:48.5020000Z,,v3,,,,"Inoue, Kazuki",1000424351,Right,HOS_HOS,2068cf68-95c0-48f4-97eb-0fe3eb3e27cb,16.817964,-35.151205,2.987228,1.39769,0.588834,-4.956088,0.680437,-0.939867,-0.859054,,,,,,,,,,,,,,,,,,,,,,,,,,,,,,,,,,,,,,,,,,,,,,,,,,,High,High,High,,,,,
218,2026/9/12,55:58.3,1,3,"Yamatoko, Shiro",1000338381,Left,HOS_HOS,"Yuasa, Osuke",1000422710,Right,WAS_EDA,Undefined,8,Top,0,1,1,Fastball,Cutter,FoulBallNotFieldable,Undefined,Undefined,Undefined,0,0,,139.25395,-0.487311,3.159227,2654.890652,160.711025,11:15,1.350336,-0.716181,1.895392,-61.0793,30.6512,-9.936,0.602271,0.07392,130.1054,-4.965152,2.454436,0.432525,135.53862,-40.196997,-78.309176,,,,,0.977635,0.977635,-52.264116,0.024813,6.9197,16.9299,0.644662,15.24,1.335452,-2.073319,-38.367154,-0.549514,1.362645,6.123412,-6.472767,HOS_HOS,WAS_EDA,JinguStadium,NPM,NPME,20260912-JinguStadium-2,024e8e80-ae77-11f1-af02-1b6488a193e9,140.24617,0.604153,,9.14855,,,,0.453455,0.604153,-0.072992,4ed8090d-1fa5-46f2-9d4d-cb8573cd7fba,2026/9/12,55:58.3,2026-09-12T15:55:58.3520000+09:00,2026-09-12T06:55:58.3520000Z,GroundBall,v3,,,,"Inoue, Kazuki",1000424351,Right,HOS_HOS,a12ce243-bc97-4408-8396-c36ea1623aa1,16.545226,-38.574906,3.061706,1.350371,-0.329909,-3.236384,0.715789,-2.11955,0.681323,,0.453409,5.838859,,,,,,,,0.604346,-24.348234,,,,,,,,-0.072767,-28.217542,,,,,,,,,,,,,,,,,,,,,,,,,,,,,,High,High,High,Estimated,Estimated,,,
219,2026/9/12,56:17.9,1,4,"Yamatoko, Shiro",1000338381,Left,HOS_HOS,"Yuasa, Osuke",1000422710,Right,WAS_EDA,Undefined,8,Top,0,1,2,Slider,Slider,InPlay,Undefined,Popup,Out,1,0,,128.80498,1.40849,1.479251,2833.144335,264.930773,2:45,1.406043,-0.681562,1.628054,-105.3104,6.496,39.2956,0.755876,0.134442,119.52873,-6.135513,4.22489,0.477516,92.43511,59.239517,50.844539,5752.5964,,,,39.051094,27.204321,64.886741,3.96528,-18.9086,3.2684,0.637378,15.24,1.43561,-1.102122,-35.453774,0.436211,-3.145091,5.920334,-9.263018,HOS_HOS,WAS_EDA,JinguStadium,NPM,NPME,20260912-JinguStadium-2,0e020270-ae77-11f1-af02-1b6488a193e9,127.03236,20.30571,,9.27625,,,,0.225325,0.689323,-0.159283,4ed8090d-1fa5-46f2-9d4d-cb8573cd7fba,2026/9/12,56:17.9,2026-09-12T15:56:17.9320000+09:00,2026-09-12T06:56:17.9320000Z,Popup,v3,,,,"Inoue, Kazuki",1000424351,Right,HOS_HOS,f5cb2aae-0b9e-4a03-9e5c-1b5d2b6627ba,16.81257,-35.715408,2.960167,1.407288,0.845567,-4.631509,0.683013,-0.963133,-1.572546,211.152046,0.228596,8.206164,-2.307511,-0.055261,0.678391,-0.394717,0.105909,-0.013523,0.000646,0.690636,22.023378,-6.9042,0.15045,0.479366,-0.342609,0.114324,-0.018895,0.001233,-0.159448,10.185738,-0.315481,-0.05358,0.051098,-0.032687,0.013805,-0.002955,0.000241,,,,,,,,,,,,,,,,,,,,,,,High,High,High,High,Medium,,,
220,2026/9/12,57:03.1,2,1,"Yamatoko, Shiro",1000338381,Left,HOS_HOS,"Sakaguchi, Yuta",1000242775,Right,WAS_EDA,Undefined,8,Top,1,0,0,Fastball,Four-Seam,StrikeSwinging,Undefined,Undefined,Undefined,0,0,,140.8492,-1.16089,2.231829,2541.511143,155.397903,11:15,1.334231,-0.705481,1.850444,-44.8666,46.2903,-19.9939,0.557851,-0.275629,129.91473,-4.508843,0.815587,0.431171,,,,,,,,,,,,11.7296,25.4401,0.654065,15.24,1.303899,-1.415139,-38.771589,-0.938551,2.32987,7.189105,-4.753419,HOS_HOS,WAS_EDA,JinguStadium,NPM,NPME,20260912-JinguStadium-2,28f0b180-ae77-11f1-af02-1b6488a193e9,140.6867,,,10.93448,,,,,,,4ed8090d-1fa5-46f2-9d4d-cb8573cd7fba,2026/9/12,57:03.1,2026-09-12T15:57:03.1350000+09:00,2026-09-12T06:57:03.1350000Z,,v3,,,,"Inoue, Kazuki",1000424351,Right,HOS_HOS,3dd5881b-f0f9-4b9c-bc0c-d80c615045a8,16.589453,-39.021006,3.594553,1.3336,-0.773638,-2.376709,0.704564,-1.49597,1.164935,,,,,,,,,,,,,,,,,,,,,,,,,,,,,,,,,,,,,,,,,,,,,,,,,,,High,High,High,,,,,
221,2026/9/12,57:13.2,2,2,"Yamatoko, Shiro",1000338381,Left,HOS_HOS,"Sakaguchi, Yuta",1000242775,Right,WAS_EDA,Undefined,8,Top,1,0,1,Fastball,Four-Seam,StrikeSwinging,Undefined,Undefined,Undefined,0,0,,140.58221,-0.67592,2.022514,2608.76178,160.105711,11:15,1.319664,-0.728209,1.806512,-46.0176,45.5419,-15.5787,0.668203,-0.311771,130.18998,-4.089944,0.921923,0.432122,,,,,,,,,,,,9.206,24.5752,0.679984,15.24,1.300011,-1.29151,-38.716747,-0.620057,1.83234,6.802174,-4.915282,HOS_HOS,WAS_EDA,JinguStadium,NPM,NPME,20260912-JinguStadium-2,2ef7a980-ae77-11f1-af02-1b6488a193e9,140.37704,,,10.39223,,,,,,,4ed8090d-1fa5-46f2-9d4d-cb8573cd7fba,2026/9/12,57:13.2,2026-09-12T15:57:13.2480000+09:00,2026-09-12T06:57:13.2480000Z,,v3,,,,"Inoue, Kazuki",1000424351,Right,HOS_HOS,7c438434-b6b3-44a3-a35d-4b0d448c938b,16.63347,-38.960797,3.401087,1.319094,-0.443705,-2.457641,0.727501,-1.357251,0.91617,,,,,,,,,,,,,,,,,,,,,,,,,,,,,,,,,,,,,,,,,,,,,,,,,,,High,High,High,,,,,
222,2026/9/12,57:28.4,2,3,"Yamatoko, Shiro",1000338381,Left,HOS_HOS,"Sakaguchi, Yuta",1000242775,Right,WAS_EDA,Undefined,8,Top,1,0,2,Fastball,Changeup,FoulBallNotFieldable,Undefined,Undefined,Undefined,0,0,,140.08609,0.312079,1.99181,2677.010652,145.497765,10:45,1.32085,-0.775692,1.826573,-62.3759,30.0474,-18.8412,0.785296,-0.401271,129.11736,-4.276429,0.658889,0.434156,126.13864,45.482814,75.889912,5140.07789,3.963707,23.13854,33.292862,74.750413,36.539869,89.537605,4.253141,10.9688,16.0771,0.729099,15.24,1.324187,-1.250561,-38.569643,-0.026619,2.154642,7.165791,-6.648585,HOS_HOS,WAS_EDA,JinguStadium,NPM,NPME,20260912-JinguStadium-2,37ff5e60-ae77-11f1-af02-1b6488a193e9,139.7195,24.269341,,10.96873,,,,-0.099228,0.7448,0.395367,4ed8090d-1fa5-46f2-9d4d-cb8573cd7fba,2026/9/12,57:28.4,2026-09-12T15:57:28.4300000+09:00,2026-09-12T06:57:28.4300000Z,FlyBall,v3,,,,"Inoue, Kazuki",1000424351,Right,HOS_HOS,78159eef-2c3a-4de9-b295-fbe3de8fbaab,16.613368,-38.823961,3.582896,1.320945,0.209342,-3.324292,0.774838,-1.32703,1.077321,,-0.099824,6.007449,-3.260759,1.129484,-0.498984,0.221125,-0.067698,0.011232,-0.00074,0.744072,25.001733,-7.947008,1.053483,-0.331457,0.10588,-0.024386,0.00307,-0.000151,0.394892,23.837372,-2.172566,0.393838,-0.155885,0.069114,-0.019854,0.002731,-0.000135,,,,,,,,,,,,,,,,,,,,,,,High,High,High,Medium,Low,,,
223,2026/9/12,57:47.6,2,4,"Yamatoko, Shiro",1000338381,Left,HOS_HOS,"Sakaguchi, Yuta",1000242775,Right,WAS_EDA,Undefined,8,Top,1,0,2,Slider,Slider,StrikeSwinging,Strikeout,Undefined,Undefined,0,0,,129.18047,1.192603,-0.065267,2989.510953,274.682577,3:15,1.393257,-0.654904,1.564105,-111.8608,-0.3602,39.8762,0.617024,-0.274876,120.32219,-6.770128,2.714913,0.476863,,,,,,,,,,,,-19.9621,-0.0008,0.652893,15.24,1.416847,-0.154905,-35.580527,0.256219,-3.358402,5.691021,-9.80679,HOS_HOS,WAS_EDA,JinguStadium,NPM,NPME,20260912-JinguStadium-2,4374def0-ae77-11f1-af02-1b6488a193e9,127.20647,,,8.85828,,,,,,,4ed8090d-1fa5-46f2-9d4d-cb8573cd7fba,2026/9/12,57:47.6,2026-09-12T15:57:47.6300000+09:00,2026-09-12T06:57:47.6300000Z,,v3,,,,"Inoue, Kazuki",1000424351,Right,HOS_HOS,9e752dd0-e541-4187-b304-814a04fb368b,16.876735,-35.841363,2.84551,1.394803,0.705692,-4.903395,0.656465,-0.000979,-1.679201,,,,,,,,,,,,,,,,,,,,,,,,,,,,,,,,,,,,,,,,,,,,,,,,,,,High,High,High,,,,,
224,2026/9/12,58:06.6,3,1,"Yamatoko, Shiro",1000338381,Left,HOS_HOS,"Yamane, Juntaro",1000242780,Right,WAS_EDA,Undefined,8,Top,2,0,0,Fastball,Cutter,BallCalled,Undefined,Undefined,Undefined,0,0,,141.40461,-0.962732,2.554992,2647.617022,176.501709,12:00,1.335879,-0.719544,1.853322,-60.0245,29.7435,-1.6756,0.463854,-0.015332,131.64151,-5.356952,2.436335,0.427874,,,,,,,,,,,,2.3433,16.6772,0.659465,15.24,1.309298,-1.730217,-38.950411,-0.88297,0.47338,6.668329,-6.437593,HOS_HOS,WAS_EDA,JinguStadium,NPM,NPME,20260912-JinguStadium-2,4ebd8320-ae77-11f1-af02-1b6488a193e9,141.77085,,,9.7631,,,,,,,4ed8090d-1fa5-46f2-9d4d-cb8573cd7fba,2026/9/12,58:06.6,2026-09-12T15:58:06.6080000+09:00,2026-09-12T06:58:06.6080000Z,,v3,,,,"Inoue, Kazuki",1000424351,Right,HOS_HOS,e8a91ad1-ae13-40f6-b3e7-344648cb14be,16.587036,-39.180345,3.334164,1.335917,-0.660991,-3.218796,0.719407,-1.74654,0.23669,,,,,,,,,,,,,,,,,,,,,,,,,,,,,,,,,,,,,,,,,,,,,,,,,,,High,High,High,,,,,
225,2026/9/12,58:21.5,3,2,"Yamatoko, Shiro",1000338381,Left,HOS_HOS,"Yamane, Juntaro",1000242780,Right,WAS_EDA,Undefined,8,Top,2,1,0,Fastball,Slider,InPlay,Undefined,LineDrive,Single,0,0,,139.33627,0.502413,2.187389,2629.952965,188.145364,12:15,1.327371,-0.684645,1.778075,-60.7964,33.184,4.3712,0.861851,-0.020931,128.52348,-3.960924,2.495445,0.437798,105.12508,30.125819,26.530142,4121.372001,28.291222,11.472669,17.992596,59.137915,58.16411,37.396054,3.204163,-0.8591,17.4806,0.629936,15.24,1.335544,-1.486011,-38.350087,0.102971,-0.166921,7.04467,-6.410033,HOS_HOS,WAS_EDA,JinguStadium,NPM,NPME,20260912-JinguStadium-2,57ac31c0-ae77-11f1-af02-1b6488a193e9,138.55718,11.497577,,10.81279,,,,0.108614,0.855783,0.010389,4ed8090d-1fa5-46f2-9d4d-cb8573cd7fba,2026/9/12,58:21.5,2026-09-12T15:58:21.5440000+09:00,2026-09-12T06:58:21.5440000Z,FlyBall,v3,,,,"Inoue, Kazuki",1000424351,Right,HOS_HOS,9235ed53-2305-457e-8fd6-0b6f01698b2d,16.661898,-38.610397,3.522335,1.327363,0.339831,-3.205017,0.684732,-1.479843,-0.08346,227.239662,0.108534,22.600526,-4.03722,0.864116,-0.23822,0.08319,-0.026485,0.005024,-0.000384,0.855845,14.653906,-5.472911,0.32437,-0.004433,-0.026883,0.012534,-0.002301,0.00015,0.010376,11.282052,0.176071,-0.145855,0.038389,-0.002154,-0.001788,0.000564,-5.30E-05,,,,,,,,,,,,,,,,,,,,,,,High,High,High,High,High,,,
226,2026/9/12,58:58.4,4,1,"Yamatoko, Shiro",1000338381,Left,HOS_HOS,"Okanishi, Yuya",1000242774,Left,WAS_EDA,Undefined,8,Top,2,0,0,Slider,Curveball,BallCalled,Undefined,Undefined,Undefined,0,0,,122.99434,0.335499,2.151238,2863.698844,293.60657,3:45,1.430066,-0.594182,1.657097,-141.4716,-17.8456,49.2404,0.111176,0.512512,113.91895,-9.73309,5.602374,0.502122,,,,,,,,,,,,-23.42,-8.2678,0.531894,15.24,1.427272,-1.491671,-33.832802,-0.365405,-3.499312,6.16934,-11.041986,HOS_HOS,WAS_EDA,JinguStadium,NPM,NPME,20260912-JinguStadium-2,6da4e3a0-ae77-11f1-af02-1b6488a193e9,120.8072,,,9.07539,,,,,,,4ed8090d-1fa5-46f2-9d4d-cb8573cd7fba,2026/9/12,58:58.4,2026-09-12T15:58:58.3880000+09:00,2026-09-12T06:58:58.3880000Z,,v3,,,,"Inoue, Kazuki",1000424351,Right,HOS_HOS,5e5694bc-e2c4-4f7f-b963-52e9b17437aa,16.783999,-34.113185,3.08467,1.432475,0.136429,-5.520993,0.596073,-1.332635,-1.749656,,,,,,,,,,,,,,,,,,,,,,,,,,,,,,,,,,,,,,,,,,,,,,,,,,,High,High,High,,,,,
227,2026/9/12,59:48.8,4,2,"Yamatoko, Shiro",1000338381,Left,HOS_HOS,"Okanishi, Yuya",1000242774,Left,WAS_EDA,Undefined,8,Top,2,1,0,Fastball,Cutter,FoulBallNotFieldable,Undefined,Undefined,Undefined,0,0,,138.89847,-0.25882,2.678715,2513.833284,161.574098,11:30,1.378552,-0.606543,1.836235,-55.9067,37.9527,-11.762,0.746342,0.032566,128.22824,-4.388134,1.846923,0.437516,,,,,,,,,,,,7.7701,20.5571,0.543418,15.24,1.368689,-1.733547,-38.231614,-0.375388,1.501619,6.945962,-5.83389,HOS_HOS,WAS_EDA,JinguStadium,NPM,NPME,20260912-JinguStadium-2,8bb1e9b0-ae77-11f1-af02-1b6488a193e9,138.64648,,,10.67023,,,,,,,4ed8090d-1fa5-46f2-9d4d-cb8573cd7fba,2026/9/12,59:48.8,2026-09-12T15:59:48.8440000+09:00,2026-09-12T06:59:48.8440000Z,,v3,,,,"Inoue, Kazuki",1000424351,Right,HOS_HOS,1d8d955e-c01f-4982-8ce3-d78cba290e63,16.603849,-38.478601,3.472981,1.378349,-0.167944,-2.916945,0.606009,-1.786942,0.750809,,,,,,,,,,,,,,,,,,,,,,,,,,,,,,,,,,,,,,,,,,,,,,,,,,,High,High,High,,,,,
228,2026/9/12,00:30.2,4,3,"Yamatoko, Shiro",1000338381,Left,HOS_HOS,"Okanishi, Yuya",1000242774,Left,WAS_EDA,Undefined,8,Top,2,1,1,Fastball,Four-Seam,FoulBallNotFieldable,Undefined,Undefined,Undefined,0,0,,141.47435,-0.635098,3.499569,2622.992196,149.8543,11:00,1.40097,-0.617848,1.83779,-48.1612,42.4003,-23.1275,0.73975,0.13991,130.51827,-4.211383,1.865671,0.429761,118.69809,17.802561,-151.297992,4076.319682,-30.648896,5.653122,-13.593035,58.02247,21.843082,-159.159749,2.220486,14.1164,23.0512,0.535918,15.24,1.382639,-2.268087,-38.9105,-0.602845,2.827461,7.150418,-5.189576,HOS_HOS,WAS_EDA,JinguStadium,NPM,NPME,20260912-JinguStadium-2,a4598ef0-ae77-11f1-af02-1b6488a193e9,141.14837,5.755483,,10.95608,,,,-0.275011,0.718397,-0.171452,4ed8090d-1fa5-46f2-9d4d-cb8573cd7fba,2026/9/12,00:30.2,2026-09-12T16:00:30.1960000+09:00,2026-09-12T07:00:30.1960000Z,LineDrive,v3,,,,"Inoue, Kazuki",1000424351,Right,HOS_HOS,141c52bb-d389-453a-9464-d51388e02e12,16.602249,-39.160035,3.575209,1.400517,-0.42174,-2.594788,0.616792,-2.36676,1.41373,93.203571,-0.275012,-27.535532,1.829892,-0.161933,-0.027225,0.026404,-0.012035,0.003243,-0.000411,0.718393,10.080941,-5.383273,0.368997,-0.052725,0.030319,-0.017322,0.006142,-0.000869,-0.171454,-15.076424,4.17416,-1.092805,0.245456,-0.030597,-0.003279,0.002879,-0.000506,,,,,,,,,,,,,,,,,,,,,,,High,High,High,High,Low,,,
229,2026/9/12,00:55.1,4,4,"Yamatoko, Shiro",1000338381,Left,HOS_HOS,"Okanishi, Yuya",1000242774,Left,WAS_EDA,Undefined,8,Top,2,1,2,Fastball,Four-Seam,BallCalled,Undefined,Undefined,Undefined,1,0,,141.24119,0.320875,4.449246,2624.557728,170.313426,11:45,1.394632,-0.571969,1.85033,-45.3,46.0145,-7.3976,1.032407,0.611471,129.69517,-3.064218,3.927801,0.431543,,,,,,,,,,,,6.7195,24.3265,0.467246,15.24,1.399272,-2.98174,-38.782548,0.065714,1.331435,7.420731,-4.986499,HOS_HOS,WAS_EDA,JinguStadium,NPM,NPME,20260912-JinguStadium-2,b32b32d0-ae77-11f1-af02-1b6488a193e9,140.56521,,,11.54602,,,,,,,4ed8090d-1fa5-46f2-9d4d-cb8573cd7fba,2026/9/12,00:55.1,2026-09-12T16:00:55.0620000+09:00,2026-09-12T07:00:55.0620000Z,,v3,,,,"Inoue, Kazuki",1000424351,Right,HOS_HOS,e77e73ab-3046-43c8-9ef1-54c2d1e4f9cf,16.589232,-39.039859,3.710365,1.393996,0.238619,-2.49325,0.571437,-3.027907,0.665717,,,,,,,,,,,,,,,,,,,,,,,,,,,,,136.80501,1.737802,0.579379,1.158423,-0.423369,0.98495,-0.669981,-0.292807,1.474342,-0.454039,38.794432,-0.077794,-1.451478,-0.263487,37.432111,-3.240228,1.478616,2.809783,-3.591017,-0.472682,-2.516385,1.463233,High,High,High,,,High,Medium,Low
230,2026/9/12,05:38.9,1,1,"Saso, Tsubasa",1000422729,Left,WAS_EDA,"Sakai, Ryoya",1000323740,Left,HOS_HOS,Undefined,8,Bottom,0,0,0,Slider,Slider,BallCalled,Undefined,Undefined,Undefined,0,0,,133.21546,-2.671278,5.204431,1749.418823,157.184899,11:15,1.658856,-0.670216,1.869367,-87.4883,14.9674,-5.0784,0.027777,0.749201,123.97854,-8.983506,4.845903,0.457112,,,,,,,,,,,,5.9494,10.2809,0.549144,15.24,1.590894,-3.305297,-36.529697,-2.034802,1.04901,6.383081,-7.99391,HOS_HOS,WAS_EDA,JinguStadium,NPM,NPME,20260912-JinguStadium-2,5c52b9f0-ae78-11f1-af02-1b6488a193e9,132.70274,,,9.23692,,,,,,,4ed8090d-1fa5-46f2-9d4d-cb8573cd7fba,2026/9/12,05:38.8,2026-09-12T16:05:38.8550000+09:00,2026-09-12T07:05:38.8550000Z,,v3,,,,"Ogata, Mikito",1000326132,Right,WAS_EDA,87832000-37dd-4b4d-97f2-1f944959c0b9,16.571067,-36.761548,3.191541,1.65953,-1.744442,-3.996955,0.669893,-3.3434,0.524505,,,,,,,,,,,,,,,,,,,,,,,,,,,,,,,,,,,,,,,,,,,,,,,,,,,High,High,High,,,,,
231,2026/9/12,05:56.9,1,2,"Saso, Tsubasa",1000422729,Left,WAS_EDA,"Sakai, Ryoya",1000323740,Left,HOS_HOS,Undefined,8,Bottom,0,1,0,Sinker,Sinker,InPlay,Undefined,LineDrive,Double,0,0,,142.007,-0.347233,4.000144,1886.805863,120.403905,10:00,1.655146,-0.646629,2.098374,-59.7816,27.1553,-42.1129,0.960661,0.044954,131.18677,-4.807209,0.976477,0.421072,152.95381,20.656226,-24.40083,4285.322611,29.114681,10.979388,-16.626812,93.472146,87.150978,-39.414246,3.567377,24.9475,15.4338,0.571039,15.24,1.6458,-2.555631,-39.097529,-0.430315,5.045718,7.209084,-6.685115,HOS_HOS,WAS_EDA,JinguStadium,NPM,NPME,20260912-JinguStadium-2,67093040-ae78-11f1-af02-1b6488a193e9,144.06074,12.984236,,10.82024,,,,0.036014,0.92648,-0.053257,4ed8090d-1fa5-46f2-9d4d-cb8573cd7fba,2026/9/12,05:56.9,2026-09-12T16:05:56.8660000+09:00,2026-09-12T07:05:56.8660000Z,LineDrive,v3,,,,"Ogata, Mikito",1000326132,Right,WAS_EDA,fc415907-b841-4e34-85f1-7de9f740a945,16.342158,-39.300227,3.604542,1.655257,-0.242349,-3.342557,0.64489,-2.697502,2.522859,123.878701,0.036,36.205202,-7.924676,1.756874,-0.368261,0.063532,-0.008422,0.000616,-5.00E-06,0.926482,14.987702,-4.975733,0.180575,0.017081,-0.006233,9.30E-05,0.000389,-5.70E-05,-0.053241,-16.424101,-1.182563,0.789506,-0.263699,0.06433,-0.011515,0.001308,-7.00E-05,,,,,,,,,,,,,,,,,,,,,,,High,High,High,High,Medium,,,
232,2026/9/12,06:41.8,2,1,"Saso, Tsubasa",1000422729,Left,WAS_EDA,"Tadaishi, Kanta",1000424355,Right,HOS_HOS,Undefined,8,Bottom,0,0,0,Fastball,Four-Seam,BallCalled,Undefined,Undefined,Undefined,0,0,,144.30022,-2.969554,4.641403,2192.720211,147.814695,11:00,1.703335,-0.654003,2.00443,-36.4474,49.9256,-29.6863,0.505825,0.348579,132.13567,-5.746864,2.526921,0.419704,,,,,,,,,,,,18.8017,29.1269,0.558142,15.24,1.639032,-3.077047,-39.584275,-2.162228,3.862329,8.107976,-3.823253,HOS_HOS,WAS_EDA,JinguStadium,NPM,NPME,20260912-JinguStadium-2,81cb2a00-ae78-11f1-af02-1b6488a193e9,144.53027,,,12.16455,,,,,,,4ed8090d-1fa5-46f2-9d4d-cb8573cd7fba,2026/9/12,06:41.8,2026-09-12T16:06:41.7680000+09:00,2026-09-12T07:06:41.7680000Z,,v3,,,,"Ogata, Mikito",1000326132,Right,WAS_EDA,85ea6334-68ba-46a4-9bcd-6123bc58ff96,16.435438,-39.828382,4.053988,1.702398,-2.047122,-1.911626,0.652533,-3.19333,1.931164,,,,,,,,,,,,,,,,,,,,,,,,,,,,,,,,,,,,,,,,,,,,,,,,,,,High,High,High,,,,,
233,2026/9/12,06:58.6,2,2,"Saso, Tsubasa",1000422729,Left,WAS_EDA,"Tadaishi, Kanta",1000424355,Right,HOS_HOS,Undefined,8,Bottom,0,1,0,Sinker,Changeup,BallCalled,Undefined,Undefined,Undefined,0,0,,139.49808,-2.207574,5.128766,1739.773347,111.162262,9:45,1.638831,-0.680512,2.102286,-70.5757,20.4129,-45.5548,0.317378,0.291745,128.49729,-7.439243,1.861377,0.430773,,,,,,,,,,,,27.7809,13.1883,0.583523,15.24,1.593235,-3.248999,-38.304354,-1.712838,5.357714,7.402416,-7.263195,HOS_HOS,WAS_EDA,JinguStadium,NPM,NPME,20260912-JinguStadium-2,8bdf1ec0-ae78-11f1-af02-1b6488a193e9,140.81674,,,11.00079,,,,,,,4ed8090d-1fa5-46f2-9d4d-cb8573cd7fba,2026/9/12,06:58.6,2026-09-12T16:06:58.6370000+09:00,2026-09-12T07:06:58.6370000Z,,v3,,,,"Ogata, Mikito",1000326132,Right,WAS_EDA,5f8b4d28-797f-4e40-a7aa-59a63a312bb9,16.338233,-38.516005,3.701208,1.63924,-1.505167,-3.631598,0.678609,-3.402188,2.678857,,,,,,,,,,,,,,,,,,,,,,,,,,,,,,,,,,,,,,,,,,,,,,,,,,,High,High,High,,,,,
234,2026/9/12,07:21.7,2,3,"Saso, Tsubasa",1000422729,Left,WAS_EDA,"Tadaishi, Kanta",1000424355,Right,HOS_HOS,Undefined,8,Bottom,0,2,0,Sinker,Changeup,StrikeCalled,Undefined,Undefined,Undefined,0,0,,140.95698,-1.310904,4.738345,1819.146122,113.292059,9:45,1.653474,-0.669549,2.062464,-66.1405,23.4896,-48.0518,0.625873,0.171831,129.24592,-6.230076,1.298953,0.427545,,,,,,,,,,,,28.7153,14.1959,0.577026,15.24,1.624259,-3.000376,-38.726983,-1.110509,5.645341,7.770502,-7.015785,HOS_HOS,WAS_EDA,JinguStadium,NPM,NPME,20260912-JinguStadium-2,999ce1a0-ae78-11f1-af02-1b6488a193e9,141.87983,,,11.71106,,,,,,,4ed8090d-1fa5-46f2-9d4d-cb8573cd7fba,2026/9/12,07:21.7,2026-09-12T16:07:21.7210000+09:00,2026-09-12T07:07:21.7210000Z,,v3,,,,"Ogata, Mikito",1000326132,Right,WAS_EDA,c41e7842-a6ae-478f-a21f-ad4fff17aae4,16.377824,-38.954616,3.885251,1.65378,-0.904985,-3.507892,0.667343,-3.165754,2.822671,,,,,,,,,,,,,,,,,,,,,,,,,,,,,,,,,,,,,,,,,,,,,,,,,,,High,High,High,,,,,
235,2026/9/12,07:39.5,2,4,"Saso, Tsubasa",1000422729,Left,WAS_EDA,"Tadaishi, Kanta",1000424355,Right,HOS_HOS,Undefined,8,Bottom,0,2,1,Fastball,Four-Seam,FoulBallNotFieldable,Undefined,Undefined,Undefined,0,0,,143.74595,-1.274805,4.181662,2137.915806,140.435961,10:45,1.656796,-0.672205,1.929462,-42.7015,44.559,-34.6334,0.870975,0.157191,131.95885,-4.486449,1.723266,0.421855,101.78721,41.47581,153.958081,3721.873064,-30.955854,12.594746,12.87872,53.053754,22.419495,159.514725,2.980681,20.8806,24.8893,0.581093,15.24,1.625911,-2.725948,-39.50263,-1.020166,4.287706,7.78472,-4.695776,HOS_HOS,WAS_EDA,JinguStadium,NPM,NPME,20260912-JinguStadium-2,a4374470-ae78-11f1-af02-1b6488a193e9,143.7934,13.254835,,11.78709,,,,0.396408,0.872027,-0.147651,4ed8090d-1fa5-46f2-9d4d-cb8573cd7fba,2026/9/12,07:39.5,2026-09-12T16:07:39.4830000+09:00,2026-09-12T07:07:39.4830000Z,Popup,v3,,,,"Ogata, Mikito",1000326132,Right,WAS_EDA,eac62a48-8e02-45cc-8c8b-f1c440e86c95,16.510728,-39.752261,3.89236,1.65621,-0.869587,-2.347888,0.67071,-2.863441,2.143853,339.628407,0.396378,-19.032852,0.265674,0.221542,-0.010765,-0.031388,0.023189,-0.006548,0.000653,0.87212,18.721748,-7.934753,0.731046,-0.027091,-0.066724,0.032163,-0.006239,0.000447,-0.147606,9.298967,-1.140632,0.07714,-0.012286,0.009668,-0.010122,0.003495,-0.000389,,,,,,,,,,,,,,,,,,,,,,,High,High,High,High,Medium,,,
236,2026/9/12,08:01.6,2,5,"Saso, Tsubasa",1000422729,Left,WAS_EDA,"Tadaishi, Kanta",1000424355,Right,HOS_HOS,Undefined,8,Bottom,0,2,2,Slider,Changeup,BallCalled,Undefined,Undefined,Undefined,0,0,,132.8441,-2.445475,4.396816,1887.595147,130.07104,10:15,1.655628,-0.674622,1.865013,-90.8931,13.2878,-11.7699,0.055135,0.449091,121.99824,-9.042953,3.563884,0.460945,,,,,,,,,,,,9.5208,9.4199,0.572604,15.24,1.592542,-2.752197,-36.440665,-1.892353,1.644821,7.374888,-8.179256,HOS_HOS,WAS_EDA,JinguStadium,NPM,NPME,20260912-JinguStadium-2,b1657180-ae78-11f1-af02-1b6488a193e9,131.59932,,,10.84586,,,,,,,4ed8090d-1fa5-46f2-9d4d-cb8573cd7fba,2026/9/12,08:01.6,2026-09-12T16:08:01.6370000+09:00,2026-09-12T07:08:01.6370000Z,,v3,,,,"Ogata, Mikito",1000326132,Right,WAS_EDA,265790cc-9d97-4c2b-bb7b-1aead5d270a8,16.575668,-36.709983,3.687444,1.656194,-1.593661,-4.089628,0.674207,-2.812263,0.822411,,,,,,,,,,,,,,,,,,,,,,,,,,,,,,,,,,,,,,,,,,,,,,,,,,,High,High,High,,,,,
237,2026/9/12,08:32.2,2,6,"Saso, Tsubasa",1000422729,Left,WAS_EDA,"Tadaishi, Kanta",1000424355,Right,HOS_HOS,Undefined,8,Bottom,0,3,2,Slider,Slider,InPlay,Undefined,GroundBall,Out,1,0,,131.00947,0.540871,3.47326,1744.66671,204.178712,12:45,1.659303,-0.724869,1.87338,-90.446,16.881,5.9416,0.90746,0.313966,118.98306,-6.101448,3.893758,0.467853,123.07432,8.963907,-25.724841,1642.180404,,,,31.08981,29.786429,-24.627628,0.988109,-0.3487,9.2912,0.64385,15.24,1.666281,-2.209403,-35.97216,0.015648,-0.05835,7.575788,-8.252086,HOS_HOS,WAS_EDA,JinguStadium,NPM,NPME,20260912-JinguStadium-2,c3a19090-ae78-11f1-af02-1b6488a193e9,129.6562,2.008911,,12.0264,,,,0.942591,0.956989,-0.277032,4ed8090d-1fa5-46f2-9d4d-cb8573cd7fba,2026/9/12,08:32.2,2026-09-12T16:08:32.1980000+09:00,2026-09-12T07:08:32.1980000Z,GroundBall,v3,,,,"Ogata, Mikito",1000326132,Right,WAS_EDA,5037cb1a-6250-4a1b-a1d2-265ca37c54d4,16.566307,-36.250406,3.787894,1.660141,0.318733,-4.126043,0.724958,-2.20726,-0.029175,341.320381,0.942591,30.42281,-2.875215,0.088819,-0.021118,-0.004375,0.007302,-0.004125,0.000982,0.956989,5.326796,-7.028287,0.759572,-0.115172,0.013915,0.014691,-0.011863,0.003077,-0.277032,-14.657758,1.912726,-0.085878,0.023276,-0.001751,-0.000648,0.000235,-3.60E-05,,,,,,,,,,,,,,,,,,,,,,,High,High,High,High,High,,,
238,2026/9/12,09:10.7,3,1,"Saso, Tsubasa",1000422729,Left,WAS_EDA,"Inoue, Kazuki",1000424351,Left,HOS_HOS,Undefined,8,Bottom,1,0,0,Fastball,Four-Seam,BallCalled,Undefined,Undefined,Undefined,0,0,,144.34473,-1.591527,4.763456,2112.570774,151.14368,11:00,1.672333,-0.610757,1.88786,-35.497,52.143,-27.1798,0.867856,0.460931,131.73799,-4.295256,2.842713,0.422772,,,,,,,,,,,,17.3231,28.894,0.502784,15.24,1.633445,-3.164096,-39.590679,-1.20784,3.555288,8.2081,-3.876622,HOS_HOS,WAS_EDA,JinguStadium,NPM,NPME,20260912-JinguStadium-2,da906240-ae78-11f1-af02-1b6488a193e9,143.48172,,,12.60674,,,,,,,4ed8090d-1fa5-46f2-9d4d-cb8573cd7fba,2026/9/12,09:10.7,2026-09-12T16:09:10.6750000+09:00,2026-09-12T07:09:10.6750000Z,,v3,,,,"Ogata, Mikito",1000326132,Right,WAS_EDA,f3d4d714-a547-43d8-8a18-65b8f3f62123,16.551559,-39.86167,4.10405,1.671209,-1.079853,-1.938311,0.609185,-3.281474,1.777644,,,,,,,,,,,,,,,,,,,,,,,,,,,,,,,,,,,,,,,,,,,,,,,,,,,High,High,High,,,,,
239,2026/9/12,09:27.2,3,2,"Saso, Tsubasa",1000422729,Left,WAS_EDA,"Inoue, Kazuki",1000424351,Left,HOS_HOS,Undefined,8,Bottom,1,1,0,Slider,Changeup,FoulBallNotFieldable,Undefined,Undefined,Undefined,0,0,,130.69526,0.334888,2.778805,1694.311685,147.067933,11:00,1.637644,-0.716559,1.86893,-86.5706,20.0869,-10.8576,0.866395,-0.041674,119.76762,-6.013993,2.009185,0.466391,122.50794,61.511954,-156.411274,4650.249202,-31.546016,28.660519,-11.356659,59.875033,19.65993,-161.318046,4.456692,7.6108,11.1079,0.65253,15.24,1.640034,-1.696992,-35.943541,-0.100198,1.285768,6.849673,-7.930086,HOS_HOS,WAS_EDA,JinguStadium,NPM,NPME,20260912-JinguStadium-2,e46f8b60-ae78-11f1-af02-1b6488a193e9,130.06251,28.731915,,10.92764,,,,0.591706,0.882731,0.049457,4ed8090d-1fa5-46f2-9d4d-cb8573cd7fba,2026/9/12,09:27.2,2026-09-12T16:09:27.2060000+09:00,2026-09-12T07:09:27.2060000Z,Popup,v3,,,,"Ogata, Mikito",1000326132,Right,WAS_EDA,92ba8fd6-3ab7-4ce1-a3cc-3efbc3256e2b,16.570965,-36.196291,3.424836,1.638332,0.192419,-3.965043,0.716024,-1.744436,0.642884,9.187371,0.590835,-14.856657,-0.949979,0.797797,-0.234693,0.039171,0.000119,-0.000989,9.30E-05,0.883306,29.893159,-9.910219,1.206976,-0.062115,-0.067339,0.024781,-0.003599,0.000195,0.04914,-6.487854,0.692333,-0.023024,-0.044581,0.021466,-0.004258,0.000359,-9.00E-06,,,,,,,,,,,,,,,,,,,,,,,High,High,High,High,Low,,,
240,2026/9/12,09:53.7,3,3,"Saso, Tsubasa",1000422729,Left,WAS_EDA,"Inoue, Kazuki",1000424351,Left,HOS_HOS,Undefined,8,Bottom,1,1,1,Sinker,Sinker,BallCalled,Undefined,Undefined,Undefined,0,0,,141.27617,-1.465742,3.758113,1950.426224,115.596768,9:45,1.673603,-0.653362,2.104231,-65.2674,23.243,-42.8282,0.613054,-0.036842,129.75817,-6.330086,0.678499,0.424866,,,,,,,,,,,,25.2895,14.2371,0.582716,15.24,1.642675,-2.367545,-38.865768,-1.209651,5.010349,7.784284,-6.985993,HOS_HOS,WAS_EDA,JinguStadium,NPM,NPME,20260912-JinguStadium-2,f43db7b0-ae78-11f1-af02-1b6488a193e9,142.77452,,,11.518,,,,,,,4ed8090d-1fa5-46f2-9d4d-cb8573cd7fba,2026/9/12,09:53.7,2026-09-12T16:09:53.7140000+09:00,2026-09-12T07:09:53.7140000Z,,v3,,,,"Ogata, Mikito",1000326132,Right,WAS_EDA,5bc4880f-cfb6-4e93-a88f-fb494af4eb69,16.335828,-39.084631,3.892142,1.673925,-1.013233,-3.492996,0.651262,-2.508416,2.505174,,,,,,,,,,,,,,,,,,,,,,,,,,,,,,,,,,,,,,,,,,,,,,,,,,,High,High,High,,,,,
241,2026/9/12,10:13.3,3,4,"Saso, Tsubasa",1000422729,Left,WAS_EDA,"Inoue, Kazuki",1000424351,Left,HOS_HOS,Undefined,8,Bottom,1,2,1,Fastball,Four-Seam,InPlay,Undefined,LineDrive,Triple,0,1,,142.30178,-1.397732,3.277251,2146.75426,142.212398,10:45,1.672929,-0.648812,2.027237,-42.098,47.0717,-34.0771,0.861325,-0.074372,128.7495,-4.621507,0.839491,0.426445,175.61602,20.155827,12.836068,855.264836,32.500989,10.690036,8.234358,106.705068,106.655842,18.197586,3.519465,20.5245,26.807,0.58302,15.24,1.642068,-2.083631,-39.102085,-1.073843,4.059691,8.914169,-4.504294,HOS_HOS,WAS_EDA,JinguStadium,NPM,NPME,20260912-JinguStadium-2,ffe3be20-ae78-11f1-af02-1b6488a193e9,142.24566,13.725834,,13.55227,,,,0.399348,0.849763,0.069948,4ed8090d-1fa5-46f2-9d4d-cb8573cd7fba,2026/9/12,10:13.3,2026-09-12T16:10:13.3160000+09:00,2026-09-12T07:10:13.3160000Z,FlyBall,v3,,,,"Ogata, Mikito",1000326132,Right,WAS_EDA,f4151947-7f0d-44fc-bca1-5ffd7852f0f1,16.412205,-39.368408,4.457084,1.67214,-0.939271,-2.252147,0.647083,-2.20492,2.029845,225.904273,0.399381,44.648899,-7.888414,1.725923,-0.377019,0.067164,-0.007729,0.000342,1.20E-05,0.849729,16.810629,-6.427068,0.843009,-0.240179,0.077288,-0.020531,0.003357,-0.000233,0.069897,10.176131,-0.307978,0.090232,-0.072363,0.047471,-0.017635,0.003286,-0.000241,,,,,,,,,,,,,,,,,,,,,,,High,High,High,High,High,,,
242,2026/9/12,11:00.5,4,1,"Saso, Tsubasa",1000422729,Left,WAS_EDA,"Kawasaki, Hiroto",1000242159,Right,HOS_HOS,Undefined,8,Bottom,1,0,0,Fastball,Sinker,StrikeSwinging,Undefined,Undefined,Undefined,0,0,,143.52798,-1.222125,3.322546,2180.608247,143.151737,10:45,1.686605,-0.704237,1.969657,-39.6359,48.4263,-34.0362,0.947468,-0.113367,130.1157,-4.253104,0.896789,0.423789,,,,,,,,,,,,20.1166,27.0319,0.634228,15.24,1.657997,-2.122762,-39.427613,-0.954716,4.061131,8.770544,-4.349451,HOS_HOS,WAS_EDA,JinguStadium,NPM,NPME,20260912-JinguStadium-2,1c0cc1f0-ae79-11f1-af02-1b6488a193e9,143.13725,,,13.41228,,,,,,,4ed8090d-1fa5-46f2-9d4d-cb8573cd7fba,2026/9/12,11:00.5,2026-09-12T16:11:00.5060000+09:00,2026-09-12T07:11:00.5060000Z,,v3,,,,"Ogata, Mikito",1000326132,Right,WAS_EDA,ca8fbc19-0c27-436e-a315-8226749a1133,16.469276,-39.700119,4.385272,1.685561,-0.819576,-2.174725,0.702144,-2.248944,2.030566,,,,,,,,,,,,,,,,,,,,,,,,,,,,,,,,,,,,,,,,,,,,,,,,,,,High,High,High,,,,,
243,2026/9/12,11:19.0,4,2,"Saso, Tsubasa",1000422729,Left,WAS_EDA,"Kawasaki, Hiroto",1000242159,Right,HOS_HOS,Undefined,8,Bottom,1,0,1,Sinker,Sinker,BallCalled,Undefined,Undefined,Undefined,0,0,,141.83356,-1.400827,2.299379,1894.054388,110.703439,9:45,1.651817,-0.70536,2.037053,-69.1785,19.2571,-43.7673,0.569108,-0.501654,130.3173,-6.52432,-0.841213,0.424686,,,,,,,,,,,,24.6742,11.9894,0.660424,15.24,1.620009,-1.372905,-39.058624,-1.197599,4.930661,7.960228,-7.410809,HOS_HOS,WAS_EDA,JinguStadium,NPM,NPME,20260912-JinguStadium-2,27115840-ae79-11f1-af02-1b6488a193e9,142.83486,,,11.51626,,,,,,,4ed8090d-1fa5-46f2-9d4d-cb8573cd7fba,2026/9/12,11:19.0,2026-09-12T16:11:19.0400000+09:00,2026-09-12T07:11:19.0400000Z,,v3,,,,"Ogata, Mikito",1000326132,Right,WAS_EDA,a2850837-1eec-4e2a-8ce7-1fcd96beb7b9,16.403095,-39.29495,3.980114,1.652298,-0.977584,-3.705404,0.703357,-1.519288,2.46533,,,,,,,,,,,,,,,,,,,,,,,,,,,,,,,,,,,,,,,,,,,,,,,,,,,High,High,High,,,,,
244,2026/9/12,11:38.0,4,3,"Saso, Tsubasa",1000422729,Left,WAS_EDA,"Kawasaki, Hiroto",1000242159,Right,HOS_HOS,Undefined,8,Bottom,1,1,1,Slider,Cutter,FoulBallNotFieldable,Undefined,Undefined,Undefined,0,0,,129.07066,0.332994,2.632629,1958.519735,201.537491,12:45,1.65376,-0.679997,1.792101,-87.8615,22.803,7.616,0.869504,0.141883,118.12005,-6.085783,3.169744,0.475071,,,,,,,,,,,,-2.0091,12.4633,0.614625,15.24,1.655868,-1.665512,-35.475696,-0.117113,-0.329937,6.804881,-7.759909,HOS_HOS,WAS_EDA,JinguStadium,NPM,NPME,20260912-JinguStadium-2,32634b40-ae79-11f1-af02-1b6488a193e9,127.68609,,,10.95061,,,,,,,4ed8090d-1fa5-46f2-9d4d-cb8573cd7fba,2026/9/12,11:38.0,2026-09-12T16:11:37.9500000+09:00,2026-09-12T07:11:37.9500000Z,,v3,,,,"Ogata, Mikito",1000326132,Right,WAS_EDA,1c338e3a-a7d7-4e78-8d14-141ce5f0e483,16.647539,-35.744667,3.40244,1.654435,0.189608,-3.879954,0.680199,-1.652471,-0.164969,,,,,,,,,,,,,,,,,,,,,,,,,,,,,,,,,,,,,,,,,,,,,,,,,,,High,High,High,,,,,
245,2026/9/12,12:02.7,4,4,"Saso, Tsubasa",1000422729,Left,WAS_EDA,"Kawasaki, Hiroto",1000242159,Right,HOS_HOS,Undefined,8,Bottom,1,1,2,Fastball,Four-Seam,BallCalled,Undefined,Undefined,Undefined,0,0,,144.79643,-2.110813,5.089109,2209.667982,143.657132,10:45,1.649059,-0.652729,2.031172,-38.6906,46.7505,-32.4118,0.670874,0.446192,132.54439,-5.054465,2.779061,0.417434,,,,,,,,,,,,20.932,27.0993,0.550045,15.24,1.60382,-3.399304,-39.741055,-1.585047,4.331093,8.226461,-4.199478,HOS_HOS,WAS_EDA,JinguStadium,NPM,NPME,20260912-JinguStadium-2,41150b10-ae79-11f1-af02-1b6488a193e9,145.31631,,,12.25204,,,,,,,4ed8090d-1fa5-46f2-9d4d-cb8573cd7fba,2026/9/12,12:02.7,2026-09-12T16:12:02.7280000+09:00,2026-09-12T07:12:02.7280000Z,,v3,,,,"Ogata, Mikito",1000326132,Right,WAS_EDA,66349e43-2fb4-4908-a920-366aef6358e0,16.409457,-39.982402,4.11323,1.648514,-1.461843,-2.099739,0.651637,-3.526369,2.165546,,,,,,,,,,,,,,,,,,,,,,,,,,,,,,,,,,,,,,,,,,,,,,,,,,,High,High,High,,,,,
246,2026/9/12,12:23.2,4,5,"Saso, Tsubasa",1000422729,Left,WAS_EDA,"Kawasaki, Hiroto",1000242159,Right,HOS_HOS,Undefined,8,Bottom,1,2,2,Fastball,Sinker,FoulBallNotFieldable,Undefined,Undefined,Undefined,0,0,,144.99028,-0.770583,4.243877,2165.096974,141.532472,10:45,1.687801,-0.642513,2.034084,-38.2947,47.0243,-35.1495,1.089382,0.191515,131.94294,-3.703539,1.733172,0.417136,121.90135,7.942074,174.975341,2703.978524,,,,33.21885,19.155276,173.739453,1.100834,21.1722,25.9768,0.55699,15.24,1.669909,-2.781233,-39.817288,-0.638078,4.384409,8.493983,-4.427282,HOS_HOS,WAS_EDA,JinguStadium,NPM,NPME,20260912-JinguStadium-2,4d4f6240-ae79-11f1-af02-1b6488a193e9,145.42026,2.066474,,13.04734,,,,-0.061811,1.032432,-0.206288,4ed8090d-1fa5-46f2-9d4d-cb8573cd7fba,2026/9/12,12:23.2,2026-09-12T16:12:23.1680000+09:00,2026-09-12T07:12:23.1680000Z,GroundBall,v3,,,,"Ogata, Mikito",1000326132,Right,WAS_EDA,41374992-55c4-49f4-950d-aae90c116ac6,16.404546,-40.064943,4.246991,1.686632,-0.508993,-2.213641,0.639945,-2.909068,2.192204,88.073937,-0.061811,-33.407817,3.879545,-0.808383,0.159629,-0.030177,0.006047,-0.001039,0.0001,1.032432,4.678705,-5.444603,0.372367,-0.066346,0.011158,-0.001591,0.000308,-3.30E-05,-0.206288,2.937294,0.622581,-0.152866,0.038166,-0.008682,0.001892,-0.000343,3.60E-05,,,,,,,,,,,,,,,,,,,,,,,High,High,High,High,Medium,,,
247,2026/9/12,12:45.8,4,6,"Saso, Tsubasa",1000422729,Left,WAS_EDA,"Kawasaki, Hiroto",1000242159,Right,HOS_HOS,Undefined,8,Bottom,1,2,2,Slider,Changeup,FoulBallNotFieldable,Undefined,Undefined,Undefined,0,0,,132.41983,-0.954036,3.370492,1763.350679,133.169607,10:30,1.651165,-0.709896,1.867527,-93.0186,11.3814,-8.5491,0.451694,0.155329,121.35013,-7.735823,2.764526,0.461429,,,,,,,,,,,,6.9302,7.5207,0.631835,15.24,1.623083,-2.105006,-36.385361,-0.951432,1.195194,7.267338,-8.509609,HOS_HOS,WAS_EDA,JinguStadium,NPM,NPME,20260912-JinguStadium-2,5accc0c0-ae79-11f1-af02-1b6488a193e9,131.46118,,,11.0697,,,,,,,4ed8090d-1fa5-46f2-9d4d-cb8573cd7fba,2026/9/12,12:45.8,2026-09-12T16:12:45.7880000+09:00,2026-09-12T07:12:45.7880000Z,,v3,,,,"Ogata, Mikito",1000326132,Right,WAS_EDA,6780ba11-ec73-440f-9f6b-758489b3742e,16.572432,-36.650524,3.633669,1.652134,-0.640942,-4.254805,0.709436,-2.148615,0.597597,,,,,,,,,,,,,,,,,,,,,,,,,,,,,,,,,,,,,,,,,,,,,,,,,,,High,High,High,,,,,
248,2026/9/12,13:11.4,4,7,"Saso, Tsubasa",1000422729,Left,WAS_EDA,"Kawasaki, Hiroto",1000242159,Right,HOS_HOS,Undefined,8,Bottom,1,2,2,Fastball,Four-Seam,StrikeSwinging,Strikeout,Undefined,Undefined,0,0,,144.79976,-0.952391,2.46827,2240.866062,142.829938,10:45,1.693571,-0.661127,1.904372,-37.0086,50.123,-35.7529,1.055493,-0.324391,131.20664,-3.785216,-0.072424,0.421544,,,,,,,,,,,,20.259,27.5058,0.607104,15.24,1.669689,-1.535415,-39.797505,-0.769826,4.165176,8.969694,-4.151564,HOS_HOS,WAS_EDA,JinguStadium,NPM,NPME,20260912-JinguStadium-2,6a0feb20-ae79-11f1-af02-1b6488a193e9,143.89964,,,13.59312,,,,,,,4ed8090d-1fa5-46f2-9d4d-cb8573cd7fba,2026/9/12,13:11.4,2026-09-12T16:13:11.4000000+09:00,2026-09-12T07:13:11.4000000Z,,v3,,,,"Ogata, Mikito",1000326132,Right,WAS_EDA,743057b7-3b77-4c69-bb14-4b9e44b69983,16.534674,-40.088241,4.484847,1.692461,-0.635261,-2.075782,0.659059,-1.670421,2.082588,,,,,,,,,,,,,,,,,,,,,,,,,,,,,,,,,,,,,,,,,,,,,,,,,,,High,High,High,,,,,
249,2026/9/12,13:59.4,5,1,"Saso, Tsubasa",1000422729,Left,WAS_EDA,"Doi, Kensho",1000242162,Right,HOS_HOS,Undefined,8,Bottom,2,0,0,Fastball,Sinker,StrikeCalled,Undefined,Undefined,Undefined,0,0,,144.45462,-1.738216,4.021265,2170.737977,144.123619,10:45,1.659634,-0.71734,1.969896,-37.2814,49.1209,-33.5307,0.798841,0.074991,131.97263,-4.579775,1.634561,0.419776,,,,,,,,,,,,20.3299,27.7346,0.63237,15.24,1.620045,-2.631173,-39.681461,-1.315121,4.190725,8.260885,-4.089555,HOS_HOS,WAS_EDA,JinguStadium,NPM,NPME,20260912-JinguStadium-2,86af5770-ae79-11f1-af02-1b6488a193e9,144.50569,,,12.48199,,,,,,,4ed8090d-1fa5-46f2-9d4d-cb8573cd7fba,2026/9/12,13:59.5,2026-09-12T16:13:59.4590000+09:00,2026-09-12T07:13:59.4590000Z,,v3,,,,"Ogata, Mikito",1000326132,Right,WAS_EDA,fd503191-cb72-43f8-bfa6-96c16062179e,16.469871,-39.936674,4.130442,1.658723,-1.188777,-2.044778,0.715658,-2.760642,2.095362,,,,,,,,,,,,,,,,,,,,,,,,,,,,,,,,,,,,,,,,,,,,,,,,,,,High,High,High,,,,,
250,2026/9/12,14:18.3,5,2,"Saso, Tsubasa",1000422729,Left,WAS_EDA,"Doi, Kensho",1000242162,Right,HOS_HOS,Undefined,8,Bottom,2,0,1,Slider,Slider,FoulBallNotFieldable,Undefined,Undefined,Undefined,0,0,,128.861,0.999691,1.697303,1810.281546,225.353845,1:30,1.648864,-0.717837,1.772479,-102.7044,11.1044,6.7691,0.90529,-0.168983,115.28518,-6.529216,2.174775,0.481773,18.34397,81.664089,-98.611253,1852.271992,,,,13.902734,6.898443,179.064174,0.65796,-1.8398,6.4741,0.675067,15.24,1.666986,-1.081029,-35.318178,0.2146,-0.292935,8.081424,-8.77585,HOS_HOS,WAS_EDA,JinguStadium,NPM,NPME,20260912-JinguStadium-2,91f144e0-ae79-11f1-af02-1b6488a193e9,125.9099,1.220701,,13.57582,,,,,,,4ed8090d-1fa5-46f2-9d4d-cb8573cd7fba,2026/9/12,14:18.3,2026-09-12T16:14:18.2600000+09:00,2026-09-12T07:14:18.2600000Z,GroundBall,v3,,,,"Ogata, Mikito",1000326132,Right,WAS_EDA,b7e52b36-af81-4323-96f2-cafa38178f6c,16.664144,-35.642557,4.040712,1.651303,0.566853,-4.387925,0.718222,-1.069271,-0.146468,,-2.204827,-0.109916,-33.933383,14.212769,-8.295733,9.471007,-12.857023,10.790016,-3.643042,0.570963,5.040599,-10.421083,2.421131,1.763687,-9.665287,18.266263,-16.707772,5.852613,0.067062,-0.73017,1.849586,-0.645767,-0.30235,2.000755,-3.822874,3.495676,-1.220033,,,,,,,,,,,,,,,,,,,,,,,High,High,High,Low,High,,,
251,2026/9/12,14:43.6,5,3,"Saso, Tsubasa",1000422729,Left,WAS_EDA,"Doi, Kensho",1000242162,Right,HOS_HOS,Undefined,8,Bottom,2,0,2,Fastball,Four-Seam,BallCalled,Undefined,Undefined,Undefined,0,0,,143.60935,-1.235348,1.053431,2041.17886,155.573651,11:15,1.656785,-0.756974,1.930904,-41.0743,47.2282,-20.0749,0.899242,-0.662055,130.15104,-4.362392,-0.37696,0.424367,,,,,,,,,,,,11.1735,26.3584,0.734616,15.24,1.626942,-0.627183,-39.491512,-0.975305,2.258783,8.942304,-4.478172,HOS_HOS,WAS_EDA,JinguStadium,NPM,NPME,20260912-JinguStadium-2,a0fda7d0-ae79-11f1-af02-1b6488a193e9,142.94242,,,13.45831,,,,,,,4ed8090d-1fa5-46f2-9d4d-cb8573cd7fba,2026/9/12,14:43.6,2026-09-12T16:14:43.5740000+09:00,2026-09-12T07:14:43.5740000Z,,v3,,,,"Ogata, Mikito",1000326132,Right,WAS_EDA,6df59c73-32f4-4c0a-9030-961a17e1203f,16.507902,-39.777575,4.471152,1.65585,-0.832049,-2.239086,0.755835,-0.699441,1.129391,,,,,,,,,,,,,,,,,,,,,,,,,,,,,,,,,,,,,,,,,,,,,,,,,,,High,High,High,,,,,
252,2026/9/12,15:04.5,5,4,"Saso, Tsubasa",1000422729,Left,WAS_EDA,"Doi, Kensho",1000242162,Right,HOS_HOS,Undefined,8,Bottom,2,1,2,Fastball,Four-Seam,InPlay,Undefined,LineDrive,Single,0,1,,143.59857,-0.735739,3.647457,2141.366859,157.043286,11:15,1.642645,-0.746234,1.961506,-38.0859,50.2026,-19.9736,1.055273,0.077082,129.89574,-3.659056,2.226282,0.424333,149.63303,15.49261,-14.295139,1418.125516,32.261111,6.131221,-9.129471,67.083141,67.083141,-17.603046,2.085008,13.2956,27.7087,0.66817,15.24,1.624555,-2.419525,-39.435969,-0.615419,2.677375,8.998156,-4.226887,HOS_HOS,WAS_EDA,JinguStadium,NPM,NPME,20260912-JinguStadium-2,ad794dc0-ae79-11f1-af02-1b6488a193e9,142.95381,6.13789,,13.70283,,,,0.409742,1.050502,-0.079978,4ed8090d-1fa5-46f2-9d4d-cb8573cd7fba,2026/9/12,15:04.5,2026-09-12T16:15:04.5420000+09:00,2026-09-12T07:15:04.5420000Z,LineDrive,v3,,,,"Ogata, Mikito",1000326132,Right,WAS_EDA,e48eb97f-724e-4632-97cd-750156d95d30,16.477855,-39.717408,4.499078,1.641737,-0.483213,-2.113443,0.745156,-2.503266,1.338687,78.970546,0.409742,38.814248,-4.977111,0.70528,-0.159946,0.030606,-0.005592,0.000869,-6.80E-05,1.050502,11.102518,-6.587553,0.66718,-0.129414,0.028882,-0.004784,0.000642,-5.10E-05,-0.079978,-9.890123,-0.037377,0.068518,-0.005724,0.002052,-0.000244,2.20E-05,-4.00E-06,,,,,,,,,,,,,,,,,,,,,,,High,High,High,High,High,,,
253,2026/9/12,15:55.1,6,1,"Saso, Tsubasa",1000422729,Left,WAS_EDA,"Ogawa, Daichi",1000338392,Right,HOS_HOS,Undefined,8,Bottom,2,0,0,Fastball,Four-Seam,BallCalled,Undefined,Undefined,Undefined,0,0,,142.75149,-0.949965,1.559397,1944.427345,153.957505,11:15,1.630098,-0.742021,1.986856,-48.6355,40.465,-18.2323,0.877951,-0.488132,128.92941,-4.636852,0.255998,0.42628,,,,,,,,,,,,10.7313,22.853,0.709749,15.24,1.607346,-0.981144,-39.249018,-0.802753,2.133419,9.163662,-5.263402,HOS_HOS,WAS_EDA,JinguStadium,NPM,NPME,20260912-JinguStadium-2,cba30390-ae79-11f1-af02-1b6488a193e9,142.30086,,,13.82208,,,,,,,4ed8090d-1fa5-46f2-9d4d-cb8573cd7fba,2026/9/12,15:55.1,2026-09-12T16:15:55.0960000+09:00,2026-09-12T07:15:55.0960000Z,,v3,,,,"Ogata, Mikito",1000326132,Right,WAS_EDA,27910854-d37d-438f-9d9d-2eb3dce46204,16.451832,-39.530938,4.581831,1.629551,-0.640824,-2.631701,0.740944,-1.046779,1.066709,,,,,,,,,,,,,,,,,,,,,,,,,,,,,,,,,,,,,,,,,,,,,,,,,,,High,High,High,,,,,
254,2026/9/12,16:10.3,6,2,"Saso, Tsubasa",1000422729,Left,WAS_EDA,"Ogawa, Daichi",1000338392,Right,HOS_HOS,Undefined,8,Bottom,2,1,0,Slider,Changeup,FoulBallNotFieldable,Undefined,Undefined,Undefined,0,0,,129.87481,-0.068842,3.270999,1856.288579,162.564217,11:30,1.645033,-0.717046,1.815718,-91.1699,19.6068,-4.8814,0.713844,0.159692,117.14296,-6.76254,2.926384,0.475312,140.19087,23.198711,-49.889392,3663.19017,20.322591,9.808172,-26.666701,74.125503,64.542324,-58.215445,2.793579,5.2836,11.2443,0.638143,15.24,1.637302,-2.013957,-35.626962,-0.376437,0.860735,7.888642,-7.97489,HOS_HOS,WAS_EDA,JinguStadium,NPM,NPME,20260912-JinguStadium-2,d4b280a0-ae79-11f1-af02-1b6488a193e9,127.62142,10.191607,,12.73186,,,,0.767043,0.710842,-0.115591,4ed8090d-1fa5-46f2-9d4d-cb8573cd7fba,2026/9/12,16:10.3,2026-09-12T16:16:10.2810000+09:00,2026-09-12T07:16:10.2810000Z,LineDrive,v3,,,,"Ogata, Mikito",1000326132,Right,WAS_EDA,95b99f3c-aa66-436b-b2fa-87e6ed3186ea,16.623447,-35.931984,3.944321,1.645896,-0.06808,-3.987445,0.716658,-2.047238,0.430367,104.633873,0.767007,23.062258,-4.604391,0.787521,-0.254082,0.113026,-0.045979,0.011027,-0.001059,0.710867,15.338867,-6.940345,0.701097,-0.097477,-0.010279,0.013799,-0.003565,0.000317,-0.115545,-27.37708,1.515735,0.042558,0.072323,-0.078378,0.042074,-0.010444,0.000978,,,,,,,,,,,,,,,,,,,,,,,High,High,High,High,Medium,,,
255,2026/9/12,16:30.9,6,3,"Saso, Tsubasa",1000422729,Left,WAS_EDA,"Ogawa, Daichi",1000338392,Right,HOS_HOS,Undefined,8,Bottom,2,1,1,Sinker,Changeup,FoulBallNotFieldable,Undefined,Undefined,Undefined,0,0,,138.04047,-0.435832,3.026559,1780.337055,130.149279,10:15,1.633864,-0.722675,1.979721,-56.3213,37.9255,-41.4429,0.948538,-0.289523,126.21386,-4.655184,0.068801,0.438418,121.90639,55.383523,89.856451,7329.27588,,,,,5.171039,,,23.8591,21.0759,0.660081,15.24,1.621532,-1.823131,-37.98089,-0.471158,4.502851,7.613385,-5.82906,HOS_HOS,WAS_EDA,JinguStadium,NPM,NPME,20260912-JinguStadium-2,e0ff4e60-ae79-11f1-af02-1b6488a193e9,138.36124,7.914449,,11.82661,,,,0.021403,0.960449,0.293064,4ed8090d-1fa5-46f2-9d4d-cb8573cd7fba,2026/9/12,16:30.9,2026-09-12T16:16:30.9550000+09:00,2026-09-12T07:16:30.9550000Z,,v3,,,,"Ogata, Mikito",1000326132,Right,WAS_EDA,4075a599-1040-4cfc-8356-e1ca01a1f431,16.46022,-38.224704,3.806693,1.633632,-0.284486,-2.91453,0.720774,-1.967332,2.251425,214.559599,0.022381,-0.000478,-2.523084,,,,,,,0.961123,27.835016,-7.256072,,,,,,,0.294123,19.184316,-3.87026,,,,,,,,,,,,,,,,,,,,,,,,,,,,,High,High,High,Medium,Undefined,,,
256,2026/9/12,16:55.9,6,4,"Saso, Tsubasa",1000422729,Left,WAS_EDA,"Ogawa, Daichi",1000338392,Right,HOS_HOS,Undefined,8,Bottom,2,1,2,Fastball,Four-Seam,BallCalled,Undefined,Undefined,Undefined,0,0,,143.98784,-2.930712,3.359036,2242.203924,139.775684,10:45,1.65045,-0.702435,1.99268,-38.6636,47.772,-38.1288,0.442376,-0.143592,132.19096,-5.860161,0.636945,0.419857,,,,,,,,,,,,22.2028,27.8453,0.633207,15.24,1.586296,-2.144498,-39.566976,-2.14212,4.566807,7.934065,-4.079267,HOS_HOS,WAS_EDA,JinguStadium,NPM,NPME,20260912-JinguStadium-2,efd67080-ae79-11f1-af02-1b6488a193e9,144.47789,,,11.79689,,,,,,,4ed8090d-1fa5-46f2-9d4d-cb8573cd7fba,2026/9/12,16:55.9,2026-09-12T16:16:55.8750000+09:00,2026-09-12T07:16:55.8750000Z,,v3,,,,"Ogata, Mikito",1000326132,Right,WAS_EDA,1b1b26dc-eeac-4a68-97cb-516e1bd471c9,16.447202,-39.808311,3.967032,1.649567,-2.018039,-2.039633,0.70055,-2.283409,2.283404,,,,,,,,,,,,,,,,,,,,,,,,,,,,,,,,,,,,,,,,,,,,,,,,,,,High,High,High,,,,,
257,2026/9/12,17:12.5,6,5,"Saso, Tsubasa",1000422729,Left,WAS_EDA,"Ogawa, Daichi",1000338392,Right,HOS_HOS,Undefined,8,Bottom,2,2,2,Slider,Slider,BallCalled,Undefined,Undefined,Undefined,0,0,,130.68898,-1.901324,3.632532,1831.39701,208.17088,1:00,1.663636,-0.720553,1.84491,-96.2763,11.6941,4.3568,0.163157,0.349271,119.80328,-8.886584,3.94081,0.469253,,,,,,,,,,,,0.4969,8.3744,0.634098,15.24,1.61223,-2.296343,-35.874496,-1.547032,0.083005,7.300628,-8.407893,HOS_HOS,WAS_EDA,JinguStadium,NPM,NPME,20260912-JinguStadium-2,f9c6d7b0-ae79-11f1-af02-1b6488a193e9,129.26931,,,10.8857,,,,,,,4ed8090d-1fa5-46f2-9d4d-cb8573cd7fba,2026/9/12,17:12.5,2026-09-12T16:17:12.5490000+09:00,2026-09-12T07:17:12.5490000Z,,v3,,,,"Ogata, Mikito",1000326132,Right,WAS_EDA,a693321b-b0ae-4d93-9dc4-acd95e4bad7d,16.595242,-36.149242,3.650314,1.664496,-1.230616,-4.203946,0.720576,-2.299467,0.041502,,,,,,,,,,,,,,,,,,,,,,,,,,,,,,,,,,,,,,,,,,,,,,,,,,,High,High,High,,,,,
258,2026/9/12,17:42.5,6,6,"Saso, Tsubasa",1000422729,Left,WAS_EDA,"Ogawa, Daichi",1000338392,Right,HOS_HOS,Undefined,8,Bottom,2,3,2,Sinker,Changeup,BallCalled,Walk,Undefined,Undefined,0,0,,140.4317,-1.707921,4.788747,1816.410854,122.921563,10:00,1.627441,-0.656806,2.067748,-62.7381,27.5308,-38.1751,0.523024,0.297025,128.87969,-6.380732,2.056725,0.429066,,,,,,,,,,,,23.5162,16.6249,0.563291,15.24,1.590615,-3.065863,-38.568929,-1.358681,4.587995,7.668034,-6.563149,HOS_HOS,WAS_EDA,JinguStadium,NPM,NPME,20260912-JinguStadium-2,0b9df360-ae7a-11f1-af02-1b6488a193e9,141.37693,,,11.55201,,,,,,,4ed8090d-1fa5-46f2-9d4d-cb8573cd7fba,2026/9/12,17:42.4,2026-09-12T16:17:42.4500000+09:00,2026-09-12T07:17:42.4500000Z,,v3,,,,"Ogata, Mikito",1000326132,Right,WAS_EDA,642b852d-4f00-4c50-865a-1262514a978a,16.372335,-38.7934,3.834017,1.627576,-1.166554,-3.281575,0.655006,-3.20017,2.293997,,,,,,,,,,,,,,,,,,,,,,,,,,,,,,,,,,,,,,,,,,,,,,,,,,,High,High,High,,,,,
259,2026/9/12,18:16.6,7,1,"Saso, Tsubasa",1000422729,Left,WAS_EDA,"Kumagai, Riku",1000338393,Left,HOS_HOS,Undefined,8,Bottom,2,0,0,Slider,Slider,StrikeSwinging,Undefined,Undefined,Undefined,0,0,,129.21562,-0.920467,4.163785,2114.654641,194.795791,12:30,1.648715,-0.711394,1.844525,-100.1867,10.1075,1.7273,0.386432,0.482748,118.48012,-8.195884,4.285802,0.474276,,,,,,,,,,,,2.1984,7.0085,0.612453,15.24,1.620454,-2.5891,-35.458551,-0.941949,0.359837,6.940946,-8.659467,HOS_HOS,WAS_EDA,JinguStadium,NPM,NPME,20260912-JinguStadium-2,2001ad60-ae7a-11f1-af02-1b6488a193e9,127.90029,,,10.7355,,,,,,,4ed8090d-1fa5-46f2-9d4d-cb8573cd7fba,2026/9/12,18:16.6,2026-09-12T16:18:16.6010000+09:00,2026-09-12T07:18:16.6010000Z,,v3,,,,"Ogata, Mikito",1000326132,Right,WAS_EDA,e155370f-a3c8-4a31-8e87-f28c4e701448,16.594978,-35.7228,3.470473,1.65004,-0.612273,-4.329733,0.711284,-2.6028,0.179919,,,,,,,,,,,,,,,,,,,,,,,,,,,,,,,,,,,,,,,,,,,,,,,,,,,High,High,High,,,,,
260,2026/9/12,18:32.0,7,2,"Saso, Tsubasa",1000422729,Left,WAS_EDA,"Kumagai, Riku",1000338393,Left,HOS_HOS,Undefined,8,Bottom,2,0,1,Slider,Slider,InPlay,Undefined,GroundBall,Out,1,0,,128.76562,-0.617335,3.298041,1916.565976,163.774694,11:30,1.641787,-0.716103,1.785853,-94.6137,17.4827,-3.9829,0.520542,0.179008,117.37839,-7.508935,3.017251,0.478135,110.14215,-22.199386,3.627625,,,,,1.928655,1.928655,-2.556358,0.046814,4.5906,10.5086,0.634774,15.24,1.619905,-2.018865,-35.347489,-0.734337,0.743557,7.156466,-8.104511,HOS_HOS,WAS_EDA,JinguStadium,NPM,NPME,20260912-JinguStadium-2,2931d1d0-ae7a-11f1-af02-1b6488a193e9,126.8679,0.542595,,11.38723,,,,0.59977,0.542595,-0.17015,4ed8090d-1fa5-46f2-9d4d-cb8573cd7fba,2026/9/12,18:32.0,2026-09-12T16:18:32.0480000+09:00,2026-09-12T07:18:32.0480000Z,GroundBall,v3,,,,"Ogata, Mikito",1000326132,Right,WAS_EDA,993447ac-b40a-4614-be41-3a5542dee7b3,16.653625,-35.632543,3.578233,1.642725,-0.411521,-4.052255,0.715778,-2.048482,0.371778,,0.599202,28.345775,,,,,,,,0.542828,-11.590565,,,,,,,,-0.170186,1.797086,,,,,,,,,,,,,,,,,,,,,,,,,,,,,,High,High,High,Estimated,Estimated,,,
261,2026/9/12,20:25.3,1,1,"Yamatoko, Shiro",1000338381,Left,HOS_HOS,"Okanishi, Yuya",1000242774,Left,WAS_EDA,Undefined,9,Top,0,0,0,Fastball,Cutter,StrikeCalled,Undefined,Undefined,Undefined,0,0,,137.88862,-0.912861,3.432688,2516.753644,181.532905,12:00,1.403711,-0.655036,1.816609,-57.3727,38.8959,0.9628,0.571494,0.325948,126.67068,-5.147708,3.500587,0.443095,,,,,,,,,,,,1.8224,21.4855,0.571865,15.24,1.377729,-2.277207,-37.886355,-0.811676,0.343658,7.279009,-5.755098,HOS_HOS,WAS_EDA,JinguStadium,NPM,NPME,20260912-JinguStadium-2,6cb720e0-ae7a-11f1-af02-1b6488a193e9,136.90067,,,11.21794,,,,,,,4ed8090d-1fa5-46f2-9d4d-cb8573cd7fba,2026/9/12,20:25.3,2026-09-12T16:20:25.3060000+09:00,2026-09-12T07:20:25.3060000Z,,v3,,,,"Inoue, Kazuki",1000424351,Right,HOS_HOS,9ec8339f-1b91-44d6-a850-781e19ba9efa,16.622779,-38.1511,3.639505,1.403444,-0.602358,-2.877549,0.654917,-2.289706,0.171829,,,,,,,,,,,,,,,,,,,,,,,,,,,,,,,,,,,,,,,,,,,,,,,,,,,High,High,High,,,,,
262,2026/9/12,20:35.8,1,2,"Yamatoko, Shiro",1000338381,Left,HOS_HOS,"Okanishi, Yuya",1000242774,Left,WAS_EDA,Undefined,9,Top,0,0,1,Slider,Curveball,BallCalled,Undefined,Undefined,Undefined,0,0,,122.44384,1.14067,1.785225,2876.789418,284.577234,3:30,1.433108,-0.639525,1.612844,-136.2438,-9.9348,53.8235,0.39732,0.409789,112.26735,-8.591183,5.544333,0.507542,,,,,,,,,,,,-25.5211,-4.5639,0.585151,15.24,1.452884,-1.300316,-33.641178,0.118059,-3.744979,6.472531,-10.476354,HOS_HOS,WAS_EDA,JinguStadium,NPM,NPME,20260912-JinguStadium-2,73016370-ae7a-11f1-af02-1b6488a193e9,119.51721,,,10.17649,,,,,,,4ed8090d-1fa5-46f2-9d4d-cb8573cd7fba,2026/9/12,20:35.8,2026-09-12T16:20:35.8340000+09:00,2026-09-12T07:20:35.8340000Z,,v3,,,,"Inoue, Kazuki",1000424351,Right,HOS_HOS,f4cab6d0-7524-44fb-ada5-1920c82d0e43,16.827541,-33.945246,3.236266,1.435777,0.610218,-5.238177,0.642105,-1.124384,-1.87249,,,,,,,,,,,,,,,,,,,,,,,,,,,,,,,,,,,,,,,,,,,,,,,,,,,High,High,High,,,,,
263,2026/9/12,20:47.2,1,3,"Yamatoko, Shiro",1000338381,Left,HOS_HOS,"Okanishi, Yuya",1000242774,Left,WAS_EDA,Undefined,9,Top,0,1,1,Slider,Curveball,FoulBallNotFieldable,Undefined,Undefined,Undefined,0,0,,124.72517,1.042491,1.099806,2788.181929,286.923438,3:30,1.431537,-0.647076,1.659484,-126.5648,-7.3929,35.3264,0.463479,0.020085,115.66938,-8.008468,3.576881,0.492994,,,,,,,,,,,,-17.2058,-3.5175,0.614397,15.24,1.448995,-0.819233,-34.338441,0.118074,-2.671939,5.833409,-10.3529,HOS_HOS,WAS_EDA,JinguStadium,NPM,NPME,20260912-JinguStadium-2,79c6f080-ae7a-11f1-af02-1b6488a193e9,123.04412,,,9.05579,,,,,,,4ed8090d-1fa5-46f2-9d4d-cb8573cd7fba,2026/9/12,20:47.2,2026-09-12T16:20:47.2300000+09:00,2026-09-12T07:20:47.2300000Z,,v3,,,,"Inoue, Kazuki",1000424351,Right,HOS_HOS,6327f375-3347-43be-8cd3-e8b961d298df,16.781368,-34.599298,2.916705,1.433364,0.581031,-5.17645,0.64836,-0.69975,-1.33597,,,,,,,,,,,,,,,,,,,,,,,,,,,,,,,,,,,,,,,,,,,,,,,,,,,High,High,High,,,,,
264,2026/9/12,21:05.9,1,4,"Yamatoko, Shiro",1000338381,Left,HOS_HOS,"Okanishi, Yuya",1000242774,Left,WAS_EDA,Undefined,9,Top,0,1,2,Fastball,Four-Seam,BallCalled,Undefined,Undefined,Undefined,0,0,,140.71528,-1.476109,5.148575,2623.314174,156.01876,11:15,1.369493,-0.635325,1.841563,-52.906,39.2226,-16.2453,0.422097,0.659063,129.72581,-5.380608,4.005186,0.433463,,,,,,,,,,,,11.6231,21.9817,0.513757,15.24,1.330817,-3.398656,-38.595091,-1.188689,2.28656,7.162333,-5.48228,HOS_HOS,WAS_EDA,JinguStadium,NPM,NPME,20260912-JinguStadium-2,84dfab10-ae7a-11f1-af02-1b6488a193e9,139.94277,,,10.98947,,,,,,,4ed8090d-1fa5-46f2-9d4d-cb8573cd7fba,2026/9/12,21:05.9,2026-09-12T16:21:05.8700000+09:00,2026-09-12T07:21:05.8700000Z,,v3,,,,"Inoue, Kazuki",1000424351,Right,HOS_HOS,4be08759-550d-47e9-bef1-b81e65a9052e,16.59811,-38.846307,3.581166,1.369138,-0.996401,-2.74114,0.63437,-3.478856,1.14328,,,,,,,,,,,,,,,,,,,,,,,,,,,,,,,,,,,,,,,,,,,,,,,,,,,High,High,High,,,,,
265,2026/9/12,21:22.4,1,5,"Yamatoko, Shiro",1000338381,Left,HOS_HOS,"Okanishi, Yuya",1000242774,Left,WAS_EDA,Undefined,9,Top,0,2,2,Fastball,Four-Seam,StrikeSwinging,Strikeout,Undefined,Undefined,0,0,,139.42702,-0.016196,3.58537,2633.144107,156.633608,11:15,1.380555,-0.648665,1.825644,-50.3405,43.2739,-17.5235,0.872566,0.190205,128.29738,-3.755614,2.348956,0.436944,,,,,,,,,,,,11.2761,23.0852,0.563554,15.24,1.376785,-2.316605,-38.329341,-0.187224,2.186966,7.093871,-5.32932,HOS_HOS,WAS_EDA,JinguStadium,NPM,NPME,20260912-JinguStadium-2,8ebcff70-ae7a-11f1-af02-1b6488a193e9,138.82778,,,11.12964,,,,,,,4ed8090d-1fa5-46f2-9d4d-cb8573cd7fba,2026/9/12,21:22.4,2026-09-12T16:21:22.4210000+09:00,2026-09-12T07:21:22.4210000Z,,v3,,,,"Inoue, Kazuki",1000424351,Right,HOS_HOS,d8fc545d-c846-495e-afcf-53dfbf121497,16.614004,-38.5828,3.546936,1.380073,0.003188,-2.66466,0.647721,-2.394743,1.093483,,,,,,,,,,,,,,,,,,,,,,,,,,,,,,,,,,,,,,,,,,,,,,,,,,,High,High,High,,,,,
266,2026/9/12,21:53.7,2,1,"Yamatoko, Shiro",1000338381,Left,HOS_HOS,"Kawajiri, Yuito",1000547783,Right,WAS_EDA,Undefined,9,Top,1,0,0,Fastball,Cutter,InPlay,Undefined,FlyBall,HomeRun,0,1,,139.05698,-0.109474,2.050251,2653.189205,173.532108,11:45,1.356021,-0.703047,1.913305,-47.025,46.4024,-4.9359,0.854995,-0.17615,127.2897,-3.647758,1.699358,0.436507,167.01537,30.638077,-16.038081,2791.171929,31.810971,19.427749,-10.591878,128.899028,124.610332,-25.453999,5.799632,3.9993,25.102,0.657192,15.24,1.350775,-1.347591,-38.274644,-0.223599,0.767614,7.62512,-4.988602,HOS_HOS,WAS_EDA,JinguStadium,NPM,NPME,20260912-JinguStadium-2,a164b190-ae7a-11f1-af02-1b6488a193e9,138.96669,31.534948,,11.76728,,,,0.558043,0.866544,0.176862,4ed8090d-1fa5-46f2-9d4d-cb8573cd7fba,2026/9/12,21:53.7,2026-09-12T16:21:53.7390000+09:00,2026-09-12T07:21:53.7390000Z,FlyBall,v3,,,,"Inoue, Kazuki",1000424351,Right,HOS_HOS,18c88c10-b8fa-459c-8e25-3598e90d7e08,16.52647,-38.530084,3.81256,1.355466,-0.056482,-2.494301,0.702767,-1.373306,0.383807,153.431183,0.560309,38.320403,-7.998539,1.672822,-0.187321,-0.015121,0.008561,-0.001079,4.70E-05,0.865128,23.664919,-5.004013,0.238272,-0.053221,0.010817,0.000162,-0.00027,2.10E-05,0.177007,-11.031412,-0.139915,0.22519,-0.049675,0.003707,0.000358,-7.90E-05,4.00E-06,,,,,,,,,,,,,,,,,,,,,,,High,High,High,High,Medium,,,
267,2026/9/12,22:37.3,3,1,"Yamatoko, Shiro",1000338381,Left,HOS_HOS,"Tokumaru, Kaisei",1000422696,Left,WAS_EDA,Undefined,9,Top,1,0,0,Fastball,Changeup,StrikeCalled,Undefined,Undefined,Undefined,0,0,,139.6174,-0.642392,3.677166,2623.633346,130.057406,10:15,1.369734,-0.63467,1.838382,-60.8429,33.0264,-35.7622,0.579606,0.047028,127.72434,-5.138973,1.149695,0.437539,,,,,,,,,,,,20.8778,18.337,0.549279,15.24,1.350445,-2.290259,-38.357088,-0.655492,4.024731,7.65436,-6.271718,HOS_HOS,WAS_EDA,JinguStadium,NPM,NPME,20260912-JinguStadium-2,bb5d67e0-ae7a-11f1-af02-1b6488a193e9,138.63918,,,11.89306,,,,,,,4ed8090d-1fa5-46f2-9d4d-cb8573cd7fba,2026/9/12,22:37.3,2026-09-12T16:22:37.3010000+09:00,2026-09-12T07:22:37.3010000Z,,v3,,,,"Inoue, Kazuki",1000424351,Right,HOS_HOS,6085b46c-a74e-4645-8f53-34ced19fea1b,16.601225,-38.627772,3.82718,1.369704,-0.433703,-3.135859,0.632787,-2.432587,2.012366,,,,,,,,,,,,,,,,,,,,,,,,,,,,,,,,,,,,,,,,,,,,,,,,,,,High,High,High,,,,,
268,2026/9/12,22:47.6,3,2,"Yamatoko, Shiro",1000338381,Left,HOS_HOS,"Tokumaru, Kaisei",1000422696,Left,WAS_EDA,Undefined,9,Top,1,0,1,Fastball,Four-Seam,StrikeCalled,Undefined,Undefined,Undefined,0,0,,139.83736,-0.590547,4.164815,2676.897208,161.008721,11:15,1.337794,-0.638152,1.887544,-42.834,50.6681,-16.3884,0.742831,0.371993,127.29309,-3.833131,3.005559,0.436682,,,,,,,,,,,,11.4331,27.4972,0.543345,15.24,1.321526,-2.715101,-38.378767,-0.526444,2.197588,7.958787,-4.521363,HOS_HOS,WAS_EDA,JinguStadium,NPM,NPME,20260912-JinguStadium-2,c1824820-ae7a-11f1-af02-1b6488a193e9,138.91111,,,12.54426,,,,,,,4ed8090d-1fa5-46f2-9d4d-cb8573cd7fba,2026/9/12,22:47.6,2026-09-12T16:22:47.6120000+09:00,2026-09-12T07:22:47.6120000Z,,v3,,,,"Inoue, Kazuki",1000424351,Right,HOS_HOS,bff9021a-0008-440d-b0dd-fee3964cf08a,16.551445,-38.649771,3.979394,1.33683,-0.372488,-2.260681,0.63707,-2.789931,1.098794,,,,,,,,,,,,,,,,,,,,,,,,,,,,,,,,,,,,,,,,,,,,,,,,,,,High,High,High,,,,,
269,2026/9/12,23:00.1,3,3,"Yamatoko, Shiro",1000338381,Left,HOS_HOS,"Tokumaru, Kaisei",1000422696,Left,WAS_EDA,Undefined,9,Top,1,0,2,Slider,Curveball,StrikeSwinging,Strikeout,Undefined,Undefined,0,0,,128.59826,1.254329,1.767368,2871.448358,270.469242,3:00,1.429298,-0.668913,1.700912,-109.6223,3.3818,29.9888,0.690351,0.134221,117.51252,-6.665485,3.87225,0.480067,,,,,,,,,,,,-13.8233,1.9075,0.620207,15.24,1.453636,-1.233031,-35.33819,0.333632,-2.245679,6.939093,-9.496766,HOS_HOS,WAS_EDA,JinguStadium,NPM,NPME,20260912-JinguStadium-2,c8f81260-ae7a-11f1-af02-1b6488a193e9,126.35741,,,11.08574,,,,,,,4ed8090d-1fa5-46f2-9d4d-cb8573cd7fba,2026/9/12,23:00.0,2026-09-12T16:23:00.0590000+09:00,2026-09-12T07:23:00.0590000Z,,v3,,,,"Inoue, Kazuki",1000424351,Right,HOS_HOS,10360635-b976-4477-9990-c1f9cbf73da5,16.738781,-35.631278,3.469547,1.431073,0.73475,-4.748383,0.670284,-1.138179,-1.122839,,,,,,,,,,,,,,,,,,,,,,,,,,,,,,,,,,,,,,,,,,,,,,,,,,,High,High,High,,,,,
270,2026/9/12,23:19.6,4,1,"Yamatoko, Shiro",1000338381,Left,HOS_HOS,"Takahashi, Hiroto",1000326145,Right,WAS_EDA,Undefined,9,Top,2,0,0,Slider,Slider,StrikeCalled,Undefined,Undefined,Undefined,0,0,,128.26715,1.494802,0.260522,2870.297278,257.883292,2:30,1.395121,-0.664391,1.653067,-100.4925,13.1111,44.8287,0.817045,-0.141727,117.56928,-5.765454,3.399984,0.481339,,,,,,,,,,,,-22.2607,6.6652,0.653558,15.24,1.427226,-0.37803,-35.269789,0.513605,-3.622876,6.564349,-8.721903,HOS_HOS,WAS_EDA,JinguStadium,NPM,NPME,20260912-JinguStadium-2,d49da3a0-ae7a-11f1-af02-1b6488a193e9,126.02352,,,10.69787,,,,,,,4ed8090d-1fa5-46f2-9d4d-cb8573cd7fba,2026/9/12,23:19.6,2026-09-12T16:23:19.5990000+09:00,2026-09-12T07:23:19.5990000Z,,v3,,,,"Inoue, Kazuki",1000424351,Right,HOS_HOS,0efab8ed-5ff2-4705-892d-d4db9cb075bf,16.786712,-35.556495,3.282174,1.396475,0.894545,-4.360951,0.666613,-0.219797,-1.811438,,,,,,,,,,,,,,,,,,,,,,,,,,,,,,,,,,,,,,,,,,,,,,,,,,,High,High,High,,,,,
271,2026/9/12,23:31.6,4,2,"Yamatoko, Shiro",1000338381,Left,HOS_HOS,"Takahashi, Hiroto",1000326145,Right,WAS_EDA,Undefined,9,Top,2,0,1,Fastball,Four-Seam,InPlay,Undefined,FlyBall,Out,1,0,,140.5379,-0.348468,2.486426,2755.245677,165.274069,11:30,1.334901,-0.726003,1.877252,-41.6609,50.3151,-12.4762,0.820079,-0.150209,128.51824,-3.497174,1.601826,0.433104,140.27991,29.366909,25.326332,4472.833754,28.585004,16.24202,17.522053,87.243939,68.988165,40.704153,4.131128,8.1827,27.1421,0.669223,15.24,1.324229,-1.619276,-38.659302,-0.365961,1.60231,7.778952,-4.491786,HOS_HOS,WAS_EDA,JinguStadium,NPM,NPME,20260912-JinguStadium-2,dbb8a3b0-ae7a-11f1-af02-1b6488a193e9,140.05881,18.795228,,12.01966,,,,-0.027676,0.821938,0.143538,4ed8090d-1fa5-46f2-9d4d-cb8573cd7fba,2026/9/12,23:31.6,2026-09-12T16:23:31.6050000+09:00,2026-09-12T07:23:31.6050000Z,FlyBall,v3,,,,"Inoue, Kazuki",1000424351,Right,HOS_HOS,5b3f780e-8a3e-4132-a7da-4e719eaada63,16.562331,-38.924469,3.889476,1.334094,-0.212845,-2.245893,0.725352,-1.673895,0.801155,222.402271,-0.027722,30.696569,-7.492003,1.82108,-0.387132,0.082614,-0.01683,0.0023,-0.000134,0.822011,19.107333,-5.537725,0.289887,-0.026633,-0.002628,0.001804,-0.000162,-5.00E-06,0.143454,14.528969,0.106672,-0.20237,0.054746,-0.008258,0.000867,-6.90E-05,3.00E-06,,,,,,,,,,,,,,,,,,,,,,,High,High,High,High,Medium,,,