PitchNo,Date,Time,PAofInning,PitchofPA,Pitcher,PitcherId,PitcherThrows,PitcherTeam,Batter,BatterId,BatterSide,BatterTeam,PitcherSet,Inning,Top/Bottom,Outs,Balls,Strikes,TaggedPitchType,AutoPitchType,PitchCall,KorBB,TaggedHitType,PlayResult,OutsOnPlay,RunsScored,Notes,RelSpeed,VertRelAngle,HorzRelAngle,SpinRate,SpinAxis,Tilt,RelHeight,RelSide,Extension,VertBreak,InducedVertBreak,HorzBreak,PlateLocHeight,PlateLocSide,ZoneSpeed,VertApprAngle,HorzApprAngle,ZoneTime,ExitSpeed,Angle,Direction,HitSpinRate,PositionAt110X,PositionAt110Y,PositionAt110Z,Distance,LastTrackedDistance,Bearing,HangTime,pfxx,pfxz,x0,y0,z0,vx0,vy0,vz0,ax0,ay0,az0,HomeTeam,AwayTeam,Stadium,Level,League,GameID,PitchUID,EffectiveVelo,MaxHeight,MeasuredDuration,SpeedDrop,PitchLastMeasuredX,PitchLastMeasuredY,PitchLastMeasuredZ,ContactPositionX,ContactPositionY,ContactPositionZ,GameUID,UTCDate,UTCTime,LocalDateTime,UTCDateTime,AutoHitType,System,HomeTeamForeignID,AwayTeamForeignID,GameForeignID,Catcher,CatcherId,CatcherThrows,CatcherTeam,PlayID,PitchTrajectoryXc0,PitchTrajectoryXc1,PitchTrajectoryXc2,PitchTrajectoryYc0,PitchTrajectoryYc1,PitchTrajectoryYc2,PitchTrajectoryZc0,PitchTrajectoryZc1,PitchTrajectoryZc2,HitSpinAxis,HitTrajectoryXc0,HitTrajectoryXc1,HitTrajectoryXc2,HitTrajectoryXc3,HitTrajectoryXc4,HitTrajectoryXc5,HitTrajectoryXc6,HitTrajectoryXc7,HitTrajectoryXc8,HitTrajectoryYc0,HitTrajectoryYc1,HitTrajectoryYc2,HitTrajectoryYc3,HitTrajectoryYc4,HitTrajectoryYc5,HitTrajectoryYc6,HitTrajectoryYc7,HitTrajectoryYc8,HitTrajectoryZc0,HitTrajectoryZc1,HitTrajectoryZc2,HitTrajectoryZc3,HitTrajectoryZc4,HitTrajectoryZc5,HitTrajectoryZc6,HitTrajectoryZc7,HitTrajectoryZc8,ThrowSpeed,PopTime,ExchangeTime,TimeToBase,CatchPositionX,CatchPositionY,CatchPositionZ,ThrowPositionX,ThrowPositionY,ThrowPositionZ,BasePositionX,BasePositionY,BasePositionZ,ThrowTrajectoryXc0,ThrowTrajectoryXc1,ThrowTrajectoryXc2,ThrowTrajectoryYc0,ThrowTrajectoryYc1,ThrowTrajectoryYc2,ThrowTrajectoryZc0,ThrowTrajectoryZc1,ThrowTrajectoryZc2,PitchReleaseConfidence,PitchLocationConfidence,PitchMovementConfidence,HitLaunchConfidence,HitLandingConfidence,CatcherThrowCatchConfidence,CatcherThrowReleaseConfidence,CatcherThrowLocationConfidence
169,2026/10/6,32:42.7,1,1,"Takahashi, Koki",1000326144,Right,WAS_EDA,"Yoshida, Shoki",1000423715,Left,MEI_MEI,Undefined,7,Top,0,0,0,Fastball,Four-Seam,BallCalled,Undefined,Undefined,Undefined,0,0,,149.81502,-0.327798,-2.716345,2709.193052,215.808809,1:15,1.624895,0.819114,2.028368,-39.0055,40.7371,27.5383,1.143301,0.336238,136.38782,-3.299864,-0.74508,0.403274,,,,,,,,,,,,-16.3557,22.4147,-0.764524,15.24,1.616132,1.820814,-41.218708,-0.353382,-3.62478,9.213865,-4.839034,WAS_EDA,MEI_MEI,JinguStadium,TeamExclusive,Team,20261006-JinguStadium-1,5aa1ada0-c147-11f1-a3c0-e9a65f64b74e,150.41896,,,13.4272,,,,,,,70b076e0-976d-4b15-a51a-1ed58523581a,2026/10/6,32:42.7,2026-10-06T14:32:42.7070000+09:00,2026-10-06T05:32:42.7070000Z,,v3,,,,"Ogata, Mikito",1000326132,Right,WAS_EDA,e81d8800-d17c-4ae4-b584-4c67a84b582f,16.410884,-41.479617,4.606933,1.624198,-0.216356,-2.419517,-0.817537,1.923457,-1.81239,,,,,,,,,,,,,,,,,,,,,,,,,,,,,,,,,,,,,,,,,,,,,,,,,,,High,High,High,,,,,
170,2026/10/6,32:53.9,1,2,"Takahashi, Koki",1000326144,Right,WAS_EDA,"Yoshida, Shoki",1000423715,Left,MEI_MEI,Undefined,7,Top,0,1,0,Cutter,Slider,BallCalled,Undefined,Undefined,Undefined,0,0,,137.03297,-1.821473,-2.922002,2606.700707,168.865214,11:45,1.571755,0.825625,1.918058,-84.5664,10.2732,-1.5483,0.213668,-0.011253,128.33107,-7.949732,-3.032176,0.439794,,,,,,,,,,,,-0.8603,7.133,-0.759994,15.24,1.525898,1.933155,-37.740708,-1.518708,-0.163264,6.215848,-8.452945,WAS_EDA,MEI_MEI,JinguStadium,TeamExclusive,Team,20261006-JinguStadium-1,61497980-c147-11f1-a3c0-e9a65f64b74e,137.92818,,,8.7019,,,,,,,70b076e0-976d-4b15-a51a-1ed58523581a,2026/10/6,32:53.9,2026-10-06T14:32:53.8680000+09:00,2026-10-06T05:32:53.8680000Z,,v3,,,,"Ogata, Mikito",1000326132,Right,WAS_EDA,844b1db7-3c1b-468e-ab28-aa2639519260,16.522563,-37.951357,3.107924,1.572512,-1.232246,-4.226473,-0.8256,1.938688,-0.081632,,,,,,,,,,,,,,,,,,,,,,,,,,,,,,,,,,,,,,,,,,,,,,,,,,,High,High,High,,,,,
171,2026/10/6,33:10.0,1,3,"Takahashi, Koki",1000326144,Right,WAS_EDA,"Yoshida, Shoki",1000423715,Left,MEI_MEI,Undefined,7,Top,0,2,0,Fastball,Four-Seam,StrikeCalled,Undefined,Undefined,Undefined,0,0,,146.1858,-2.158074,-4.225093,2686.369814,212.779816,1:00,1.597282,0.794069,2.150689,-40.8795,41.6171,25.1207,0.589215,-0.126367,133.80292,-5.274572,-2.417561,0.410178,,,,,,,,,,,,-16.3307,24.5521,-0.717119,15.24,1.55577,2.857104,-40.170472,-1.628265,-3.450319,8.454502,-4.619339,WAS_EDA,MEI_MEI,JinguStadium,TeamExclusive,Team,20261006-JinguStadium-1,6ae2e710-c147-11f1-a3c0-e9a65f64b74e,147.88691,,,12.38288,,,,,,,70b076e0-976d-4b15-a51a-1ed58523581a,2026/10/6,33:10.0,2026-10-06T14:33:09.9590000+09:00,2026-10-06T05:33:09.9590000Z,,v3,,,,"Ogata, Mikito",1000326132,Right,WAS_EDA,77adec00-64fe-45c5-8e5d-add8d7bff045,16.288915,-40.390629,4.227251,1.596604,-1.507976,-2.309669,-0.792688,2.946952,-1.72516,,,,,,,,,,,,,,,,,,,,,,,,,,,,,,,,,,,,,,,,,,,,,,,,,,,High,High,High,,,,,
172,2026/10/6,33:25.8,1,4,"Takahashi, Koki",1000326144,Right,WAS_EDA,"Yoshida, Shoki",1000423715,Left,MEI_MEI,Undefined,7,Top,0,2,1,Fastball,Four-Seam,FoulBallNotFieldable,Undefined,Undefined,Undefined,0,0,,149.61927,-0.855674,-4.047573,2716.701369,217.966261,1:15,1.595929,0.77341,2.117542,-39.4787,39.552,28.9176,0.963182,-0.062007,136.60735,-3.868046,-1.97049,0.40147,98.36823,73.263525,-110.491302,4888.530594,,,,,8.827327,,,-18.2764,22.4429,-0.69766,15.24,1.57791,2.780651,-41.143355,-0.729261,-4.045417,8.978312,-4.838983,WAS_EDA,MEI_MEI,JinguStadium,TeamExclusive,Team,20261006-JinguStadium-1,744ce030-c147-11f1-a3c0-e9a65f64b74e,151.09488,21.231947,,13.01192,,,,0.087265,0.924148,0.073791,70b076e0-976d-4b15-a51a-1ed58523581a,2026/10/6,33:25.8,2026-10-06T14:33:25.8180000+09:00,2026-10-06T05:33:25.8180000Z,,v3,,,,"Ogata, Mikito",1000326132,Right,WAS_EDA,5917294b-d459-4a60-8cd2-1766f0feee58,16.322317,-41.378864,4.489156,1.595374,-0.60233,-2.419492,-0.77199,2.886766,-2.022709,13.356855,0.087264,-2.754227,-1.401474,0.608614,-0.527676,0.925064,-1.02514,0.58756,-0.135533,0.924147,26.167152,-7.775548,0.877377,-0.306401,0.339807,-0.357212,0.204165,-0.047291,0.073791,-7.370658,0.092813,0.121874,-0.16863,0.311167,-0.346179,0.198278,-0.045665,,,,,,,,,,,,,,,,,,,,,,,High,High,High,High,Undefined,,,
173,2026/10/6,33:53.1,1,5,"Takahashi, Koki",1000326144,Right,WAS_EDA,"Yoshida, Shoki",1000423715,Left,MEI_MEI,Undefined,7,Top,0,2,2,Fastball,Four-Seam,StrikeSwinging,Strikeout,Undefined,Undefined,0,0,,150.12728,-0.497548,-3.706823,2640.775907,202.945401,12:45,1.610132,0.762131,2.084746,-35.9682,43.0259,17.1391,1.111861,-0.098243,136.68739,-3.257185,-2.478096,0.401377,,,,,,,,,,,,-11.7125,23.8914,-0.690323,15.24,1.598625,2.592441,-41.273875,-0.457257,-2.60264,9.240208,-4.497718,WAS_EDA,MEI_MEI,JinguStadium,TeamExclusive,Team,20261006-JinguStadium-1,849c7180-c147-11f1-a3c0-e9a65f64b74e,151.1299,,,13.43989,,,,,,,70b076e0-976d-4b15-a51a-1ed58523581a,2026/10/6,33:53.1,2026-10-06T14:33:53.1280000+09:00,2026-10-06T05:33:53.1280000Z,,v3,,,,"Ogata, Mikito",1000326132,Right,WAS_EDA,5a9cbaf5-8885-43e0-8cea-c4bd155a217a,16.354453,-41.522625,4.620104,1.609305,-0.336177,-2.248859,-0.761056,2.662505,-1.30132,,,,,,,,,,,,,,,,,,,,,,,,,,,,,107.75465,,,1.019727,,,,0.059009,1.728257,0.168362,21.361099,1.830717,-16.66985,0.07016,22.357402,-1.458079,1.730241,3.683497,-3.517575,0.14352,-19.053373,2.533841,High,High,High,,,High,Medium,Medium
174,2026/10/6,34:24.6,2,1,"Takahashi, Koki",1000326144,Right,WAS_EDA,"Sakakibara, Nanato",1000242816,Left,MEI_MEI,Undefined,7,Top,1,0,0,OneSeamFastBall,Sinker,BallCalled,Undefined,Undefined,Undefined,0,0,,141.37603,0.620952,-2.341277,1987.661052,234.378132,1:45,1.554857,0.8103,1.936717,-62.4254,27.4253,34.5621,1.104955,0.49874,129.77454,-4.007257,0.120171,0.428071,,,,,,,,,,,,-19.4596,14.711,-0.760328,15.24,1.565047,1.427231,-38.921479,0.197599,-3.877419,7.591926,-6.875403,WAS_EDA,MEI_MEI,JinguStadium,TeamExclusive,Team,20261006-JinguStadium-1,9764a3f0-c147-11f1-a3c0-e9a65f64b74e,141.70553,,,11.60149,,,,,,,70b076e0-976d-4b15-a51a-1ed58523581a,2026/10/6,34:24.6,2026-10-06T14:34:24.6170000+09:00,2026-10-06T05:34:24.6170000Z,,v3,,,,"Ogata, Mikito",1000326132,Right,WAS_EDA,df70c35b-a626-41cb-b592-a9670aab7fcb,16.50302,-39.167066,3.795963,1.555057,0.420007,-3.437702,-0.808526,1.552659,-1.938709,,,,,,,,,,,,,,,,,,,,,,,,,,,,,,,,,,,,,,,,,,,,,,,,,,,High,High,High,,,,,
175,2026/10/6,34:36.9,2,2,"Takahashi, Koki",1000326144,Right,WAS_EDA,"Sakakibara, Nanato",1000242816,Left,MEI_MEI,Undefined,7,Top,1,1,0,Cutter,Slider,BallCalled,Undefined,Undefined,Undefined,0,0,,135.26057,-1.167613,-1.667227,2585.548768,108.402547,9:30,1.549417,0.856223,1.870741,-93.0292,6.3331,-9.9215,0.290037,0.287237,124.61577,-7.930778,-2.372267,0.450158,,,,,,,,,,,,3.9496,5.0875,-0.816885,15.24,1.516567,1.129368,-37.223221,-1.118043,0.71642,7.267579,-8.883825,WAS_EDA,MEI_MEI,JinguStadium,TeamExclusive,Team,20261006-JinguStadium-1,9ebf1e00-c147-11f1-a3c0-e9a65f64b74e,134.75256,,,10.64479,,,,,,,70b076e0-976d-4b15-a51a-1ed58523581a,2026/10/6,34:36.9,2026-10-06T14:34:36.9280000+09:00,2026-10-06T05:34:36.9280000Z,,v3,,,,"Ogata, Mikito",1000326132,Right,WAS_EDA,3be47022-ceda-4cfc-a385-a76400b3c5e0,16.568991,-37.481799,3.63379,1.550724,-0.801959,-4.441912,-0.856614,1.103878,0.35821,,,,,,,,,,,,,,,,,,,,,,,,,,,,,,,,,,,,,,,,,,,,,,,,,,,High,High,High,,,,,
176,2026/10/6,34:53.2,2,3,"Takahashi, Koki",1000326144,Right,WAS_EDA,"Sakakibara, Nanato",1000242816,Left,MEI_MEI,Undefined,7,Top,1,2,0,OneSeamFastBall,Sinker,FoulBallNotFieldable,Undefined,Undefined,Undefined,0,0,,144.54425,-0.58339,-3.63959,1986.840917,231.176018,1:45,1.564189,0.817064,1.940422,-61.207,24.7633,27.6263,0.788158,0.071146,133.01696,-5.105139,-1.674805,0.418725,136.68651,66.418356,-52.742999,,,,,,44.654003,,,-16.863,14.0745,-0.738321,15.24,1.54785,2.400025,-39.760716,-0.631748,-3.510772,7.826708,-6.876428,WAS_EDA,MEI_MEI,JinguStadium,TeamExclusive,Team,20261006-JinguStadium-1,a86dc140-c147-11f1-a3c0-e9a65f64b74e,144.86831,31.06753,,11.52729,,,,0.422792,0.787353,-0.070883,70b076e0-976d-4b15-a51a-1ed58523581a,2026/10/6,34:53.2,2026-10-06T14:34:53.2190000+09:00,2026-10-06T05:34:53.2190000Z,,v3,,,,"Ogata, Mikito",1000326132,Right,WAS_EDA,3ba0c30d-4e55-49fb-83ae-5a588a82f2dc,16.499807,-40.007934,3.913354,1.564374,-0.414546,-3.438214,-0.815881,2.510918,-1.755386,158.240951,0.422792,9.195585,-6.177855,2.304966,-0.670955,0.179055,-0.044133,0.008537,-0.000913,0.787353,34.797764,-10.089143,1.331593,-0.192367,0.013081,0.002926,-0.001358,0.000188,-0.070883,-12.089746,0.860684,0.143137,-0.115303,0.044797,-0.01342,0.002911,-0.00032,,,,,,,,,,,,,,,,,,,,,,,High,High,High,Low,Undefined,,,
177,2026/10/6,35:14.9,2,4,"Takahashi, Koki",1000326144,Right,WAS_EDA,"Sakakibara, Nanato",1000242816,Left,MEI_MEI,Undefined,7,Top,1,2,1,Fastball,Four-Seam,BallCalled,Undefined,Undefined,Undefined,0,0,,150.39922,-1.680846,-4.76757,2722.775856,199.283487,12:45,1.596967,0.733975,2.0902,-36.648,41.9981,13.8297,0.761694,-0.455504,137.55312,-4.474258,-3.778276,0.400491,,,,,,,,,,,,-10.6544,24.2109,-0.641726,15.24,1.562456,3.379537,-41.293623,-1.319424,-2.37841,8.943462,-4.402008,WAS_EDA,MEI_MEI,JinguStadium,TeamExclusive,Team,20261006-JinguStadium-1,b5532580-c147-11f1-a3c0-e9a65f64b74e,151.46391,,,12.8461,,,,,,,70b076e0-976d-4b15-a51a-1ed58523581a,2026/10/6,35:14.8,2026-10-06T14:35:14.8530000+09:00,2026-10-06T05:35:14.8530000Z,,v3,,,,"Ogata, Mikito",1000326132,Right,WAS_EDA,04316a66-c927-4d3e-abdb-8fda5c223489,16.349332,-41.53319,4.471731,1.59622,-1.201509,-2.201004,-0.733107,3.443247,-1.189205,,,,,,,,,,,,,,,,,,,,,,,,,,,,,,,,,,,,,,,,,,,,,,,,,,,High,High,High,,,,,
178,2026/10/6,35:32.1,2,5,"Takahashi, Koki",1000326144,Right,WAS_EDA,"Sakakibara, Nanato",1000242816,Left,MEI_MEI,Undefined,7,Top,1,3,1,OneSeamFastBall,Sinker,BallCalled,Walk,Undefined,Undefined,0,0,,144.68991,-2.491557,-4.40071,2005.650904,222.841866,1:30,1.555773,0.821623,1.933195,-56.4339,30.4815,25.6395,0.289796,-0.15925,132.27083,-6.67384,-2.580369,0.42102,,,,,,,,,,,,-16.5352,18.5328,-0.725354,15.24,1.497183,2.932037,-39.690802,-1.935287,-3.400848,8.476446,-5.994943,WAS_EDA,MEI_MEI,JinguStadium,TeamExclusive,Team,20261006-JinguStadium-1,bf983c60-c147-11f1-a3c0-e9a65f64b74e,144.07851,,,12.41908,,,,,,,70b076e0-976d-4b15-a51a-1ed58523581a,2026/10/6,35:32.1,2026-10-06T14:35:32.1080000+09:00,2026-10-06T05:35:32.1080000Z,,v3,,,,"Ogata, Mikito",1000326132,Right,WAS_EDA,72b9499e-4aa5-4142-a424-45aff6067420,16.506525,-39.960368,4.238223,1.555697,-1.744638,-2.997472,-0.820318,3.04019,-1.700424,,,,,,,,,,,,,,,,,,,,,,,,,,,,,,,,,,,,,,,,,,,,,,,,,,,High,High,High,,,,,
179,2026/10/6,36:11.6,3,1,"Takahashi, Koki",1000326144,Right,WAS_EDA,"Utsumi, Yuta",1000188679,Left,MEI_MEI,Undefined,7,Top,1,0,0,Fastball,Four-Seam,FoulBallNotFieldable,Undefined,Undefined,Undefined,0,0,,150.15237,-0.817636,-3.522023,2685.056812,202.134441,12:45,1.605564,0.742102,2.038368,-37.6316,41.56,15.8946,1.000874,-0.082,137.14675,-3.682193,-2.385363,0.401878,90.90505,11.418782,-179.903122,2847.305048,,,,23.519818,18.506059,179.735013,0.999446,-10.7803,23.1908,-0.671084,15.24,1.586955,2.463568,-41.285616,-0.701336,-2.404783,8.967661,-4.633414,WAS_EDA,MEI_MEI,JinguStadium,TeamExclusive,Team,20261006-JinguStadium-1,d71f2f60-c147-11f1-a3c0-e9a65f64b74e,150.94132,2.018173,,13.00562,,,,,,,70b076e0-976d-4b15-a51a-1ed58523581a,2026/10/6,36:11.6,2026-10-06T14:36:11.5840000+09:00,2026-10-06T05:36:11.5840000Z,GroundBall,v3,,,,"Ogata, Mikito",1000326132,Right,WAS_EDA,8801f7f2-efc7-4274-bce9-5a6696dedb26,16.400831,-41.536995,4.48383,1.604795,-0.571454,-2.316707,-0.741087,2.530978,-1.202392,4.506742,-0.523837,-24.751552,1.758412,-0.037318,0.02579,-0.009019,0.01403,-0.011092,0.003249,1.020448,4.999231,-6.441201,0.480797,-0.081761,0.031943,-0.031575,0.027532,-0.009107,0.053859,-0.041854,0.08784,0.00623,0.002037,0.003692,-0.007691,0.007156,-0.002403,,,,,,,,,,,,,,,,,,,,,,,High,High,High,High,Medium,,,
180,2026/10/6,36:35.6,3,2,"Takahashi, Koki",1000326144,Right,WAS_EDA,"Utsumi, Yuta",1000188679,Left,MEI_MEI,Undefined,7,Top,1,0,1,Fastball,Four-Seam,StrikeSwinging,Undefined,Undefined,Undefined,0,0,,150.42725,-1.202554,-2.660592,2651.241609,204.071685,12:45,1.612659,0.755474,2.066641,-29.6497,48.8412,20.7177,0.981117,0.221756,137.40727,-3.499924,-1.174206,0.400096,,,,,,,,,,,,-12.7597,27.378,-0.703463,15.24,1.587209,1.824772,-41.400549,-0.941591,-2.861916,9.026233,-3.665949,WAS_EDA,MEI_MEI,JinguStadium,TeamExclusive,Team,20261006-JinguStadium-1,e5769a30-c147-11f1-a3c0-e9a65f64b74e,151.6135,,,13.01999,,,,,,,70b076e0-976d-4b15-a51a-1ed58523581a,2026/10/6,36:35.6,2026-10-06T14:36:35.6180000+09:00,2026-10-06T05:36:35.6180000Z,,v3,,,,"Ogata, Mikito",1000326132,Right,WAS_EDA,b11f899b-7de9-4f81-83ac-2402a67493ba,16.372763,-41.646784,4.513117,1.611531,-0.841584,-1.832975,-0.754307,1.902845,-1.430958,,,,,,,,,,,,,,,,,,,,,,,,,,,,,,,,,,,,,,,,,,,,,,,,,,,High,High,High,,,,,
181,2026/10/6,37:02.6,3,3,"Takahashi, Koki",1000326144,Right,WAS_EDA,"Utsumi, Yuta",1000188679,Left,MEI_MEI,Undefined,7,Top,1,0,2,Fastball,Four-Seam,BallCalled,Undefined,Undefined,Undefined,0,0,,149.426,-1.932898,-4.339723,2621.735528,205.760186,12:45,1.598582,0.779079,2.05612,-32.0138,48.2572,22.0092,0.738469,-0.211555,136.01586,-4.40447,-2.766553,0.404608,,,,,,,,,,,,-14.7491,27.668,-0.692959,15.24,1.558119,3.008499,-41.02375,-1.469874,-3.235772,9.180712,-3.736627,WAS_EDA,MEI_MEI,JinguStadium,TeamExclusive,Team,20261006-JinguStadium-1,f58f15f0-c147-11f1-a3c0-e9a65f64b74e,149.92299,,,13.41014,,,,,,,70b076e0-976d-4b15-a51a-1ed58523581a,2026/10/6,37:02.6,2026-10-06T14:37:02.6080000+09:00,2026-10-06T05:37:02.6080000Z,,v3,,,,"Ogata, Mikito",1000326132,Right,WAS_EDA,b5815178-659e-4d42-9ce5-7d89d1479f90,16.383267,-41.278809,4.590356,1.597513,-1.366063,-1.868314,-0.77779,3.098396,-1.617886,,,,,,,,,,,,,,,,,,,,,,,,,,,,,,,,,,,,,,,,,,,,,,,,,,,High,High,High,,,,,
182,2026/10/6,37:28.6,3,4,"Takahashi, Koki",1000326144,Right,WAS_EDA,"Utsumi, Yuta",1000188679,Left,MEI_MEI,Undefined,7,Top,1,1,2,Fastball,Four-Seam,BallCalled,Undefined,Undefined,Undefined,0,0,,149.49743,-1.001657,-1.853939,2711.777452,200.248325,12:45,1.640209,0.741726,1.981352,-26.1833,54.7611,19.1848,1.097978,0.414738,135.36348,-3.06263,-0.483712,0.406301,,,,,,,,,,,,-11.3618,30.1112,-0.703057,15.24,1.61725,1.233866,-41.114195,-0.77358,-2.491183,9.635262,-3.204457,WAS_EDA,MEI_MEI,JinguStadium,TeamExclusive,Team,20261006-JinguStadium-1,050e8600-c148-11f1-a3c0-e9a65f64b74e,149.29816,,,14.13395,,,,,,,70b076e0-976d-4b15-a51a-1ed58523581a,2026/10/6,37:28.6,2026-10-06T14:37:28.6030000+09:00,2026-10-06T05:37:28.6030000Z,,v3,,,,"Ogata, Mikito",1000326132,Right,WAS_EDA,c4d39a5a-7fcb-442e-8af5-8c5247bcc8a9,16.457469,-41.398531,4.817631,1.638683,-0.679017,-1.602229,-0.740553,1.307381,-1.245592,,,,,,,,,,,,,,,,,,,,,,,,,,,,,,,,,,,,,,,,,,,,,,,,,,,High,High,High,,,,,
183,2026/10/6,38:00.4,3,5,"Takahashi, Koki",1000326144,Right,WAS_EDA,"Utsumi, Yuta",1000188679,Left,MEI_MEI,Undefined,7,Top,1,2,2,Cutter,Slider,InPlay,Undefined,FlyBall,Out,1,0,,135.83848,-0.594104,-2.006012,2935.753416,100.683794,9:15,1.584983,0.800196,1.843204,-92.2059,6.5154,-18.9046,0.495176,0.044883,125.23244,-7.289265,-3.34567,0.448704,160.00772,23.777827,15.258541,2565.319675,32.234115,14.31286,9.224221,108.140976,96.248053,17.951556,5.092392,8.4288,4.5868,-0.751356,15.24,1.564877,1.395803,-37.389429,-0.746449,1.544049,7.267374,-8.966402,WAS_EDA,MEI_MEI,JinguStadium,TeamExclusive,Team,20261006-JinguStadium-1,18084fc0-c148-11f1-a3c0-e9a65f64b74e,135.18925,21.894472,,10.60604,,,,0.504961,0.504987,-0.039326,70b076e0-976d-4b15-a51a-1ed58523581a,2026/10/6,38:00.4,2026-10-06T14:38:00.4130000+09:00,2026-10-06T05:38:00.4130000Z,LineDrive,v3,,,,"Ogata, Mikito",1000326132,Right,WAS_EDA,8a2df4bf-212c-4b56-9b88-0a2864ca457e,16.597083,-37.652281,3.633687,1.58601,-0.422145,-4.483201,-0.80083,1.339957,0.772025,190.222889,0.504792,39.241462,-8.367888,1.896978,-0.390612,0.071004,-0.010315,0.000995,-4.40E-05,0.505719,17.908292,-3.865392,0.022312,0.023682,-0.010719,0.003157,-0.000432,2.10E-05,-0.039383,10.706618,-1.421246,0.255164,-0.072756,0.022587,-0.004842,0.000564,-2.70E-05,,,,,,,,,,,,,,,,,,,,,,,High,High,High,High,Medium,,,
184,2026/10/6,39:05.6,4,1,"Takahashi, Koki",1000326144,Right,WAS_EDA,"Mitsuhiro, Hotaka",1000188673,Left,MEI_MEI,Undefined,7,Top,2,0,0,Fastball,Four-Seam,BallCalled,Undefined,Undefined,Undefined,0,0,,150.39074,-0.775133,-2.821584,2661.240982,206.627821,1:00,1.602113,0.767398,2.026467,-37.0536,42.6309,20.0066,1.015062,0.179688,136.11887,-3.616523,-1.390037,0.403127,,,,,,,,,,,,-12.5953,23.7631,-0.710229,15.24,1.584218,1.937536,-41.340163,-0.6663,-2.789745,9.811649,-4.543322,WAS_EDA,MEI_MEI,JinguStadium,TeamExclusive,Team,20261006-JinguStadium-1,3ed52c40-c148-11f1-a3c0-e9a65f64b74e,150.4738,,,14.27187,,,,,,,70b076e0-976d-4b15-a51a-1ed58523581a,2026/10/6,39:05.6,2026-10-06T14:39:05.5770000+09:00,2026-10-06T05:39:05.5770000Z,,v3,,,,"Ogata, Mikito",1000326132,Right,WAS_EDA,41ccf6bc-eaf3-4800-8d92-4c62714e25c7,16.41228,-41.617461,4.905824,1.601235,-0.537896,-2.271661,-0.766102,2.016381,-1.394873,,,,,,,,,,,,,,,,,,,,,,,,,,,,,,,,,,,,,,,,,,,,,,,,,,,High,High,High,,,,,
185,2026/10/6,39:24.5,4,2,"Takahashi, Koki",1000326144,Right,WAS_EDA,"Mitsuhiro, Hotaka",1000188673,Left,MEI_MEI,Undefined,7,Top,2,1,0,OneSeamFastBall,Sinker,BallCalled,Undefined,Undefined,Undefined,0,0,,141.50561,0.533507,-3.447721,2090.922335,229.961326,1:45,1.563457,0.816228,1.910124,-63.0382,27.5288,29.3946,1.083267,0.140189,129.25845,-4.138748,-1.361216,0.429774,,,,,,,,,,,,-17.5729,14.7875,-0.739976,15.24,1.571811,2.201128,-38.895261,0.132715,-3.480837,7.92495,-6.877549,WAS_EDA,MEI_MEI,JinguStadium,TeamExclusive,Team,20261006-JinguStadium-1,4a21ef20-c148-11f1-a3c0-e9a65f64b74e,141.14411,,,12.24716,,,,,,,70b076e0-976d-4b15-a51a-1ed58523581a,2026/10/6,39:24.5,2026-10-06T14:39:24.5100000+09:00,2026-10-06T05:39:24.5100000Z,,v3,,,,"Ogata, Mikito",1000326132,Right,WAS_EDA,6316fbe6-7e6a-4c74-8f1f-580e4f2aaf85,16.529342,-39.157084,3.962475,1.563673,0.359935,-3.438775,-0.814596,2.316127,-1.740418,,,,,,,,,,,,,,,,,,,,,,,,,,,,,,,,,,,,,,,,,,,,,,,,,,,High,High,High,,,,,
186,2026/10/6,39:45.2,4,3,"Takahashi, Koki",1000326144,Right,WAS_EDA,"Mitsuhiro, Hotaka",1000188673,Left,MEI_MEI,Undefined,7,Top,2,2,0,Fastball,Four-Seam,BallCalled,Undefined,Undefined,Undefined,0,0,,149.29543,-0.499081,-3.377205,2615.171362,199.517723,12:45,1.607125,0.800278,2.033295,-38.2388,42.1863,14.0293,1.085321,-0.00226,135.84684,-3.41688,-2.374093,0.404996,,,,,,,,,,,,-9.8219,23.341,-0.731866,15.24,1.594938,2.354298,-41.045205,-0.470443,-2.156438,9.214706,-4.682062,WAS_EDA,MEI_MEI,JinguStadium,TeamExclusive,Team,20261006-JinguStadium-1,5674fe70-c148-11f1-a3c0-e9a65f64b74e,149.77931,,,13.4486,,,,,,,70b076e0-976d-4b15-a51a-1ed58523581a,2026/10/6,39:45.2,2026-10-06T14:39:45.1800000+09:00,2026-10-06T05:39:45.1800000Z,,v3,,,,"Ogata, Mikito",1000326132,Right,WAS_EDA,8bb85d7b-e12a-4a2d-9c5e-31046f2c52cc,16.405884,-41.306118,4.607353,1.606382,-0.337871,-2.341031,-0.799393,2.415357,-1.078219,,,,,,,,,,,,,,,,,,,,,,,,,,,,,,,,,,,,,,,,,,,,,,,,,,,High,High,High,,,,,
187,2026/10/6,40:08.1,4,4,"Takahashi, Koki",1000326144,Right,WAS_EDA,"Mitsuhiro, Hotaka",1000188673,Left,MEI_MEI,Undefined,7,Top,2,3,0,Fastball,Four-Seam,StrikeCalled,Undefined,Undefined,Undefined,0,0,,146.05507,-0.88978,-3.26119,2646.942928,208.096951,1:00,1.580005,0.777175,2.075693,-43.4415,40.5978,20.1334,0.897711,0.070553,132.26212,-4.205717,-1.817046,0.413996,,,,,,,,,,,,-13.1124,23.0071,-0.713691,15.24,1.5604,2.193004,-40.143724,-0.749754,-2.737203,9.292174,-5.003922,WAS_EDA,MEI_MEI,JinguStadium,TeamExclusive,Team,20261006-JinguStadium-1,6420e700-c148-11f1-a3c0-e9a65f64b74e,146.52329,,,13.79295,,,,,,,70b076e0-976d-4b15-a51a-1ed58523581a,2026/10/6,40:08.1,2026-10-06T14:40:08.1120000+09:00,2026-10-06T05:40:08.1120000Z,,v3,,,,"Ogata, Mikito",1000326132,Right,WAS_EDA,bfbd18d7-4437-4e99-8324-b2cae6bcf7d8,16.363228,-40.402884,4.646087,1.579364,-0.610194,-2.501961,-0.775919,2.269345,-1.368601,,,,,,,,,,,,,,,,,,,,,,,,,,,,,,,,,,,,,,,,,,,,,,,,,,,High,High,High,,,,,
188,2026/10/6,40:30.7,4,5,"Takahashi, Koki",1000326144,Right,WAS_EDA,"Mitsuhiro, Hotaka",1000188673,Left,MEI_MEI,Undefined,7,Top,2,3,1,Fastball,Four-Seam,BallCalled,Walk,Undefined,Undefined,0,0,,148.39964,0.416206,-3.580749,2666.377835,214.074672,1:15,1.579158,0.779862,2.077936,-45.3363,35.8675,22.4348,1.241759,0.007204,134.53807,-3.029163,-1.972486,0.406952,,,,,,,,,,,,-14.4753,19.454,-0.710272,15.24,1.585201,2.445243,-40.788323,0.158496,-3.128647,9.355379,-5.601928,WAS_EDA,MEI_MEI,JinguStadium,TeamExclusive,Team,20261006-JinguStadium-1,71956be0-c148-11f1-a3c0-e9a65f64b74e,149.05944,,,13.86157,,,,,,,70b076e0-976d-4b15-a51a-1ed58523581a,2026/10/6,40:30.7,2026-10-06T14:40:30.6880000+09:00,2026-10-06T05:40:30.6880000Z,,v3,,,,"Ogata, Mikito",1000326132,Right,WAS_EDA,510383ae-0583-450e-82b0-295865cfe9e6,16.36104,-41.044644,4.677689,1.578756,0.311979,-2.800964,-0.778441,2.530962,-1.564323,,,,,,,,,,,,,,,,,,,,,,,,,,,,,,,,,,,,,,,,,,,,,,,,,,,High,High,High,,,,,
189,2026/10/6,41:13.5,5,1,"Takahashi, Koki",1000326144,Right,WAS_EDA,"Fukuhara, Seiya",1000242807,Right,MEI_MEI,Undefined,7,Top,2,0,0,Cutter,Slider,StrikeCalled,Undefined,Undefined,Undefined,0,0,,139.03182,0.411164,-3.181309,2661.826341,105.505658,9:30,1.579146,0.808241,1.850265,-88.5339,5.9374,-11.0627,0.809956,-0.200586,127.63909,-6.034737,-3.963643,0.438939,,,,,,,,,,,,3.4626,3.6954,-0.732419,15.24,1.583249,2.177512,-38.221128,-0.079458,0.662193,7.665185,-9.099947,WAS_EDA,MEI_MEI,JinguStadium,TeamExclusive,Team,20261006-JinguStadium-1,8b1ff710-c148-11f1-a3c0-e9a65f64b74e,138.19677,,,11.39272,,,,,,,70b076e0-976d-4b15-a51a-1ed58523581a,2026/10/6,41:13.5,2026-10-06T14:41:13.5080000+09:00,2026-10-06T05:41:13.5080000Z,,v3,,,,"Ogata, Mikito",1000326132,Right,WAS_EDA,41f313c3-3189-49bc-9f2d-4e28c8ba70a7,16.589484,-38.490814,3.832593,1.580413,0.240706,-4.549974,-0.808621,2.154214,0.331097,,,,,,,,,,,,,,,,,,,,,,,,,,,,,,,,,,,,,,,,,,,,,,,,,,,High,High,High,,,,,
190,2026/10/6,41:34.2,5,2,"Takahashi, Koki",1000326144,Right,WAS_EDA,"Fukuhara, Seiya",1000242807,Right,MEI_MEI,Undefined,7,Top,2,0,1,Fastball,Four-Seam,BallCalled,Undefined,Undefined,Undefined,0,0,,149.80945,-2.723173,-4.402195,2645.582925,197.298754,12:30,1.61336,0.756619,2.163424,-38.2393,40.246,11.7704,0.474992,-0.34564,137.34204,-5.634282,-3.555394,0.400082,,,,,,,,,,,,-9.354,24.2172,-0.67699,15.24,1.562173,3.115257,-41.143605,-2.066861,-2.074315,8.824409,-4.436331,WAS_EDA,MEI_MEI,JinguStadium,TeamExclusive,Team,20261006-JinguStadium-1,976ee7b0-c148-11f1-a3c0-e9a65f64b74e,151.619,,,12.4674,,,,,,,70b076e0-976d-4b15-a51a-1ed58523581a,2026/10/6,41:34.2,2026-10-06T14:41:34.2080000+09:00,2026-10-06T05:41:34.2080000Z,,v3,,,,"Ogata, Mikito",1000326132,Right,WAS_EDA,3a8dd3c3-4424-46ad-acf8-400a141f4df1,16.276222,-41.365255,4.412205,1.612688,-1.95543,-2.218166,-0.755893,3.167359,-1.037158,,,,,,,,,,,,,,,,,,,,,,,,,,,,,,,,,,,,,,,,,,,,,,,,,,,High,High,High,,,,,
191,2026/10/6,41:57.0,5,3,"Takahashi, Koki",1000326144,Right,WAS_EDA,"Fukuhara, Seiya",1000242807,Right,MEI_MEI,Undefined,7,Top,2,1,1,Cutter,Slider,BallCalled,Undefined,Undefined,Undefined,0,0,,135.48662,0.120498,-0.852545,2571.024351,93.323966,9:00,1.588664,0.824182,1.879496,-94.6494,3.096,-7.7483,0.676098,0.50666,125.83979,-6.757384,-1.403428,0.446481,,,,,,,,,,,,3.5477,2.125,-0.804001,15.24,1.585483,0.589472,-37.358943,-0.280614,0.655058,6.591518,-9.414284,WAS_EDA,MEI_MEI,JinguStadium,TeamExclusive,Team,20261006-JinguStadium-1,a508a7d0-c148-11f1-a3c0-e9a65f64b74e,135.86251,,,9.64684,,,,,,,70b076e0-976d-4b15-a51a-1ed58523581a,2026/10/6,41:57.0,2026-10-06T14:41:57.0130000+09:00,2026-10-06T05:41:57.0130000Z,,v3,,,,"Ogata, Mikito",1000326132,Right,WAS_EDA,81632f7c-21c5-42cf-bede-a707b0d1bab0,16.561406,-37.591365,3.295759,1.589525,0.051342,-4.707142,-0.824379,0.566374,0.327529,,,,,,,,,,,,,,,,,,,,,,,,,,,,,,,,,,,,,,,,,,,,,,,,,,,High,High,High,,,,,
192,2026/10/6,42:20.2,5,4,"Takahashi, Koki",1000326144,Right,WAS_EDA,"Fukuhara, Seiya",1000242807,Right,MEI_MEI,Undefined,7,Top,2,2,1,Fastball,Four-Seam,FoulBallNotFieldable,Undefined,Undefined,Undefined,0,0,,147.354,-0.85298,-2.562685,2672.983388,208.321306,1:00,1.597591,0.750756,2.154482,-36.34,44.8198,22.7368,0.997887,0.268462,134.16642,-3.658155,-0.921991,0.406841,133.01807,21.004176,-46.137058,2117.522764,21.847342,9.479056,-25.432621,75.290227,62.996714,-53.728272,2.95443,-14.1433,25.478,-0.704615,15.24,1.580418,1.718535,-40.578488,-0.697775,-3.031332,9.104311,-4.345973,WAS_EDA,MEI_MEI,JinguStadium,TeamExclusive,Team,20261006-JinguStadium-1,b2cf9270-c148-11f1-a3c0-e9a65f64b74e,149.09986,9.835137,,13.18758,,,,0.349034,0.99378,-0.269514,70b076e0-976d-4b15-a51a-1ed58523581a,2026/10/6,42:20.2,2026-10-06T14:42:20.1830000+09:00,2026-10-06T05:42:20.1830000Z,LineDrive,v3,,,,"Ogata, Mikito",1000326132,Right,WAS_EDA,56a6963a-ba00-46a9-be30-2c5f4a67ad6c,16.285447,-40.812373,4.552156,1.59691,-0.586129,-2.172987,-0.749764,1.796408,-1.515666,126.639689,0.349049,23.901693,-4.90783,1.062015,-0.214831,0.029576,-0.000915,-0.000597,9.00E-05,0.993766,13.244624,-5.372951,0.372338,-0.072396,0.023816,-0.007688,0.001727,-0.000164,-0.269523,-24.870014,2.07345,-0.259395,0.015951,0.009035,-0.004714,0.001075,-0.000102,,,,,,,,,,,,,,,,,,,,,,,High,High,High,High,Medium,,,
193,2026/10/6,42:55.8,5,5,"Takahashi, Koki",1000326144,Right,WAS_EDA,"Fukuhara, Seiya",1000242807,Right,MEI_MEI,Undefined,7,Top,2,2,2,Cutter,Slider,FoulBallNotFieldable,Undefined,Undefined,Undefined,0,0,,139.42248,-1.861957,-3.42297,2676.871729,154.436275,11:15,1.543633,0.786742,1.908036,-77.0235,16.5617,-6.5186,0.248998,-0.241575,128.06596,-7.491028,-3.885814,0.436876,,,,,,,,,,,,0.9457,10.7928,-0.708956,15.24,1.496945,2.32092,-38.307436,-1.535983,0.181165,7.902603,-7.739094,WAS_EDA,MEI_MEI,JinguStadium,TeamExclusive,Team,20261006-JinguStadium-1,c819dbe0-c148-11f1-a3c0-e9a65f64b74e,138.84945,,,11.35652,,,,,,,70b076e0-976d-4b15-a51a-1ed58523581a,2026/10/6,42:55.8,2026-10-06T14:42:55.8490000+09:00,2026-10-06T05:42:55.8490000Z,,v3,,,,"Ogata, Mikito",1000326132,Right,WAS_EDA,2bec7d54-f547-4e4b-bb55-71cc63fdbf9e,16.53198,-38.573043,3.951301,1.544198,-1.275871,-3.869547,-0.78686,2.314831,0.090583,,,,,,,,,,,,,,,,,,,,,,,,,,,,,,,,,,,,,,,,,,,,,,,,,,,High,High,High,,,,,
194,2026/10/6,43:27.7,5,6,"Takahashi, Koki",1000326144,Right,WAS_EDA,"Fukuhara, Seiya",1000242807,Right,MEI_MEI,Undefined,7,Top,2,2,2,Fastball,Four-Seam,BallCalled,Undefined,Undefined,Undefined,0,0,,150.52897,-3.250047,-4.463529,2747.654274,194.179693,12:30,1.570885,0.742753,2.068385,-31.6351,47.722,11.3784,0.346519,-0.387911,136.93014,-5.68694,-3.650122,0.402298,,,,,,,,,,,,-9.3596,28.4903,-0.654683,15.24,1.504698,3.167799,-41.270551,-2.431188,-2.072582,9.516782,-3.497761,WAS_EDA,MEI_MEI,JinguStadium,TeamExclusive,Team,20261006-JinguStadium-1,db181270-c148-11f1-a3c0-e9a65f64b74e,150.7839,,,13.59883,,,,,,,70b076e0-976d-4b15-a51a-1ed58523581a,2026/10/6,43:27.7,2026-10-06T14:43:27.7040000+09:00,2026-10-06T05:43:27.7040000Z,,v3,,,,"Ogata, Mikito",1000326132,Right,WAS_EDA,7189735b-3358-4cd5-9603-c4c0e69953b6,16.370955,-41.530525,4.758391,1.569807,-2.335639,-1.74888,-0.741992,3.224417,-1.036291,,,,,,,,,,,,,,,,,,,,,,,,,,,,,,,,,,,,,,,,,,,,,,,,,,,High,High,High,,,,,
195,2026/10/6,43:54.0,5,7,"Takahashi, Koki",1000326144,Right,WAS_EDA,"Fukuhara, Seiya",1000242807,Right,MEI_MEI,Undefined,7,Top,2,3,2,Fastball,Four-Seam,FoulBallNotFieldable,Undefined,Undefined,Undefined,0,0,,151.13096,-2.227262,-3.479027,2751.688432,192.478537,12:30,1.615542,0.752905,2.101324,-28.7753,48.8622,10.2686,0.707904,-0.1116,138.14789,-4.458266,-2.741919,0.397915,108.98605,30.741843,167.060693,3644.445148,-33.174574,9.107816,4.855075,54.152669,20.592304,174.683411,2.527434,-7.9586,28.3785,-0.686368,15.24,1.571258,2.479811,-41.555182,-1.689127,-1.796439,9.188017,-3.40096,WAS_EDA,MEI_MEI,JinguStadium,TeamExclusive,Team,20261006-JinguStadium-1,eaba73d0-c148-11f1-a3c0-e9a65f64b74e,152.44463,9.456318,,12.98307,,,,0.440416,0.653975,0.104281,70b076e0-976d-4b15-a51a-1ed58523581a,2026/10/6,43:54.0,2026-10-06T14:43:53.9870000+09:00,2026-10-06T05:43:53.9870000Z,FlyBall,v3,,,,"Ogata, Mikito",1000326132,Right,WAS_EDA,981147bf-b5b6-4e7b-b6ef-816165547cbc,16.338594,-41.79738,4.594008,1.614602,-1.599477,-1.70048,-0.752361,2.527165,-0.89822,313.463302,0.440424,-25.359754,1.280931,0.083279,0.048741,-0.080269,0.054926,-0.016417,0.001797,0.653977,15.47521,-7.512196,0.755943,-0.147511,0.021654,-0.001225,0.000518,-0.000132,0.104277,5.826852,-2.218229,0.443499,-0.131598,0.057882,-0.027394,0.007998,-0.000919,,,,,,,,,,,,,,,,,,,,,,,High,High,High,High,Low,,,
196,2026/10/6,44:27.5,5,8,"Takahashi, Koki",1000326144,Right,WAS_EDA,"Fukuhara, Seiya",1000242807,Right,MEI_MEI,Undefined,7,Top,2,3,2,Cutter,Slider,BallCalled,Walk,Undefined,Undefined,0,0,,137.01799,-1.311837,-1.720023,2593.476008,189.688425,12:15,1.566989,0.813578,1.89607,-84.2022,12.9819,1.6711,0.355787,0.346392,125.23286,-7.477929,-1.601107,0.445197,,,,,,,,,,,,-2.1564,8.7171,-0.774453,15.24,1.532104,1.123722,-37.68064,-1.18162,-0.398011,7.942036,-8.197757,WAS_EDA,MEI_MEI,JinguStadium,TeamExclusive,Team,20261006-JinguStadium-1,febd4920-c148-11f1-a3c0-e9a65f64b74e,136.25427,,,11.78513,,,,,,,70b076e0-976d-4b15-a51a-1ed58523581a,2026/10/6,44:27.5,2026-10-06T14:44:27.4940000+09:00,2026-10-06T05:44:27.4940000Z,,v3,,,,"Ogata, Mikito",1000326132,Right,WAS_EDA,4b1e914f-7704-49d5-95b4-098246194758,16.543312,-37.954348,3.971018,1.567958,-0.899099,-4.098878,-0.813416,1.137438,-0.199006,,,,,,,,,,,,,,,,,,,,,,,,,,,,,,,,,,,,,,,,,,,,,,,,,,,High,High,High,,,,,
197,2026/10/6,45:41.9,6,1,"Takahashi, Koki",1000326144,Right,WAS_EDA,"Tamenaga, Hikaru",1000419475,Left,MEI_MEI,Undefined,7,Top,2,0,0,Fastball,Four-Seam,StrikeCalled,Undefined,Undefined,Undefined,0,0,,145.37197,-1.924088,-4.392982,2141.544271,212.745924,1:00,1.554227,0.800291,1.943307,-44.1316,40.7184,24.6224,0.571561,-0.187795,134.27096,-5.217902,-2.644885,0.415988,,,,,,,,,,,,-15.5799,23.2135,-0.704889,15.24,1.509266,2.951993,-39.941698,-1.494013,-3.289446,7.504064,-4.905497,WAS_EDA,MEI_MEI,JinguStadium,TeamExclusive,Team,20261006-JinguStadium-1,2b0fb8a0-c149-11f1-a3c0-e9a65f64b74e,145.82161,,,11.101,,,,,,,70b076e0-976d-4b15-a51a-1ed58523581a,2026/10/6,45:41.9,2026-10-06T14:45:41.8790000+09:00,2026-10-06T05:45:41.8790000Z,,v3,,,,"Ogata, Mikito",1000326132,Right,WAS_EDA,62ebe68e-c4f1-4584-87f5-9a64fcad0e87,16.496776,-40.177121,3.752032,1.553724,-1.340114,-2.452749,-0.79912,3.055192,-1.644723,,,,,,,,,,,,,,,,,,,,,,,,,,,,,,,,,,,,,,,,,,,,,,,,,,,High,High,High,,,,,
198,2026/10/6,46:00.9,6,2,"Takahashi, Koki",1000326144,Right,WAS_EDA,"Tamenaga, Hikaru",1000419475,Left,MEI_MEI,Undefined,7,Top,2,0,1,Fastball,Four-Seam,FoulBallNotFieldable,Undefined,Undefined,Undefined,0,0,,151.16105,-1.532215,-2.253335,2763.840752,205.976261,12:45,1.59656,0.78316,2.087359,-29.4016,48.387,22.3394,0.876298,0.380011,137.62596,-3.818858,-0.647585,0.398302,130.62677,5.683778,-176.756391,1753.029318,,,,30.154771,18.576166,-175.829432,0.911519,-13.1846,27.2709,-0.739833,15.24,1.564979,1.522446,-41.582775,-1.175355,-2.974934,9.3459,-3.653309,WAS_EDA,MEI_MEI,JinguStadium,TeamExclusive,Team,20261006-JinguStadium-1,36650700-c149-11f1-a3c0-e9a65f64b74e,152.29646,1.446731,,13.5351,,,,0.722915,0.815068,-0.375783,70b076e0-976d-4b15-a51a-1ed58523581a,2026/10/6,46:00.9,2026-10-06T14:46:00.8970000+09:00,2026-10-06T05:46:00.8970000Z,GroundBall,v3,,,,"Ogata, Mikito",1000326132,Right,WAS_EDA,798d75fc-72a9-4764-a675-102041da24b8,16.350848,-41.831698,4.67295,1.594989,-1.078051,-1.826655,-0.781438,1.601681,-1.487467,,0.722914,-36.048701,2.528104,-0.021896,-0.196172,0.445406,-0.432161,0.164218,-0.011194,0.815068,3.593658,-5.23102,0.364442,-0.053344,0.041527,-0.002141,-0.030242,0.015327,-0.375783,-2.042982,0.07739,-0.027907,0.005931,-0.007252,0.003917,0.001127,-0.001202,,,,,,,,,,,,,,,,,,,,,,,High,High,High,Medium,Medium,,,
199,2026/10/6,46:38.8,6,3,"Takahashi, Koki",1000326144,Right,WAS_EDA,"Tamenaga, Hikaru",1000419475,Left,MEI_MEI,Undefined,7,Top,2,0,2,Fastball,Four-Seam,FoulBallNotFieldable,Undefined,Undefined,Undefined,0,0,,150.80605,-2.107909,-2.776689,2695.71249,198.405756,12:30,1.606996,0.760103,2.052144,-34.884,44.1135,13.7805,0.6701,0.123931,136.79226,-4.787614,-1.789029,0.401385,121.49345,13.365976,-172.267386,1633.045232,-33.137164,2.150719,-5.103532,42.250508,19.724815,-171.136466,1.488297,-9.4306,25.7494,-0.704893,15.24,1.562875,1.944974,-41.451793,-1.625392,-2.100224,9.859768,-4.072164,WAS_EDA,MEI_MEI,JinguStadium,TeamExclusive,Team,20261006-JinguStadium-1,4d0320a0-c149-11f1-a3c0-e9a65f64b74e,151.12669,3.239239,,14.01379,,,,0.260134,0.631649,-0.117499,70b076e0-976d-4b15-a51a-1ed58523581a,2026/10/6,46:38.8,2026-10-06T14:46:38.8380000+09:00,2026-10-06T05:46:38.8380000Z,LineDrive,v3,,,,"Ogata, Mikito",1000326132,Right,WAS_EDA,b0ce2ffd-007a-4873-8f59-27b57abf7dbe,16.387273,-41.723792,4.929884,1.606164,-1.513054,-2.036082,-0.759348,2.002912,-1.050112,312.912542,0.260133,-32.535357,3.343729,-0.377058,0.019916,0.059567,-0.044026,0.01575,-0.002335,0.631649,7.801397,-6.134776,0.466412,0.018954,-0.109517,0.08149,-0.029382,0.004361,-0.117499,-4.418142,-0.004164,-0.012172,0.197967,-0.241538,0.160148,-0.056752,0.008401,,,,,,,,,,,,,,,,,,,,,,,High,High,High,High,Low,,,
200,2026/10/6,47:09.0,6,4,"Takahashi, Koki",1000326144,Right,WAS_EDA,"Tamenaga, Hikaru",1000419475,Left,MEI_MEI,Undefined,7,Top,2,0,2,OneSeamFastBall,Changeup,BallCalled,Undefined,Undefined,Undefined,0,0,,143.75967,-2.913304,-4.036456,1774.058,236.333747,2:00,1.512948,0.816456,1.94021,-62.7685,25.5092,33.815,0.065411,0.020599,131.09571,-7.550959,-1.630733,0.424307,,,,,,,,,,,,-20.7831,16.3761,-0.729267,15.24,1.44505,2.624811,-39.435133,-2.240754,-4.200014,8.724493,-6.497243,WAS_EDA,MEI_MEI,JinguStadium,TeamExclusive,Team,20261006-JinguStadium-1,5f00d720-c149-11f1-a3c0-e9a65f64b74e,142.96248,,,12.66396,,,,,,,70b076e0-976d-4b15-a51a-1ed58523581a,2026/10/6,47:09.0,2026-10-06T14:47:09.0290000+09:00,2026-10-06T05:47:09.0290000Z,,v3,,,,"Ogata, Mikito",1000326132,Right,WAS_EDA,818d8494-dfa9-42cc-9fec-14335fee259d,16.499749,-39.712858,4.362246,1.513088,-2.033929,-3.248622,-0.81495,2.758509,-2.100007,,,,,,,,,,,,,,,,,,,,,,,,,,,,,,,,,,,,,,,,,,,,,,,,,,,High,High,High,,,,,
201,2026/10/6,47:42.9,6,5,"Takahashi, Koki",1000326144,Right,WAS_EDA,"Tamenaga, Hikaru",1000419475,Left,MEI_MEI,Undefined,7,Top,2,1,2,Cutter,Slider,BallCalled,Undefined,Undefined,Undefined,0,0,,136.81427,-1.286378,-3.310998,2787.433495,79.165865,8:45,1.540758,0.825787,1.849743,-96.9915,0.0527,-14.0738,0.207346,-0.249876,126.96223,-8.284486,-4.307338,0.444877,,,,,,,,,,,,5.1397,1.6242,-0.746634,15.24,1.504061,2.240901,-37.631342,-1.228781,0.958214,7.032641,-9.503846,WAS_EDA,MEI_MEI,JinguStadium,TeamExclusive,Team,20261006-JinguStadium-1,733ae910-c149-11f1-a3c0-e9a65f64b74e,136.35243,,,9.85204,,,,,,,70b076e0-976d-4b15-a51a-1ed58523581a,2026/10/6,47:42.9,2026-10-06T14:47:42.9210000+09:00,2026-10-06T05:47:42.9210000Z,,v3,,,,"Ogata, Mikito",1000326132,Right,WAS_EDA,f39dbedf-a9e5-4a3a-a07f-c7ca23437253,16.590792,-37.88294,3.51632,1.54194,-0.888773,-4.751923,-0.826191,2.20662,0.479107,,,,,,,,,,,,,,,,,,,,,,,,,,,,,,,,,,,,,,,,,,,,,,,,,,,High,High,High,,,,,
202,2026/10/6,48:13.9,6,6,"Takahashi, Koki",1000326144,Right,WAS_EDA,"Tamenaga, Hikaru",1000419475,Left,MEI_MEI,Undefined,7,Top,2,2,2,Fastball,Four-Seam,FoulBallNotFieldable,Undefined,Undefined,Undefined,0,0,,152.65885,-3.322654,-3.427467,2672.549166,212.740888,1:00,1.585487,0.763258,2.107475,-37.286,38.6629,23.3377,0.287711,0.044181,140.08372,-6.149945,-1.749893,0.393564,,,,,,,,,,,,-14.8052,23.6221,-0.698542,15.24,1.520119,2.405659,-41.951024,-2.550781,-3.416369,9.095065,-4.355744,WAS_EDA,MEI_MEI,JinguStadium,TeamExclusive,Team,20261006-JinguStadium-1,85ab3780-c149-11f1-a3c0-e9a65f64b74e,154.12986,,,12.57513,,,,,,,70b076e0-976d-4b15-a51a-1ed58523581a,2026/10/6,48:13.9,2026-10-06T14:48:13.9260000+09:00,2026-10-06T05:48:13.9260000Z,,v3,,,,"Ogata, Mikito",1000326132,Right,WAS_EDA,a56c536e-ac2d-47eb-9072-94abd495c4d2,16.33252,-42.187219,4.547533,1.584893,-2.437664,-2.177872,-0.762168,2.494381,-1.708185,,,,,,,,,,,,,,,,,,,,,,,,,,,,,,,,,,,,,,,,,,,,,,,,,,,High,High,High,,,,,
203,2026/10/6,48:50.1,6,7,"Takahashi, Koki",1000326144,Right,WAS_EDA,"Tamenaga, Hikaru",1000419475,Left,MEI_MEI,Undefined,7,Top,2,2,2,Fastball,Four-Seam,InPlay,Undefined,GroundBall,Single,0,2,,150.41267,-0.815254,-2.733924,2770.069199,218.895472,1:15,1.584224,0.766645,2.092231,-43.4719,35.0819,26.2428,0.922735,0.268949,136.94449,-4.115609,-0.847585,0.400256,154.12024,-12.745728,-2.962934,,,,,3.972599,3.843917,-6.737752,0.092045,-15.9998,20.0214,-0.714639,15.24,1.566437,1.856562,-41.39973,-0.724762,-3.569958,9.464365,-5.339375,WAS_EDA,MEI_MEI,JinguStadium,TeamExclusive,Team,20261006-JinguStadium-1,9b4379e0-c149-11f1-a3c0-e9a65f64b74e,151.55289,0.921767,,13.46818,,,,0.17047,0.921767,-0.269763,70b076e0-976d-4b15-a51a-1ed58523581a,2026/10/6,48:50.1,2026-10-06T14:48:50.1380000+09:00,2026-10-06T05:48:50.1380000Z,GroundBall,v3,,,,"Ogata, Mikito",1000326132,Right,WAS_EDA,65585fe1-b3e1-4b91-864d-6b2a6264a9a1,16.347577,-41.652163,4.732182,1.583868,-0.582351,-2.669688,-0.765427,1.951779,-1.784979,2.111457,0.170513,41.69431,-7.453613,,,,,,,0.921807,-9.450929,-6.129907,,,,,,,-0.269765,-2.158225,0.275485,,,,,,,,,,,,,,,,,,,,,,,,,,,,,High,High,High,High,High,,,
204,2026/10/6,49:47.1,7,1,"Takahashi, Koki",1000326144,Right,WAS_EDA,"Tanoue, Kai",1000338425,Left,MEI_MEI,Undefined,7,Top,2,0,0,OneSeamFastBall,Changeup,InPlay,Undefined,GroundBall,Out,1,0,,136.82157,-0.75,-2.994367,1734.104439,228.580072,1:30,1.548335,0.828643,1.932007,-69.4714,27.367,27.4661,0.642856,0.26226,124.96497,-5.894143,-1.03957,0.444405,105.07175,-8.371966,-16.438947,,,,,5.225573,5.214867,-17.115211,0.161102,-16.5415,15.7324,-0.76372,15.24,1.527738,1.844537,-37.622445,-0.73663,-3.052844,7.706526,-6.903141,WAS_EDA,MEI_MEI,JinguStadium,TeamExclusive,Team,20261006-JinguStadium-1,bd35f780-c149-11f1-a3c0-e9a65f64b74e,136.49721,0.687478,,11.8566,,,,0.579007,0.687478,-0.248181,70b076e0-976d-4b15-a51a-1ed58523581a,2026/10/6,49:47.0,2026-10-06T14:49:47.0560000+09:00,2026-10-06T05:49:47.0560000Z,GroundBall,v3,,,,"Ogata, Mikito",1000326132,Right,WAS_EDA,aea81810-c07e-4a3c-a5f0-025356585ed3,16.507813,-37.881252,3.853263,1.548584,-0.504804,-3.451571,-0.827386,1.94706,-1.526422,186.418494,0.579044,27.692248,-1.779494,,,,,,,0.687401,-4.243207,-0.144014,,,,,,,-0.248206,-8.169557,1.021205,,,,,,,,,,,,,,,,,,,,,,,,,,,,,High,High,High,High,High,,,
205,2026/10/6,51:59.6,1,1,"Matsumoto, Nao",1000329771,Right,MEI_MEI,"Nakamura, Shunei",1000422721,Left,WAS_EDA,Undefined,7,Bottom,0,0,0,Slider,Slider,BallCalled,Undefined,Undefined,Undefined,0,0,,132.24355,-2.51144,-1.740267,2120.171029,230.091032,1:45,1.707671,0.328566,2.013375,-96.064,7.1077,4.3699,0.045066,-0.113766,121.15969,-9.548594,-1.426575,0.458707,,,,,,,,,,,,-3.6744,6.6413,-0.292656,15.24,1.650779,1.086963,-36.367983,-1.923796,-0.629332,7.647161,-8.669178,WAS_EDA,MEI_MEI,JinguStadium,TeamExclusive,Team,20261006-JinguStadium-1,0c3ab230-c14a-11f1-a3c0-e9a65f64b74e,132.24142,,,11.08386,,,,,,,70b076e0-976d-4b15-a51a-1ed58523581a,2026/10/6,51:59.6,2026-10-06T14:51:59.6280000+09:00,2026-10-06T05:51:59.6280000Z,,v3,,,,"Fukuhara, Seiya",1000242807,Right,MEI_MEI,83e3d9e6-e893-422d-b627-c5103cf2d22b,16.426572,-36.616636,3.823581,1.70875,-1.641911,-4.334589,-0.328332,1.107426,-0.314666,,,,,,,,,,,,,,,,,,,,,,,,,,,,,,,,,,,,,,,,,,,,,,,,,,,High,High,High,,,,,
206,2026/10/6,52:13.8,1,2,"Matsumoto, Nao",1000329771,Right,MEI_MEI,"Nakamura, Shunei",1000422721,Left,WAS_EDA,Undefined,7,Bottom,0,1,0,Fastball,Four-Seam,BallCalled,Undefined,Undefined,Undefined,0,0,,149.50134,-3.669735,-1.606367,2424.477995,207.984914,1:00,1.769772,0.24153,1.839991,-29.7429,52.8747,26.57,0.434824,0.053753,135.72793,-5.951769,0.275586,0.410479,,,,,,,,,,,,-14.8792,30.8439,-0.205024,15.24,1.680436,1.011778,-41.024525,-2.718447,-3.250524,9.534663,-3.068484,WAS_EDA,MEI_MEI,JinguStadium,TeamExclusive,Team,20261006-JinguStadium-1,14b03930-c14a-11f1-a3c0-e9a65f64b74e,147.77852,,,13.77341,,,,,,,70b076e0-976d-4b15-a51a-1ed58523581a,2026/10/6,52:13.8,2026-10-06T14:52:13.8450000+09:00,2026-10-06T05:52:13.8450000Z,,v3,,,,"Fukuhara, Seiya",1000242807,Right,MEI_MEI,6c7a7f9e-18a8-4473-9173-cc3e873ae3ee,16.599376,-41.339255,4.767331,1.768497,-2.617159,-1.534242,-0.240192,1.119075,-1.625262,,,,,,,,,,,,,,,,,,,,,,,,,,,,,,,,,,,,,,,,,,,,,,,,,,,High,High,High,,,,,
207,2026/10/6,52:26.7,1,3,"Matsumoto, Nao",1000329771,Right,MEI_MEI,"Nakamura, Shunei",1000422721,Left,WAS_EDA,Undefined,7,Bottom,0,2,0,Fastball,Four-Seam,StrikeCalled,Undefined,Undefined,Undefined,0,0,,149.2667,-2.092987,-0.790283,2337.886222,209.519437,1:00,1.718373,0.298643,1.840107,-32.9619,49.2115,26.3554,0.797745,0.339146,136.16134,-4.599084,1.077173,0.409374,,,,,,,,,,,,-14.0163,27.5482,-0.281459,15.24,1.666376,0.426381,-41.04378,-1.602326,-3.083498,9.041537,-3.746193,WAS_EDA,MEI_MEI,JinguStadium,TeamExclusive,Team,20261006-JinguStadium-1,1c677940-c14a-11f1-a3c0-e9a65f64b74e,148.17753,,,13.10535,,,,,,,70b076e0-976d-4b15-a51a-1ed58523581a,2026/10/6,52:26.7,2026-10-06T14:52:26.7400000+09:00,2026-10-06T05:52:26.7400000Z,,v3,,,,"Fukuhara, Seiya",1000242807,Right,MEI_MEI,9bdd59c1-3f1c-4411-b8a7-43e959cb18ba,16.599039,-41.342079,4.520768,1.717201,-1.478731,-1.873096,-0.297204,0.528112,-1.541749,,,,,,,,,,,,,,,,,,,,,,,,,,,,,,,,,,,,,,,,,,,,,,,,,,,High,High,High,,,,,
208,2026/10/6,52:38.9,1,4,"Matsumoto, Nao",1000329771,Right,MEI_MEI,"Nakamura, Shunei",1000422721,Left,WAS_EDA,Undefined,7,Bottom,0,2,1,Slider,Slider,StrikeSwinging,Undefined,Undefined,Undefined,0,0,,131.27289,-1.805213,-1.467092,2230.689802,256.171212,2:30,1.718477,0.284,1.924682,-101.1502,4.4222,3.8716,0.199832,-0.089256,120.38472,-9.178117,-1.190677,0.464013,,,,,,,,,,,,-3.1462,4.6395,-0.2515,15.24,1.672438,0.908236,-36.110835,-1.503287,-0.532505,7.390729,-9.02139,WAS_EDA,MEI_MEI,JinguStadium,TeamExclusive,Team,20261006-JinguStadium-1,23ab3700-c14a-11f1-a3c0-e9a65f64b74e,130.72913,,,10.88817,,,,,,,70b076e0-976d-4b15-a51a-1ed58523581a,2026/10/6,52:38.9,2026-10-06T14:52:38.9030000+09:00,2026-10-06T05:52:38.9030000Z,,v3,,,,"Fukuhara, Seiya",1000242807,Right,MEI_MEI,1c4d99e8-ad47-4321-8a02-b0c6621776be,16.515266,-36.370905,3.695364,1.719751,-1.185837,-4.510695,-0.28379,0.926974,-0.266253,,,,,,,,,,,,,,,,,,,,,,,,,,,,,,,,,,,,,,,,,,,,,,,,,,,High,High,High,,,,,
209,2026/10/6,52:59.1,1,5,"Matsumoto, Nao",1000329771,Right,MEI_MEI,"Nakamura, Shunei",1000422721,Left,WAS_EDA,Undefined,7,Bottom,0,2,2,Fastball,Four-Seam,StrikeCalled,Strikeout,Undefined,Undefined,0,0,,150.67647,-3.145358,-1.178679,2340.069081,214.911055,1:15,1.750954,0.258011,1.811654,-31.2171,49.9483,32.9806,0.548444,0.254534,137.35845,-5.518008,1.154003,0.406856,,,,,,,,,,,,-17.7129,28.6801,-0.231583,15.24,1.672403,0.675368,-41.388671,-2.373416,-3.95681,9.315676,-3.399928,WAS_EDA,MEI_MEI,JinguStadium,TeamExclusive,Team,20261006-JinguStadium-1,2fb24930-c14a-11f1-a3c0-e9a65f64b74e,149.09469,,,13.31803,,,,,,,70b076e0-976d-4b15-a51a-1ed58523581a,2026/10/6,52:59.1,2026-10-06T14:52:59.1270000+09:00,2026-10-06T05:52:59.1270000Z,,v3,,,,"Fukuhara, Seiya",1000242807,Right,MEI_MEI,341bd9a6-4147-45f9-ba17-d55cd2cbd45d,16.627816,-41.699868,4.657838,1.749791,-2.259839,-1.699964,-0.256352,0.807548,-1.978405,,,,,,,,,,,,,,,,,,,,,,,,,,,,,101.38699,2.864594,1.759027,1.105566,-0.393603,0.467603,-0.272017,-0.966929,1.316618,-0.501891,20.816449,1.738018,-17.214542,-0.964476,20.842747,-1.032853,1.340088,5.763523,-4.88978,-0.529975,-17.599765,2.271554,High,High,High,,,High,Medium,High
210,2026/10/6,53:29.5,2,1,"Matsumoto, Nao",1000329771,Right,MEI_MEI,"Yuasa, Osuke",1000422710,Right,WAS_EDA,Undefined,7,Bottom,1,0,0,Slider,Slider,BallCalled,Undefined,Undefined,Undefined,0,0,,129.00368,-1.445818,-2.971189,2164.601141,297.91849,4:00,1.676571,0.297088,1.952718,-105.5334,2.8211,0.9338,0.215403,-0.527021,119.13488,-9.126509,-2.904567,0.470087,,,,,,,,,,,,-2.5927,3.4688,-0.232289,15.24,1.639244,1.837939,-35.485268,-1.2667,-0.426951,6.671733,-9.235437,WAS_EDA,MEI_MEI,JinguStadium,TeamExclusive,Team,20261006-JinguStadium-1,41d86f40-c14a-11f1-a3c0-e9a65f64b74e,129.03996,,,9.8688,,,,,,,70b076e0-976d-4b15-a51a-1ed58523581a,2026/10/6,53:29.5,2026-10-06T14:53:29.5100000+09:00,2026-10-06T05:53:29.5100000Z,,v3,,,,"Fukuhara, Seiya",1000242807,Right,MEI_MEI,c8b41efe-c1e6-413f-a501-af1c591f9690,16.48743,-35.719032,3.335867,1.677958,-0.943109,-4.617718,-0.296949,1.852899,-0.213476,,,,,,,,,,,,,,,,,,,,,,,,,,,,,,,,,,,,,,,,,,,,,,,,,,,High,High,High,,,,,
211,2026/10/6,53:44.8,2,2,"Matsumoto, Nao",1000329771,Right,MEI_MEI,"Yuasa, Osuke",1000422710,Right,WAS_EDA,Undefined,7,Bottom,1,1,0,Slider,Slider,StrikeCalled,Undefined,Undefined,Undefined,0,0,,132.76423,0.313961,-1.849173,2230.417638,313.250302,4:30,1.705655,0.343325,1.936823,-101.9737,0.6174,2.7827,0.774043,-0.147787,121.66632,-7.147599,-1.650727,0.457414,,,,,,,,,,,,-2.7843,1.2,-0.302616,15.24,1.707035,1.167259,-36.540563,-0.177159,-0.484908,7.245906,-9.597655,WAS_EDA,MEI_MEI,JinguStadium,TeamExclusive,Team,20261006-JinguStadium-1,4af029b0-c14a-11f1-a3c0-e9a65f64b74e,132.61508,,,11.09791,,,,,,,70b076e0-976d-4b15-a51a-1ed58523581a,2026/10/6,53:44.8,2026-10-06T14:53:44.7950000+09:00,2026-10-06T05:53:44.7950000Z,,v3,,,,"Fukuhara, Seiya",1000242807,Right,MEI_MEI,83b16bfe-1d41-4d9b-8ec0-a2af4d4d04fe,16.502774,-36.790116,3.622953,1.707445,0.153389,-4.798827,-0.343104,1.183959,-0.242454,,,,,,,,,,,,,,,,,,,,,,,,,,,,,,,,,,,,,,,,,,,,,,,,,,,High,High,High,,,,,
212,2026/10/6,53:56.6,2,3,"Matsumoto, Nao",1000329771,Right,MEI_MEI,"Yuasa, Osuke",1000422710,Right,WAS_EDA,Undefined,7,Bottom,1,1,1,Fastball,Four-Seam,InPlay,Undefined,GroundBall,Out,1,0,,150.3241,-1.936141,-1.880059,2384.156171,205.05782,12:45,1.709846,0.300978,1.893649,-26.9174,53.8909,23.9256,0.895556,0.011204,136.50916,-4.029856,-0.180396,0.40596,144.09736,-6.041939,16.506788,,,,,7.070367,6.83618,17.260364,0.183363,-13.8023,30.1774,-0.259415,15.24,1.663921,1.234196,-41.325071,-1.467674,-3.064455,9.541687,-3.106495,WAS_EDA,MEI_MEI,JinguStadium,TeamExclusive,Team,20261006-JinguStadium-1,51fe7f90-c14a-11f1-a3c0-e9a65f64b74e,149.42374,0.867418,,13.81494,,,,-0.058609,0.867418,-0.012819,70b076e0-976d-4b15-a51a-1ed58523581a,2026/10/6,53:56.6,2026-10-06T14:53:56.6280000+09:00,2026-10-06T05:53:56.6280000Z,GroundBall,v3,,,,"Fukuhara, Seiya",1000242807,Right,MEI_MEI,09bb5f7e-c70e-4454-a27e-3a005fd79947,16.545842,-41.625489,4.770843,1.708591,-1.369866,-1.553247,-0.299792,1.33068,-1.532228,243.265725,-0.058351,38.145626,-5.48579,,,,,,,0.867411,-4.212582,-2.824701,,,,,,,-0.012927,11.317502,1.061756,,,,,,,,,,,,,,,,,,,,,,,,,,,,,High,High,High,High,High,,,
213,2026/10/6,54:24.2,3,1,"Matsumoto, Nao",1000329771,Right,MEI_MEI,"Okanishi, Yuya",1000242774,Left,WAS_EDA,Undefined,7,Bottom,2,0,0,Fastball,Four-Seam,BallCalled,Undefined,Undefined,Undefined,0,0,,150.5697,-0.074233,-0.536572,2424.044275,208.027961,1:00,1.714766,0.275272,1.942023,-29.8475,49.9745,25.2231,1.395472,0.37702,136.80739,-2.383707,1.261734,0.403474,,,,,,,,,,,,-13.3757,26.7305,-0.264667,15.24,1.711271,0.256961,-41.439206,-0.131204,-2.990861,9.462125,-3.829605,WAS_EDA,MEI_MEI,JinguStadium,TeamExclusive,Team,20261006-JinguStadium-1,62634690-c14a-11f1-a3c0-e9a65f64b74e,150.34409,,,13.76231,,,,,,,70b076e0-976d-4b15-a51a-1ed58523581a,2026/10/6,54:24.2,2026-10-06T14:54:24.2200000+09:00,2026-10-06T05:54:24.2200000Z,,v3,,,,"Fukuhara, Seiya",1000242807,Right,MEI_MEI,0f726a0e-a7fd-415b-8fa1-1fef40172055,16.49683,-41.7252,4.731063,1.713487,-0.015454,-1.914802,-0.2738,0.347361,-1.49543,,,,,,,,,,,,,,,,,,,,,,,,,,,,,,,,,,,,,,,,,,,,,,,,,,,High,High,High,,,,,
214,2026/10/6,54:36.6,3,2,"Matsumoto, Nao",1000329771,Right,MEI_MEI,"Okanishi, Yuya",1000242774,Left,WAS_EDA,Undefined,7,Bottom,2,1,0,Slider,Slider,BallCalled,Undefined,Undefined,Undefined,0,0,,132.00629,-0.513587,-2.241296,2270.947998,46.846578,7:30,1.717412,0.299987,1.865768,-103.3221,1.5618,-1.9011,0.53936,-0.350889,121.085,-8.027312,-2.376274,0.462497,,,,,,,,,,,,-0.6679,2.2287,-0.247569,15.24,1.699037,1.429614,-36.307846,-0.718319,-0.114703,7.236349,-9.42392,WAS_EDA,MEI_MEI,JinguStadium,TeamExclusive,Team,20261006-JinguStadium-1,69cf73e0-c14a-11f1-a3c0-e9a65f64b74e,131.15753,,,10.92129,,,,,,,70b076e0-976d-4b15-a51a-1ed58523581a,2026/10/6,54:36.5,2026-10-06T14:54:36.5510000+09:00,2026-10-06T05:54:36.5510000Z,,v3,,,,"Fukuhara, Seiya",1000242807,Right,MEI_MEI,61e7ba5e-d683-4ffe-ae63-6d2336fc24fd,16.573987,-36.57275,3.618174,1.719019,-0.373333,-4.71196,-0.299981,1.433813,-0.057352,,,,,,,,,,,,,,,,,,,,,,,,,,,,,,,,,,,,,,,,,,,,,,,,,,,High,High,High,,,,,
215,2026/10/6,54:54.7,3,3,"Matsumoto, Nao",1000329771,Right,MEI_MEI,"Okanishi, Yuya",1000242774,Left,WAS_EDA,Undefined,7,Bottom,2,2,0,Fastball,Sinker,BallCalled,Undefined,Undefined,Undefined,0,0,,146.91914,-3.23641,-1.584035,2383.306292,226.684152,1:30,1.676525,0.34669,1.987243,-44.2807,39.5308,38.906,0.327328,0.292652,133.77099,-6.569136,1.199063,0.413434,,,,,,,,,,,,-21.4704,24.0034,-0.314854,15.24,1.605422,0.927344,-40.371087,-2.425818,-4.54481,9.18737,-4.725647,WAS_EDA,MEI_MEI,JinguStadium,TeamExclusive,Team,20261006-JinguStadium-1,74937ec0-c14a-11f1-a3c0-e9a65f64b74e,146.72222,,,13.14815,,,,,,,70b076e0-976d-4b15-a51a-1ed58523581a,2026/10/6,54:54.7,2026-10-06T14:54:54.6990000+09:00,2026-10-06T05:54:54.6990000Z,,v3,,,,"Fukuhara, Seiya",1000242807,Right,MEI_MEI,fbb447eb-637b-41d4-865b-41276b266d4b,16.45212,-40.645997,4.593685,1.675893,-2.284415,-2.362824,-0.344637,1.063337,-2.272405,,,,,,,,,,,,,,,,,,,,,,,,,,,,,,,,,,,,,,,,,,,,,,,,,,,High,High,High,,,,,
216,2026/10/6,55:15.7,3,4,"Matsumoto, Nao",1000329771,Right,MEI_MEI,"Okanishi, Yuya",1000242774,Left,WAS_EDA,Undefined,7,Bottom,2,3,0,Fastball,Four-Seam,StrikeCalled,Undefined,Undefined,Undefined,0,0,,150.22091,-2.401477,-2.152956,2402.458562,213.53761,1:00,1.720672,0.282805,2.024614,-42.7515,36.6725,22.594,0.622271,-0.09222,137.11953,-5.625968,-0.534267,0.402467,,,,,,,,,,,,-13.392,21.8228,-0.239469,15.24,1.66907,1.443135,-41.312341,-1.8718,-2.98104,9.267702,-4.948918,WAS_EDA,MEI_MEI,JinguStadium,TeamExclusive,Team,20261006-JinguStadium-1,811bf5f0-c14a-11f1-a3c0-e9a65f64b74e,150.72031,,,13.10138,,,,,,,70b076e0-976d-4b15-a51a-1ed58523581a,2026/10/6,55:15.7,2026-10-06T14:55:15.7100000+09:00,2026-10-06T05:55:15.7100000Z,,v3,,,,"Fukuhara, Seiya",1000242807,Right,MEI_MEI,b4bf6ae0-80b5-451e-983f-1e11ad8ea3a7,16.414721,-41.575034,4.633851,1.720138,-1.731523,-2.474459,-0.281572,1.527632,-1.49052,,,,,,,,,,,,,,,,,,,,,,,,,,,,,,,,,,,,,,,,,,,,,,,,,,,High,High,High,,,,,
217,2026/10/6,55:29.5,3,5,"Matsumoto, Nao",1000329771,Right,MEI_MEI,"Okanishi, Yuya",1000242774,Left,WAS_EDA,Undefined,7,Bottom,2,3,1,Fastball,Four-Seam,FoulBallNotFieldable,Undefined,Undefined,Undefined,0,0,,150.18781,-1.864179,-2.68216,2370.664473,201.599295,12:45,1.71494,0.247982,1.965599,-33.3522,46.7178,17.4618,0.858628,-0.329043,136.84998,-4.41614,-1.437253,0.404101,105.48842,-25.559271,57.216111,,,,,2.129451,2.115448,58.708974,0.067119,-11.1046,26.5946,-0.190943,15.24,1.672779,1.849141,-41.293881,-1.44414,-2.468715,9.292134,-3.894293,WAS_EDA,MEI_MEI,JinguStadium,TeamExclusive,Team,20261006-JinguStadium-1,894f91f0-c14a-11f1-a3c0-e9a65f64b74e,150.11105,0.852442,,13.33783,,,,0.140868,0.852442,0.321176,70b076e0-976d-4b15-a51a-1ed58523581a,2026/10/6,55:29.5,2026-10-06T14:55:29.4940000+09:00,2026-10-06T05:55:29.4940000Z,GroundBall,v3,,,,"Fukuhara, Seiya",1000242807,Right,MEI_MEI,35d77647-f0e2-49d4-a4f2-a60269712113,16.47407,-41.57065,4.646067,1.714065,-1.328148,-1.947146,-0.247115,1.922672,-1.234358,180,0.140157,14.379583,,,,,,,,0.85307,-12.700527,,,,,,,,0.320071,22.32653,,,,,,,,,,,,,,,,,,,,,,,,,,,,,,High,High,High,Medium,High,,,
218,2026/10/6,55:57.4,3,6,"Matsumoto, Nao",1000329771,Right,MEI_MEI,"Okanishi, Yuya",1000242774,Left,WAS_EDA,Undefined,7,Bottom,2,3,2,Slider,Slider,StrikeSwinging,Strikeout,Undefined,Undefined,0,0,,138.08479,-2.798182,-1.821561,2235.808371,270.057643,3:00,1.694838,0.342787,2.086768,-90.196,2.8652,5.334,0.014199,-0.110289,127.42241,-9.410446,-1.436898,0.435651,,,,,,,,,,,,-4.1687,4.3213,-0.30753,15.24,1.636393,1.18697,-38.007899,-2.167275,-0.786204,7.774107,-8.991651,WAS_EDA,MEI_MEI,JinguStadium,TeamExclusive,Team,20261006-JinguStadium-1,99f29a70-c14a-11f1-a3c0-e9a65f64b74e,139.23979,,,10.66239,,,,,,,70b076e0-976d-4b15-a51a-1ed58523581a,2026/10/6,55:57.4,2026-10-06T14:55:57.3970000+09:00,2026-10-06T05:55:57.3970000Z,,v3,,,,"Fukuhara, Seiya",1000242807,Right,MEI_MEI,8ab58dd0-11b0-48e3-8a54-3f312ce03064,16.353548,-38.234985,3.887054,1.695864,-1.904624,-4.495825,-0.342538,1.209936,-0.393102,,,,,,,,,,,,,,,,,,,,,,,,,,,,,,,,,,,,,,,,,,,,,,,,,,,High,High,High,,,,,
219,2026/10/6,57:54.2,1,1,"Takahashi, Koki",1000326144,Right,WAS_EDA,"Tsuda, Motoki",1000242809,Left,MEI_MEI,Undefined,8,Top,0,0,0,Cutter,Slider,StrikeCalled,Undefined,Undefined,Undefined,0,0,,135.81668,0.044468,-2.222314,2491.653763,156.750643,11:15,1.572282,0.802148,1.876088,-85.2577,12.985,-4.3223,0.732236,0.132818,125.01711,-6.185544,-2.529033,0.447615,,,,,,,,,,,,0.7248,7.6313,-0.750436,15.24,1.568092,1.470571,-37.379148,-0.294953,0.132984,7.116747,-8.406504,WAS_EDA,MEI_MEI,JinguStadium,TeamExclusive,Team,20261006-JinguStadium-1,dfa095e0-c14a-11f1-a3c0-e9a65f64b74e,135.51815,,,10.79957,,,,,,,70b076e0-976d-4b15-a51a-1ed58523581a,2026/10/6,57:54.2,2026-10-06T14:57:54.2310000+09:00,2026-10-06T05:57:54.2310000Z,,v3,,,,"Ogata, Mikito",1000326132,Right,WAS_EDA,de074187-5f2d-4fd0-bd60-f34710a3108d,16.563617,-37.630313,3.558374,1.573266,0.001729,-4.203252,-0.802252,1.465878,0.066492,,,,,,,,,,,,,,,,,,,,,,,,,,,,,,,,,,,,,,,,,,,,,,,,,,,High,High,High,,,,,
220,2026/10/6,58:06.4,1,2,"Takahashi, Koki",1000326144,Right,WAS_EDA,"Tsuda, Motoki",1000242809,Left,MEI_MEI,Undefined,8,Top,0,0,1,Fastball,Four-Seam,BallCalled,Undefined,Undefined,Undefined,0,0,,148.22104,-1.153859,-2.41046,2647.855268,228.412988,1:30,1.599727,0.787629,2.043692,-47.9567,33.4856,34.7147,0.798285,0.462656,134.92807,-4.771004,0.079006,0.407549,,,,,,,,,,,,-19.9394,19.3133,-0.740177,15.24,1.574027,1.549235,-40.781513,-0.978141,-4.316841,9.188412,-5.625351,WAS_EDA,MEI_MEI,JinguStadium,TeamExclusive,Team,20261006-JinguStadium-1,e6de6030-c14a-11f1-a3c0-e9a65f64b74e,148.84101,,,13.29296,,,,,,,70b076e0-976d-4b15-a51a-1ed58523581a,2026/10/6,58:06.4,2026-10-06T14:58:06.4480000+09:00,2026-10-06T05:58:06.4480000Z,,v3,,,,"Ogata, Mikito",1000326132,Right,WAS_EDA,8a575b2a-fffc-43c8-8ab1-c787a44e41dc,16.395575,-41.041048,4.594206,1.599411,-0.819248,-2.812675,-0.785659,1.671168,-2.15842,,,,,,,,,,,,,,,,,,,,,,,,,,,,,,,,,,,,,,,,,,,,,,,,,,,High,High,High,,,,,
221,2026/10/6,58:19.8,1,3,"Takahashi, Koki",1000326144,Right,WAS_EDA,"Tsuda, Motoki",1000242809,Left,MEI_MEI,Undefined,8,Top,0,1,1,Cutter,Slider,BallCalled,Undefined,Undefined,Undefined,0,0,,135.31864,-0.585831,-2.080953,1336.404109,83.521153,8:45,1.554555,0.830225,1.833333,-97.8624,2.3914,-7.1964,0.410412,0.170462,123.98629,-7.693821,-2.59085,0.452173,,,,,,,,,,,,2.1523,2.7224,-0.780037,15.24,1.534242,1.386298,-37.210921,-0.769666,0.388169,7.611818,-9.315663,WAS_EDA,MEI_MEI,JinguStadium,TeamExclusive,Team,20261006-JinguStadium-1,eee17650-c14a-11f1-a3c0-e9a65f64b74e,134.15207,,,11.33235,,,,,,,70b076e0-976d-4b15-a51a-1ed58523581a,2026/10/6,58:19.8,2026-10-06T14:58:19.8210000+09:00,2026-10-06T05:58:19.8210000Z,,v3,,,,"Ogata, Mikito",1000326132,Right,WAS_EDA,6aa4df99-3dea-43ee-b03a-0b73a12f2471,16.606191,-37.489346,3.805909,1.556163,-0.428918,-4.657831,-0.830485,1.372099,0.194085,,,,,,,,,,,,,,,,,,,,,,,,,,,,,,,,,,,,,,,,,,,,,,,,,,,High,High,High,,,,,
222,2026/10/6,58:34.6,1,4,"Takahashi, Koki",1000326144,Right,WAS_EDA,"Tsuda, Motoki",1000242809,Left,MEI_MEI,Undefined,8,Top,0,2,1,Fastball,Four-Seam,BallCalled,Undefined,Undefined,Undefined,0,0,,145.64245,0.091406,-3.764063,2585.310361,199.685026,12:45,1.599585,0.795209,2.106049,-29.0572,55.7164,18.8427,1.334441,-0.062706,130.85501,-2.215941,-2.411691,0.4158,,,,,,,,,,,,-12.9464,30.1939,-0.723619,15.24,1.599699,2.54117,-39.990091,0.015154,-2.665828,9.689385,-3.589329,WAS_EDA,MEI_MEI,JinguStadium,TeamExclusive,Team,20261006-JinguStadium-1,f7a2fa70-c14a-11f1-a3c0-e9a65f64b74e,145.88729,,,14.78743,,,,,,,70b076e0-976d-4b15-a51a-1ed58523581a,2026/10/6,58:34.6,2026-10-06T14:58:34.5920000+09:00,2026-10-06T05:58:34.5920000Z,,v3,,,,"Ogata, Mikito",1000326132,Right,WAS_EDA,5c8c6338-e682-4fae-a453-f4fe0db39662,16.332147,-40.253843,4.844692,1.597957,0.112858,-1.794665,-0.793779,2.613736,-1.332914,,,,,,,,,,,,,,,,,,,,,,,,,,,,,,,,,,,,,,,,,,,,,,,,,,,High,High,High,,,,,
223,2026/10/6,58:49.6,1,5,"Takahashi, Koki",1000326144,Right,WAS_EDA,"Tsuda, Motoki",1000242809,Left,MEI_MEI,Undefined,8,Top,0,3,1,Fastball,Four-Seam,StrikeCalled,Undefined,Undefined,Undefined,0,0,,145.34448,-0.159078,-3.680627,2628.674588,224.34416,1:30,1.5819,0.7879,2.14372,-46.66,37.4985,33.8284,1.071156,0.105524,131.49681,-3.725372,-1.244811,0.414289,,,,,,,,,,,,-20.7353,20.9613,-0.72071,15.24,1.576962,2.416047,-39.953828,-0.241932,-4.287453,9.207797,-5.472481,WAS_EDA,MEI_MEI,JinguStadium,TeamExclusive,Team,20261006-JinguStadium-1,009a0d80-c14b-11f1-a3c0-e9a65f64b74e,146.41943,,,13.84768,,,,,,,70b076e0-976d-4b15-a51a-1ed58523581a,2026/10/6,58:49.6,2026-10-06T14:58:49.6120000+09:00,2026-10-06T05:58:49.6120000Z,,v3,,,,"Ogata, Mikito",1000326132,Right,WAS_EDA,080196e0-f57c-49ce-b638-775f24238b76,16.29528,-40.196293,4.603899,1.581435,-0.097827,-2.736241,-0.785818,2.528947,-2.143726,,,,,,,,,,,,,,,,,,,,,,,,,,,,,,,,,,,,,,,,,,,,,,,,,,,High,High,High,,,,,
224,2026/10/6,59:08.1,1,6,"Takahashi, Koki",1000326144,Right,WAS_EDA,"Tsuda, Motoki",1000242809,Left,MEI_MEI,Undefined,8,Top,0,3,2,Fastball,Four-Seam,StrikeSwinging,Strikeout,Undefined,Undefined,0,0,,148.25247,-1.347783,-3.117812,2647.656605,207.737961,1:00,1.577536,0.780502,2.059026,-31.2737,50.3079,24.9971,0.888947,0.161608,134.39437,-3.781457,-1.326297,0.407897,,,,,,,,,,,,-15.4688,28.3428,-0.719144,15.24,1.54892,2.099655,-40.751989,-1.033447,-3.334773,9.403213,-3.696469,WAS_EDA,MEI_MEI,JinguStadium,TeamExclusive,Team,20261006-JinguStadium-1,0ba4be50-c14b-11f1-a3c0-e9a65f64b74e,148.71393,,,13.8581,,,,,,,70b076e0-976d-4b15-a51a-1ed58523581a,2026/10/6,59:08.1,2026-10-06T14:59:08.1050000+09:00,2026-10-06T05:59:08.1050000Z,,v3,,,,"Ogata, Mikito",1000326132,Right,WAS_EDA,7cc322a7-67f4-4320-a7bc-0aa7b3d81316,16.379998,-41.014192,4.701607,1.576299,-0.930374,-1.848235,-0.778988,2.192643,-1.667387,,,,,,,,,,,,,,,,,,,,,,,,,,,,,109.5738,,,0.997876,,,,0.450442,1.596499,0.531513,20.373459,0.799081,-17.658183,0.459267,21.295513,-1.347243,1.600364,2.785497,-3.598835,0.50364,-21.071696,2.894153,High,High,High,,,High,Medium,Medium
225,2026/10/6,59:33.4,2,1,"Takahashi, Koki",1000326144,Right,WAS_EDA,"Okada, Keigo",1000242813,Left,MEI_MEI,Undefined,8,Top,1,0,0,OneSeamFastBall,Sinker,BallCalled,Undefined,Undefined,Undefined,0,0,,141.31322,-2.311173,-4.301937,1917.147247,226.811603,1:30,1.566544,0.7968,1.949008,-54.8081,36.1509,35.305,0.368405,-0.058353,128.97648,-6.39864,-1.791898,0.430703,,,,,,,,,,,,-21.5442,21.4496,-0.704371,15.24,1.512766,2.752469,-38.775944,-1.75487,-4.225255,8.158693,-5.599943,WAS_EDA,MEI_MEI,JinguStadium,TeamExclusive,Team,20261006-JinguStadium-1,1ab714b0-c14b-11f1-a3c0-e9a65f64b74e,140.83958,,,12.33674,,,,,,,70b076e0-976d-4b15-a51a-1ed58523581a,2026/10/6,59:33.4,2026-10-06T14:59:33.3870000+09:00,2026-10-06T05:59:33.3870000Z,,v3,,,,"Ogata, Mikito",1000326132,Right,WAS_EDA,a457c1e5-90dd-463c-846a-d917ce7689d8,16.49071,-39.038214,4.079346,1.566285,-1.574854,-2.799971,-0.795035,2.888294,-2.112627,,,,,,,,,,,,,,,,,,,,,,,,,,,,,,,,,,,,,,,,,,,,,,,,,,,High,High,High,,,,,
226,2026/10/6,59:45.7,2,2,"Takahashi, Koki",1000326144,Right,WAS_EDA,"Okada, Keigo",1000242813,Left,MEI_MEI,Undefined,8,Top,1,1,0,OneSeamFastBall,Changeup,FoulBallNotFieldable,Undefined,Undefined,Undefined,0,0,,136.71162,-0.738676,-2.296228,1833.492921,206.443221,1:00,1.549495,0.81297,1.876167,-52.3459,44.6298,20.7277,0.81785,0.373296,125.44539,-4.645594,-0.825722,0.44472,49.46624,18.042696,-171.225991,990.697835,,,,25.363883,17.956637,-175.090302,0.776295,-12.0307,24.3724,-0.760858,15.24,1.529031,1.405385,-37.600378,-0.656116,-2.237277,7.083223,-5.274272,WAS_EDA,MEI_MEI,JinguStadium,TeamExclusive,Team,20261006-JinguStadium-1,220d7010-c14b-11f1-a3c0-e9a65f64b74e,136.40056,1.209333,,11.26623,,,,,,,70b076e0-976d-4b15-a51a-1ed58523581a,2026/10/6,59:45.7,2026-10-06T14:59:45.6940000+09:00,2026-10-06T05:59:45.6940000Z,GroundBall,v3,,,,"Ogata, Mikito",1000326132,Right,WAS_EDA,7954c260-7cee-4b66-921c-228496c60759,16.562278,-37.848651,3.541612,1.548788,-0.471248,-2.637136,-0.811492,1.483804,-1.118638,,-2.417895,-12.912055,-26.961808,9.578113,-3.898526,1.671302,-0.686799,0.22454,-0.039981,0.56606,4.255822,-7.566673,1.948167,-0.81342,0.34992,-0.143471,0.046896,-0.008347,-0.338682,-1.992894,-0.376634,-0.165673,0.069707,-0.027483,0.01103,-0.00361,0.000643,,,,,,,,,,,,,,,,,,,,,,,High,High,High,Medium,Medium,,,
227,2026/10/6,00:04.4,2,3,"Takahashi, Koki",1000326144,Right,WAS_EDA,"Okada, Keigo",1000242813,Left,MEI_MEI,Undefined,8,Top,1,1,1,OneSeamFastBall,Changeup,BallCalled,Undefined,Undefined,Undefined,0,0,,140.6051,-1.448125,-2.663157,1694.966503,248.009971,2:15,1.558557,0.797789,1.926705,-72.4694,19.0211,39.9663,0.426831,0.449333,128.93534,-6.778754,0.184172,0.431959,,,,,,,,,,,,-22.6035,11.8346,-0.740578,15.24,1.522171,1.610319,-38.675988,-1.249696,-4.422435,7.91176,-7.491193,WAS_EDA,MEI_MEI,JinguStadium,TeamExclusive,Team,20261006-JinguStadium-1,2d303cc0-c14b-11f1-a3c0-e9a65f64b74e,140.43,,,11.66976,,,,,,,70b076e0-976d-4b15-a51a-1ed58523581a,2026/10/6,00:04.4,2026-10-06T15:00:04.3850000+09:00,2026-10-06T06:00:04.3850000Z,,v3,,,,"Ogata, Mikito",1000326132,Right,WAS_EDA,77818f41-3445-45a2-946d-aee60ffc150b,16.513136,-38.935556,3.95588,1.559139,-1.003925,-3.745596,-0.795789,1.755409,-2.211218,,,,,,,,,,,,,,,,,,,,,,,,,,,,,,,,,,,,,,,,,,,,,,,,,,,High,High,High,,,,,
228,2026/10/6,00:18.9,2,4,"Takahashi, Koki",1000326144,Right,WAS_EDA,"Okada, Keigo",1000242813,Left,MEI_MEI,Undefined,8,Top,1,2,1,Fastball,Four-Seam,StrikeCalled,Undefined,Undefined,Undefined,0,0,,146.16768,-0.174465,-2.375552,2657.20888,218.261346,1:15,1.584084,0.778759,2.122739,-51.1046,31.0687,22.5652,1.024619,0.345315,134.12183,-4.024829,-0.749911,0.409374,,,,,,,,,,,,-13.5716,17.4481,-0.734686,15.24,1.578604,1.569712,-40.271157,-0.282022,-2.890477,8.253968,-6.090546,WAS_EDA,MEI_MEI,JinguStadium,TeamExclusive,Team,20261006-JinguStadium-1,35db0490-c14b-11f1-a3c0-e9a65f64b74e,148.17753,,,12.04585,,,,,,,70b076e0-976d-4b15-a51a-1ed58523581a,2026/10/6,00:18.9,2026-10-06T15:00:18.9390000+09:00,2026-10-06T06:00:18.9390000Z,,v3,,,,"Ogata, Mikito",1000326132,Right,WAS_EDA,1c21ddb2-76c1-4527-8ca0-6c43c16b3b6b,16.316889,-40.491274,4.126984,1.583959,-0.119599,-3.045273,-0.777575,1.646795,-1.445238,,,,,,,,,,,,,,,,,,,,,,,,,,,,,,,,,,,,,,,,,,,,,,,,,,,High,High,High,,,,,
229,2026/10/6,00:34.8,2,5,"Takahashi, Koki",1000326144,Right,WAS_EDA,"Okada, Keigo",1000242813,Left,MEI_MEI,Undefined,8,Top,1,2,2,Fastball,Four-Seam,StrikeCalled,Strikeout,Undefined,Undefined,0,0,,149.37898,-1.950081,-2.512106,2651.627165,217.295303,1:15,1.584737,0.762733,2.05593,-38.4544,41.2734,29.5199,0.656448,0.357971,136.64021,-4.873784,-0.394173,0.403236,,,,,,,,,,,,-17.3336,23.9526,-0.713611,15.24,1.543755,1.664668,-41.106603,-1.515191,-3.832158,8.912598,-4.511139,WAS_EDA,MEI_MEI,JinguStadium,TeamExclusive,Team,20261006-JinguStadium-1,3f47bcd0-c14b-11f1-a3c0-e9a65f64b74e,150.43297,,,12.73877,,,,,,,70b076e0-976d-4b15-a51a-1ed58523581a,2026/10/6,00:34.8,2026-10-06T15:00:34.8060000+09:00,2026-10-06T06:00:34.8060000Z,,v3,,,,"Ogata, Mikito",1000326132,Right,WAS_EDA,196f2c98-619f-42a4-8a6f-0b0f9bc9d9fb,16.383778,-41.35385,4.456299,1.584052,-1.390047,-2.25557,-0.761266,1.770977,-1.916079,,,,,,,,,,,,,,,,,,,,,,,,,,,,,103.78736,2.685549,1.614797,1.070752,-0.385904,0.585449,-0.35312,-0.438397,1.558375,-0.384049,20.537585,2.20129,-17.492943,-0.438308,20.55624,-0.902509,1.576826,5.459435,-4.554721,-0.421755,-18.960536,2.819759,High,High,High,,,High,Medium,Medium
230,2026/10/6,01:04.9,3,1,"Takahashi, Koki",1000326144,Right,WAS_EDA,"Yoshida, Shoki",1000423715,Left,MEI_MEI,Undefined,8,Top,2,0,0,OneSeamFastBall,Changeup,BallCalled,Undefined,Undefined,Undefined,0,0,,140.97414,1.033711,-3.354149,1906.290447,233.407266,1:45,1.54188,0.82311,1.917294,-58.7262,31.6414,39.1518,1.245493,0.271449,129.73702,-3.319622,-0.573239,0.4293,,,,,,,,,,,,-22.3108,16.5937,-0.749867,15.24,1.561642,2.085665,-38.785192,0.491908,-4.435654,7.178747,-6.507619,WAS_EDA,MEI_MEI,JinguStadium,TeamExclusive,Team,20261006-JinguStadium-1,513b1310-c14b-11f1-a3c0-e9a65f64b74e,141.29979,,,11.23711,,,,,,,70b076e0-976d-4b15-a51a-1ed58523581a,2026/10/6,01:04.8,2026-10-06T15:01:04.8580000+09:00,2026-10-06T06:01:04.8580000Z,,v3,,,,"Ogata, Mikito",1000326132,Right,WAS_EDA,0d3628b7-7615-4620-99ca-7b7ff725f3dc,16.522557,-39.021858,3.589374,1.541888,0.706449,-3.25381,-0.821037,2.231898,-2.217827,,,,,,,,,,,,,,,,,,,,,,,,,,,,,,,,,,,,,,,,,,,,,,,,,,,High,High,High,,,,,
231,2026/10/6,01:17.5,3,2,"Takahashi, Koki",1000326144,Right,WAS_EDA,"Yoshida, Shoki",1000423715,Left,MEI_MEI,Undefined,8,Top,2,1,0,Fastball,Four-Seam,FoulBallNotFieldable,Undefined,Undefined,Undefined,0,0,,145.46899,-1.595282,-3.587005,2627.237316,218.775201,1:15,1.586943,0.79115,2.088126,-42.4789,40.7718,30.7853,0.717849,0.100889,133.95352,-4.808029,-1.377387,0.412049,120.1839,61.082527,-152.167842,4687.454073,-30.00955,28.577216,-14.951597,61.167429,37.560785,-154.155703,4.483513,-18.7216,23.4799,-0.722506,15.24,1.553867,2.374721,-40.034504,-1.242902,-3.955372,7.858294,-4.845967,WAS_EDA,MEI_MEI,JinguStadium,TeamExclusive,Team,20261006-JinguStadium-1,58bd6070-c14b-11f1-a3c0-e9a65f64b74e,147.21564,28.605661,,11.51547,,,,0.325035,0.689589,-0.090424,70b076e0-976d-4b15-a51a-1ed58523581a,2026/10/6,01:17.5,2026-10-06T15:01:17.4750000+09:00,2026-10-06T06:01:17.4750000Z,Popup,v3,,,,"Ogata, Mikito",1000326132,Right,WAS_EDA,7e936753-71d7-4d99-b35f-5348a3091691,16.352076,-40.2522,3.929147,1.586439,-1.108656,-2.422984,-0.789809,2.484296,-1.977686,4.897985,0.324703,-14.269738,-0.462262,0.453378,-0.123757,0.020852,0.000339,-0.000635,5.90E-05,0.690409,29.201179,-9.289144,1.056129,-0.08335,-0.037972,0.015168,-0.002182,0.000114,-0.090677,-7.531664,0.207043,0.109821,-0.050357,0.0135,-0.001256,-0.0001,1.80E-05,,,,,,,,,,,,,,,,,,,,,,,High,High,High,High,Medium,,,
232,2026/10/6,01:34.2,3,3,"Takahashi, Koki",1000326144,Right,WAS_EDA,"Yoshida, Shoki",1000423715,Left,MEI_MEI,Undefined,8,Top,2,1,1,OneSeamFastBall,Changeup,BallCalled,Undefined,Undefined,Undefined,0,0,,139.6958,0.460064,-3.609592,2064.017863,220.154047,1:15,1.558204,0.848168,1.922382,-55.5452,36.1026,28.3472,1.132191,0.116769,129.1439,-3.659289,-1.59685,0.43233,,,,,,,,,,,,-16.8578,19.2958,-0.768953,15.24,1.56522,2.292932,-38.440498,0.117424,-3.305899,6.744205,-6.022657,WAS_EDA,MEI_MEI,JinguStadium,TeamExclusive,Team,20261006-JinguStadium-1,62be1b50-c14b-11f1-a3c0-e9a65f64b74e,140.30933,,,10.5519,,,,,,,70b076e0-976d-4b15-a51a-1ed58523581a,2026/10/6,01:34.2,2026-10-06T15:01:34.2400000+09:00,2026-10-06T06:01:34.2400000Z,,v3,,,,"Ogata, Mikito",1000326132,Right,WAS_EDA,9792c454-3018-47fd-9255-37b4e6c1e480,16.517557,-38.663989,3.372103,1.558022,0.317004,-3.011329,-0.846752,2.402484,-1.65295,,,,,,,,,,,,,,,,,,,,,,,,,,,,,,,,,,,,,,,,,,,,,,,,,,,High,High,High,,,,,
233,2026/10/6,01:48.6,3,4,"Takahashi, Koki",1000326144,Right,WAS_EDA,"Yoshida, Shoki",1000423715,Left,MEI_MEI,Undefined,8,Top,2,2,1,Fastball,Four-Seam,FoulBallNotFieldable,Undefined,Undefined,Undefined,0,0,,142.25435,-0.576275,-3.692651,2541.693492,228.921717,1:45,1.601412,0.763132,2.142941,-53.9596,32.5016,34.3758,0.901886,0.082835,130.91054,-4.63656,-1.21689,0.419919,135.75588,59.620186,57.142981,4042.983877,,,,,65.322259,,,-20.9204,18.5674,-0.695963,15.24,1.588506,2.386625,-39.170444,-0.557004,-4.226485,7.608225,-6.055543,WAS_EDA,MEI_MEI,JinguStadium,TeamExclusive,Team,20261006-JinguStadium-1,6b3fb040-c14b-11f1-a3c0-e9a65f64b74e,144.45656,33.190383,,11.34381,,,,0.653728,0.919764,-0.087617,70b076e0-976d-4b15-a51a-1ed58523581a,2026/10/6,01:48.6,2026-10-06T15:01:48.5600000+09:00,2026-10-06T06:01:48.5600000Z,,v3,,,,"Ogata, Mikito",1000326132,Right,WAS_EDA,4b4c2874-0791-4b15-b388-5cf0bdbc1caa,16.297447,-39.375301,3.804112,1.601309,-0.393954,-3.027772,-0.761756,2.500425,-2.113242,196.419171,0.653723,10.347509,-3.146798,0.889151,-0.252144,0.035451,0.083023,-0.069196,0.01647,0.919767,32.531741,-7.716825,0.88289,-0.151354,0.040036,-0.057627,0.039868,-0.0092,-0.087619,16.020485,-2.785586,0.699103,-0.17091,0.027577,0.036029,-0.031548,0.007558,,,,,,,,,,,,,,,,,,,,,,,High,High,High,Medium,Undefined,,,
234,2026/10/6,02:17.0,3,5,"Takahashi, Koki",1000326144,Right,WAS_EDA,"Yoshida, Shoki",1000423715,Left,MEI_MEI,Undefined,8,Top,2,2,2,OneSeamFastBall,Sinker,StrikeCalled,Strikeout,Undefined,Undefined,0,0,,143.46431,-1.171465,-3.572503,1904.397411,253.193652,2:30,1.567107,0.807702,1.913985,-71.2636,16.7845,46.4286,0.52468,0.267048,131.49197,-6.40864,-0.271729,0.423755,,,,,,,,,,,,-26.4843,10.4219,-0.729779,15.24,1.536602,2.236062,-39.437679,-1.083667,-5.394217,8.135168,-7.683956,WAS_EDA,MEI_MEI,JinguStadium,TeamExclusive,Team,20261006-JinguStadium-1,7c3bfc50-c14b-11f1-a3c0-e9a65f64b74e,143.14885,,,11.97234,,,,,,,70b076e0-976d-4b15-a51a-1ed58523581a,2026/10/6,02:17.0,2026-10-06T15:02:17.0060000+09:00,2026-10-06T06:02:17.0060000Z,,v3,,,,"Ogata, Mikito",1000326132,Right,WAS_EDA,3c8ceff4-3b8c-4807-bc4f-aff8cfb68010,16.525989,-39.702066,4.067584,1.567762,-0.833945,-3.841978,-0.805298,2.411369,-2.697109,,,,,,,,,,,,,,,,,,,,,,,,,,,,,70.25832,3.503868,1.743565,1.760303,-0.543985,0.412047,-0.26413,-1.146094,1.780519,0.410865,21.768119,-0.393582,-16.26496,-1.145393,13.766994,-0.425148,1.809944,6.888265,-4.659104,0.377134,-11.518723,1.202559,High,High,High,,,High,Medium,Medium
235,2026/10/6,04:03.1,1,1,"Matsumoto, Nao",1000329771,Right,MEI_MEI,"Terao, Kensei",1000242786,Right,WAS_EDA,Undefined,8,Bottom,0,0,0,Fastball,Four-Seam,BallCalled,Undefined,Undefined,Undefined,0,0,,151.5892,-3.456698,-1.885854,2507.280383,188.691118,12:15,1.741417,0.318215,1.804147,-23.7575,56.5126,8.2338,0.524392,-0.133055,138.25752,-5.300083,-1.304355,0.404605,,,,,,,,,,,,-5.5623,32.206,-0.272741,15.24,1.655296,1.325989,-41.612779,-2.576231,-1.257914,9.288192,-2.523218,WAS_EDA,MEI_MEI,JinguStadium,TeamExclusive,Team,20261006-JinguStadium-1,bb6f2f50-c14b-11f1-a3c0-e9a65f64b74e,149.9239,,,13.33168,,,,,,,70b076e0-976d-4b15-a51a-1ed58523581a,2026/10/6,04:03.1,2026-10-06T15:04:03.0640000+09:00,2026-10-06T06:04:03.0640000Z,,v3,,,,"Fukuhara, Seiya",1000242807,Right,MEI_MEI,87921a74-2bb3-4b53-86ab-b87bd7f11bb0,16.635269,-41.923054,4.644096,1.739948,-2.491942,-1.261609,-0.317738,1.36801,-0.628957,,,,,,,,,,,,,,,,,,,,,,,,,,,,,,,,,,,,,,,,,,,,,,,,,,,High,High,High,,,,,
236,2026/10/6,04:18.3,1,2,"Matsumoto, Nao",1000329771,Right,MEI_MEI,"Terao, Kensei",1000242786,Right,WAS_EDA,Undefined,8,Bottom,0,1,0,Slider,Slider,BallCalled,Undefined,Undefined,Undefined,0,0,,131.37119,-0.953415,-1.513381,2272.117478,346.565273,5:30,1.698529,0.313594,1.918162,-103.5933,1.2579,0.4768,0.3947,-0.106787,120.95464,-8.498342,-1.479374,0.462425,,,,,,,,,,,,-1.3371,2.2584,-0.279699,15.24,1.671175,0.95351,-36.168591,-0.980162,-0.228387,7.032674,-9.42091,WAS_EDA,MEI_MEI,JinguStadium,TeamExclusive,Team,20261006-JinguStadium-1,c4890ca0-c14b-11f1-a3c0-e9a65f64b74e,131.17801,,,10.41655,,,,,,,70b076e0-976d-4b15-a51a-1ed58523581a,2026/10/6,04:18.3,2026-10-06T15:04:18.2680000+09:00,2026-10-06T06:04:18.2680000Z,,v3,,,,"Fukuhara, Seiya",1000242807,Right,MEI_MEI,2cd715f3-a6e6-44c0-87b4-41074027eb2c,16.52199,-36.417009,3.516337,1.69992,-0.647382,-4.710455,-0.313523,0.961578,-0.114193,,,,,,,,,,,,,,,,,,,,,,,,,,,,,,,,,,,,,,,,,,,,,,,,,,,High,High,High,,,,,
237,2026/10/6,04:35.9,1,3,"Matsumoto, Nao",1000329771,Right,MEI_MEI,"Terao, Kensei",1000242786,Right,WAS_EDA,Undefined,8,Bottom,0,2,0,Fastball,Four-Seam,BallCalled,Undefined,Undefined,Undefined,0,0,,149.93276,-4.137217,-3.473517,2483.341453,216.268492,1:15,1.720483,0.26507,2.012716,-32.4962,47.1114,32.7628,0.236223,-0.378335,137.9027,-6.608004,-1.132431,0.402932,,,,,,,,,,,,-19.5693,28.318,-0.194382,15.24,1.632548,2.343646,-41.155948,-3.076094,-4.361187,8.462954,-3.495756,WAS_EDA,MEI_MEI,JinguStadium,TeamExclusive,Team,20261006-JinguStadium-1,cf0279f0-c14b-11f1-a3c0-e9a65f64b74e,150.5464,,,12.03006,,,,,,,70b076e0-976d-4b15-a51a-1ed58523581a,2026/10/6,04:35.9,2026-10-06T15:04:35.8990000+09:00,2026-10-06T06:04:35.8990000Z,,v3,,,,"Fukuhara, Seiya",1000242807,Right,MEI_MEI,32a08ad2-bbcf-4469-b19a-79e76cb40d1d,16.427438,-41.399403,4.231477,1.719592,-2.975531,-1.747878,-0.263607,2.469104,-2.180593,,,,,,,,,,,,,,,,,,,,,,,,,,,,,,,,,,,,,,,,,,,,,,,,,,,High,High,High,,,,,
238,2026/10/6,04:54.3,1,4,"Matsumoto, Nao",1000329771,Right,MEI_MEI,"Terao, Kensei",1000242786,Right,WAS_EDA,Undefined,8,Bottom,0,3,0,Fastball,Four-Seam,BallCalled,Walk,Undefined,Undefined,0,0,,148.56178,-4.213771,-2.018739,2386.941679,204.646629,12:45,1.707293,0.298238,2.039265,-32.6905,47.679,20.7876,0.202957,-0.056837,137.26279,-6.691561,-0.5283,0.404856,,,,,,,,,,,,-12.3593,28.7182,-0.258199,15.24,1.619903,1.346397,-40.843613,-3.105129,-2.721401,8.068789,-3.483167,WAS_EDA,MEI_MEI,JinguStadium,TeamExclusive,Team,20261006-JinguStadium-1,d9f16560-c14b-11f1-a3c0-e9a65f64b74e,149.83117,,,11.29898,,,,,,,70b076e0-976d-4b15-a51a-1ed58523581a,2026/10/6,04:54.3,2026-10-06T15:04:54.2720000+09:00,2026-10-06T06:04:54.2720000Z,,v3,,,,"Fukuhara, Seiya",1000242807,Right,MEI_MEI,60b20269-6cd0-4ae3-9571-4bb400d88877,16.401141,-41.07236,4.034395,1.706532,-3.006383,-1.741583,-0.297462,1.423548,-1.360701,,,,,,,,,,,,,,,,,,,,,,,,,,,,,,,,,,,,,,,,,,,,,,,,,,,High,High,High,,,,,
239,2026/10/6,05:36.4,2,1,"Matsumoto, Nao",1000329771,Right,MEI_MEI,"Tokumaru, Kaisei",1000422696,Left,WAS_EDA,Undefined,8,Bottom,0,0,0,Fastball,Four-Seam,StrikeCalled,Undefined,Undefined,Undefined,0,0,,149.11506,-1.456736,-1.492945,2401.043509,201.060021,12:45,1.749003,0.244259,1.855131,-30.6033,51.9163,18.922,1.031999,0.012431,135.32428,-3.812321,-0.151552,0.410235,,,,,,,,,,,,-10.7961,28.5865,-0.210278,15.24,1.712713,0.968409,-40.989968,-1.129384,-2.358193,9.391008,-3.562501,WAS_EDA,MEI_MEI,JinguStadium,TeamExclusive,Team,20261006-JinguStadium-1,f3147c30-c14b-11f1-a3c0-e9a65f64b74e,147.86634,,,13.79078,,,,,,,70b076e0-976d-4b15-a51a-1ed58523581a,2026/10/6,05:36.4,2026-10-06T15:05:36.4110000+09:00,2026-10-06T06:05:36.4110000Z,,v3,,,,"Fukuhara, Seiya",1000242807,Right,MEI_MEI,4059afde-d026-4122-a985-93d41412aebb,16.583806,-41.296693,4.695504,1.7477,-1.013027,-1.78125,-0.243165,1.045432,-1.179097,,,,,,,,,,,,,,,,,,,,,,,,,,,,,,,,,,,,,,,,,,,,,,,,,,,High,High,High,,,,,
240,2026/10/6,05:54.0,2,2,"Matsumoto, Nao",1000329771,Right,MEI_MEI,"Tokumaru, Kaisei",1000422696,Left,WAS_EDA,Undefined,8,Bottom,0,0,1,Fastball,Sinker,BallCalled,Undefined,Undefined,Undefined,0,0,,148.38807,-3.624419,-1.822471,2383.443046,237.611434,2:00,1.72841,0.279294,1.922068,-53.3783,29.0615,41.6475,0.175041,0.18386,136.07815,-7.564296,1.146179,0.410037,,,,,,,,,,,,-23.0301,18.5274,-0.240885,15.24,1.644196,1.093786,-40.771838,-2.782974,-5.001483,8.891526,-5.783009,WAS_EDA,MEI_MEI,JinguStadium,TeamExclusive,Team,20261006-JinguStadium-1,fd93dcf0-c14b-11f1-a3c0-e9a65f64b74e,147.93787,,,12.30992,,,,,,,70b076e0-976d-4b15-a51a-1ed58523581a,2026/10/6,05:54.0,2026-10-06T15:05:54.0390000+09:00,2026-10-06T06:05:54.0390000Z,,v3,,,,"Fukuhara, Seiya",1000242807,Right,MEI_MEI,a63cdc4f-0767-494c-aae2-90697c8dd271,16.518001,-41.049598,4.445763,1.728311,-2.60232,-2.891504,-0.277493,1.250027,-2.500741,,,,,,,,,,,,,,,,,,,,,,,,,,,,,,,,,,,,,,,,,,,,,,,,,,,High,High,High,,,,,
241,2026/10/6,06:16.1,2,3,"Matsumoto, Nao",1000329771,Right,MEI_MEI,"Tokumaru, Kaisei",1000422696,Left,WAS_EDA,Undefined,8,Bottom,0,1,1,Fastball,Sinker,StrikeCalled,Undefined,Undefined,Undefined,0,0,,148.2969,-2.301586,-2.670624,2425.916961,228.750514,1:45,1.754919,0.251899,1.937506,-48.3119,33.7656,35.5724,0.625101,-0.142093,135.94525,-5.901141,-0.136419,0.409135,,,,,,,,,,,,-20.3377,19.9756,-0.194769,15.24,1.701273,1.726624,-40.777133,-1.813012,-4.431632,8.63791,-5.453908,WAS_EDA,MEI_MEI,JinguStadium,TeamExclusive,Team,20261006-JinguStadium-1,0ac05c50-c14c-11f1-a3c0-e9a65f64b74e,148.26399,,,12.35164,,,,,,,70b076e0-976d-4b15-a51a-1ed58523581a,2026/10/6,06:16.1,2026-10-06T15:06:16.1280000+09:00,2026-10-06T06:06:16.1280000Z,,v3,,,,"Fukuhara, Seiya",1000242807,Right,MEI_MEI,40d884d2-c956-4002-8d9c-84828874ae58,16.502299,-41.043657,4.318955,1.754618,-1.644731,-2.726954,-0.250154,1.863363,-2.215816,,,,,,,,,,,,,,,,,,,,,,,,,,,,,,,,,,,,,,,,,,,,,,,,,,,High,High,High,,,,,
242,2026/10/6,06:34.6,2,4,"Matsumoto, Nao",1000329771,Right,MEI_MEI,"Tokumaru, Kaisei",1000422696,Left,WAS_EDA,Undefined,8,Bottom,0,1,2,Slider,Slider,FoulBallNotFieldable,Undefined,Undefined,Undefined,0,0,,133.71201,-0.977421,-1.80305,2176.781612,37.073226,7:15,1.692607,0.334317,1.935433,-106.7081,-5.1077,-6.3597,0.351139,-0.23531,122.51627,-8.752821,-2.257096,0.4552,144.80547,14.540205,56.522165,4351.507411,16.577778,5.975083,29.142792,70.468992,60.883744,66.226826,2.325639,1.9535,-1.0267,-0.294092,15.24,1.665018,1.185953,-36.794592,-1.023773,0.343094,7.707553,-9.986967,WAS_EDA,MEI_MEI,JinguStadium,TeamExclusive,Team,20261006-JinguStadium-1,15cd5710-c14c-11f1-a3c0-e9a65f64b74e,133.26009,6.067339,,11.19574,,,,0.646324,0.530726,0.094155,70b076e0-976d-4b15-a51a-1ed58523581a,2026/10/6,06:34.7,2026-10-06T15:06:34.6570000+09:00,2026-10-06T06:06:34.6570000Z,LineDrive,v3,,,,"Fukuhara, Seiya",1000242807,Right,MEI_MEI,5037261c-62a9-4d67-abfa-cf061ccaaa70,16.504687,-37.058566,3.853777,1.694224,-0.681732,-4.993483,-0.334508,1.174202,0.171547,,0.646312,21.47771,-6.416908,1.460599,-0.236037,-0.010147,0.022829,-0.006745,0.000714,0.530748,10.097836,-4.81273,0.286853,-0.181899,0.135012,-0.060084,0.014231,-0.001387,0.094154,32.476009,-3.20495,0.707647,-0.12697,0.019015,-0.001764,-5.80E-05,2.60E-05,,,,,,,,,,,,,,,,,,,,,,,High,High,High,Medium,Medium,,,
243,2026/10/6,06:53.8,2,5,"Matsumoto, Nao",1000329771,Right,MEI_MEI,"Tokumaru, Kaisei",1000422696,Left,WAS_EDA,Undefined,8,Bottom,0,1,2,Fastball,Four-Seam,BallCalled,Undefined,Undefined,Undefined,0,0,,151.30349,-2.088934,-3.166972,2452.280925,213.074291,1:00,1.774693,0.263322,1.871714,-32.7864,47.4193,29.1026,0.857274,-0.338608,137.28684,-4.594624,-1.105076,0.404443,,,,,,,,,,,,-17.2772,26.7835,-0.19138,15.24,1.72398,2.143155,-41.535642,-1.617517,-3.875295,9.636444,-3.799074,WAS_EDA,MEI_MEI,JinguStadium,TeamExclusive,Team,20261006-JinguStadium-1,2135b840-c14c-11f1-a3c0-e9a65f64b74e,149.98411,,,14.01665,,,,,,,70b076e0-976d-4b15-a51a-1ed58523581a,2026/10/6,06:53.8,2026-10-06T15:06:53.7970000+09:00,2026-10-06T06:06:53.7970000Z,,v3,,,,"Fukuhara, Seiya",1000242807,Right,MEI_MEI,730d718f-63c3-4b7a-9517-bfeef65b202c,16.567344,-41.842459,4.818222,1.773555,-1.496557,-1.899537,-0.261581,2.266541,-1.937647,,,,,,,,,,,,,,,,,,,,,,,,,,,,,,,,,,,,,,,,,,,,,,,,,,,High,High,High,,,,,
244,2026/10/6,07:23.3,2,6,"Matsumoto, Nao",1000329771,Right,MEI_MEI,"Tokumaru, Kaisei",1000422696,Left,WAS_EDA,Undefined,8,Bottom,0,2,2,Slider,Slider,InPlay,Undefined,FlyBall,HomeRun,0,2,,132.61639,-0.163644,-0.615141,2268.185039,71.468746,8:30,1.688621,0.353526,1.843203,-102.7104,0.3043,-7.9131,0.615338,0.100814,122.74392,-7.608265,-1.17683,0.458358,165.14184,28.521952,17.464347,2283.432285,31.31367,17.187839,11.982427,119.857168,104.157136,30.6369,5.488366,3.709,1.0421,-0.338411,15.24,1.67801,0.427353,-36.542184,-0.498515,0.651843,6.651246,-9.623502,WAS_EDA,MEI_MEI,JinguStadium,TeamExclusive,Team,20261006-JinguStadium-1,32c877f0-c14c-11f1-a3c0-e9a65f64b74e,132.34209,26.388225,,9.87246,,,,0.498218,0.630654,-0.093759,70b076e0-976d-4b15-a51a-1ed58523581a,2026/10/6,07:23.3,2026-10-06T15:07:23.2930000+09:00,2026-10-06T06:07:23.2930000Z,FlyBall,v3,,,,"Fukuhara, Seiya",1000242807,Right,MEI_MEI,e1be21c5-f92c-4362-b3cb-31d1f55da00d,16.597335,-36.78841,3.325623,1.689871,-0.142257,-4.811751,-0.353785,0.403222,0.325921,217.917353,0.499381,38.430107,-8.317253,1.926568,-0.425706,0.092972,-0.019455,0.002712,-0.000156,0.631778,21.883212,-5.01765,-0.006629,0.162723,-0.070026,0.016672,-0.001987,9.10E-05,-0.091158,12.047536,1.127914,-1.041532,0.482953,-0.156665,0.032096,-0.003558,0.00016,,,,,,,,,,,,,,,,,,,,,,,High,High,High,Medium,Medium,,,
245,2026/10/6,08:17.7,3,1,"Matsumoto, Nao",1000329771,Right,MEI_MEI,"Takahashi, Hiroto",1000326145,Right,WAS_EDA,Undefined,8,Bottom,0,0,0,Slider,Slider,StrikeCalled,Undefined,Undefined,Undefined,0,0,,132.02807,-0.106387,-0.341989,2183.270746,62.511805,8:00,1.702601,0.309091,1.898691,-102.3931,2.6994,-1.7612,0.648753,0.19531,120.03576,-7.603301,-0.467438,0.462957,,,,,,,,,,,,0.6342,2.6896,-0.301214,15.24,1.69428,0.224831,-36.31434,-0.451195,0.108058,7.77053,-9.34839,WAS_EDA,MEI_MEI,JinguStadium,TeamExclusive,Team,20261006-JinguStadium-1,5345e1c0-c14c-11f1-a3c0-e9a65f64b74e,131.02731,,,11.99232,,,,,,,70b076e0-976d-4b15-a51a-1ed58523581a,2026/10/6,08:17.7,2026-10-06T15:08:17.7540000+09:00,2026-10-06T06:08:17.7540000Z,,v3,,,,"Fukuhara, Seiya",1000242807,Right,MEI_MEI,827af8c6-d760-4702-b51d-17a72e56e4a1,16.54042,-36.591546,3.885265,1.704427,-0.117701,-4.674195,-0.309166,0.220976,0.054029,,,,,,,,,,,,,,,,,,,,,,,,,,,,,,,,,,,,,,,,,,,,,,,,,,,High,High,High,,,,,
246,2026/10/6,08:30.4,3,2,"Matsumoto, Nao",1000329771,Right,MEI_MEI,"Takahashi, Hiroto",1000326145,Right,WAS_EDA,Undefined,8,Bottom,0,0,1,Fastball,Four-Seam,BallCalled,Undefined,Undefined,Undefined,0,0,,151.80678,-0.416261,-2.809038,2509.145009,205.86167,12:45,1.740766,0.250627,1.954816,-32.4964,46.558,21.237,1.299014,-0.324787,137.03759,-2.924936,-1.29632,0.40153,,,,,,,,,,,,-13.1474,25.2975,-0.190408,15.24,1.729757,1.93516,-41.707656,-0.393414,-2.959214,10.125578,-4.112721,WAS_EDA,MEI_MEI,JinguStadium,TeamExclusive,Team,20261006-JinguStadium-1,5aca5200-c14c-11f1-a3c0-e9a65f64b74e,151.07233,,,14.76919,,,,,,,70b076e0-976d-4b15-a51a-1ed58523581a,2026/10/6,08:30.4,2026-10-06T15:08:30.4070000+09:00,2026-10-06T06:08:30.4070000Z,,v3,,,,"Fukuhara, Seiya",1000242807,Right,MEI_MEI,c6fa528f-793b-43a5-8bfc-45963c5f8888,16.483769,-42.008527,5.062789,1.739631,-0.271209,-2.056361,-0.249215,2.023089,-1.479607,,,,,,,,,,,,,,,,,,,,,,,,,,,,,,,,,,,,,,,,,,,,,,,,,,,High,High,High,,,,,
247,2026/10/6,08:43.7,3,3,"Matsumoto, Nao",1000329771,Right,MEI_MEI,"Takahashi, Hiroto",1000326145,Right,WAS_EDA,Undefined,8,Bottom,0,1,1,Fastball,Four-Seam,BallCalled,Undefined,Undefined,Undefined,0,0,,146.7366,-3.266822,-1.860299,2400.404319,205.227961,12:45,1.702266,0.272838,2.076075,-38.7125,44.5279,19.6249,0.405155,-0.048453,133.31763,-6.224443,-0.449578,0.412023,,,,,,,,,,,,-11.8249,26.9807,-0.237005,15.24,1.636094,1.219762,-40.325229,-2.410196,-2.492133,9.334348,-4.120397,WAS_EDA,MEI_MEI,JinguStadium,TeamExclusive,Team,20261006-JinguStadium-1,62ad0ee0-c14c-11f1-a3c0-e9a65f64b74e,147.22466,,,13.41897,,,,,,,70b076e0-976d-4b15-a51a-1ed58523581a,2026/10/6,08:43.7,2026-10-06T15:08:43.6590000+09:00,2026-10-06T06:08:43.6590000Z,,v3,,,,"Fukuhara, Seiya",1000242807,Right,MEI_MEI,ef622a1e-35ed-40d5-a38c-4a050c7ad99d,16.363276,-40.584408,4.667174,1.701428,-2.295788,-2.060199,-0.271834,1.288959,-1.246066,,,,,,,,,,,,,,,,,,,,,,,,,,,,,,,,,,,,,,,,,,,,,,,,,,,High,High,High,,,,,
248,2026/10/6,08:58.3,3,4,"Matsumoto, Nao",1000329771,Right,MEI_MEI,"Takahashi, Hiroto",1000326145,Right,WAS_EDA,Undefined,8,Bottom,0,2,1,Slider,Slider,StrikeSwinging,Undefined,Undefined,Undefined,0,0,,132.8691,-0.778038,-1.692293,2274.544342,5.736533,6:15,1.68359,0.31877,1.889853,-104.261,0.5205,-0.3343,0.421966,-0.160847,120.11072,-8.403662,-1.716087,0.462271,,,,,,,,,,,,-1.2807,2.1187,-0.27998,15.24,1.659645,1.079973,-36.501895,-0.890233,-0.21861,8.396483,-9.445001,WAS_EDA,MEI_MEI,JinguStadium,TeamExclusive,Team,20261006-JinguStadium-1,6b748670-c14c-11f1-a3c0-e9a65f64b74e,131.22168,,,12.75838,,,,,,,70b076e0-976d-4b15-a51a-1ed58523581a,2026/10/6,08:58.3,2026-10-06T15:08:58.3000000+09:00,2026-10-06T06:08:58.3000000Z,,v3,,,,"Fukuhara, Seiya",1000242807,Right,MEI_MEI,7634584b-86a5-4cb6-8781-44518d387562,16.549212,-36.801819,4.198241,1.685419,-0.552856,-4.7225,-0.318697,1.087782,-0.109305,,,,,,,,,,,,,,,,,,,,,,,,,,,,,,,,,,,,,,,,,,,,,,,,,,,High,High,High,,,,,
249,2026/10/6,09:12.1,3,5,"Matsumoto, Nao",1000329771,Right,MEI_MEI,"Takahashi, Hiroto",1000326145,Right,WAS_EDA,Undefined,8,Bottom,0,2,2,Fastball,Four-Seam,InPlay,Undefined,FlyBall,Out,1,0,,149.02223,-1.06844,-2.489293,2509.828002,202.292321,12:45,1.752361,0.240302,1.893676,-33.1635,49.1162,19.0047,1.119868,-0.270301,135.21449,-3.611597,-1.140141,0.409639,149.36915,39.086828,6.085203,4278.086706,33.056268,27.004778,5.603826,87.359818,77.051218,15.790736,5.644033,-11.7177,27.0647,-0.184519,15.24,1.725903,1.684326,-40.961878,-0.863861,-2.554728,9.419234,-3.905952,WAS_EDA,MEI_MEI,JinguStadium,TeamExclusive,Team,20261006-JinguStadium-1,739d9b20-c14c-11f1-a3c0-e9a65f64b74e,148.08167,34.427836,,13.80774,,,,0.165729,1.092697,0.27726,70b076e0-976d-4b15-a51a-1ed58523581a,2026/10/6,09:12.1,2026-10-06T15:09:12.0740000+09:00,2026-10-06T06:09:12.0740000Z,FlyBall,v3,,,,"Fukuhara, Seiya",1000242807,Right,MEI_MEI,a76630fc-aacc-4490-b65e-d20f54087edb,16.5457,-41.261033,4.709617,1.751369,-0.739808,-1.952976,-0.239302,1.765465,-1.277364,192.974483,0.167619,31.987847,-8.091613,1.915097,-0.330916,0.045359,-0.005611,0.000561,-2.70E-05,1.092541,26.16246,-5.77957,0.284852,0.024341,-0.032051,0.009299,-0.001178,5.60E-05,0.277068,3.417941,0.453468,-0.142197,0.030621,-0.004764,0.00054,-4.10E-05,2.00E-06,,,,,,,,,,,,,,,,,,,,,,,High,High,High,High,Medium,,,
250,2026/10/6,09:40.6,4,1,"Matsumoto, Nao",1000329771,Right,MEI_MEI,"Ogata, Mikito",1000326132,Left,WAS_EDA,Undefined,8,Bottom,1,0,0,Fastball,Four-Seam,FoulBallNotFieldable,Undefined,Undefined,Undefined,0,0,,147.43326,-2.000326,-2.247562,2496.765579,200.710128,12:45,1.760531,0.246059,1.971195,-33.4946,49.5856,17.71,0.864964,-0.206336,134.24062,-4.571081,-0.983808,0.411627,,,,,,,,,,,,-10.9542,28.2796,-0.198645,15.24,1.715644,1.506693,-40.544044,-1.511965,-2.344712,9.058429,-3.753514,WAS_EDA,MEI_MEI,JinguStadium,TeamExclusive,Team,20261006-JinguStadium-1,84a3f950-c14c-11f1-a3c0-e9a65f64b74e,147.36659,,,13.19263,,,,,,,70b076e0-976d-4b15-a51a-1ed58523581a,2026/10/6,09:40.6,2026-10-06T15:09:40.6340000+09:00,2026-10-06T06:09:40.6340000Z,,v3,,,,"Fukuhara, Seiya",1000242807,Right,MEI_MEI,31ef4126-54a4-4275-97fb-4a5eff9dcece,16.468475,-40.817589,4.529214,1.75959,-1.398616,-1.876757,-0.245213,1.577498,-1.172356,,,,,,,,,,,,,,,,,,,,,,,,,,,,,,,,,,,,,,,,,,,,,,,,,,,High,High,High,,,,,
251,2026/10/6,10:05.1,4,2,"Matsumoto, Nao",1000329771,Right,MEI_MEI,"Ogata, Mikito",1000326132,Left,WAS_EDA,Undefined,8,Bottom,1,0,1,Slider,Slider,BallCalled,Undefined,Undefined,Undefined,0,0,,130.12847,1.460938,-1.647161,2081.523524,179.538399,12:00,1.729395,0.319963,1.862872,-98.0059,10.8864,-0.0573,1.161325,-0.144951,117.77662,-5.739362,-1.651226,0.471252,,,,,,,,,,,,-1.282,5.6941,-0.281448,15.24,1.757584,1.028301,-35.749904,0.549416,-0.211696,7.529843,-8.866389,WAS_EDA,MEI_MEI,JinguStadium,TeamExclusive,Team,20261006-JinguStadium-1,93495d10-c14c-11f1-a3c0-e9a65f64b74e,128.72092,,,12.35185,,,,,,,70b076e0-976d-4b15-a51a-1ed58523581a,2026/10/6,10:05.1,2026-10-06T15:10:05.1160000+09:00,2026-10-06T06:10:05.1160000Z,,v3,,,,"Fukuhara, Seiya",1000242807,Right,MEI_MEI,fa714d07-3389-49f6-8996-63802528b7fd,16.575863,-36.030172,3.764922,1.730992,0.879432,-4.433195,-0.319869,1.03618,-0.105848,,,,,,,,,,,,,,,,,,,,,,,,,,,,,,,,,,,,,,,,,,,,,,,,,,,High,High,High,,,,,
252,2026/10/6,10:17.7,4,3,"Matsumoto, Nao",1000329771,Right,MEI_MEI,"Ogata, Mikito",1000326132,Left,WAS_EDA,Undefined,8,Bottom,1,1,1,Fastball,Four-Seam,FoulBallNotFieldable,Undefined,Undefined,Undefined,0,0,,145.79176,-2.183275,-2.605287,2469.704101,198.765904,12:45,1.71743,0.220877,2.072399,-37.5335,46.1006,14.7583,0.733853,-0.356751,133.32665,-5.050064,-1.545902,0.412996,169.27131,9.219516,53.320036,5020.922818,18.29282,3.186732,28.097884,56.256759,50.782615,60.187886,1.500456,-9.7066,26.8395,-0.170067,15.24,1.672499,1.759452,-40.111838,-1.634857,-2.04085,8.584181,-4.163563,WAS_EDA,MEI_MEI,JinguStadium,TeamExclusive,Team,20261006-JinguStadium-1,9ac17140-c14c-11f1-a3c0-e9a65f64b74e,146.87777,3.281131,,12.46511,,,,0.489356,0.83042,0.28996,70b076e0-976d-4b15-a51a-1ed58523581a,2026/10/6,10:17.7,2026-10-06T15:10:17.7220000+09:00,2026-10-06T06:10:17.7220000Z,LineDrive,v3,,,,"Fukuhara, Seiya",1000242807,Right,MEI_MEI,a1f442ab-030b-4c41-a614-a1e2e259d2da,16.367435,-40.352395,4.29209,1.716678,-1.51818,-2.081781,-0.220174,1.816643,-1.020425,,0.489338,27.727214,-8.520898,2.289511,-1.327731,1.265777,-0.831076,0.291107,-0.041736,0.830433,7.531178,-6.212063,0.593664,0.394839,-0.783488,0.580137,-0.210174,0.030571,0.289971,37.220134,-4.242553,0.75378,0.290136,-0.666339,0.501891,-0.183363,0.026827,,,,,,,,,,,,,,,,,,,,,,,High,High,High,Medium,Medium,,,
253,2026/10/6,10:44.6,4,4,"Matsumoto, Nao",1000329771,Right,MEI_MEI,"Ogata, Mikito",1000326132,Left,WAS_EDA,Undefined,8,Bottom,1,1,2,ChangeUp,Changeup,FoulBallNotFieldable,Undefined,Undefined,Undefined,0,0,,140.9015,-1.826708,-2.787157,1507.996547,257.831182,2:30,1.739064,0.244922,1.802059,-81.2189,10.431,36.3833,0.409334,-0.180319,130.71412,-7.70057,-0.213951,0.432335,112.78126,-23.637532,75.96912,,,,,1.390598,1.390598,54.316815,0.034042,-20.5723,7.2324,-0.179338,15.24,1.68871,1.713827,-38.771642,-1.571056,-4.088407,7.150848,-8.369336,WAS_EDA,MEI_MEI,JinguStadium,TeamExclusive,Team,20261006-JinguStadium-1,aaca5ca0-c14c-11f1-a3c0-e9a65f64b74e,140.30778,0.428464,,10.18738,,,,0.573795,0.428464,0.179761,70b076e0-976d-4b15-a51a-1ed58523581a,2026/10/6,10:44.6,2026-10-06T15:10:44.6180000+09:00,2026-10-06T06:10:44.6180000Z,GroundBall,v3,,,,"Fukuhara, Seiya",1000242807,Right,MEI_MEI,d5bf6a53-ac83-4f7d-801d-0da44eb6f40e,16.638642,-39.028748,3.575424,1.739787,-1.27014,-4.184668,-0.243601,1.860824,-2.044203,,0.573718,6.972105,,,,,,,,0.428602,-12.586279,,,,,,,,0.179454,27.899518,,,,,,,,,,,,,,,,,,,,,,,,,,,,,,High,High,High,Estimated,Estimated,,,
254,2026/10/6,10:59.6,4,5,"Matsumoto, Nao",1000329771,Right,MEI_MEI,"Ogata, Mikito",1000326132,Left,WAS_EDA,Undefined,8,Bottom,1,1,2,Fastball,Four-Seam,InPlay,Undefined,LineDrive,Single,0,0,,149.2826,-2.85807,-2.248411,2349.772392,228.244093,1:30,1.747754,0.268872,1.911627,-42.6549,38.4696,40.2888,0.516872,0.039688,137.11863,-6.04243,0.618375,0.406753,159.20089,11.338378,-0.689282,1147.07133,33.47964,5.205696,-1.797835,78.862775,78.862775,-6.570945,2.42838,-22.5172,22.72,-0.220503,15.24,1.680739,1.413033,-41.05151,-2.201326,-4.981405,8.609933,-4.780364,WAS_EDA,MEI_MEI,JinguStadium,TeamExclusive,Team,20261006-JinguStadium-1,b3b784a0-c14c-11f1-a3c0-e9a65f64b74e,149.13228,5.529321,,12.16397,,,,0.167618,0.491551,-0.043441,70b076e0-976d-4b15-a51a-1ed58523581a,2026/10/6,10:59.6,2026-10-06T15:10:59.6160000+09:00,2026-10-06T06:10:59.6160000Z,LineDrive,v3,,,,"Fukuhara, Seiya",1000242807,Right,MEI_MEI,a6d0b62c-12ab-446c-b50c-4186d298c1a5,16.528542,-41.320878,4.304966,1.747269,-2.051769,-2.390182,-0.267149,1.56888,-2.490702,138.88078,0.167621,43.356058,-7.044384,1.525074,-0.316483,0.059056,-0.007907,0.000414,2.30E-05,0.491517,8.696243,-3.844175,0.117044,-0.093225,0.091521,-0.045922,0.011294,-0.001083,-0.043428,-0.522382,-2.059565,0.474548,-0.079631,-0.010199,0.012963,-0.0037,0.000373,,,,,,,,,,,,,,,,,,,,,,,High,High,High,High,High,,,
255,2026/10/6,12:04.6,5,1,"Matsumoto, Nao",1000329771,Right,MEI_MEI,"Abe, Yota",1000547801,Left,WAS_EDA,Undefined,8,Bottom,1,0,0,Slider,Slider,FoulBallNotFieldable,Undefined,Undefined,Undefined,0,0,,127.73689,-0.922532,-1.465527,2132.043178,249.205469,2:15,1.699227,0.359093,1.956737,-105.9203,3.2307,0.5706,0.381434,-0.045914,118.94761,-8.629202,-1.424733,0.471812,,,,,,,,,,,,-1.236,3.0032,-0.327263,15.24,1.673271,0.898721,-35.216365,-0.930082,-0.202414,5.974494,-9.314853,WAS_EDA,MEI_MEI,JinguStadium,TeamExclusive,Team,20261006-JinguStadium-1,da743480-c14c-11f1-a3c0-e9a65f64b74e,128.56825,,,8.78928,,,,,,,70b076e0-976d-4b15-a51a-1ed58523581a,2026/10/6,12:04.6,2026-10-06T15:12:04.5920000+09:00,2026-10-06T06:12:04.5920000Z,,v3,,,,"Fukuhara, Seiya",1000242807,Right,MEI_MEI,874175b6-ae99-47fd-97b5-d1937643412a,16.484075,-35.426795,2.987247,1.700253,-0.602,-4.657426,-0.359043,0.905851,-0.101207,,,,,,,,,,,,,,,,,,,,,,,,,,,,,,,,,,,,,,,,,,,,,,,,,,,High,High,High,,,,,
256,2026/10/6,12:27.8,5,2,"Matsumoto, Nao",1000329771,Right,MEI_MEI,"Abe, Yota",1000547801,Left,WAS_EDA,Undefined,8,Bottom,1,0,1,Slider,Slider,BallCalled,Undefined,Undefined,Undefined,0,0,,131.48565,-0.794318,0.243282,2152.986845,121.253433,10:00,1.722942,0.34534,1.838654,-102.1208,3.5715,-0.4381,0.477522,0.409625,120.90939,-8.208572,0.212175,0.464276,,,,,,,,,,,,0.4005,3.4156,-0.351101,15.24,1.697427,-0.151698,-36.193302,-0.8924,0.068504,7.033952,-9.222366,WAS_EDA,MEI_MEI,JinguStadium,TeamExclusive,Team,20261006-JinguStadium-1,e84ea720-c14c-11f1-a3c0-e9a65f64b74e,130.65502,,,10.57626,,,,,,,70b076e0-976d-4b15-a51a-1ed58523581a,2026/10/6,12:27.8,2026-10-06T15:12:27.7750000+09:00,2026-10-06T06:12:27.7750000Z,,v3,,,,"Fukuhara, Seiya",1000242807,Right,MEI_MEI,df91b5f6-3efc-4e8a-ac75-8aaa6df43935,16.60122,-36.456888,3.516976,1.724393,-0.546807,-4.611183,-0.345368,-0.154265,0.034252,,,,,,,,,,,,,,,,,,,,,,,,,,,,,,,,,,,,,,,,,,,,,,,,,,,High,High,High,,,,,
257,2026/10/6,12:46.0,5,3,"Matsumoto, Nao",1000329771,Right,MEI_MEI,"Abe, Yota",1000547801,Left,WAS_EDA,Undefined,8,Bottom,1,1,1,Slider,Slider,FoulBallNotFieldable,Undefined,Undefined,Undefined,0,0,,129.80039,-1.141518,-1.225552,2261.232228,225.678461,1:30,1.723257,0.374212,1.869244,-102.2421,6.9632,3.2716,0.379137,0.061618,118.29038,-8.601077,-0.992879,0.471929,,,,,,,,,,,,-2.6808,5.5458,-0.345901,15.24,1.690363,0.749154,-35.689561,-1.085816,-0.440944,7.53789,-8.894464,WAS_EDA,MEI_MEI,JinguStadium,TeamExclusive,Team,20261006-JinguStadium-1,f328ab00-c14c-11f1-a3c0-e9a65f64b74e,128.5363,,,11.51002,,,,,,,70b076e0-976d-4b15-a51a-1ed58523581a,2026/10/6,12:46.0,2026-10-06T15:12:46.0110000+09:00,2026-10-06T06:12:46.0110000Z,,v3,,,,"Fukuhara, Seiya",1000242807,Right,MEI_MEI,0627c881-f207-48a3-a214-a98a02b217e4,16.570435,-35.969461,3.768945,1.72455,-0.755543,-4.447232,-0.374022,0.765527,-0.220472,,,,,,,,,,,,,,,,,,,,,,,,,,,,,,,,,,,,,,,,,,,,,,,,,,,High,High,High,,,,,
258,2026/10/6,13:09.1,5,4,"Matsumoto, Nao",1000329771,Right,MEI_MEI,"Abe, Yota",1000547801,Left,WAS_EDA,Undefined,8,Bottom,1,1,2,Slider,Slider,InPlay,Undefined,FlyBall,Out,1,0,,132.14107,0.381516,-0.952489,2342.04201,292.800877,3:45,1.724529,0.319497,1.809568,-102.8449,0.2547,5.6249,0.803973,0.106398,123.42018,-7.041462,-0.554254,0.458546,121.26397,22.520088,17.53128,2560.95059,31.716212,10.634103,10.872266,76.13629,74.065955,21.423663,3.416318,-3.4667,0.5962,-0.296741,15.24,1.726668,0.580994,-36.441124,-0.158019,-0.612983,5.838351,-9.701232,WAS_EDA,MEI_MEI,JinguStadium,TeamExclusive,Team,20261006-JinguStadium-1,00ea1760-c14d-11f1-a3c0-e9a65f64b74e,132.28762,11.219579,,8.72089,,,,0.758494,0.836958,-0.110407,70b076e0-976d-4b15-a51a-1ed58523581a,2026/10/6,13:09.1,2026-10-06T15:13:09.1030000+09:00,2026-10-06T06:13:09.1030000Z,LineDrive,v3,,,,"Fukuhara, Seiya",1000242807,Right,MEI_MEI,96b9e441-7bcc-4e73-ad67-ee76d32b0fd8,16.631319,-36.663354,2.919175,1.725655,0.211247,-4.850616,-0.3193,0.604327,-0.306492,200.470027,0.7584,29.673554,-4.8672,1.086922,-0.217749,0.04477,-0.009797,0.001616,-0.000117,0.837113,12.896596,-4.065539,-0.00462,0.043583,-0.018414,0.006056,-0.000946,4.70E-05,-0.110402,9.372888,-0.442905,0.027782,-0.010486,0.010259,-0.004059,0.000745,-5.30E-05,,,,,,,,,,,,,,,,,,,,,,,High,High,High,High,High,,,
259,2026/10/6,13:46.1,6,1,"Matsumoto, Nao",1000329771,Right,MEI_MEI,"Ouchi, Aoma",1000242767,Left,WAS_EDA,Undefined,8,Bottom,2,0,0,Fastball,Four-Seam,StrikeCalled,Undefined,Undefined,Undefined,0,0,,146.61491,-2.073896,-1.877392,2355.552763,205.891222,12:45,1.759225,0.238249,1.936393,-39.3489,43.9601,20.1614,0.783352,-0.087014,135.22607,-5.029293,-0.440961,0.412193,,,,,,,,,,,,-11.6688,24.9774,-0.197808,15.24,1.71104,1.225027,-40.361888,-1.589814,-2.509998,7.85076,-4.433918,WAS_EDA,MEI_MEI,JinguStadium,TeamExclusive,Team,20261006-JinguStadium-1,16fa9700-c14d-11f1-a3c0-e9a65f64b74e,147.16408,,,11.38884,,,,,,,70b076e0-976d-4b15-a51a-1ed58523581a,2026/10/6,13:46.1,2026-10-06T15:13:46.1330000+09:00,2026-10-06T06:13:46.1330000Z,,v3,,,,"Fukuhara, Seiya",1000242807,Right,MEI_MEI,2f8cc7a8-08ab-42e9-99e2-626a989a3bea,16.503377,-40.606883,3.92538,1.758493,-1.451447,-2.216959,-0.237259,1.303355,-1.254999,,,,,,,,,,,,,,,,,,,,,,,,,,,,,,,,,,,,,,,,,,,,,,,,,,,High,High,High,,,,,
260,2026/10/6,13:59.1,6,2,"Matsumoto, Nao",1000329771,Right,MEI_MEI,"Ouchi, Aoma",1000242767,Left,WAS_EDA,Undefined,8,Bottom,2,0,1,Slider,Slider,InPlay,Undefined,LineDrive,Single,0,0,,130.31892,0.377281,-1.690849,2193.018061,219.234967,1:15,1.702466,0.306745,1.899845,-97.5356,8.3853,4.3728,0.833241,-0.1251,120.48681,-6.73941,-1.379782,0.464778,147.90409,12.492978,33.024453,1864.111873,27.377617,4.535223,19.354112,61.726342,60.704223,37.312956,1.847346,-3.3886,4.9716,-0.268563,15.24,1.70519,1.041159,-35.902006,-0.115735,-0.575441,6.353643,-8.962389,WAS_EDA,MEI_MEI,JinguStadium,TeamExclusive,Team,20261006-JinguStadium-1,1ec36340-c14d-11f1-a3c0-e9a65f64b74e,130.51393,4.552888,,9.83211,,,,0.392372,0.825533,0.121474,70b076e0-976d-4b15-a51a-1ed58523581a,2026/10/6,13:59.2,2026-10-06T15:13:59.1580000+09:00,2026-10-06T06:13:59.1580000Z,LineDrive,v3,,,,"Fukuhara, Seiya",1000242807,Right,MEI_MEI,1fd3eabf-97d2-4cc5-8450-4422eca5d4b4,16.540489,-36.131423,3.176822,1.703527,0.207878,-4.481195,-0.306532,1.061937,-0.287721,253.009578,0.392372,33.631218,-5.742539,1.381832,-0.305221,0.066593,-0.014468,0.002581,-0.000253,0.825533,8.887327,-5.554807,0.336211,-0.037606,-0.001391,0.003024,-0.001121,0.000176,0.121474,21.860732,-1.224481,0.209902,-0.020987,-0.000785,0.00136,-0.000497,7.30E-05,,,,,,,,,,,,,,,,,,,,,,,High,High,High,High,High,,,
261,2026/10/6,14:41.8,7,1,"Matsumoto, Nao",1000329771,Right,MEI_MEI,"Nakamura, Shunei",1000422721,Left,WAS_EDA,Undefined,8,Bottom,2,0,0,Slider,Slider,StrikeCalled,Undefined,Undefined,Undefined,0,0,,131.10324,-1.835363,-1.490108,2343.562695,150.056832,11:00,1.73282,0.322673,1.917946,-98.1022,5.8741,-1.7669,0.235957,-0.113609,122.41719,-8.942402,-1.616151,0.460492,,,,,,,,,,,,0.0103,4.9943,-0.289165,15.24,1.685908,0.947163,-36.126618,-1.512408,0.001781,6.092465,-8.943385,WAS_EDA,MEI_MEI,JinguStadium,TeamExclusive,Team,20261006-JinguStadium-1,383388a0-c14d-11f1-a3c0-e9a65f64b74e,131.72874,,,8.68605,,,,,,,70b076e0-976d-4b15-a51a-1ed58523581a,2026/10/6,14:41.8,2026-10-06T15:14:41.8470000+09:00,2026-10-06T06:14:41.8470000Z,,v3,,,,"Fukuhara, Seiya",1000242807,Right,MEI_MEI,8ba920ef-7bdf-4f4d-9c18-f0709deb9162,16.522651,-36.342283,3.046233,1.733841,-1.195824,-4.471692,-0.322692,0.9471,0.000891,,,,,,,,,,,,,,,,,,,,,,,,,,,,,117.07093,,,0.910107,,,,0.775099,1.491104,-0.084462,20.201666,0.967001,-17.830025,0.776445,22.457104,-1.22543,1.49917,3.335301,-4.319254,-0.107991,-22.884055,3.781915,High,High,High,,,High,Medium,Medium
262,2026/10/6,15:13.1,7,2,"Matsumoto, Nao",1000329771,Right,MEI_MEI,"Nakamura, Shunei",1000422721,Left,WAS_EDA,Undefined,8,Bottom,2,0,1,Fastball,Four-Seam,StrikeCalled,Undefined,Undefined,Undefined,0,0,,144.41854,-2.990483,-2.588516,2363.769944,212.561231,1:00,1.755493,0.217228,1.985492,-39.3346,46.7231,28.1065,0.524136,-0.226172,132.45685,-5.965565,-0.580961,0.418938,,,,,,,,,,,,-16.503,27.3846,-0.163567,15.24,1.689709,1.663719,-39.700353,-2.193865,-3.410428,8.146824,-4.147502,WAS_EDA,MEI_MEI,JinguStadium,TeamExclusive,Team,20261006-JinguStadium-1,4ac91250-c14d-11f1-a3c0-e9a65f64b74e,144.79475,,,11.96169,,,,,,,70b076e0-976d-4b15-a51a-1ed58523581a,2026/10/6,15:13.0,2026-10-06T15:15:13.0570000+09:00,2026-10-06T06:15:13.0570000Z,,v3,,,,"Fukuhara, Seiya",1000242807,Right,MEI_MEI,5de865b2-714c-4cf7-847e-bec0c20b41e7,16.454285,-39.948757,4.073412,1.754674,-2.067404,-2.073751,-0.215881,1.767706,-1.705214,,,,,,,,,,,,,,,,,,,,,,,,,,,,,,,,,,,,,,,,,,,,,,,,,,,High,High,High,,,,,
263,2026/10/6,15:40.0,7,3,"Matsumoto, Nao",1000329771,Right,MEI_MEI,"Nakamura, Shunei",1000422721,Left,WAS_EDA,Undefined,8,Bottom,2,0,2,Slider,Slider,StrikeSwinging,Strikeout,Undefined,Undefined,0,0,,134.22652,-0.018664,-1.438123,2337.341341,238.002345,2:00,1.762387,0.301306,1.834911,-94.4087,7.2918,6.4684,0.813029,-0.040098,122.83624,-6.901107,-0.979615,0.455424,,,,,,,,,,,,-4.354,4.8454,-0.267384,15.24,1.755872,0.896319,-36.924999,-0.380984,-0.774149,7.414381,-8.945132,WAS_EDA,MEI_MEI,JinguStadium,TeamExclusive,Team,20261006-JinguStadium-1,5ae1b520-c14d-11f1-a3c0-e9a65f64b74e,133.19449,,,11.39028,,,,,,,70b076e0-976d-4b15-a51a-1ed58523581a,2026/10/6,15:40.0,2026-10-06T15:15:39.9890000+09:00,2026-10-06T06:15:39.9890000Z,,v3,,,,"Fukuhara, Seiya",1000242807,Right,MEI_MEI,fd159be0-1807-45b6-bfaa-e8af681afd01,16.604461,-37.197968,3.70719,1.763836,-0.051659,-4.472566,-0.300908,0.92482,-0.387075,,,,,,,,,,,,,,,,,,,,,,,,,,,,,,,,,,,,,,,,,,,,,,,,,,,High,High,High,,,,,
264,2026/10/6,17:53.2,1,1,"Takahashi, Koki",1000326144,Right,WAS_EDA,"Sakakibara, Nanato",1000242816,Left,MEI_MEI,Undefined,9,Top,0,0,0,Cutter,Slider,StrikeCalled,Undefined,Undefined,Undefined,0,0,,132.9907,0.920812,-1.59107,2648.649098,90.236425,9:00,1.537057,0.836295,1.816905,-99.2726,2.7036,-17.1182,0.804702,0.215316,123.86356,-6.259393,-2.801871,0.456041,,,,,,,,,,,,7.8544,1.7241,-0.796687,15.24,1.552643,1.096488,-36.650177,0.198767,1.402436,6.020024,-9.49881,WAS_EDA,MEI_MEI,JinguStadium,TeamExclusive,Team,20261006-JinguStadium-1,aa4112f0-c14d-11f1-a3c0-e9a65f64b74e,133.01432,,,9.12714,,,,,,,70b076e0-976d-4b15-a51a-1ed58523581a,2026/10/6,17:53.2,2026-10-06T15:17:53.1650000+09:00,2026-10-06T06:17:53.1650000Z,,v3,,,,"Ogata, Mikito",1000326132,Right,WAS_EDA,7eb05dd4-80b8-4159-b95a-b08ed5cdfbde,16.623528,-36.87673,3.010012,1.538436,0.556238,-4.749405,-0.836958,1.04371,0.701218,,,,,,,,,,,,,,,,,,,,,,,,,,,,,,,,,,,,,,,,,,,,,,,,,,,High,High,High,,,,,
265,2026/10/6,18:06.6,1,2,"Takahashi, Koki",1000326144,Right,WAS_EDA,"Sakakibara, Nanato",1000242816,Left,MEI_MEI,Undefined,9,Top,0,0,1,OneSeamFastBall,Sinker,FoulBallNotFieldable,Undefined,Undefined,Undefined,0,0,,143.09669,-2.236278,-5.373228,1993.288946,238.350828,2:00,1.562944,0.836518,1.953976,-61.3731,26.6128,38.9031,0.31944,-0.284654,131.92077,-6.760178,-2.61265,0.423605,,,,,,,,,,,,-23.9709,16.1599,-0.72124,15.24,1.510571,3.515682,-39.254287,-1.760945,-4.869682,7.543455,-6.523784,WAS_EDA,MEI_MEI,JinguStadium,TeamExclusive,Team,20261006-JinguStadium-1,b234bfc0-c14d-11f1-a3c0-e9a65f64b74e,143.19938,,,11.17592,,,,,,,70b076e0-976d-4b15-a51a-1ed58523581a,2026/10/6,18:06.6,2026-10-06T15:18:06.5660000+09:00,2026-10-06T06:18:06.5660000Z,,v3,,,,"Ogata, Mikito",1000326132,Right,WAS_EDA,e77ba074-e0d0-43d3-a2c2-240c7e64737a,16.486558,-39.49311,3.771728,1.563053,-1.554404,-3.261892,-0.834986,3.669855,-2.434841,,,,,,,,,,,,,,,,,,,,,,,,,,,,,,,,,,,,,,,,,,,,,,,,,,,High,High,High,,,,,
266,2026/10/6,18:33.9,1,3,"Takahashi, Koki",1000326144,Right,WAS_EDA,"Sakakibara, Nanato",1000242816,Left,MEI_MEI,Undefined,9,Top,0,0,2,OneSeamFastBall,Changeup,InPlay,Undefined,LineDrive,Single,0,0,,141.86934,-0.767188,-3.598749,1499.374465,229.063812,1:45,1.523435,0.855442,1.922008,-58.6699,31.8747,33.2579,0.720876,0.176182,128.97807,-5.138893,-1.235728,0.42972,159.58785,3.573715,3.009983,7504.508839,,,,25.689931,25.479346,1.092907,0.622687,-20.0211,18.0489,-0.776781,15.24,1.502875,2.293809,-38.973827,-0.730205,-3.953884,8.48461,-6.242247,WAS_EDA,MEI_MEI,JinguStadium,TeamExclusive,Team,20261006-JinguStadium-1,c279f0d0-c14d-11f1-a3c0-e9a65f64b74e,141.16157,1.007326,,12.89128,,,,0.303501,0.719088,-0.179844,70b076e0-976d-4b15-a51a-1ed58523581a,2026/10/6,18:33.9,2026-10-06T15:18:33.8690000+09:00,2026-10-06T06:18:33.8690000Z,GroundBall,v3,,,,"Ogata, Mikito",1000326132,Right,WAS_EDA,74cc0ea5-9492-483a-8dd0-07d5ae2a3fb3,16.517663,-39.250989,4.242305,1.523398,-0.526293,-3.121124,-0.853821,2.422968,-1.976942,52.806883,0.311501,44.009472,-5.255767,,,,,,,0.727265,2.58583,-6.048035,,,,,,,-0.174597,2.208968,-1.84594,,,,,,,,,,,,,,,,,,,,,,,,,,,,,High,High,High,Medium,Medium,,,
267,2026/10/6,19:10.7,2,1,"Takahashi, Koki",1000326144,Right,WAS_EDA,"Utsumi, Yuta",1000188679,Left,MEI_MEI,Undefined,9,Top,0,0,0,OneSeamFastBall,Changeup,FoulBallNotFieldable,Undefined,Undefined,Undefined,0,0,,138.90854,0.607269,-3.318721,1582.585124,256.348485,2:30,1.548337,0.83436,1.939107,-81.6861,12.4338,38.4383,0.902105,0.286813,126.39997,-5.415486,-0.582893,0.438122,139.96817,53.020453,-50.092907,,13.144595,34.541673,-30.843901,60.082951,27.092951,-73.309869,5.333885,-22.5322,6.9324,-0.763181,15.24,1.557202,2.03723,-38.185127,0.101868,-4.272659,8.125459,-8.492097,WAS_EDA,MEI_MEI,JinguStadium,TeamExclusive,Team,20261006-JinguStadium-1,d86d99a0-c14d-11f1-a3c0-e9a65f64b74e,138.45451,34.74869,,12.50857,,,,0.128887,0.938411,-0.302744,70b076e0-976d-4b15-a51a-1ed58523581a,2026/10/6,19:10.7,2026-10-06T15:19:10.6810000+09:00,2026-10-06T06:19:10.6810000Z,FlyBall,v3,,,,"Ogata, Mikito",1000326132,Right,WAS_EDA,9ccb9313-1fdd-463c-942d-feec13f1f485,16.500826,-38.452483,4.062729,1.549254,0.381289,-4.246048,-0.832526,2.177816,-2.136329,150.71995,0.135722,14.813811,-6.755859,0.847228,0.941382,-0.6368,0.175667,-0.022902,0.001155,0.929631,31.218964,-9.413251,1.774751,-0.663975,0.202235,-0.035958,0.003258,-0.000117,-0.299995,-17.987265,2.631345,-0.493288,0.122369,-0.02923,0.004367,-0.000326,8.00E-06,,,,,,,,,,,,,,,,,,,,,,,High,High,High,High,Low,,,
268,2026/10/6,19:32.8,2,2,"Takahashi, Koki",1000326144,Right,WAS_EDA,"Utsumi, Yuta",1000188679,Left,MEI_MEI,Undefined,9,Top,0,0,1,Fastball,Four-Seam,InPlay,Undefined,FlyBall,Out,1,0,,147.05748,-0.837834,-3.405717,2637.452152,218.888737,1:15,1.584287,0.782614,2.076056,-37.6574,45.1791,34.1505,0.974278,0.175853,133.12867,-3.738791,-0.955918,0.411022,162.03145,26.316342,1.680564,2046.416454,33.517384,16.690407,0.841263,117.887046,116.466188,0.810972,5.258654,-20.7568,25.437,-0.716925,15.24,1.565977,2.249663,-40.430254,-0.694499,-4.395333,9.420251,-4.420284,WAS_EDA,MEI_MEI,JinguStadium,TeamExclusive,Team,20261006-JinguStadium-1,e5a27d70-c14d-11f1-a3c0-e9a65f64b74e,147.58316,25.855167,,13.92882,,,,0.289451,0.970792,-0.171934,70b076e0-976d-4b15-a51a-1ed58523581a,2026/10/6,19:32.8,2026-10-06T15:19:32.8460000+09:00,2026-10-06T06:19:32.8460000Z,FlyBall,v3,,,,"Ogata, Mikito",1000326132,Right,WAS_EDA,541d69e2-f719-49f3-8fc9-e5cf1a1e1be5,16.363553,-40.6912,4.710125,1.583519,-0.572055,-2.210142,-0.780928,2.371416,-2.197666,181.148247,0.289965,40.315737,-8.188451,1.884884,-0.35704,0.060204,-0.008954,0.000942,-4.50E-05,0.970928,19.951028,-3.984711,-0.116088,0.105444,-0.045079,0.011369,-0.001438,7.10E-05,-0.172026,1.185374,-0.151037,-0.005845,-0.002764,0.002933,-0.000891,0.00012,-6.00E-06,,,,,,,,,,,,,,,,,,,,,,,High,High,High,High,Medium,,,
269,2026/10/6,20:23.8,3,1,"Takahashi, Koki",1000326144,Right,WAS_EDA,"Mitsuhiro, Hotaka",1000188673,Left,MEI_MEI,Undefined,9,Top,1,0,0,OneSeamFastBall,Changeup,StrikeCalled,Undefined,Undefined,Undefined,0,0,,142.28962,-0.401188,-2.933148,1804.055764,234.025632,1:45,1.534146,0.825729,1.893518,-63.3227,26.3276,32.4073,0.787918,0.324011,130.19309,-5.082073,-0.632152,0.427593,,,,,,,,,,,,-18.7696,14.7885,-0.760511,15.24,1.521166,1.84735,-39.1317,-0.510795,-3.763327,8.019534,-6.841548,WAS_EDA,MEI_MEI,JinguStadium,TeamExclusive,Team,20261006-JinguStadium-1,03fda380-c14e-11f1-a3c0-e9a65f64b74e,141.86389,,,12.09654,,,,,,,70b076e0-976d-4b15-a51a-1ed58523581a,2026/10/6,20:23.8,2026-10-06T15:20:23.7620000+09:00,2026-10-06T06:20:23.7620000Z,,v3,,,,"Ogata, Mikito",1000326132,Right,WAS_EDA,676f9a64-4c55-4b33-9527-5bc8fa83e790,16.546107,-39.39846,4.009767,1.534372,-0.283219,-3.420774,-0.824043,1.972533,-1.881664,,,,,,,,,,,,,,,,,,,,,,,,,,,,,,,,,,,,,,,,,,,,,,,,,,,High,High,High,,,,,
270,2026/10/6,20:39.3,3,2,"Takahashi, Koki",1000326144,Right,WAS_EDA,"Mitsuhiro, Hotaka",1000188673,Left,MEI_MEI,Undefined,9,Top,1,0,1,OneSeamFastBall,Changeup,StrikeSwinging,Undefined,Undefined,Undefined,0,0,,140.5719,-0.490592,-2.594438,1652.922904,189.139793,12:15,1.531969,0.846916,1.89913,-48.3467,42.8821,6.4692,0.910406,0.18157,129.32211,-4.101693,-2.135209,0.431341,,,,,,,,,,,,-5.0329,23.3792,-0.788236,15.24,1.517841,1.722071,-38.683921,-0.492911,-0.992516,7.357403,-5.196152,WAS_EDA,MEI_MEI,JinguStadium,TeamExclusive,Team,20261006-JinguStadium-1,0d48ca00-c14e-11f1-a3c0-e9a65f64b74e,140.63119,,,11.24978,,,,,,,70b076e0-976d-4b15-a51a-1ed58523581a,2026/10/6,20:39.3,2026-10-06T15:20:39.3280000+09:00,2026-10-06T06:20:39.3280000Z,,v3,,,,"Ogata, Mikito",1000326132,Right,WAS_EDA,ab564d5e-9c12-4b4b-a713-20e49d62d6fd,16.540365,-38.930455,3.678702,1.531441,-0.318797,-2.598076,-0.846496,1.755329,-0.496258,,,,,,,,,,,,,,,,,,,,,,,,,,,,,,,,,,,,,,,,,,,,,,,,,,,High,High,High,,,,,
271,2026/10/6,21:01.5,3,3,"Takahashi, Koki",1000326144,Right,WAS_EDA,"Mitsuhiro, Hotaka",1000188673,Left,MEI_MEI,Undefined,9,Top,1,0,2,Fastball,Four-Seam,FoulBallNotFieldable,Undefined,Undefined,Undefined,0,0,,147.78137,-1.164558,-3.271439,2642.278109,212.542838,1:00,1.556081,0.777378,2.098981,-39.8686,40.9499,24.5596,0.833419,0.11349,135.48259,-4.19744,-1.506997,0.405985,21.16082,39.976433,-13.381205,1916.646576,-33.461105,1.81146,-2.115042,62.031116,8.734825,-176.796998,1.503355,-14.9828,23.1789,-0.714945,15.24,1.531632,2.205064,-40.65659,-0.938632,-3.254735,8.354117,-4.771471,WAS_EDA,MEI_MEI,JinguStadium,TeamExclusive,Team,20261006-JinguStadium-1,1a798f20-c14e-11f1-a3c0-e9a65f64b74e,149.41433,2.107827,,12.29878,,,,,,,70b076e0-976d-4b15-a51a-1ed58523581a,2026/10/6,21:01.5,2026-10-06T15:21:01.4980000+09:00,2026-10-06T06:21:01.4980000Z,GroundBall,v3,,,,"Ogata, Mikito",1000326132,Right,WAS_EDA,41e306d3-890e-4c1f-b2be-7682c8c11d83,16.339789,-40.88195,4.177059,1.555217,-0.809917,-2.385736,-0.775613,2.292864,-1.627367,,-2.343303,4.389944,-49.262624,24.105271,-14.140978,8.531668,-3.971512,1.11648,-0.136744,0.614565,3.750959,-1.549483,-3.093557,6.51571,-8.310715,5.593041,-1.906612,0.261302,-0.0479,-1.047607,-1.416833,0.448356,0.666066,-1.264573,0.895488,-0.301721,0.039969,,,,,,,,,,,,,,,,,,,,,,,High,High,High,Low,Low,,,
272,2026/10/6,21:29.9,3,4,"Takahashi, Koki",1000326144,Right,WAS_EDA,"Mitsuhiro, Hotaka",1000188673,Left,MEI_MEI,Undefined,9,Top,1,0,2,OneSeamFastBall,Sinker,BallCalled,Undefined,Undefined,Undefined,0,0,,142.60895,-2.618842,-5.173302,1938.005069,240.015999,2:00,1.510538,0.82811,1.944273,-59.0558,29.8362,46.9495,0.182125,-0.156973,131.1545,-6.983391,-1.840786,0.425781,,,,,,,,,,,,-28.0459,18.1547,-0.716779,15.24,1.449441,3.324951,-39.112576,-2.006921,-5.643008,7.670518,-6.153817,WAS_EDA,MEI_MEI,JinguStadium,TeamExclusive,Team,20261006-JinguStadium-1,2b6a1b60-c14e-11f1-a3c0-e9a65f64b74e,142.46764,,,11.45445,,,,,,,70b076e0-976d-4b15-a51a-1ed58523581a,2026/10/6,21:29.9,2026-10-06T15:21:29.9070000+09:00,2026-10-06T06:21:29.9070000Z,,v3,,,,"Ogata, Mikito",1000326132,Right,WAS_EDA,3f6c6d96-3f93-40c0-b15e-ac77f6cabbc9,16.496162,-39.358154,3.835259,1.51054,-1.8099,-3.076908,-0.826123,3.505618,-2.821504,,,,,,,,,,,,,,,,,,,,,,,,,,,,,,,,,,,,,,,,,,,,,,,,,,,High,High,High,,,,,
273,2026/10/6,21:58.4,3,5,"Takahashi, Koki",1000326144,Right,WAS_EDA,"Mitsuhiro, Hotaka",1000188673,Left,MEI_MEI,Undefined,9,Top,1,1,2,Fastball,Four-Seam,BallCalled,Undefined,Undefined,Undefined,0,0,,147.81275,-0.488838,-2.21538,2692.522675,215.113186,1:15,1.596781,0.775318,2.042453,-35.8659,45.3485,30.1592,1.101782,0.459194,135.40593,-3.230314,-0.053287,0.406978,,,,,,,,,,,,-17.315,24.9703,-0.731634,15.24,1.584984,1.431878,-40.710163,-0.447642,-3.767255,8.4641,-4.373823,WAS_EDA,MEI_MEI,JinguStadium,TeamExclusive,Team,20261006-JinguStadium-1,3c6c0cc0-c14e-11f1-a3c0-e9a65f64b74e,149.04977,,,12.40682,,,,,,,70b076e0-976d-4b15-a51a-1ed58523581a,2026/10/6,21:58.4,2026-10-06T15:21:58.4380000+09:00,2026-10-06T06:21:58.4380000Z,,v3,,,,"Ogata, Mikito",1000326132,Right,WAS_EDA,c1b3b55d-6249-4dcd-86d7-e7b3b1713f18,16.397131,-40.950037,4.23205,1.595914,-0.323687,-2.186911,-0.773727,1.538642,-1.883627,,,,,,,,,,,,,,,,,,,,,,,,,,,,,,,,,,,,,,,,,,,,,,,,,,,High,High,High,,,,,
274,2026/10/6,22:18.9,3,6,"Takahashi, Koki",1000326144,Right,WAS_EDA,"Mitsuhiro, Hotaka",1000188673,Left,MEI_MEI,Undefined,9,Top,1,2,2,OneSeamFastBall,Sinker,FoulBallNotFieldable,Undefined,Undefined,Undefined,0,0,,141.14664,-0.812838,-3.95422,2064.176081,224.036165,1:30,1.544922,0.813358,1.961868,-52.7358,37.2103,33.4026,0.789331,0.038051,129.8335,-4.746524,-1.577074,0.428298,117.17938,62.23889,-174.040134,,-33.305157,28.893999,-3.85911,58.993337,45.760765,-173.354676,4.557141,-20.1801,20.8381,-0.729411,15.24,1.52437,2.53357,-38.817005,-0.729029,-4.005503,7.437207,-5.670545,WAS_EDA,MEI_MEI,JinguStadium,TeamExclusive,Team,20261006-JinguStadium-1,489748c0-c14e-11f1-a3c0-e9a65f64b74e,141.63044,29.086793,,11.31314,,,,0.515786,0.79131,-0.041203,70b076e0-976d-4b15-a51a-1ed58523581a,2026/10/6,22:18.9,2026-10-06T15:22:18.8630000+09:00,2026-10-06T06:22:18.8630000Z,Popup,v3,,,,"Ogata, Mikito",1000326132,Right,WAS_EDA,9419cbd6-a6cd-4e4c-80dd-5006bd0e5686,16.478473,-39.053572,3.718603,1.544691,-0.548658,-2.835273,-0.812026,2.660979,-2.002751,358.680256,0.515172,-15.065989,-0.288417,0.449275,-0.174778,0.047476,-0.006222,0.00019,1.60E-05,0.791901,28.788491,-8.882456,1.009037,-0.102824,-0.028431,0.013278,-0.002006,0.000108,-0.04126,-1.573018,-0.132667,0.079172,-0.024396,0.005521,-0.00057,-6.00E-06,4.00E-06,,,,,,,,,,,,,,,,,,,,,,,High,High,High,High,Medium,,,
275,2026/10/6,22:46.0,3,7,"Takahashi, Koki",1000326144,Right,WAS_EDA,"Mitsuhiro, Hotaka",1000188673,Left,MEI_MEI,Undefined,9,Top,1,2,2,Fastball,Four-Seam,StrikeSwinging,Strikeout,Undefined,Undefined,0,0,,148.98914,-0.796851,-2.880753,2707.954342,205.413035,12:45,1.572076,0.774865,1.982018,-35.6577,45.7336,20.4421,0.992286,0.172725,135.25859,-3.528974,-1.422288,0.407421,,,,,,,,,,,,-12.7763,25.2835,-0.714392,15.24,1.553075,1.959287,-40.958538,-0.673079,-2.787416,9.348046,-4.290522,WAS_EDA,MEI_MEI,JinguStadium,TeamExclusive,Team,20261006-JinguStadium-1,58c9dc30-c14e-11f1-a3c0-e9a65f64b74e,148.88772,,,13.73055,,,,,,,70b076e0-976d-4b15-a51a-1ed58523581a,2026/10/6,22:46.0,2026-10-06T15:22:46.0000000+09:00,2026-10-06T06:22:46.0000000Z,,v3,,,,"Ogata, Mikito",1000326132,Right,WAS_EDA,3dfd2c68-f16a-43a1-bc30-d3088f586d69,16.457036,-41.235369,4.674023,1.571126,-0.546021,-2.145261,-0.773636,2.041833,-1.393708,,,,,,,,,,,,,,,,,,,,,,,,,,,,,,,,,,,,,,,,,,,,,,,,,,,High,High,High,,,,,
276,2026/10/6,23:47.7,4,1,"Takahashi, Koki",1000326144,Right,WAS_EDA,"Fukuhara, Seiya",1000242807,Right,MEI_MEI,Undefined,9,Top,2,0,0,Fastball,Four-Seam,FoulBallNotFieldable,Undefined,Undefined,Undefined,0,0,,148.86577,-1.473581,-3.720514,2679.092288,215.675564,1:15,1.590375,0.774,2.032439,-39.2908,41.2736,27.8219,0.785576,0.013232,136.19175,-4.454858,-1.731404,0.405346,158.97956,30.203552,-38.135269,3508.356197,25.160668,18.920256,-22.16001,110.496505,79.233268,-49.91325,5.318222,-17.3451,23.6019,-0.699198,15.24,1.55824,2.533481,-40.93396,-1.176205,-3.805949,8.76394,-4.627814,WAS_EDA,MEI_MEI,JinguStadium,TeamExclusive,Team,20261006-JinguStadium-1,7d8ae320-c14e-11f1-a3c0-e9a65f64b74e,149.64984,27.635066,,12.67401,,,,0.501198,0.801212,-0.0244,70b076e0-976d-4b15-a51a-1ed58523581a,2026/10/6,23:47.7,2026-10-06T15:23:47.7310000+09:00,2026-10-06T06:23:47.7310000Z,FlyBall,v3,,,,"Ogata, Mikito",1000326132,Right,WAS_EDA,90b0ab74-36a5-4457-8511-900657f0b770,16.407656,-41.183196,4.38197,1.589819,-1.044595,-2.313907,-0.772786,2.641718,-1.902975,150.165728,0.502229,29.998677,-7.932103,1.875422,-0.305237,0.02684,-0.000371,-7.00E-05,0,0.801461,22.209655,-4.850106,0.040223,0.068681,-0.03397,0.009507,-0.001299,6.70E-05,-0.024697,-23.562821,2.860506,-0.464776,0.056904,-0.00488,0.000469,-7.80E-05,6.00E-06,,,,,,,,,,,,,,,,,,,,,,,High,High,High,High,Low,,,
277,2026/10/6,24:21.5,4,2,"Takahashi, Koki",1000326144,Right,WAS_EDA,"Fukuhara, Seiya",1000242807,Right,MEI_MEI,Undefined,9,Top,2,0,1,Cutter,Slider,InPlay,Undefined,FlyBall,Out,1,0,,136.77829,0.654343,-3.056781,2765.22771,143.796186,10:45,1.566253,0.840342,1.854745,-88.8515,8.8152,-4.2401,0.862513,-0.064791,125.30179,-5.83077,-3.356791,0.446301,159.42696,28.097971,-23.238653,2972.370631,30.623536,17.820269,-13.65012,104.559864,95.338038,-28.221212,5.264677,0.0174,4.9411,-0.768119,15.24,1.575999,2.02773,-37.604016,0.086024,0.003213,7.546273,-8.893641,WAS_EDA,MEI_MEI,JinguStadium,TeamExclusive,Team,20261006-JinguStadium-1,91b23060-c14e-11f1-a3c0-e9a65f64b74e,135.91723,26.366578,,11.4765,,,,0.414078,0.860781,0.071786,70b076e0-976d-4b15-a51a-1ed58523581a,2026/10/6,24:21.5,2026-10-06T15:24:21.4990000+09:00,2026-10-06T06:24:21.4990000Z,FlyBall,v3,,,,"Ogata, Mikito",1000326132,Right,WAS_EDA,2240ced3-7697-4b37-abde-3ec5ad6f7387,16.58524,-37.873013,3.773136,1.567282,0.40305,-4.44682,-0.840398,2.027616,0.001607,170.457902,0.413722,35.904701,-8.385166,2.052622,-0.458359,0.092159,-0.014513,0.001435,-6.20E-05,0.861991,20.83017,-4.423533,-0.024768,0.092516,-0.03748,0.008198,-0.000906,3.90E-05,0.071884,-15.416137,2.719075,-0.651638,0.142141,-0.028534,0.004548,-0.000456,2.00E-05,,,,,,,,,,,,,,,,,,,,,,,High,High,High,High,Medium,,,