PitchNo,Date,Time,PAofInning,PitchofPA,Pitcher,PitcherId,PitcherThrows,PitcherTeam,Batter,BatterId,BatterSide,BatterTeam,PitcherSet,Inning,Top/Bottom,Outs,Balls,Strikes,TaggedPitchType,AutoPitchType,PitchCall,KorBB,TaggedHitType,PlayResult,OutsOnPlay,RunsScored,Notes,RelSpeed,VertRelAngle,HorzRelAngle,SpinRate,SpinAxis,Tilt,RelHeight,RelSide,Extension,VertBreak,InducedVertBreak,HorzBreak,PlateLocHeight,PlateLocSide,ZoneSpeed,VertApprAngle,HorzApprAngle,ZoneTime,ExitSpeed,Angle,Direction,HitSpinRate,PositionAt110X,PositionAt110Y,PositionAt110Z,Distance,LastTrackedDistance,Bearing,HangTime,pfxx,pfxz,x0,y0,z0,vx0,vy0,vz0,ax0,ay0,az0,HomeTeam,AwayTeam,Stadium,Level,League,GameID,PitchUID,EffectiveVelo,MaxHeight,MeasuredDuration,SpeedDrop,PitchLastMeasuredX,PitchLastMeasuredY,PitchLastMeasuredZ,ContactPositionX,ContactPositionY,ContactPositionZ,GameUID,UTCDate,UTCTime,LocalDateTime,UTCDateTime,AutoHitType,System,HomeTeamForeignID,AwayTeamForeignID,GameForeignID,Catcher,CatcherId,CatcherThrows,CatcherTeam,PlayID,PitchTrajectoryXc0,PitchTrajectoryXc1,PitchTrajectoryXc2,PitchTrajectoryYc0,PitchTrajectoryYc1,PitchTrajectoryYc2,PitchTrajectoryZc0,PitchTrajectoryZc1,PitchTrajectoryZc2,HitSpinAxis,HitTrajectoryXc0,HitTrajectoryXc1,HitTrajectoryXc2,HitTrajectoryXc3,HitTrajectoryXc4,HitTrajectoryXc5,HitTrajectoryXc6,HitTrajectoryXc7,HitTrajectoryXc8,HitTrajectoryYc0,HitTrajectoryYc1,HitTrajectoryYc2,HitTrajectoryYc3,HitTrajectoryYc4,HitTrajectoryYc5,HitTrajectoryYc6,HitTrajectoryYc7,HitTrajectoryYc8,HitTrajectoryZc0,HitTrajectoryZc1,HitTrajectoryZc2,HitTrajectoryZc3,HitTrajectoryZc4,HitTrajectoryZc5,HitTrajectoryZc6,HitTrajectoryZc7,HitTrajectoryZc8,ThrowSpeed,PopTime,ExchangeTime,TimeToBase,CatchPositionX,CatchPositionY,CatchPositionZ,ThrowPositionX,ThrowPositionY,ThrowPositionZ,BasePositionX,BasePositionY,BasePositionZ,ThrowTrajectoryXc0,ThrowTrajectoryXc1,ThrowTrajectoryXc2,ThrowTrajectoryYc0,ThrowTrajectoryYc1,ThrowTrajectoryYc2,ThrowTrajectoryZc0,ThrowTrajectoryZc1,ThrowTrajectoryZc2,PitchReleaseConfidence,PitchLocationConfidence,PitchMovementConfidence,HitLaunchConfidence,HitLandingConfidence,CatcherThrowCatchConfidence,CatcherThrowReleaseConfidence,CatcherThrowLocationConfidence
1,2026/5/16,00:32.9,1,1,"Takahashi, Koki",1000326144,Right,WAS_EDA,"Tanoue, Kai",1000338425,Left,MEI_MEI,Undefined,1,Top,0,0,0,Cutter,Slider,StrikeCalled,Undefined,Undefined,Undefined,0,0,,136.32741,-0.22881,-2.549776,2585.841371,133.095524,10:30,1.701095,0.743379,1.785341,-84.1024,14.1709,-12.1617,0.795212,-0.10076,126.07057,-6.326944,-3.407469,0.447685,,,,,,,,,,,,4.5721,8.3041,-0.679443,15.24,1.689534,1.728773,-37.510536,-0.486605,0.848641,6.846299,-8.265301,WAS_EDA,MEI_MEI,JinguStadium,TeamExclusive,Team,20260516-JinguStadium-1,05f60b30-50cb-11f1-9189-39f1cca7bde1,135.49707,,,10.25684,,,,,,,afea34c9-bccf-4802-9e54-9cdb203d754b,2026/5/16,00:32.9,2026-05-16T11:00:32.8781312+09:00,2026-05-16T02:00:32.8781312Z,,v3,,,,"Ogata, Mikito",1000326132,Right,WAS_EDA,4511af93-8559-437b-959c-5eaf29ea84e9,16.654531,-37.767829,3.423149,1.701985,-0.175984,-4.132651,-0.743813,1.69688,0.424321,,,,,,,,,,,,,,,,,,,,,,,,,,,,,,,,,,,,,,,,,,,,,,,,,,,High,High,High,,,,,
2,2026/5/16,00:44.9,1,2,"Takahashi, Koki",1000326144,Right,WAS_EDA,"Tanoue, Kai",1000338425,Left,MEI_MEI,Undefined,1,Top,0,0,1,Cutter,Slider,StrikeCalled,Undefined,Undefined,Undefined,0,0,,137.74068,-0.079145,-2.741819,2484.627561,138.307134,10:30,1.710825,0.732499,1.737076,-86.8909,9.7231,-6.2835,0.819412,-0.109667,127.65998,-6.347936,-3.183602,0.443889,,,,,,,,,,,,1.4867,5.8599,-0.661864,15.24,1.702276,1.845913,-37.897956,-0.416303,0.282512,6.777737,-8.693149,WAS_EDA,MEI_MEI,JinguStadium,TeamExclusive,Team,20260516-JinguStadium-1,0d1db570-50cb-11f1-9189-39f1cca7bde1,136.65572,,,10.0807,,,,,,,afea34c9-bccf-4802-9e54-9cdb203d754b,2026/5/16,00:44.9,2026-05-16T11:00:44.8898048+09:00,2026-05-16T02:00:44.8898048Z,,v3,,,,"Ogata, Mikito",1000326132,Right,WAS_EDA,6e6bb987-1c7b-455c-9cb2-d827ae41618a,16.702969,-38.158699,3.388869,1.711858,-0.081873,-4.346575,-0.732668,1.835045,0.141256,,,,,,,,,,,,,,,,,,,,,,,,,,,,,,,,,,,,,,,,,,,,,,,,,,,High,High,High,,,,,
3,2026/5/16,01:00.4,1,3,"Takahashi, Koki",1000326144,Right,WAS_EDA,"Tanoue, Kai",1000338425,Left,MEI_MEI,Undefined,1,Top,0,0,2,Fastball,Four-Seam,FoulBallNotFieldable,Undefined,Undefined,Undefined,0,0,,150.25631,-1.770879,-2.718319,2511.70085,216.12943,1:15,1.718754,0.730918,1.870046,-38.9631,41.1724,28.3299,0.829544,0.247889,138.28721,-4.68685,-0.709804,0.404266,148.26435,19.467769,-42.459364,3190.338306,22.56881,9.625276,-24.794648,89.524474,76.980297,-54.627455,3.191303,-16.4157,23.1735,-0.669402,15.24,1.675052,1.818783,-41.336693,-1.417415,-3.698696,8.350196,-4.585342,WAS_EDA,MEI_MEI,JinguStadium,TeamExclusive,Team,20260516-JinguStadium-1,16579de0-50cb-11f1-9189-39f1cca7bde1,150.04969,10.761042,,11.9691,,,,-0.039128,0.809872,-0.25693,afea34c9-bccf-4802-9e54-9cdb203d754b,2026/5/16,01:00.4,2026-05-16T11:01:00.4154368+09:00,2026-05-16T02:01:00.4154368Z,LineDrive,v3,,,,"Ogata, Mikito",1000326132,Right,WAS_EDA,95538a3d-0bb0-40c6-977a-5663df49a9fb,16.569988,-41.604489,4.175098,1.718151,-1.270361,-2.292671,-0.729634,1.937402,-1.849348,121.640329,-0.039126,28.646903,-7.136965,1.813087,-0.406497,0.07522,-0.01094,0.000953,-1.80E-05,0.809858,13.726481,-4.996372,0.153215,0.023677,-0.001906,-0.003188,0.001357,-0.000162,-0.256924,-26.213079,1.142016,0.138373,-0.115955,0.038148,-0.008262,0.001082,-6.80E-05,,,,,,,,,,,,,,,,,,,,,,,High,High,High,High,Medium,,,
4,2026/5/16,01:19.2,1,4,"Takahashi, Koki",1000326144,Right,WAS_EDA,"Tanoue, Kai",1000338425,Left,MEI_MEI,Undefined,1,Top,0,0,2,Fastball,Four-Seam,StrikeCalled,Strikeout,Undefined,Undefined,0,0,,148.4131,-2.547324,-2.151483,2437.329066,219.913003,1:15,1.712598,0.680182,1.863489,-40.1435,41.3384,32.7527,0.592309,0.401102,137.96038,-5.52499,0.171653,0.407648,,,,,,,,,,,,-18.1795,23.5536,-0.631909,15.24,1.650407,1.37187,-40.862103,-1.963786,-4.041383,7.349751,-4.57059,WAS_EDA,MEI_MEI,JinguStadium,TeamExclusive,Team,20260516-JinguStadium-1,218e8ed0-50cb-11f1-9189-39f1cca7bde1,148.80493,,,10.45272,,,,,,,afea34c9-bccf-4802-9e54-9cdb203d754b,2026/5/16,01:19.2,2026-05-16T11:01:19.2110000+09:00,2026-05-16T02:01:19.2110000Z,,v3,,,,"Ogata, Mikito",1000326132,Right,WAS_EDA,f5b55916-4ad5-4992-88fc-4499123ba652,16.576874,-41.101859,3.674876,1.712036,-1.814689,-2.285295,-0.678811,1.503704,-2.020691,,,,,,,,,,,,,,,,,,,,,,,,,,,,,105.37488,3.051311,1.99721,1.054102,-0.48244,0.502319,-0.404891,-0.556203,1.349041,-0.299937,20.226128,1.357667,-17.805558,-0.547527,21.204255,-1.423096,1.368561,5.014144,-4.773796,-0.324413,-19.057757,2.355604,High,High,High,,,High,Medium,Medium
5,2026/5/16,01:46.8,2,1,"Takahashi, Koki",1000326144,Right,WAS_EDA,"Okada, Keigo",1000242813,Left,MEI_MEI,Undefined,1,Top,1,0,2,Fastball,Sinker,StrikeCalled,Undefined,Undefined,Undefined,0,0,,148.44364,-1.097316,-4.330137,2493.097516,228.854958,1:45,1.701792,0.721985,1.912548,-45.5566,36.1393,38.6508,0.937006,-0.110421,136.75609,-4.490575,-1.589653,0.408183,,,,,,,,,,,,-22.7369,20.1941,-0.626461,15.24,1.674286,2.896904,-40.798126,-0.946638,-5.003238,7.918465,-5.362949,WAS_EDA,MEI_MEI,JinguStadium,TeamExclusive,Team,20260516-JinguStadium-1,32038270-50cb-11f1-9189-39f1cca7bde1,148.60991,,,11.68755,,,,,,,afea34c9-bccf-4802-9e54-9cdb203d754b,2026/5/16,01:46.8,2026-05-16T11:01:46.8009984+09:00,2026-05-16T02:01:46.8009984Z,,v3,,,,"Ogata, Mikito",1000326132,Right,WAS_EDA,e05953f5-f69b-4de5-ba52-f037447b8252,16.527551,-41.047265,3.959233,1.701416,-0.777903,-2.681474,-0.720083,3.054321,-2.501619,,,,,,,,,,,,,,,,,,,,,,,,,,,,,,,,,,,,,,,,,,,,,,,,,,,High,High,High,,,,,
6,2026/5/16,01:57.5,2,2,"Takahashi, Koki",1000326144,Right,WAS_EDA,"Okada, Keigo",1000242813,Left,MEI_MEI,Undefined,1,Top,1,0,2,Fastball,Four-Seam,FoulBallNotFieldable,Undefined,Undefined,Undefined,0,0,,150.48082,-1.869898,-2.796433,2472.637928,218.532663,1:15,1.728229,0.715154,1.80708,-35.2411,45.6179,34.3394,0.846193,0.267088,137.88845,-4.522459,-0.371529,0.406087,125.16057,35.098004,-127.446113,3397.310751,-22.625534,15.79991,-24.742915,81.209721,34.199913,-138.131642,3.542812,-19.4487,25.3929,-0.649316,15.24,1.68021,1.838337,-41.364437,-1.474246,-4.371451,8.682856,-4.09914,WAS_EDA,MEI_MEI,JinguStadium,TeamExclusive,Team,20260516-JinguStadium-1,385dca90-50cb-11f1-9189-39f1cca7bde1,149.37697,16.598883,,12.59238,,,,-0.248064,0.789955,-0.267023,afea34c9-bccf-4802-9e54-9cdb203d754b,2026/5/16,01:57.5,2026-05-16T11:01:57.4940160+09:00,2026-05-16T02:01:57.4940160Z,FlyBall,v3,,,,"Ogata, Mikito",1000326132,Right,WAS_EDA,c187bd87-a3ef-46e9-a6cb-26a243e36ee1,16.632717,-41.655758,4.341428,1.727366,-1.336715,-2.04957,-0.713455,1.985004,-2.185726,55.521009,-0.248037,-17.297044,-0.257936,0.139698,0.042407,-0.051763,0.019622,-0.003564,0.00026,0.790025,19.987879,-7.222526,0.728123,-0.123479,0.009188,0.001466,-0.000275,1.00E-06,-0.266878,-22.587575,3.52827,-0.764533,0.186067,-0.058164,0.018399,-0.003334,0.000239,,,,,,,,,,,,,,,,,,,,,,,High,High,High,High,Low,,,
7,2026/5/16,02:14.5,2,3,"Takahashi, Koki",1000326144,Right,WAS_EDA,"Okada, Keigo",1000242813,Left,MEI_MEI,Undefined,1,Top,1,0,2,Cutter,Slider,BallCalled,Undefined,Undefined,Undefined,0,0,,135.21418,-1.454215,-3.195378,2517.177227,75.070476,8:30,1.661687,0.753783,1.784398,-98.919,1.0233,-6.6054,0.25994,-0.218128,125.7401,-8.559732,-3.661427,0.45147,,,,,,,,,,,,1.3686,2.1877,-0.674154,15.24,1.618582,2.106522,-37.189616,-1.343882,0.249835,6.693071,-9.407289,WAS_EDA,MEI_MEI,JinguStadium,TeamExclusive,Team,20260516-JinguStadium-1,42854750-50cb-11f1-9189-39f1cca7bde1,134.36096,,,9.47408,,,,,,,afea34c9-bccf-4802-9e54-9cdb203d754b,2026/5/16,02:14.5,2026-05-16T11:02:14.5133568+09:00,2026-05-16T02:02:14.5133568Z,,v3,,,,"Ogata, Mikito",1000326132,Right,WAS_EDA,f5b934dc-07b1-418b-80f5-11c7ab259903,16.656219,-37.443628,3.346536,1.662809,-0.986862,-4.703644,-0.753919,2.09704,0.124917,,,,,,,,,,,,,,,,,,,,,,,,,,,,,,,,,,,,,,,,,,,,,,,,,,,High,High,High,,,,,
8,2026/5/16,02:30.5,2,4,"Takahashi, Koki",1000326144,Right,WAS_EDA,"Okada, Keigo",1000242813,Left,MEI_MEI,Undefined,1,Top,1,1,2,Fastball,Four-Seam,BallCalled,Undefined,Undefined,Undefined,0,0,,151.29941,-0.360747,-3.59411,2491.393437,214.684632,1:15,1.710115,0.699334,2.023614,-30.8865,47.1938,30.9698,1.300394,0.004883,138.06573,-2.742297,-1.380979,0.399048,,,,,,,,,,,,-18.6715,25.7488,-0.626559,15.24,1.700954,2.460258,-41.606505,-0.343376,-4.23248,9.059255,-3.969876,WAS_EDA,MEI_MEI,JinguStadium,TeamExclusive,Team,20260516-JinguStadium-1,4c1713c0-50cb-11f1-9189-39f1cca7bde1,152.01169,,,13.23368,,,,,,,afea34c9-bccf-4802-9e54-9cdb203d754b,2026/5/16,02:30.6,2026-05-16T11:02:30.5508352+09:00,2026-05-16T02:02:30.5508352Z,,v3,,,,"Ogata, Mikito",1000326132,Right,WAS_EDA,9221f0cc-3599-4a95-b64e-68c758af57ca,16.415832,-41.861743,4.529627,1.709053,-0.231527,-1.984938,-0.697555,2.579506,-2.11624,,,,,,,,,,,,,,,,,,,,,,,,,,,,,,,,,,,,,,,,,,,,,,,,,,,High,High,High,,,,,
9,2026/5/16,02:49.2,2,5,"Takahashi, Koki",1000326144,Right,WAS_EDA,"Okada, Keigo",1000242813,Left,MEI_MEI,Undefined,1,Top,1,2,2,Fastball,Four-Seam,FoulBallNotFieldable,Undefined,Undefined,Undefined,0,0,,150.28982,-1.506141,-4.267753,2514.257923,218.488008,1:15,1.690611,0.703728,1.968871,-33.7901,45.5967,34.3607,0.929756,-0.149748,138.00236,-4.075464,-1.823425,0.402373,106.82523,33.319081,-127.489896,3675.559274,-22.922759,11.161498,-24.467643,57.813432,29.321768,-136.825969,2.823927,-20.7811,25.5831,-0.613426,15.24,1.656181,2.915292,-41.302724,-1.19192,-4.669972,8.420542,-4.057571,WAS_EDA,MEI_MEI,JinguStadium,TeamExclusive,Team,20260516-JinguStadium-1,573329b0-50cb-11f1-9189-39f1cca7bde1,150.75563,11.313285,,12.28746,,,,-0.028249,0.907346,0.156355,afea34c9-bccf-4802-9e54-9cdb203d754b,2026/5/16,02:49.2,2026-05-16T11:02:49.2239360+09:00,2026-05-16T02:02:49.2239360Z,FlyBall,v3,,,,"Ogata, Mikito",1000326132,Right,WAS_EDA,c5f851c3-92b8-480d-ad95-a5d82958ccfc,16.47126,-41.552987,4.210271,1.689813,-1.071327,-2.028785,-0.702134,3.054086,-2.334986,50.735408,-0.028198,-15.09353,-0.307347,0.170416,-0.01443,-0.004932,0.002264,-5.40E-05,-4.10E-05,0.907367,16.299028,-7.053621,0.654631,-0.139196,0.033632,-0.009661,0.002216,-0.00022,0.156404,-19.677274,2.660969,-0.475379,0.210171,-0.125754,0.055919,-0.012911,0.001159,,,,,,,,,,,,,,,,,,,,,,,High,High,High,High,Low,,,
10,2026/5/16,03:14.7,2,6,"Takahashi, Koki",1000326144,Right,WAS_EDA,"Okada, Keigo",1000242813,Left,,Undefined,1,Top,1,2,2,Splitter,Changeup,FoulBallNotFieldable,Undefined,Undefined,Undefined,0,0,,140.62441,0.087824,-2.451205,1293.712824,267.259669,3:00,1.664764,0.761688,1.825701,-87.9683,5.4134,46.784,0.809911,0.5367,127.70414,-6.338448,0.861409,0.436401,,,,,,,,,,,,-25.9343,3.6512,-0.70584,15.24,1.661094,1.42357,-38.654502,-0.300712,-5.018739,8.627246,-9.100069,WAS_EDA,MEI_MEI,JinguStadium,TeamExclusive,Team,20260516-JinguStadium-1,66703990-50cb-11f1-9189-39f1cca7bde1,139.00062,,,12.92027,,,,,,,afea34c9-bccf-4802-9e54-9cdb203d754b,2026/5/16,03:14.7,2026-05-16T11:03:14.7392512+09:00,2026-05-16T02:03:14.7392512Z,,v3,,,,"Ogata, Mikito",1000326132,Right,WAS_EDA,4470b8ba-65fb-4cf1-adaf-4ba61f7521ba,16.614214,-38.960003,4.313623,1.666037,0.021533,-4.550034,-0.759398,1.60129,-2.50937,,,,,,,,,,,,,,,,,,,,,,,,,,,,,,,,,,,,,,,,,,,,,,,,,,,High,High,High,,,,,
11,2026/5/16,03:36.1,2,7,"Takahashi, Koki",1000326144,Right,WAS_EDA,"Okada, Keigo",1000242813,Left,MEI_MEI,Undefined,1,Top,1,2,2,Splitter,Splitter,StrikeCalled,Strikeout,Undefined,Undefined,0,0,,140.19167,0.430654,-3.697056,1319.826055,273.530796,3:00,1.66118,0.74135,1.773676,-93.7373,0.7818,38.4326,0.846103,0.076537,127.54391,-6.375635,-0.989629,0.439051,,,,,,,,,,,,-22.2556,1.1183,-0.651729,15.24,1.665356,2.290233,-38.484676,-0.11008,-4.285514,8.273061,-9.591315,WAS_EDA,MEI_MEI,JinguStadium,TeamExclusive,Team,20260516-JinguStadium-1,733125e0-50cb-11f1-9189-39f1cca7bde1,138.16176,,,12.64776,,,,,,,afea34c9-bccf-4802-9e54-9cdb203d754b,2026/5/16,03:36.1,2026-05-16T11:03:36.1160000+09:00,2026-05-16T02:03:36.1160000Z,,v3,,,,"Ogata, Mikito",1000326132,Right,WAS_EDA,0323a62b-a62e-47ec-9f8d-09e85b57844f,16.666004,-38.790013,4.13653,1.662886,0.243911,-4.795658,-0.739174,2.4484,-2.142757,,,,,,,,,,,,,,,,,,,,,,,,,,,,,102.51283,2.331144,1.280461,1.050684,-0.330275,0.758584,-0.064221,-0.491257,1.622847,-0.548771,20.563944,1.732822,-17.466988,-0.481665,21.189309,-1.104503,1.63106,4.325438,-4.025853,-0.570038,-18.112851,1.936326,High,High,High,,,High,Medium,Medium
12,2026/5/16,04:07.2,3,1,"Takahashi, Koki",1000326144,Right,WAS_EDA,"Sakakibara, Nanato",1000242816,Left,MEI_MEI,Undefined,1,Top,2,2,2,Splitter,Changeup,FoulBallNotFieldable,Undefined,Undefined,Undefined,0,0,,140.78444,-0.363593,-3.247161,1329.956459,260.995952,2:45,1.663012,0.745503,1.814807,-83.2739,9.2356,40.0736,0.727332,0.227396,129.04917,-6.427628,-0.414505,0.434358,129.80159,47.320384,-77.463574,4919.578318,,,,,30.85606,,,-22.8997,5.8408,-0.669516,15.24,1.648575,2.000389,-38.705527,-0.586137,-4.49086,7.864778,-8.661213,WAS_EDA,MEI_MEI,JinguStadium,TeamExclusive,Team,20260516-JinguStadium-1,85b857b0-50cb-11f1-9189-39f1cca7bde1,139.65439,24.297193,,11.73527,,,,0.287015,0.710938,-0.22638,afea34c9-bccf-4802-9e54-9cdb203d754b,2026/5/16,04:07.2,2026-05-16T11:04:07.2235008+09:00,2026-05-16T02:04:07.2235008Z,,v3,,,,"Ogata, Mikito",1000326132,Right,WAS_EDA,f5beee47-ba33-405c-88ef-e8c551208f86,16.625435,-38.986024,3.932389,1.663971,-0.277234,-4.330607,-0.743716,2.160556,-2.24543,,0.287015,5.305399,-3.153783,0.903743,-0.211472,0.027915,0.00825,-0.006147,0.001139,0.710938,26.506771,-8.077586,0.947781,-0.193454,0.03423,-0.005204,0.000448,4.00E-06,-0.22638,-23.859554,2.221673,-0.306295,0.0393,-0.005699,0.003121,-0.00121,0.000214,,,,,,,,,,,,,,,,,,,,,,,High,High,High,Low,Undefined,,,
13,2026/5/16,04:25.0,3,2,"Takahashi, Koki",1000326144,Right,WAS_EDA,"Sakakibara, Nanato",1000242816,Left,MEI_MEI,Undefined,1,Top,2,2,2,Cutter,Slider,FoulBallNotFieldable,Undefined,Undefined,Undefined,0,0,,137.10571,-0.275404,-2.394383,2383.335445,191.298264,12:30,1.67335,0.758554,1.774071,-87.0604,10.0679,1.4653,0.724635,0.094302,126.92603,-6.57524,-2.291029,0.445069,118.62609,46.923774,-49.127489,5532.404876,17.636424,22.64126,-28.514597,64.97723,35.769865,-64.407071,4.150152,-2.2742,6.1323,-0.698948,15.24,1.660222,1.571015,-37.738171,-0.535555,-0.427766,6.844795,-8.653188,WAS_EDA,MEI_MEI,JinguStadium,TeamExclusive,Team,20260516-JinguStadium-1,90550470-50cb-11f1-9189-39f1cca7bde1,136.29343,22.8526,,10.17968,,,,0.285062,0.730163,-0.091946,afea34c9-bccf-4802-9e54-9cdb203d754b,2026/5/16,04:25.0,2026-05-16T11:04:25.0118144+09:00,2026-05-16T02:04:25.0118144Z,FlyBall,v3,,,,"Ogata, Mikito",1000326132,Right,WAS_EDA,b989490c-afe9-4946-aa03-a29eb33ede3d,16.666182,-37.995966,3.422397,1.674255,-0.209651,-4.326594,-0.758421,1.587125,-0.213883,131.444382,0.283878,14.763919,-4.345376,1.542139,-0.761477,0.373876,-0.122332,0.02116,-0.001442,0.728339,24.116418,-7.932805,1.295585,-0.615174,0.270086,-0.074364,0.010697,-0.00061,-0.090889,-17.042231,0.404903,0.038827,0.107899,-0.069496,0.015679,-0.000879,-6.20E-05,,,,,,,,,,,,,,,,,,,,,,,High,High,High,High,Low,,,
14,2026/5/16,04:47.2,3,3,"Takahashi, Koki",1000326144,Right,WAS_EDA,"Sakakibara, Nanato",1000242816,Left,MEI_MEI,Undefined,1,Top,2,2,2,Fastball,Four-Seam,BallCalled,Undefined,Undefined,Undefined,0,0,,150.60389,0.011692,-2.114582,2532.147475,228.022502,1:30,1.71435,0.71814,1.834003,-42.494,39.4534,40.5231,1.292714,0.52609,135.183,-3.205233,0.75379,0.408811,,,,,,,,,,,,-22.3026,21.0451,-0.670066,15.24,1.711844,1.303568,-41.35206,-0.141109,-4.904928,10.455321,-5.178271,WAS_EDA,MEI_MEI,JinguStadium,TeamExclusive,Team,20260516-JinguStadium-1,9d830a70-50cb-11f1-9189-39f1cca7bde1,148.3817,,,15.4209,,,,,,,afea34c9-bccf-4802-9e54-9cdb203d754b,2026/5/16,04:47.2,2026-05-16T11:04:47.1892992+09:00,2026-05-16T02:04:47.1892992Z,,v3,,,,"Ogata, Mikito",1000326132,Right,WAS_EDA,b4df6a4b-72be-43f8-84ea-a5c7d5202c75,16.604474,-41.695622,5.227661,1.713685,0.029049,-2.589135,-0.715549,1.464744,-2.452464,,,,,,,,,,,,,,,,,,,,,,,,,,,,,,,,,,,,,,,,,,,,,,,,,,,High,High,High,,,,,
15,2026/5/16,05:01.9,3,4,"Takahashi, Koki",1000326144,Right,WAS_EDA,"Sakakibara, Nanato",1000242816,Left,MEI_MEI,Undefined,1,Top,2,3,2,Splitter,Changeup,InPlay,Undefined,GroundBall,Out,1,0,,140.83084,-1.167564,-3.802632,1416.157552,274.143253,3:15,1.664163,0.739456,1.812384,-94.369,0.3506,45.0844,0.389621,0.113687,126.59013,-8.047712,-0.615463,0.439516,143.60967,-18.806188,32.244033,,,,,1.889002,1.889002,17.22172,0.03353,-26.5096,2.1987,-0.65015,15.24,1.629477,2.341063,-38.603681,-1.180257,-5.048039,9.578677,-9.387963,WAS_EDA,MEI_MEI,JinguStadium,TeamExclusive,Team,20260516-JinguStadium-1,a65111b0-50cb-11f1-9189-39f1cca7bde1,138.01549,0.43171,,14.24071,,,,0.732119,0.43171,-0.117069,afea34c9-bccf-4802-9e54-9cdb203d754b,2026/5/16,05:01.9,2026-05-16T11:05:01.9456000+09:00,2026-05-16T02:05:01.9456000Z,GroundBall,v3,,,,"Ogata, Mikito",1000326132,Right,WAS_EDA,f4261a3e-3645-4f5e-8f77-4c34dec1f983,16.627182,-38.94636,4.789338,1.665693,-0.844401,-4.693982,-0.737133,2.521658,-2.524019,,0.731911,31.976996,,,,,,,,0.431794,-12.875296,,,,,,,,-0.117201,20.171326,,,,,,,,,,,,,,,,,,,,,,,,,,,,,,High,High,High,Estimated,Estimated,,,
16,2026/5/16,07:23.7,1,1,"Hirashima, Kaichi",1000423700,Right,MEI_MEI,"Abe, Youta",1000547801,Left,WAS_EDA,Undefined,1,Bottom,0,0,0,TwoSeamFastBall,Splitter,StrikeCalled,Undefined,Undefined,Undefined,0,0,,139.48502,-0.132042,-3.684873,814.158324,289.843281,3:45,1.647936,0.750914,1.747389,-103.1494,-8.0129,30.3749,0.578886,0.007298,128.0868,-7.56109,-1.547157,0.440482,,,,,,,,,,,,-18.0648,-3.109,-0.659507,15.24,1.636936,2.316385,-38.321827,-0.535349,-3.472494,7.715073,-10.404281,WAS_EDA,MEI_MEI,JinguStadium,TeamExclusive,Team,20260516-JinguStadium-1,fad17450-50cb-11f1-9189-39f1cca7bde1,137.71275,,,11.39822,,,,,,,afea34c9-bccf-4802-9e54-9cdb203d754b,2026/5/16,07:23.7,2026-05-16T11:07:23.7057024+09:00,2026-05-16T02:07:23.7057024Z,,v3,,,,"Fukuhara, Seiya",1000242807,Right,MEI_MEI,7235f63a-5ae3-49de-b44e-4277c10230f9,16.692961,-38.613234,3.857536,1.649735,-0.142368,-5.20214,-0.749476,2.447545,-1.736247,,,,,,,,,,,,,,,,,,,,,,,,,,,,,,,,,,,,,,,,,,,,,,,,,,,High,High,High,,,,,
17,2026/5/16,07:33.2,1,2,"Hirashima, Kaichi",1000423700,Right,MEI_MEI,"Abe, Youta",1000547801,Left,WAS_EDA,Undefined,1,Bottom,0,0,1,Fastball,Sinker,FoulBallNotFieldable,Undefined,Undefined,Undefined,0,0,,149.21798,-2.41013,-4.506676,2226.772052,233.706126,1:45,1.713916,0.756623,1.683098,-47.7372,35.819,45.325,0.547208,-0.077022,137.24452,-5.910288,-1.337588,0.412804,,,,,,,,,,,,-25.9282,20.4422,-0.64071,15.24,1.645991,2.98116,-40.927921,-1.928313,-5.728254,8.167795,-5.290404,WAS_EDA,MEI_MEI,JinguStadium,TeamExclusive,Team,20260516-JinguStadium-1,007a94e0-50cc-11f1-9189-39f1cca7bde1,146.94625,,,11.97347,,,,,,,afea34c9-bccf-4802-9e54-9cdb203d754b,2026/5/16,07:33.2,2026-05-16T11:07:33.1917312+09:00,2026-05-16T02:07:33.1917312Z,,v3,,,,"Fukuhara, Seiya",1000242807,Right,MEI_MEI,7218a975-e944-44a1-a387-3e20bce13688,16.757314,-41.229612,4.083897,1.713608,-1.732903,-2.645202,-0.754731,3.192742,-2.864127,,,,,,,,,,,,,,,,,,,,,,,,,,,,,,,,,,,,,,,,,,,,,,,,,,,High,High,High,,,,,
18,2026/5/16,07:56.1,1,3,"Hirashima, Kaichi",1000423700,Right,MEI_MEI,"Abe, Youta",1000547801,Left,WAS_EDA,Undefined,1,Bottom,0,0,2,Fastball,Sinker,FoulBallNotFieldable,Undefined,Undefined,Undefined,0,0,,150.57465,-1.179621,-3.951368,2242.068045,236.549864,2:00,1.70994,0.77023,1.671114,-50.1362,31.9704,44.6161,0.871333,0.087777,138.159,-4.852059,-0.8312,0.409208,133.237,43.033697,-40.377295,4305.315993,22.646903,24.995919,-24.723292,84.635861,64.892939,-55.898845,4.943748,-25.1631,17.6618,-0.668264,15.24,1.674293,2.609181,-41.345005,-1.070264,-5.662826,8.489874,-5.831949,WAS_EDA,MEI_MEI,JinguStadium,TeamExclusive,Team,20260516-JinguStadium-1,0e2210a0-50cc-11f1-9189-39f1cca7bde1,148.23774,27.857246,,12.41565,,,,0.175705,0.823656,-0.072945,afea34c9-bccf-4802-9e54-9cdb203d754b,2026/5/16,07:56.1,2026-05-16T11:07:56.1006592+09:00,2026-05-16T02:07:56.1006592Z,FlyBall,v3,,,,"Fukuhara, Seiya",1000242807,Right,MEI_MEI,d5b53d49-6839-4e70-9513-7a46b8606213,16.769124,-41.657815,4.244937,1.709768,-0.855386,-2.915974,-0.768244,2.817829,-2.831413,141.177823,0.178219,20.560191,-5.170426,1.052946,-0.088701,-0.005568,-0.003337,0.001603,-0.000148,0.825815,25.208547,-6.717835,0.2646,0.237718,-0.156174,0.044435,-0.006028,0.000315,-0.074823,-17.484859,0.732535,0.293222,-0.284632,0.12985,-0.032686,0.004207,-0.000215,,,,,,,,,,,,,,,,,,,,,,,High,High,High,High,Medium,,,
19,2026/5/16,08:22.3,1,4,"Hirashima, Kaichi",1000423700,Right,MEI_MEI,"Abe, Youta",1000547801,Left,WAS_EDA,Undefined,1,Bottom,0,0,2,TwoSeamFastBall,Splitter,InPlay,Undefined,GroundBall,Out,1,0,,140.56539,-0.244347,-3.29312,887.588755,257.615613,2:30,1.66224,0.723226,1.722141,-84.8125,9.1568,28.2732,0.744535,0.068749,128.75516,-6.385379,-1.306908,0.437772,154.90783,-1.73321,19.766234,2736.631156,,,,11.060884,10.902848,19.853582,0.257561,-16.7318,5.656,-0.640307,15.24,1.649415,2.079488,-38.619513,-0.527514,-3.265122,7.864739,-8.702907,WAS_EDA,MEI_MEI,JinguStadium,TeamExclusive,Team,20260516-JinguStadium-1,1dbe7e90-50cc-11f1-9189-39f1cca7bde1,138.56533,0.7468,,11.81023,,,,0.449786,0.7468,-0.062795,afea34c9-bccf-4802-9e54-9cdb203d754b,2026/5/16,08:22.3,2026-05-16T11:08:22.2608896+09:00,2026-05-16T02:08:22.2608896Z,GroundBall,v3,,,,"Fukuhara, Seiya",1000242807,Right,MEI_MEI,5c84e4a3-2cf8-42e5-9e61-f5d610f441c7,16.717959,-38.919331,3.93237,1.663201,-0.195744,-4.351454,-0.721953,2.20396,-1.632561,294.351874,0.450645,40.431835,-6.959698,,,,,,,0.747476,-1.336357,-6.089094,,,,,,,-0.06328,14.570476,1.016419,,,,,,,,,,,,,,,,,,,,,,,,,,,,,High,High,High,High,High,,,
20,2026/5/16,08:48.2,2,1,"Hirashima, Kaichi",1000423700,Right,MEI_MEI,"Kawajiri, Yuito",1000547783,Right,WAS_EDA,Undefined,1,Bottom,1,0,0,Fastball,Sinker,StrikeCalled,Undefined,Undefined,Undefined,0,0,,148.43569,-1.926505,-5.132266,2229.09929,238.743316,2:00,1.708352,0.72048,1.740416,-54.1828,30.2972,45.4226,0.617057,-0.28658,135.63335,-5.905076,-1.949588,0.41508,,,,,,,,,,,,-26.6182,17.5579,-0.592624,15.24,1.654974,3.408435,-40.668023,-1.597726,-5.76786,8.610527,-6.00205,WAS_EDA,MEI_MEI,JinguStadium,TeamExclusive,Team,20260516-JinguStadium-1,2d255d90-50cc-11f1-9189-39f1cca7bde1,146.1405,,,12.80234,,,,,,,afea34c9-bccf-4802-9e54-9cdb203d754b,2026/5/16,08:48.1,2026-05-16T11:08:48.1568256+09:00,2026-05-16T02:08:48.1568256Z,,v3,,,,"Fukuhara, Seiya",1000242807,Right,MEI_MEI,21dad4ba-bca9-424b-a455-fc1d29b53c85,16.699515,-40.975877,4.305264,1.708262,-1.383133,-3.001025,-0.718173,3.614654,-2.88393,,,,,,,,,,,,,,,,,,,,,,,,,,,,,,,,,,,,,,,,,,,,,,,,,,,High,High,High,,,,,
21,2026/5/16,08:58.3,2,2,"Hirashima, Kaichi",1000423700,Right,MEI_MEI,"Kawajiri, Yuito",1000547783,Right,WAS_EDA,Undefined,1,Bottom,1,0,1,TwoSeamFastBall,Changeup,InPlay,Undefined,FlyBall,Out,1,0,,138.08207,0.107562,-3.645802,1530.423505,273.861577,3:15,1.65367,0.710584,1.793,-95.8472,0.589,35.3963,0.725705,0.031224,126.7207,-6.837245,-1.148743,0.443481,77.64985,34.689299,-28.247581,2629.094218,,,,41.471239,39.37436,-30.807871,2.907016,-20.7636,1.036,-0.623323,15.24,1.649611,2.248558,-37.949838,-0.322618,-3.916718,7.519302,-9.611218,WAS_EDA,MEI_MEI,JinguStadium,TeamExclusive,Team,20260516-JinguStadium-1,33333360-50cc-11f1-9189-39f1cca7bde1,136.78162,9.062334,,11.36137,,,,0.455395,0.740975,-0.028907,afea34c9-bccf-4802-9e54-9cdb203d754b,2026/5/16,08:58.3,2026-05-16T11:08:58.3109632+09:00,2026-05-16T02:08:58.3109632Z,LineDrive,v3,,,,"Fukuhara, Seiya",1000242807,Right,MEI_MEI,3e90ceb5-adca-4e34-8cb3-5266a8a1b0b8,16.647455,-38.227691,3.759651,1.65497,0.032536,-4.805609,-0.709086,2.393288,-1.958359,163.690964,0.455459,15.620466,-1.94588,0.338821,0.019565,-0.060968,0.027317,-0.005349,0.000399,0.740925,12.277784,-4.771266,0.233934,-0.077626,0.036971,-0.008716,0.000664,2.00E-05,-0.028931,-8.392775,0.552736,-0.070661,-0.020056,0.024292,-0.009668,0.001778,-0.000126,,,,,,,,,,,,,,,,,,,,,,,High,High,High,High,High,,,
22,2026/5/16,09:26.8,3,1,"Hirashima, Kaichi",1000423700,Right,MEI_MEI,"Okanishi, Yuya",1000242774,Left,WAS_EDA,Undefined,1,Bottom,2,0,0,Fastball,Sinker,InPlay,Undefined,GroundBall,Out,1,0,,150.21814,-1.678878,-3.455,2335.764345,232.06499,1:45,1.704419,0.740162,1.707227,-49.2245,32.9155,39.0094,0.733455,0.145967,137.87855,-5.292954,-0.718532,0.409291,,,,,,,,,,,,-22.0797,18.5587,-0.65303,15.24,1.656721,2.278282,-41.26115,-1.418774,-4.944886,8.522491,-5.650311,WAS_EDA,MEI_MEI,JinguStadium,TeamExclusive,Team,20260516-JinguStadium-1,4439dfb0-50cc-11f1-9189-39f1cca7bde1,148.20757,,,12.33959,,,,,,,afea34c9-bccf-4802-9e54-9cdb203d754b,2026/5/16,09:26.9,2026-05-16T11:09:26.8547072+09:00,2026-05-16T02:09:26.8547072Z,,v3,,,,"Fukuhara, Seiya",1000242807,Right,MEI_MEI,e0bf6559-a2ad-41ed-8921-72decbead313,16.732833,-41.568352,4.261245,1.704191,-1.215104,-2.825155,-0.738365,2.456525,-2.472443,,,,,,,,,,,,,,,,,,,,,,,,,,,,,,,,,,,,,,,,,,,,,,,,,,,High,High,High,,,,,
23,2026/5/16,11:23.8,1,1,"Takahashi, Koki",1000326144,Right,WAS_EDA,"Utsumi, Yuta",1000188679,Left,MEI_MEI,Undefined,2,Top,0,0,0,Fastball,Four-Seam,BallCalled,Undefined,Undefined,Undefined,0,0,,147.08677,-0.721848,-2.13878,2533.261629,225.001799,1:30,1.726254,0.716188,1.770375,-43.7043,41.5197,38.8144,1.084456,0.497833,134.23812,-3.984459,0.598015,0.416904,,,,,,,,,,,,-21.1929,22.474,-0.665439,15.24,1.705079,1.303041,-40.442405,-0.671624,-4.534482,8.63956,-4.99807,WAS_EDA,MEI_MEI,JinguStadium,TeamExclusive,Team,20260516-JinguStadium-1,89ec47f0-50cc-11f1-9189-39f1cca7bde1,145.50125,,,12.84865,,,,,,,afea34c9-bccf-4802-9e54-9cdb203d754b,2026/5/16,11:23.8,2026-05-16T11:11:23.8178304+09:00,2026-05-16T02:11:23.8178304Z,,v3,,,,"Ogata, Mikito",1000326132,Right,WAS_EDA,1782523a-d3d5-415a-97cf-f792df9deb77,16.669095,-40.746553,4.31978,1.725626,-0.495671,-2.499035,-0.714122,1.462673,-2.267241,,,,,,,,,,,,,,,,,,,,,,,,,,,,,,,,,,,,,,,,,,,,,,,,,,,High,High,High,,,,,
24,2026/5/16,11:35.3,1,2,"Takahashi, Koki",1000326144,Right,WAS_EDA,"Utsumi, Yuta",1000188679,Left,MEI_MEI,Undefined,2,Top,0,1,0,Fastball,Four-Seam,StrikeCalled,Undefined,Undefined,Undefined,0,0,,146.40261,-0.981791,-4.246235,2538.475031,225.53878,1:30,1.701153,0.712064,1.896706,-48.0358,36.5599,34.6153,0.943894,-0.138167,134.20413,-4.562463,-1.794164,0.415364,,,,,,,,,,,,-20.6795,20.3815,-0.617068,15.24,1.67579,2.812482,-40.214293,-0.86208,-4.39686,8.139803,-5.473153,WAS_EDA,MEI_MEI,JinguStadium,TeamExclusive,Team,20260516-JinguStadium-1,90cb5070-50cc-11f1-9189-39f1cca7bde1,146.04066,,,12.19848,,,,,,,afea34c9-bccf-4802-9e54-9cdb203d754b,2026/5/16,11:35.3,2026-05-16T11:11:35.3321984+09:00,2026-05-16T02:11:35.3321984Z,,v3,,,,"Ogata, Mikito",1000326132,Right,WAS_EDA,4c11b4ec-ddc0-4825-a864-7f40dda9d53a,16.542984,-40.477171,4.069901,1.700777,-0.685322,-2.736576,-0.710191,2.954481,-2.19843,,,,,,,,,,,,,,,,,,,,,,,,,,,,,,,,,,,,,,,,,,,,,,,,,,,High,High,High,,,,,
25,2026/5/16,11:46.2,1,3,"Takahashi, Koki",1000326144,Right,WAS_EDA,"Utsumi, Yuta",1000188679,Left,MEI_MEI,Undefined,2,Top,0,1,1,Fastball,Four-Seam,BallCalled,Undefined,Undefined,Undefined,0,0,,147.66033,-2.757799,-4.231131,2539.09414,225.458466,1:30,1.707313,0.697825,1.901846,-44.8383,38.4231,36.4155,0.480866,-0.129753,135.56195,-6.100554,-1.64975,0.412075,,,,,,,,,,,,-21.7655,22.5933,-0.603735,15.24,1.641803,2.819266,-40.527837,-2.116047,-4.698241,8.301406,-4.929723,WAS_EDA,MEI_MEI,JinguStadium,TeamExclusive,Team,20260516-JinguStadium-1,97497440-50cc-11f1-9189-39f1cca7bde1,147.20616,,,12.09839,,,,,,,afea34c9-bccf-4802-9e54-9cdb203d754b,2026/5/16,11:46.2,2026-05-16T11:11:46.2429184+09:00,2026-05-16T02:11:46.2429184Z,,v3,,,,"Ogata, Mikito",1000326132,Right,WAS_EDA,a37e60da-abf9-445b-a972-9e330fe2865f,16.538233,-40.792891,4.150703,1.706852,-1.958647,-2.464862,-0.696146,2.969275,-2.349121,,,,,,,,,,,,,,,,,,,,,,,,,,,,,,,,,,,,,,,,,,,,,,,,,,,High,High,High,,,,,
26,2026/5/16,11:57.8,1,4,"Takahashi, Koki",1000326144,Right,WAS_EDA,"Utsumi, Yuta",1000188679,Left,MEI_MEI,Undefined,2,Top,0,2,1,Splitter,Sinker,FoulBallNotFieldable,Undefined,Undefined,Undefined,0,0,,143.37971,-1.230333,-4.013778,1889.943742,245.055964,2:15,1.678229,0.735947,1.797695,-67.1878,21.4534,40.7144,0.657302,0.005476,132.61763,-6.124254,-1.143417,0.42518,109.371,53.333294,-143.556919,4544.350855,-28.140912,20.745779,-18.226781,58.301662,39.576599,-149.259886,3.831814,-23.4943,12.5156,-0.640299,15.24,1.643304,2.566211,-39.414885,-1.121718,-4.8316,7.288812,-7.232823,WAS_EDA,MEI_MEI,JinguStadium,TeamExclusive,Team,20260516-JinguStadium-1,9e3526f0-50cc-11f1-9189-39f1cca7bde1,142.66909,20.927051,,10.76208,,,,0.479082,0.668462,-0.009271,afea34c9-bccf-4802-9e54-9cdb203d754b,2026/5/16,11:57.8,2026-05-16T11:11:57.8192384+09:00,2026-05-16T02:11:57.8192384Z,Popup,v3,,,,"Ogata, Mikito",1000326132,Right,WAS_EDA,a615a8f2-788a-48f8-96da-baaf5f583009,16.642924,-39.673473,3.644406,1.678548,-0.865117,-3.616411,-0.734382,2.737623,-2.4158,14.546032,0.478716,-14.584722,-0.600743,0.548118,-0.162524,0.028662,0.001636,-0.001429,0.000146,0.668703,24.360701,-8.623408,0.900321,-0.00984,-0.087964,0.034569,-0.005705,0.000355,-0.009598,-10.767686,0.760482,0.102566,-0.10379,0.044519,-0.008578,0.000578,6.00E-06,,,,,,,,,,,,,,,,,,,,,,,High,High,High,High,Medium,,,
27,2026/5/16,12:17.4,1,5,"Takahashi, Koki",1000326144,Right,WAS_EDA,"Utsumi, Yuta",1000188679,Left,MEI_MEI,Undefined,2,Top,0,2,2,Fastball,Four-Seam,BallCalled,Undefined,Undefined,Undefined,0,0,,148.46299,-0.150351,-3.321968,2476.79803,215.594338,1:15,1.695545,0.724735,1.888399,-39.1472,43.7104,29.3409,1.261696,0.082357,134.86066,-3.11728,-1.241913,0.411075,,,,,,,,,,,,-17.5058,23.4835,-0.65012,15.24,1.689651,2.21592,-40.789357,-0.234792,-3.795524,9.1035,-4.715064,WAS_EDA,MEI_MEI,JinguStadium,TeamExclusive,Team,20260516-JinguStadium-1,a9e0d2b0-50cc-11f1-9189-39f1cca7bde1,147.56438,,,13.60233,,,,,,,afea34c9-bccf-4802-9e54-9cdb203d754b,2026/5/16,12:17.4,2026-05-16T11:12:17.3962752+09:00,2026-05-16T02:12:17.3962752Z,,v3,,,,"Ogata, Mikito",1000326132,Right,WAS_EDA,93d08b59-9045-4a31-ae04-38a529515830,16.550777,-41.080858,4.55175,1.694752,-0.083812,-2.357532,-0.723022,2.337456,-1.897762,,,,,,,,,,,,,,,,,,,,,,,,,,,,,,,,,,,,,,,,,,,,,,,,,,,High,High,High,,,,,
28,2026/5/16,12:33.2,1,6,"Takahashi, Koki",1000326144,Right,WAS_EDA,"Utsumi, Yuta",1000188679,Left,MEI_MEI,Undefined,2,Top,0,3,2,Cutter,Slider,StrikeSwinging,Strikeout,Undefined,Undefined,0,0,,137.85273,0.393385,-1.512369,2479.592603,161.455981,11:30,1.653904,0.76936,1.754174,-79.069,18.2145,-5.0808,0.974867,0.289358,126.01117,-5.375012,-1.870371,0.445425,,,,,,,,,,,,1.495,9.9679,-0.730764,15.24,1.658119,1.026298,-37.905628,-0.06088,0.280655,7.676808,-7.93536,WAS_EDA,MEI_MEI,JinguStadium,TeamExclusive,Team,20260516-JinguStadium-1,b3579d10-50cc-11f1-9189-39f1cca7bde1,136.18464,,,11.84156,,,,,,,afea34c9-bccf-4802-9e54-9cdb203d754b,2026/5/16,12:33.2,2026-05-16T11:12:33.2090000+09:00,2026-05-16T02:12:33.2090000Z,,v3,,,,"Ogata, Mikito",1000326132,Right,WAS_EDA,786b460a-49d8-4dee-8747-4f002e9f4d48,16.685071,-38.197169,3.838404,1.654709,0.240479,-3.96768,-0.769537,1.015639,0.140328,,,,,,,,,,,,,,,,,,,,,,,,,,,,,108.7538,,,1.017212,,,,-0.245828,1.631367,0.016239,21.273283,1.822311,-16.757481,-0.237425,22.529176,-1.359907,1.645816,4.662596,-4.414509,-0.012201,-19.063067,2.56002,High,High,High,,,High,Medium,Medium
29,2026/5/16,13:00.7,2,1,"Takahashi, Koki",1000326144,Right,WAS_EDA,"Mitsuhiro, Hotaka",1000188673,Left,MEI_MEI,Undefined,2,Top,1,3,2,Curveball,Curveball,StrikeSwinging,Undefined,Undefined,Undefined,0,0,,119.20892,1.494943,-1.545001,2777.756656,60.371462,8:00,1.619082,0.775781,1.691494,-148.7537,-16.7242,-36.9836,0.557581,-0.034204,109.22034,-9.17819,-4.14317,0.518908,,,,,,,,,,,,17.5219,-8.3659,-0.732018,15.24,1.646699,1.046021,-32.764515,0.287715,2.436673,6.187682,-10.970053,WAS_EDA,MEI_MEI,JinguStadium,TeamExclusive,Team,20260516-JinguStadium-1,c3befc20-50cc-11f1-9189-39f1cca7bde1,116.89938,,,9.98857,,,,,,,afea34c9-bccf-4802-9e54-9cdb203d754b,2026/5/16,13:00.7,2026-05-16T11:13:00.7089152+09:00,2026-05-16T02:13:00.7089152Z,,v3,,,,"Ogata, Mikito",1000326132,Right,WAS_EDA,2843a3d1-5f7c-4a90-a90c-12cbd43f333b,16.748977,-33.048262,3.093841,1.621972,0.790765,-5.485026,-0.777423,0.934283,1.218337,,,,,,,,,,,,,,,,,,,,,,,,,,,,,,,,,,,,,,,,,,,,,,,,,,,High,High,High,,,,,
30,2026/5/16,13:13.4,2,2,"Takahashi, Koki",1000326144,Right,WAS_EDA,"Mitsuhiro, Hotaka",1000188673,Left,MEI_MEI,Undefined,2,Top,1,3,2,Curveball,Curveball,StrikeSwinging,Undefined,Undefined,Undefined,0,0,,125.30333,1.021744,-0.594046,2926.107416,64.60628,8:15,1.655648,0.779646,1.661928,-132.4742,-13.3188,-35.8998,0.62249,0.251141,115.16648,-8.468207,-3.113921,0.49296,,,,,,,,,,,,17.5935,-6.227,-0.760672,15.24,1.672231,0.526316,-34.465654,0.072851,2.724926,6.46841,-10.771106,WAS_EDA,MEI_MEI,JinguStadium,TeamExclusive,Team,20260516-JinguStadium-1,cb4df3b0-50cc-11f1-9189-39f1cca7bde1,123.05259,,,10.13685,,,,,,,afea34c9-bccf-4802-9e54-9cdb203d754b,2026/5/16,13:13.4,2026-05-16T11:13:13.3930496+09:00,2026-05-16T02:13:13.3930496Z,,v3,,,,"Ogata, Mikito",1000326132,Right,WAS_EDA,ae98f50f-5e20-40c1-8564-7c236585a298,16.778405,-34.753178,3.234205,1.658352,0.551631,-5.385553,-0.781375,0.405191,1.362463,,,,,,,,,,,,,,,,,,,,,,,,,,,,,,,,,,,,,,,,,,,,,,,,,,,High,High,High,,,,,
31,2026/5/16,13:27.6,2,3,"Takahashi, Koki",1000326144,Right,WAS_EDA,"Mitsuhiro, Hotaka",1000188673,Left,MEI_MEI,Undefined,2,Top,1,3,2,Splitter,Changeup,BallCalled,Undefined,Undefined,Undefined,0,0,,143.44322,-1.557346,-2.603026,1621.494904,247.440606,2:15,1.640343,0.773068,1.813598,-67.5552,21.4467,44.9742,0.523987,0.486464,131.67015,-6.498093,0.57874,0.426044,,,,,,,,,,,,-24.7186,12.9627,-0.712847,15.24,1.598026,1.563605,-39.440976,-1.34657,-5.041828,8.038426,-7.16265,WAS_EDA,MEI_MEI,JinguStadium,TeamExclusive,Team,20260516-JinguStadium-1,d3bc75d0-50cc-11f1-9189-39f1cca7bde1,142.37965,,,11.77307,,,,,,,afea34c9-bccf-4802-9e54-9cdb203d754b,2026/5/16,13:27.6,2026-05-16T11:13:27.6027904+09:00,2026-05-16T02:13:27.6027904Z,,v3,,,,"Ogata, Mikito",1000326132,Right,WAS_EDA,22011d19-914e-487e-afeb-0f72ef297979,16.626203,-39.722492,4.019213,1.640793,-1.095725,-3.581325,-0.770699,1.740176,-2.520914,,,,,,,,,,,,,,,,,,,,,,,,,,,,,,,,,,,,,,,,,,,,,,,,,,,High,High,High,,,,,
32,2026/5/16,13:43.2,2,4,"Takahashi, Koki",1000326144,Right,WAS_EDA,"Mitsuhiro, Hotaka",1000188673,Left,MEI_MEI,Undefined,2,Top,1,0,2,Fastball,Four-Seam,BallCalled,Undefined,Undefined,Undefined,0,0,,149.99623,-1.440915,-1.948768,2527.169013,217.504025,1:15,1.695388,0.725414,1.902265,-34.9302,46.0409,33.2712,0.94067,0.510041,136.35607,-4.103886,0.416546,0.406368,,,,,,,,,,,,-18.5455,25.6653,-0.682975,15.24,1.660502,1.230099,-41.244099,-1.145634,-4.106989,9.391491,-4.12294,WAS_EDA,MEI_MEI,JinguStadium,TeamExclusive,Team,20260516-JinguStadium-1,dd0cf380-50cc-11f1-9189-39f1cca7bde1,149.27359,,,13.64017,,,,,,,afea34c9-bccf-4802-9e54-9cdb203d754b,2026/5/16,13:43.2,2026-05-16T11:13:43.2593408+09:00,2026-05-16T02:13:43.2593408Z,,v3,,,,"Ogata, Mikito",1000326132,Right,WAS_EDA,c399c9b4-3cfe-4dec-8fb7-03db8fd49507,16.536904,-41.538361,4.695745,1.694374,-1.016451,-2.06147,-0.723534,1.358783,-2.053495,,,,,,,,,,,,,,,,,,,,,,,,,,,,,,,,,,,,,,,,,,,,,,,,,,,High,High,High,,,,,
33,2026/5/16,14:00.3,2,5,"Takahashi, Koki",1000326144,Right,WAS_EDA,"Mitsuhiro, Hotaka",1000188673,Left,MEI_MEI,Undefined,2,Top,1,1,2,Splitter,Changeup,InPlay,Undefined,FlyBall,Out,1,0,,140.36978,-1.073061,-3.374309,1599.688703,244.632451,2:15,1.64083,0.748239,1.823151,-71.4414,20.8951,38.3929,0.622693,0.177757,129.56462,-6.287044,-0.660152,0.433952,151.92796,32.874491,15.46995,3085.862595,32.148693,20.689781,9.517787,102.245399,98.498395,18.35251,5.519401,-22.0029,12.2448,-0.669531,15.24,1.61016,2.092806,-38.607568,-1.005796,-4.327168,7.239263,-7.398549,WAS_EDA,MEI_MEI,JinguStadium,TeamExclusive,Team,20260516-JinguStadium-1,e735cfd0-50cc-11f1-9189-39f1cca7bde1,139.78509,29.156701,,10.80516,,,,0.416137,0.644601,-0.184423,afea34c9-bccf-4802-9e54-9cdb203d754b,2026/5/16,14:00.3,2026-05-16T11:14:00.2920448+09:00,2026-05-16T02:14:00.2920448Z,FlyBall,v3,,,,"Ogata, Mikito",1000326132,Right,WAS_EDA,ced5dab8-9dba-436f-a8e3-6b58d208e872,16.617262,-38.864959,3.619631,1.641245,-0.742742,-3.699274,-0.746676,2.246658,-2.163584,191.890539,0.417603,34.131958,-7.424328,1.658521,-0.276719,0.030061,-0.001598,2.80E-05,-1.00E-06,0.644077,22.914667,-5.087554,0.198979,0.026937,-0.026331,0.0081,-0.001114,5.70E-05,-0.184444,9.454976,-1.053896,0.108282,-0.005114,-0.000104,-0.000245,6.30E-05,-4.00E-06,,,,,,,,,,,,,,,,,,,,,,,High,High,High,High,Medium,,,
34,2026/5/16,14:31.7,3,1,"Takahashi, Koki",1000326144,Right,WAS_EDA,"Tamenaga, Hikaru",1000419475,Left,MEI_MEI,Undefined,2,Top,2,0,0,Fastball,Four-Seam,InPlay,Undefined,FlyBall,Out,1,0,,147.50982,-0.92166,-2.767193,2537.701522,211.617875,1:00,1.675116,0.708472,1.970348,-36.5516,45.7208,26.6232,1.051257,0.199424,135.30855,-3.697618,-0.868465,0.409621,143.89052,53.317146,15.829293,4298.12264,,,,,21.607811,,,-15.8692,25.3624,-0.650313,15.24,1.653251,1.837415,-40.605081,-0.766658,-3.438082,8.344388,-4.311862,WAS_EDA,MEI_MEI,JinguStadium,TeamExclusive,Team,20260516-JinguStadium-1,f9f01f90-50cc-11f1-9189-39f1cca7bde1,148.08823,30.672341,,12.20127,,,,0.451253,1.080718,-0.207504,afea34c9-bccf-4802-9e54-9cdb203d754b,2026/5/16,14:31.7,2026-05-16T11:14:31.7262848+09:00,2026-05-16T02:14:31.7262848Z,,v3,,,,"Ogata, Mikito",1000326132,Right,WAS_EDA,76d692a2-e063-4a5a-ba22-8ab3f08abb5b,16.469796,-40.857023,4.172194,1.674434,-0.636469,-2.155931,-0.707357,1.941222,-1.719042,179.090773,0.451253,22.971783,-7.419494,2.289304,-0.585139,0.14237,-0.032647,0.006053,-0.000633,1.080718,32.053791,-7.220138,0.432338,0.047801,-0.045848,0.016279,-0.003792,0.000448,-0.207504,6.513046,-2.231146,0.701303,-0.181853,0.044771,-0.01036,0.001933,-0.000203,,,,,,,,,,,,,,,,,,,,,,,High,High,High,High,Undefined,,,
35,2026/5/16,16:28.3,1,1,"Hirashima, Kaichi",1000423700,Right,MEI_MEI,"Terao, Kensei",1000242786,Right,WAS_EDA,Undefined,2,Bottom,0,0,0,Cutter,Slider,BallCalled,Undefined,Undefined,Undefined,0,0,,129.37662,-0.133852,-4.556494,2349.374592,51.049878,7:45,1.651058,0.72948,1.67476,-111.0283,2.1094,-2.1651,0.502492,-0.594015,117.87033,-8.114844,-4.707669,0.480351,,,,,,,,,,,,-2.4779,2.4543,-0.607583,15.24,1.638607,2.834433,-35.433463,-0.539943,-0.402829,7.266089,-9.407666,WAS_EDA,MEI_MEI,JinguStadium,TeamExclusive,Team,20260516-JinguStadium-1,3f7eac20-50cd-11f1-9189-39f1cca7bde1,126.28275,,,11.50629,,,,,,,afea34c9-bccf-4802-9e54-9cdb203d754b,2026/5/16,16:28.3,2026-05-16T11:16:28.3014656+09:00,2026-05-16T02:16:28.3014656Z,,v3,,,,"Fukuhara, Seiya",1000242807,Right,MEI_MEI,b14e8ce6-bebc-44c1-8fbf-ddd5e1ec0021,16.76431,-35.744675,3.633044,1.653104,-0.137004,-4.703833,-0.729354,2.851686,-0.201415,,,,,,,,,,,,,,,,,,,,,,,,,,,,,,,,,,,,,,,,,,,,,,,,,,,High,High,High,,,,,
36,2026/5/16,16:39.5,1,2,"Hirashima, Kaichi",1000423700,Right,MEI_MEI,"Terao, Kensei",1000242786,Right,WAS_EDA,Undefined,2,Bottom,0,1,0,Fastball,Sinker,BallCalled,Undefined,Undefined,Undefined,0,0,,147.99109,0.185015,-4.736056,1990.49417,238.898646,2:00,1.707623,0.697121,1.720249,-56.3847,27.7044,41.9796,1.196559,-0.232692,136.42729,-3.930763,-1.797482,0.414118,,,,,,,,,,,,-24.1434,14.6811,-0.577608,15.24,1.708098,3.141099,-40.634377,-0.108424,-5.284219,7.634527,-6.593433,WAS_EDA,MEI_MEI,JinguStadium,TeamExclusive,Team,20260516-JinguStadium-1,46184730-50cd-11f1-9189-39f1cca7bde1,146.47988,,,11.5638,,,,,,,afea34c9-bccf-4802-9e54-9cdb203d754b,2026/5/16,16:39.5,2026-05-16T11:16:39.4916864+09:00,2026-05-16T02:16:39.4916864Z,,v3,,,,"Fukuhara, Seiya",1000242807,Right,MEI_MEI,a1aecaba-e314-4a1e-9d87-78e9c19f7e3b,16.720004,-40.9115,3.817263,1.70769,0.130909,-3.296716,-0.695107,3.332909,-2.642109,,,,,,,,,,,,,,,,,,,,,,,,,,,,,,,,,,,,,,,,,,,,,,,,,,,High,High,High,,,,,
37,2026/5/16,16:54.5,1,3,"Hirashima, Kaichi",1000423700,Right,MEI_MEI,"Terao, Kensei",1000242786,Right,WAS_EDA,Undefined,2,Bottom,0,2,0,Fastball,Sinker,FoulBallNotFieldable,Undefined,Undefined,Undefined,0,0,,148.34653,-1.277805,-4.246536,1981.72275,237.880926,2:00,1.668579,0.695299,1.69383,-56.192,27.5433,40.1653,0.741708,-0.114581,137.31187,-5.362688,-1.435284,0.413246,154.56262,6.012491,47.251106,4840.589119,20.75979,2.495817,26.327726,54.281032,54.000004,54.899608,1.617596,-22.9095,15.4294,-0.586599,15.24,1.630377,2.811124,-40.755264,-1.155911,-5.053244,7.52738,-6.403323,WAS_EDA,MEI_MEI,JinguStadium,TeamExclusive,Team,20260516-JinguStadium-1,4f03c180-50cd-11f1-9189-39f1cca7bde1,146.78898,2.58088,,11.03466,,,,-0.034418,0.795078,-0.022014,afea34c9-bccf-4802-9e54-9cdb203d754b,2026/5/16,16:54.5,2026-05-16T11:16:54.4617472+09:00,2026-05-16T02:16:54.4617472Z,GroundBall,v3,,,,"Fukuhara, Seiya",1000242807,Right,MEI_MEI,07872ddb-3591-4e58-8e57-66907dd93ce6,16.746643,-41.032593,3.76369,1.668618,-0.919995,-3.201661,-0.693598,2.9973,-2.526622,,-0.034418,28.982895,-8.376557,2.013517,-0.437233,0.088723,-0.015585,0.001896,-0.000105,0.795079,4.496693,-2.381975,-0.775598,0.318359,-0.090046,0.017554,-0.001771,1.80E-05,-0.022014,31.354681,-3.4765,0.860148,-0.148887,0.01811,0.000105,-0.000681,0.000114,,,,,,,,,,,,,,,,,,,,,,,High,High,High,High,High,,,
38,2026/5/16,17:14.7,1,4,"Hirashima, Kaichi",1000423700,Right,MEI_MEI,"Terao, Kensei",1000242786,Right,WAS_EDA,Undefined,2,Bottom,0,2,1,Fastball,Sinker,StrikeCalled,Undefined,Undefined,Undefined,0,0,,149.31197,-0.584855,-2.94789,2028.298049,239.695374,2:00,1.679988,0.74021,1.713087,-56.0395,27.3907,42.2919,0.95301,0.323889,136.21751,-4.697058,0.022094,0.412493,,,,,,,,,,,,-23.8561,15.0905,-0.667023,15.24,1.660469,1.890249,-41.033584,-0.658796,-5.245693,9.035622,-6.488427,WAS_EDA,MEI_MEI,JinguStadium,TeamExclusive,Team,20260516-JinguStadium-1,5b049220-50cd-11f1-9189-39f1cca7bde1,147.05714,,,13.09446,,,,,,,afea34c9-bccf-4802-9e54-9cdb203d754b,2026/5/16,17:14.6,2026-05-16T11:17:14.6596352+09:00,2026-05-16T02:17:14.6596352Z,,v3,,,,"Fukuhara, Seiya",1000242807,Right,MEI_MEI,af87657e-8de2-4abd-ac82-d155c5ba7510,16.727347,-41.359802,4.517811,1.680025,-0.424541,-3.244213,-0.738686,2.079637,-2.622847,,,,,,,,,,,,,,,,,,,,,,,,,,,,,,,,,,,,,,,,,,,,,,,,,,,High,High,High,,,,,
39,2026/5/16,17:31.7,1,5,"Hirashima, Kaichi",1000423700,Right,MEI_MEI,"Terao, Kensei",1000242786,Right,WAS_EDA,Undefined,2,Bottom,0,2,2,Fastball,Sinker,InPlay,Undefined,FlyBall,Out,1,0,,150.38973,-1.16848,-4.419131,2011.588347,238.676232,2:00,1.682515,0.706416,1.737227,-54.4002,27.8802,41.4191,0.805608,-0.137006,137.12049,-5.165385,-1.513447,0.40964,128.32654,34.533489,19.861221,4655.811355,30.245304,18.967209,14.468874,79.546241,77.873219,33.760859,4.483187,-24.2604,15.7964,-0.596403,15.24,1.648506,2.964411,-41.252747,-1.073979,-5.3957,9.070643,-6.293404,WAS_EDA,MEI_MEI,JinguStadium,TeamExclusive,Team,20260516-JinguStadium-1,65347350-50cd-11f1-9189-39f1cca7bde1,148.08107,21.038139,,13.26924,,,,0.25106,0.804811,0.141697,afea34c9-bccf-4802-9e54-9cdb203d754b,2026/5/16,17:31.7,2026-05-16T11:17:31.6855296+09:00,2026-05-16T02:17:31.6855296Z,FlyBall,v3,,,,"Fukuhara, Seiya",1000242807,Right,MEI_MEI,b0496ada-5f0a-4d09-ade9-2a1db5aa6cdc,16.702769,-41.573136,4.535322,1.682514,-0.851686,-3.146702,-0.704476,3.154996,-2.69785,214.412139,0.251119,27.618314,-6.032605,1.406952,-0.323704,0.078189,-0.017045,0.002412,-0.000145,0.805208,20.196425,-5.592555,0.249037,0.081566,-0.066014,0.020534,-0.002981,0.000166,0.141684,9.976472,0.334378,-0.243899,0.089772,-0.025964,0.005389,-0.000658,3.40E-05,,,,,,,,,,,,,,,,,,,,,,,High,High,High,High,Medium,,,
40,2026/5/16,18:00.7,2,1,"Hirashima, Kaichi",1000423700,Right,MEI_MEI,"Tokumaru, Kaisei",1000422696,Left,WAS_EDA,Undefined,2,Bottom,1,0,0,Curveball,Curveball,StrikeCalled,Undefined,Undefined,Undefined,0,0,,120.3066,2.165436,-1.726671,2276.563076,34.589098,7:15,1.667661,0.687624,1.734246,-141.5239,-13.6681,-12.0917,0.868133,0.076062,110.75224,-8.019668,-2.57779,0.51064,,,,,,,,,,,,4.9125,-7.1644,-0.642467,15.24,1.712609,1.050387,-33.081317,0.714519,0.703809,5.739964,-10.833096,WAS_EDA,MEI_MEI,JinguStadium,TeamExclusive,Team,20260516-JinguStadium-1,768743d0-50cd-11f1-9189-39f1cca7bde1,118.79213,,,9.55435,,,,,,,afea34c9-bccf-4802-9e54-9cdb203d754b,2026/5/16,18:00.7,2026-05-16T11:18:00.6804992+09:00,2026-05-16T02:18:00.6804992Z,,v3,,,,"Fukuhara, Seiya",1000242807,Right,MEI_MEI,0484e079-4b9e-4b2b-8ed3-4a68610d48bb,16.706068,-33.334725,2.869982,1.670507,1.192779,-5.416548,-0.688154,1.019315,0.351905,,,,,,,,,,,,,,,,,,,,,,,,,,,,,,,,,,,,,,,,,,,,,,,,,,,High,High,High,,,,,
41,2026/5/16,18:14.4,2,2,"Hirashima, Kaichi",1000423700,Right,MEI_MEI,"Tokumaru, Kaisei",1000422696,Left,WAS_EDA,Undefined,2,Bottom,1,0,1,TwoSeamFastBall,Splitter,StrikeSwinging,Undefined,Undefined,Undefined,0,0,,140.43278,-0.007093,-2.557231,789.232983,295.241105,3:45,1.673268,0.754499,1.710834,-111.1487,-15.7511,40.4986,0.559761,0.431522,127.36882,-8.01262,0.293152,0.441086,,,,,,,,,,,,-22.4696,-6.8627,-0.691038,15.24,1.664571,1.509711,-38.562966,-0.50753,-4.310088,8.881998,-11.123043,WAS_EDA,MEI_MEI,JinguStadium,TeamExclusive,Team,20260516-JinguStadium-1,7eacaf00-50cd-11f1-9189-39f1cca7bde1,137.52415,,,13.06396,,,,,,,afea34c9-bccf-4802-9e54-9cdb203d754b,2026/5/16,18:14.4,2026-05-16T11:18:14.3740928+09:00,2026-05-16T02:18:14.3740928Z,,v3,,,,"Fukuhara, Seiya",1000242807,Right,MEI_MEI,be0589a4-7e08-4916-aedf-cfdb772544b4,16.729013,-38.904411,4.440999,1.675863,-0.079935,-5.561521,-0.75226,1.675401,-2.155044,,,,,,,,,,,,,,,,,,,,,,,,,,,,,,,,,,,,,,,,,,,,,,,,,,,High,High,High,,,,,
42,2026/5/16,18:32.4,2,3,"Hirashima, Kaichi",1000423700,Right,MEI_MEI,"Tokumaru, Kaisei",1000422696,Left,WAS_EDA,Undefined,2,Bottom,1,0,2,Fastball,Sinker,InPlay,Undefined,FlyBall,HomeRun,0,1,,152.6457,-2.116,-4.580222,2349.990903,235.766261,1:45,1.690946,0.749677,1.76463,-43.0944,36.4304,49.7687,0.657834,-0.05409,139.3855,-5.316528,-1.083585,0.402723,169.78275,25.42929,29.610383,2712.092145,28.156648,15.04258,18.202118,120.14621,114.364179,40.931647,4.754093,-28.6595,20.835,-0.63821,15.24,1.634586,3.084662,-41.862098,-1.723144,-6.577376,9.16106,-5.025002,WAS_EDA,MEI_MEI,JinguStadium,TeamExclusive,Team,20260516-JinguStadium-1,89610270-50cd-11f1-9189-39f1cca7bde1,150.62475,22.351146,,13.2602,,,,0.420498,0.698989,0.05099,afea34c9-bccf-4802-9e54-9cdb203d754b,2026/5/16,18:32.4,2026-05-16T11:18:32.4235776+09:00,2026-05-16T02:18:32.4235776Z,FlyBall,v3,,,,"Fukuhara, Seiya",1000242807,Right,MEI_MEI,85207a44-5c65-4543-a74f-3a5e4054ccd2,16.675605,-42.175094,4.58053,1.690526,-1.55146,-2.512501,-0.74744,3.309384,-3.288688,219.476594,0.420508,37.032652,-8.886216,2.340392,-0.55244,0.117904,-0.021398,0.002617,-0.000142,0.699619,20.234628,-4.879097,-0.148395,0.221418,-0.093151,0.022767,-0.002878,0.000144,0.05102,21.04364,-1.085733,-0.160754,0.112386,-0.030086,0.004516,-0.000323,6.00E-06,,,,,,,,,,,,,,,,,,,,,,,High,High,High,High,Medium,,,
43,2026/5/16,19:22.9,3,1,"Hirashima, Kaichi",1000423700,Right,MEI_MEI,"Takahashi, Hiroto",1000326145,Right,WAS_EDA,Undefined,2,Bottom,1,0,2,Curveball,Curveball,StrikeCalled,Undefined,Undefined,Undefined,0,0,,115.41649,1.995815,-1.49032,2185.438946,52.662569,7:45,1.715076,0.647968,1.625987,-155.9747,-14.0987,-24.5408,0.726478,-0.023709,105.76151,-9.162991,-3.207266,0.537909,,,,,,,,,,,,11.1349,-7.122,-0.604785,15.24,1.756599,0.932939,-31.702108,0.510119,1.452839,5.685845,-10.735902,WAS_EDA,MEI_MEI,JinguStadium,TeamExclusive,Team,20260516-JinguStadium-1,a7931cb0-50cd-11f1-9189-39f1cca7bde1,112.76994,,,9.65499,,,,,,,afea34c9-bccf-4802-9e54-9cdb203d754b,2026/5/16,19:22.9,2026-05-16T11:19:22.8861440+09:00,2026-05-16T02:19:22.8861440Z,,v3,,,,"Fukuhara, Seiya",1000242807,Right,MEI_MEI,b61441f1-898f-44bd-9eca-9cab64ef4726,16.814187,-31.983196,2.842923,1.718262,1.040863,-5.367951,-0.649131,0.861116,0.726419,,,,,,,,,,,,,,,,,,,,,,,,,,,,,,,,,,,,,,,,,,,,,,,,,,,High,High,High,,,,,
44,2026/5/16,19:31.3,3,2,"Hirashima, Kaichi",1000423700,Right,MEI_MEI,"Takahashi, Hiroto",1000326145,Right,WAS_EDA,Undefined,2,Bottom,1,0,2,Fastball,Sinker,StrikeCalled,Undefined,Undefined,Undefined,0,0,,150.16305,-2.194178,-5.098734,2240.358862,247.188,2:15,1.721324,0.689267,1.694929,-59.5336,24.0855,50.4087,0.498391,-0.262393,136.35501,-6.544155,-1.574339,0.412959,,,,,,,,,,,,-29.2681,14.6652,-0.55888,15.24,1.658695,3.386875,-41.099982,-1.842547,-6.429316,9.416946,-6.585163,WAS_EDA,MEI_MEI,JinguStadium,TeamExclusive,Team,20260516-JinguStadium-1,ac87e160-50cd-11f1-9189-39f1cca7bde1,146.89094,,,13.80803,,,,,,,afea34c9-bccf-4802-9e54-9cdb203d754b,2026/5/16,19:31.3,2026-05-16T11:19:31.3491968+09:00,2026-05-16T02:19:31.3491968Z,,v3,,,,"Fukuhara, Seiya",1000242807,Right,MEI_MEI,1c55fe0d-a56b-49fa-9fe6-050f70e5112d,16.744875,-41.443349,4.708473,1.721502,-1.602434,-3.292581,-0.686648,3.621305,-3.214658,,,,,,,,,,,,,,,,,,,,,,,,,,,,,,,,,,,,,,,,,,,,,,,,,,,High,High,High,,,,,
45,2026/5/16,19:45.5,3,3,"Hirashima, Kaichi",1000423700,Right,MEI_MEI,"Takahashi, Hiroto",1000326145,Right,WAS_EDA,Undefined,2,Bottom,1,0,2,TwoSeamFastBall,Splitter,StrikeCalled,Strikeout,Undefined,Undefined,0,0,,138.83242,-1.177073,-4.519264,910.158183,266.780849,3:00,1.643048,0.753128,1.774693,-91.6354,5.1403,32.7251,0.392065,-0.202885,126.42193,-7.820072,-2.216101,0.444261,,,,,,,,,,,,-20.1842,4.4988,-0.642655,15.24,1.60714,2.846235,-38.059481,-1.164757,-3.793116,8.243243,-8.961219,WAS_EDA,MEI_MEI,JinguStadium,TeamExclusive,Team,20260516-JinguStadium-1,b4f774f0-50cd-11f1-9189-39f1cca7bde1,136.54147,,,12.41049,,,,,,,afea34c9-bccf-4802-9e54-9cdb203d754b,2026/5/16,19:45.5,2026-05-16T11:19:45.4629376+09:00,2026-05-16T02:19:45.4629376Z,,v3,,,,"Fukuhara, Seiya",1000242807,Right,MEI_MEI,bd730951-3fa7-4a1a-be4a-4cf760cf0065,16.665081,-38.366896,4.121622,1.644346,-0.830567,-4.48061,-0.751437,2.987692,-1.896558,,,,,,,,,,,,,,,,,,,,,,,,,,,,,,,,,,,,,,,,,,,,,,,,,,,High,High,High,,,,,
46,2026/5/16,19:59.3,4,1,"Hirashima, Kaichi",1000423700,Right,MEI_MEI,"Ogata, Mikito",1000326132,Left,WAS_EDA,Undefined,2,Bottom,2,0,2,TwoSeamFastBall,Splitter,BallCalled,Undefined,Undefined,Undefined,0,0,,139.20507,-0.733153,-4.099205,878.012161,280.954128,3:15,1.629385,0.764475,1.81344,-101.0591,-4.2714,40.8492,0.410998,0.012186,125.36887,-8.085971,-1.212984,0.444288,,,,,,,,,,,,-24.4732,-0.5075,-0.667692,15.24,1.604851,2.532253,-38.156039,-0.90913,-4.562919,9.202371,-9.901265,WAS_EDA,MEI_MEI,JinguStadium,TeamExclusive,Team,20260516-JinguStadium-1,bd35bf50-50cd-11f1-9189-39f1cca7bde1,136.53306,,,13.8362,,,,,,,afea34c9-bccf-4802-9e54-9cdb203d754b,2026/5/16,19:59.3,2026-05-16T11:19:59.3400000+09:00,2026-05-16T02:19:59.3400000Z,,v3,,,,"Fukuhara, Seiya",1000242807,Right,MEI_MEI,b3ca96c2-9fb4-4da1-893b-3c3fd342ee0f,16.626117,-38.488887,4.601186,1.631257,-0.551002,-4.950632,-0.762268,2.697293,-2.28146,,,,,,,,,,,,,,,,,,,,,,,,,,,,,101.85766,,,1.004175,,,,0.350721,1.606429,1.353196,20.685039,1.436963,17.346251,0.368703,22.343719,-2.111116,1.611308,3.686563,-3.846524,1.357485,16.579987,-0.656911,High,High,High,,,High,Medium,Medium
47,2026/5/16,20:23.1,4,2,"Hirashima, Kaichi",1000423700,Right,MEI_MEI,"Ogata, Mikito",1000326132,Left,WAS_EDA,Undefined,2,Bottom,2,1,2,Curveball,Curveball,BallCalled,Undefined,Undefined,Undefined,0,0,,119.02194,2.940061,-0.965823,2322.184539,53.705675,7:45,1.701453,0.688089,1.692291,-143.3287,-13.1008,-22.7166,1.10636,0.185827,110.31211,-7.335854,-2.560364,0.515355,,,,,,,,,,,,10.8342,-7.249,-0.660815,15.24,1.767608,0.651879,-32.744706,1.133271,1.535196,5.120027,-10.833823,WAS_EDA,MEI_MEI,JinguStadium,TeamExclusive,Team,20260516-JinguStadium-1,cb722810-50cd-11f1-9189-39f1cca7bde1,117.70523,,,8.70984,,,,,,,afea34c9-bccf-4802-9e54-9cdb203d754b,2026/5/16,20:23.1,2026-05-16T11:20:23.0968832+09:00,2026-05-16T02:20:23.0968832Z,,v3,,,,"Fukuhara, Seiya",1000242807,Right,MEI_MEI,dbd2b9c7-887b-4ce3-8c4e-ddd4b053033e,16.748436,-32.979725,2.560014,1.704175,1.630564,-5.416911,-0.68912,0.581411,0.767598,,,,,,,,,,,,,,,,,,,,,,,,,,,,,,,,,,,,,,,,,,,,,,,,,,,High,High,High,,,,,
48,2026/5/16,20:33.3,4,3,"Hirashima, Kaichi",1000423700,Right,MEI_MEI,"Ogata, Mikito",1000326132,Left,WAS_EDA,Undefined,2,Bottom,2,2,2,Fastball,Four-Seam,FoulBallNotFieldable,Undefined,Undefined,Undefined,0,0,,148.88816,-1.566192,-4.586857,2413.149515,226.268962,1:30,1.692433,0.762554,1.700186,-45.3379,39.1414,38.0013,0.791669,-0.16595,135.569,-4.926394,-1.929074,0.415078,130.69307,13.866496,41.877957,2332.594911,24.004765,3.083194,23.407051,46.930842,46.594798,45.591677,1.534885,-22.5724,21.7627,-0.64516,15.24,1.647752,3.067718,-40.810203,-1.300807,-4.909888,8.931474,-5.072885,WAS_EDA,MEI_MEI,JinguStadium,TeamExclusive,Team,20260516-JinguStadium-1,d1780ea0-50cd-11f1-9189-39f1cca7bde1,146.14119,3.74047,,13.31916,,,,0.387641,0.801142,0.159721,afea34c9-bccf-4802-9e54-9cdb203d754b,2026/5/16,20:33.3,2026-05-16T11:20:33.3034496+09:00,2026-05-16T02:20:33.3034496Z,LineDrive,v3,,,,"Fukuhara, Seiya",1000242807,Right,MEI_MEI,582831ca-1ace-4a00-a1d9-bf4003a68613,16.739662,-41.137101,4.465737,1.691965,-1.115136,-2.536442,-0.760729,3.247423,-2.454944,284.078785,0.387641,26.242814,-3.785995,0.426849,-0.115445,0.040041,-0.021732,0.009089,-0.001605,0.801142,8.700606,-6.848265,0.674737,-0.140075,0.080461,-0.056069,0.025289,-0.00468,0.159721,23.528115,-1.208104,0.053901,-0.033017,0.025159,-0.019511,0.008887,-0.001614,,,,,,,,,,,,,,,,,,,,,,,High,High,High,High,High,,,
49,2026/5/16,21:12.6,4,4,"Hirashima, Kaichi",1000423700,Right,MEI_MEI,"Ogata, Mikito",1000326132,Left,WAS_EDA,Undefined,2,Bottom,2,2,2,Fastball,Sinker,StrikeSwinging,Undefined,Undefined,Undefined,0,0,,152.17159,-1.536425,-3.267067,2411.646854,231.422907,1:45,1.676596,0.750573,1.749039,-40.3994,39.4895,46.3267,0.83573,0.285598,139.01183,-4.547021,-0.008287,0.403644,,,,,,,,,,,,-25.7289,21.8986,-0.671019,15.24,1.634597,2.129015,-41.799233,-1.279429,-5.889865,9.092703,-4.793613,WAS_EDA,MEI_MEI,JinguStadium,TeamExclusive,Team,20260516-JinguStadium-1,e8e0f250-50cd-11f1-9189-39f1cca7bde1,150.28112,,,13.15976,,,,,,,afea34c9-bccf-4802-9e54-9cdb203d754b,2026/5/16,21:12.6,2026-05-16T11:21:12.5811200+09:00,2026-05-16T02:21:12.5811200Z,,v3,,,,"Fukuhara, Seiya",1000242807,Right,MEI_MEI,5bb1bd28-4854-44f1-8f6b-48750126513a,16.690749,-42.113636,4.546351,1.675971,-1.113678,-2.396806,-0.748156,2.332672,-2.944932,,,,,,,,,,,,,,,,,,,,,,,,,,,,,,,,,,,,,,,,,,,,,,,,,,,High,High,High,,,,,
50,2026/5/16,21:30.9,4,5,"Hirashima, Kaichi",1000423700,Right,MEI_MEI,"Ogata, Mikito",1000326132,Left,WAS_EDA,Undefined,2,Bottom,2,2,2,Fastball,Sinker,FoulBallNotFieldable,Undefined,Undefined,Undefined,0,0,,154.52708,-1.101696,-3.357976,2308.439672,240.397076,2:00,1.674519,0.787245,1.719665,-50.9799,26.2975,42.2545,0.850902,0.253937,142.06907,-4.831765,-0.390993,0.396991,150.33607,15.971871,-48.546868,3507.88365,19.452205,7.796928,-27.308079,79.941983,58.461832,-62.231223,2.806472,-23.6598,14.7625,-0.703589,15.24,1.642062,2.257054,-42.47537,-1.04365,-5.627113,8.840883,-6.295633,WAS_EDA,MEI_MEI,JinguStadium,TeamExclusive,Team,20260516-JinguStadium-1,f3c1acf0-50cd-11f1-9189-39f1cca7bde1,152.79938,8.36972,,12.45801,,,,-0.043696,0.784424,-0.207895,afea34c9-bccf-4802-9e54-9cdb203d754b,2026/5/16,21:30.9,2026-05-16T11:21:30.8617728+09:00,2026-05-16T02:21:30.8617728Z,LineDrive,v3,,,,"Fukuhara, Seiya",1000242807,Right,MEI_MEI,a3f0cf42-1d4d-4518-80da-043bf1be4353,16.720616,-42.782437,4.420442,1.674514,-0.824986,-3.147816,-0.785377,2.452499,-2.813556,119.614502,-0.043693,26.578159,-8.273559,2.134955,-0.499707,0.103373,-0.018216,0.002246,-0.000131,0.784423,11.490953,-4.37889,-0.068008,0.099329,-0.032811,0.007268,-0.000896,4.90E-05,-0.207892,-30.090894,2.182666,-0.059852,-0.088582,0.036995,-0.008636,0.001178,-7.50E-05,,,,,,,,,,,,,,,,,,,,,,,High,High,High,High,Medium,,,
51,2026/5/16,21:53.4,4,6,"Hirashima, Kaichi",1000423700,Right,MEI_MEI,"Ogata, Mikito",1000326132,Left,WAS_EDA,Undefined,2,Bottom,2,2,2,TwoSeamFastBall,Splitter,InPlay,Undefined,GroundBall,Out,1,0,,139.12175,0.046595,-3.794522,905.109678,294.920711,3:45,1.651627,0.760584,1.74897,-102.8223,-7.3813,22.0969,0.636658,-0.096963,128.00567,-7.355951,-2.240363,0.441186,143.85435,5.286477,20.430746,1267.422058,,,,28.837331,28.064872,21.266284,0.790936,-13.8966,-2.9814,-0.665878,15.24,1.645171,2.426323,-38.224956,-0.410773,-2.663635,7.517604,-10.378099,WAS_EDA,MEI_MEI,JinguStadium,TeamExclusive,Team,20260516-JinguStadium-1,01314fd0-50ce-11f1-9189-39f1cca7bde1,137.49294,1.168266,,11.11608,,,,0.341417,0.59209,0.064126,afea34c9-bccf-4802-9e54-9cdb203d754b,2026/5/16,21:53.4,2026-05-16T11:21:53.4002688+09:00,2026-05-16T02:21:53.4002688Z,GroundBall,v3,,,,"Fukuhara, Seiya",1000242807,Right,MEI_MEI,876c21f5-af51-4464-96de-2d5d72dbbb84,16.691457,-38.509353,3.758802,1.653285,-0.018162,-5.18905,-0.759574,2.52709,-1.331817,303.366764,0.357354,37.012064,-4.431802,,,,,,,0.604302,3.471999,-5.373737,,,,,,,0.065524,13.865857,-0.918304,,,,,,,,,,,,,,,,,,,,,,,,,,,,,High,High,High,High,High,,,
52,2026/5/16,22:26.2,1,1,"Takahashi, Koki",1000423700,Right,WAS_EDA,"Fukuhara, Seiya",1000242780,Right,MEI_MEI,Undefined,3,Top,0,0,0,Fastball,Changeup,BallCalled,Undefined,Undefined,Undefined,0,0,,113.67716,2.237893,-3.264667,2130.888141,213.696482,1:00,1.897878,0.739505,1.516579,-99.0975,48.758,29.3686,1.552501,0.092373,103.67725,-4.945882,-1.231146,0.549128,,,,,,,,,,,,-16.6838,23.9333,-0.646351,15.24,1.954369,1.642664,-31.147851,0.864377,-2.119869,5.069985,-6.765648,WAS_EDA,MEI_MEI,JinguStadium,TeamExclusive,Team,20260516-JinguStadium-1,14d71100-50ce-11f1-9189-39f1cca7bde1,110.4661,,,9.9999,,,,,,,afea34c9-bccf-4802-9e54-9cdb203d754b,2026/5/16,22:26.2,2026-05-16T11:22:26.1992960+09:00,2026-05-16T02:22:26.1992960Z,,v3,,,,"Fukuhara, Seiya",1000242807,Right,MEI_MEI,f2104771-c1fd-4175-af3e-88c4f3454df0,16.921943,-31.420431,2.534992,1.898119,1.228121,-3.382824,-0.73773,1.756635,-1.059934,,,,,,,,,,,,,,,,,,,,,,,,,,,,,,,,,,,,,,,,,,,,,,,,,,,High,High,High,,,,,
53,2026/5/16,22:36.7,1,2,"Takahashi, Koki",1000423700,Right,WAS_EDA,"Fukuhara, Seiya",1000242780,Right,MEI_MEI,Undefined,3,Top,0,0,0,Curveball,Curveball,StrikeCalled,Undefined,Undefined,Undefined,0,0,,110.80141,1.016552,-2.106151,2525.863976,35.323947,7:15,1.7816,0.719394,1.482522,-169.1323,-15.3138,-13.7877,0.383745,-0.026306,103.89149,-10.870432,-3.063549,0.560091,,,,,,,,,,,,5.5462,-7.0942,-0.654664,15.24,1.794626,1.180134,-30.484661,-0.112894,0.682139,4.370472,-10.679173,WAS_EDA,MEI_MEI,JinguStadium,TeamExclusive,Team,20260516-JinguStadium-1,1b143430-50ce-11f1-9189-39f1cca7bde1,108.30375,,,6.90992,,,,,,,afea34c9-bccf-4802-9e54-9cdb203d754b,2026/5/16,22:36.7,2026-05-16T11:22:36.6786560+09:00,2026-05-16T02:22:36.6786560Z,,v3,,,,"Fukuhara, Seiya",1000242807,Right,MEI_MEI,dbb1c0e7-a9d8-44c8-9297-b9b61a8d242b,16.958658,-30.730071,2.185236,1.784129,0.486761,-5.339587,-0.719855,1.141831,0.34107,,,,,,,,,,,,,,,,,,,,,,,,,,,,,,,,,,,,,,,,,,,,,,,,,,,High,High,High,,,,,
54,2026/5/16,23:57.9,1,3,"Takahashi, Koki",1000423700,Right,WAS_EDA,"Fukuhara, Seiya",1000242780,Right,MEI_MEI,Undefined,3,Top,0,0,0,Fastball,Four-Seam,InPlay,Undefined,Undefined,Undefined,0,0,,144.23261,-1.295676,-2.545121,2590.774969,210.22453,1:00,1.718918,0.725216,1.844403,-41.4518,46.2627,25.3521,0.938404,0.260161,131.96372,-4.411212,-0.750527,0.422951,,,,,,,,,,,,-14.7481,25.5192,-0.666433,15.24,1.685455,1.63486,-39.657899,-1.036481,-3.040776,8.141743,-4.545101,WAS_EDA,MEI_MEI,JinguStadium,TeamExclusive,Team,20260516-JinguStadium-1,4b6ce9b0-50ce-11f1-9189-39f1cca7bde1,143.42078,,,12.26889,,,,,,,afea34c9-bccf-4802-9e54-9cdb203d754b,2026/5/16,23:57.9,2026-05-16T11:23:57.8987008+09:00,2026-05-16T02:23:57.8987008Z,,v3,,,,"Fukuhara, Seiya",1000242807,Right,MEI_MEI,2ced5603-e8ed-42d2-b6b7-4583e0e0b5ab,16.595023,-39.935116,4.070872,1.718111,-0.881726,-2.27255,-0.723861,1.738395,-1.520388,,,,,,,,,,,,,,,,,,,,,,,,,,,,,,,,,,,,,,,,,,,,,,,,,,,High,High,High,,,,,
55,2026/5/16,24:08.7,2,1,"Takahashi, Koki",1000423700,Right,WAS_EDA,"Naito, Yamato",1000242780,Right,MEI_MEI,Undefined,3,Top,0,0,0,Fastball,Four-Seam,InPlay,Undefined,Undefined,Undefined,0,0,,145.88129,-2.579579,-3.983563,2622.273843,211.731236,1:00,1.691369,0.69731,1.935599,-38.071,46.9702,27.3836,0.584697,-0.148273,133.62543,-5.458451,-2.038594,0.416456,,,,,,,,,,,,-17.0154,27.0733,-0.610587,15.24,1.63195,2.657682,-40.052253,-1.927328,-3.579666,8.275564,-4.111035,WAS_EDA,MEI_MEI,JinguStadium,TeamExclusive,Team,20260516-JinguStadium-1,51d848d0-50ce-11f1-9189-39f1cca7bde1,145.65757,,,12.25586,,,,,,,afea34c9-bccf-4802-9e54-9cdb203d754b,2026/5/16,24:08.7,2026-05-16T11:24:08.6825472+09:00,2026-05-16T02:24:08.6825472Z,,v3,,,,"Fukuhara, Seiya",1000242807,Right,MEI_MEI,52768d31-dea6-4f1c-8abe-726e632bffdf,16.504253,-40.312626,4.137782,1.690555,-1.797983,-2.055517,-0.695977,2.770309,-1.789833,,,,,,,,,,,,,,,,,,,,,,,,,,,,,,,,,,,,,,,,,,,,,,,,,,,High,High,High,,,,,
56,2026/5/16,24:21.6,3,1,"Takahashi, Koki",1000423700,Right,WAS_EDA,"Tsuda, Motoki",1000242780,Left,MEI_MEI,Undefined,3,Top,0,0,0,Cutter,Slider,BallCalled,Undefined,Undefined,Undefined,0,0,,135.67603,-1.032947,-2.782592,2562.312757,175.658577,11:45,1.674719,0.75473,1.78447,-86.0782,12.1522,-0.7341,0.521035,-0.041246,126.94075,-7.23519,-2.834388,0.447587,86.06015,-42.375661,-32.687038,,,,,1.041862,0.689121,-14.32819,0.032796,-1.1946,7.522,-0.685774,15.24,1.642956,1.819526,-37.367033,-1.017283,-0.222434,6.031858,-8.406026,WAS_EDA,MEI_MEI,JinguStadium,TeamExclusive,Team,20260516-JinguStadium-1,598c0670-50ce-11f1-9189-39f1cca7bde1,135.52667,0.530748,,8.73527,,,,0.519843,0.530748,0.056333,afea34c9-bccf-4802-9e54-9cdb203d754b,2026/5/16,24:21.6,2026-05-16T11:24:21.6084992+09:00,2026-05-16T02:24:21.6084992Z,GroundBall,v3,,,,"Fukuhara, Seiya",1000242807,Right,MEI_MEI,c64aa16a-24b6-436a-9f69-9415b8ac704f,16.656255,-37.594952,3.015929,1.675394,-0.699653,-4.203013,-0.754685,1.827931,-0.111217,,0.519496,14.928917,,,,,,,,0.531124,-16.183241,,,,,,,,0.056555,-9.579425,,,,,,,,,,,,,,,,,,,,,,,,,,,,,,High,High,High,Low,Low,,,
57,2026/5/16,25:00.4,3,2,"Takahashi, Koki",1000423700,Right,WAS_EDA,"Tsuda, Motoki",1000242780,Left,MEI_MEI,Undefined,3,Top,0,0,0,Cutter,Slider,FoulBallNotFieldable,Undefined,Undefined,Undefined,0,0,,135.93519,0.728197,-1.853153,2482.063978,122.144193,10:00,1.680943,0.743908,1.747205,-87.2446,11.2045,-13.778,1.015311,0.079936,126.48997,-5.572517,-2.823018,0.448085,,,,,,,,,,,,5.982,6.0355,-0.69578,15.24,1.692903,1.276787,-37.448057,0.12022,1.115564,6.258276,-8.681113,WAS_EDA,MEI_MEI,JinguStadium,TeamExclusive,Team,20260516-JinguStadium-1,70ab36f0-50ce-11f1-9189-39f1cca7bde1,135.37605,,,9.44521,,,,,,,afea34c9-bccf-4802-9e54-9cdb203d754b,2026/5/16,25:00.4,2026-05-16T11:25:00.3799040+09:00,2026-05-16T02:25:00.3799040Z,,v3,,,,"Fukuhara, Seiya",1000242807,Right,MEI_MEI,080a1fee-37fc-451f-8d35-b07d040edfe5,16.69333,-37.690153,3.129138,1.681757,0.456041,-4.340557,-0.744336,1.233632,0.557782,,,,,,,,,,,,,,,,,,,,,,,,,,,,,,,,,,,,,,,,,,,,,,,,,,,High,High,High,,,,,
58,2026/5/16,25:31.7,3,3,"Takahashi, Koki",1000423700,Right,WAS_EDA,"Tsuda, Motoki",1000242780,Left,MEI_MEI,Undefined,3,Top,0,0,0,Fastball,Changeup,BallCalled,Undefined,Undefined,Undefined,0,0,,139.61195,0.393264,-1.526201,1807.057393,217.359831,1:15,1.659873,0.757463,1.749686,-66.3636,28.3755,19.4033,1.107887,0.518255,127.60213,-4.477909,-0.15936,0.439561,,,,,,,,,,,,-10.8617,15.0836,-0.720157,15.24,1.665003,0.923194,-38.391758,-0.000245,-2.096133,7.721825,-6.895765,WAS_EDA,MEI_MEI,JinguStadium,TeamExclusive,Team,20260516-JinguStadium-1,835c5ef0-50ce-11f1-9189-39f1cca7bde1,138.00131,,,12.00981,,,,,,,afea34c9-bccf-4802-9e54-9cdb203d754b,2026/5/16,25:31.7,2026-05-16T11:25:31.7360640+09:00,2026-05-16T02:25:31.7360640Z,,v3,,,,"Fukuhara, Seiya",1000242807,Right,MEI_MEI,583760d2-2f04-4649-87b7-c799f3c912b5,16.689418,-38.682184,3.860912,1.660135,0.259112,-3.447883,-0.756362,1.002032,-1.048066,,,,,,,,,,,,,,,,,,,,,,,,,,,,,,,,,,,,,,,,,,,,,,,,,,,High,High,High,,,,,
59,2026/5/16,25:45.6,3,4,"Takahashi, Koki",1000423700,Right,WAS_EDA,"Tsuda, Motoki",1000242780,Left,MEI_MEI,Undefined,3,Top,2,0,0,Fastball,Four-Seam,StrikeCalled,Undefined,Undefined,Undefined,0,0,,145.64236,-0.978387,-3.691486,2571.937111,216.800015,1:15,1.689735,0.738093,1.969219,-43.4435,41.7381,29.1478,0.980785,-0.005367,132.64632,-4.263571,-1.615654,0.4168,128.58886,49.329694,-47.437243,4210.866465,18.747125,31.071585,-27.796969,71.583499,57.931031,-61.30081,5.299532,-17.9191,23.3703,-0.659996,15.24,1.666241,2.443087,-40.021821,-0.823242,-3.743547,8.695987,-4.924278,WAS_EDA,MEI_MEI,JinguStadium,TeamExclusive,Team,20260516-JinguStadium-1,8b9c2ff0-50ce-11f1-9189-39f1cca7bde1,145.53748,32.301865,,12.99604,,,,0.076853,0.986424,0.011738,afea34c9-bccf-4802-9e54-9cdb203d754b,2026/5/16,25:45.6,2026-05-16T11:25:45.5812096+09:00,2026-05-16T02:25:45.5812096Z,FlyBall,v3,,,,"Fukuhara, Seiya",1000242807,Right,MEI_MEI,e58bcf1d-6c9e-43b4-b184-51fafe58d571,16.470409,-40.288279,4.347993,1.689155,-0.672355,-2.462139,-0.736613,2.557795,-1.871773,153.139908,0.079368,15.692299,-4.966185,1.076969,0.048135,-0.118419,0.035423,-0.004561,0.000222,0.983793,27.136965,-7.010125,0.7631,-0.203316,0.044598,-0.004262,-8.00E-05,2.60E-05,0.011554,-17.139496,2.086746,-0.320789,-0.007004,0.023912,-0.007093,0.000927,-4.60E-05,,,,,,,,,,,,,,,,,,,,,,,High,High,High,Medium,Low,,,
60,2026/5/16,26:05.5,3,5,"Takahashi, Koki",1000423700,Right,WAS_EDA,"Tsuda, Motoki",1000242780,Left,MEI_MEI,Undefined,3,Top,2,0,0,Fastball,Four-Seam,FoulBallNotFieldable,Undefined,Undefined,Undefined,0,0,,147.78738,-0.458403,-2.61744,2514.126963,214.408483,1:15,1.711023,0.741979,1.852612,-41.8176,42.1927,26.9892,1.163438,0.273225,134.18406,-3.611566,-0.706229,0.413924,,,,,,,,,,,,-15.7114,22.8447,-0.681882,15.24,1.697501,1.714522,-40.61207,-0.46819,-3.373108,9.116679,-4.902082,WAS_EDA,MEI_MEI,JinguStadium,TeamExclusive,Team,20260516-JinguStadium-1,9780c600-50ce-11f1-9189-39f1cca7bde1,146.54857,,,13.60331,,,,,,,afea34c9-bccf-4802-9e54-9cdb203d754b,2026/5/16,26:05.5,2026-05-16T11:26:05.5561728+09:00,2026-05-16T02:26:05.5561728Z,,v3,,,,"Fukuhara, Seiya",1000242807,Right,MEI_MEI,e62bd9f6-065b-4204-a027-4349e9926d34,16.586327,-40.91318,4.55834,1.71029,-0.306281,-2.451041,-0.740349,1.825931,-1.686554,,,,,,,,,,,,,,,,,,,,,,,,,,,,,,,,,,,,,,,,,,,,,,,,,,,High,High,High,,,,,
61,2026/5/16,26:19.9,3,6,"Takahashi, Koki",1000423700,Right,WAS_EDA,"Tsuda, Motoki",1000242780,Left,MEI_MEI,Undefined,3,Top,2,0,0,Fastball,Changeup,BallCalled,Undefined,Undefined,Undefined,0,0,,138.64562,-0.843972,-3.195945,1550.400237,240.85262,2:00,1.648651,0.73727,1.832613,-73.4318,21.6288,33.5138,0.675645,0.169082,127.2493,-6.220217,-0.825078,0.440306,,,,,,,,,,,,-19.338,12.6375,-0.662913,15.24,1.623648,1.964886,-38.112157,-0.847067,-3.68495,7.468623,-7.398514,WAS_EDA,MEI_MEI,JinguStadium,TeamExclusive,Team,20260516-JinguStadium-1,a017dec0-50ce-11f1-9189-39f1cca7bde1,137.76771,,,11.39632,,,,,,,afea34c9-bccf-4802-9e54-9cdb203d754b,2026/5/16,26:19.9,2026-05-16T11:26:19.9304704+09:00,2026-05-16T02:26:19.9304704Z,,v3,,,,"Fukuhara, Seiya",1000242807,Right,MEI_MEI,a5746fff-6570-4c10-8506-f4ce3b8f46b7,16.607055,-38.379116,3.734311,1.6492,-0.582614,-3.699257,-0.7355,2.096602,-1.842475,,,,,,,,,,,,,,,,,,,,,,,,,,,,,,,,,,,,,,,,,,,,,,,,,,,High,High,High,,,,,
62,2026/5/16,26:34.4,3,7,"Takahashi, Koki",1000423700,Right,WAS_EDA,"Tsuda, Motoki",1000242780,Left,MEI_MEI,Undefined,3,Top,2,0,0,Fastball,Four-Seam,BallCalled,Walk,Undefined,Undefined,0,0,,147.5524,-1.519063,-3.371345,2492.695114,211.064193,1:00,1.655718,0.723849,2.033334,-40.1396,42.1096,23.7624,0.829896,0.020283,134.5598,-4.570619,-1.671464,0.409563,,,,,,,,,,,,-14.979,24.1152,-0.656023,15.24,1.622633,2.279128,-40.568198,-1.198399,-3.216374,8.908748,-4.628497,WAS_EDA,MEI_MEI,JinguStadium,TeamExclusive,Team,20260516-JinguStadium-1,a8bcb320-50ce-11f1-9189-39f1cca7bde1,148.10919,,,12.9926,,,,,,,afea34c9-bccf-4802-9e54-9cdb203d754b,2026/5/16,26:34.5,2026-05-16T11:26:34.4504320+09:00,2026-05-16T02:26:34.4504320Z,,v3,,,,"Fukuhara, Seiya",1000242807,Right,MEI_MEI,42b127ba-576b-488d-8c00-e3f56e73e88d,16.40636,-40.823527,4.454374,1.655078,-1.065745,-2.314248,-0.722665,2.371311,-1.608187,,,,,,,,,,,,,,,,,,,,,,,,,,,,,,,,,,,,,,,,,,,,,,,,,,,High,High,High,,,,,
63,2026/5/16,26:51.8,4,1,"Takahashi, Koki",1000423700,Right,WAS_EDA,"Tanoue, Kai",1000242780,Left,MEI_MEI,Undefined,3,Top,2,0,0,Fastball,Four-Seam,Undefined,Undefined,Undefined,Undefined,0,0,,150.25309,-3.012798,-2.378465,2587.900204,222.793929,1:30,1.692141,0.725434,1.936994,-39.3978,41.5643,35.8415,0.451466,0.416229,136.1299,-5.996765,0.175169,0.406346,,,,,,,,,,,,-20.4038,24.8025,-0.674705,15.24,1.623217,1.529984,-41.249755,-2.300294,-4.494045,9.869983,-4.343761,WAS_EDA,MEI_MEI,JinguStadium,TeamExclusive,Team,20260516-JinguStadium-1,b3118170-50ce-11f1-9189-39f1cca7bde1,149.28179,,,14.12319,,,,,,,afea34c9-bccf-4802-9e54-9cdb203d754b,2026/5/16,26:51.8,2026-05-16T11:26:51.7675008+09:00,2026-05-16T02:26:51.7675008Z,,v3,,,,"Fukuhara, Seiya",1000242807,Right,MEI_MEI,78a50166-2ce4-4b0b-b530-07938a14bbce,16.50216,-41.550659,4.934992,1.691327,-2.167866,-2.17188,-0.723438,1.666993,-2.247022,,,,,,,,,,,,,,,,,,,,,,,,,,,,,,,,,,,,,,,,,,,,,,,,,,,High,High,High,,,,,
64,2026/5/16,27:10.5,1,1,"Hirashima, Kaichi",1000423700,Right,MEI_MEI,"Yamane, Juntaro",1000242780,Right,WAS_EDA,Undefined,3,Bottom,2,0,0,Cutter,Slider,Undefined,Undefined,Undefined,Undefined,0,0,,137.53581,-1.19497,-1.233859,2580.309113,128.610252,10:15,1.63606,0.772084,1.822364,-84.6275,12.3143,-11.5832,0.452038,0.307593,126.17058,-7.355057,-2.054493,0.444642,,,,,,,,,,,,5.0522,8.1546,-0.741613,15.24,1.601683,0.870597,-37.8337,-1.125009,0.943971,7.715015,-8.283022,WAS_EDA,MEI_MEI,JinguStadium,TeamExclusive,Team,20260516-JinguStadium-1,be3ed570-50ce-11f1-9189-39f1cca7bde1,136.42443,,,11.36524,,,,,,,afea34c9-bccf-4802-9e54-9cdb203d754b,2026/5/16,27:10.5,2026-05-16T11:27:10.5063424+09:00,2026-05-16T02:27:10.5063424Z,,v3,,,,"Fukuhara, Seiya",1000242807,Right,MEI_MEI,c35a81d7-cf6b-415d-a018-f818ca6cd724,16.617193,-38.113501,3.857508,1.637037,-0.824608,-4.141511,-0.772566,0.836362,0.471985,,,,,,,,,,,,,,,,,,,,,,,,,,,,,,,,,,,,,,,,,,,,,,,,,,,High,High,High,,,,,
65,2026/5/16,27:47.1,2,1,"Hirashima, Kaichi",1000423700,Right,MEI_MEI,"Yuasa, Ousuke",1000242780,Right,WAS_EDA,Undefined,3,Bottom,2,0,0,Fastball,Changeup,Undefined,Undefined,Undefined,Undefined,0,0,,137.63915,0.094575,-3.650325,1671.4215,249.26453,2:15,1.648472,0.740336,1.754251,-78.4722,19.3322,42.7758,0.890638,0.131013,125.68432,-5.631368,-0.641457,0.446616,,,,,,,,,,,,-24.3261,10.7335,-0.65111,15.24,1.645155,2.198353,-37.799446,-0.254199,-4.542951,7.607128,-7.802144,WAS_EDA,MEI_MEI,JinguStadium,TeamExclusive,Team,20260516-JinguStadium-1,d40c58a0-50ce-11f1-9189-39f1cca7bde1,135.82147,,,11.95483,,,,,,,afea34c9-bccf-4802-9e54-9cdb203d754b,2026/5/16,27:47.1,2026-05-16T11:27:47.0850000+09:00,2026-05-16T02:27:47.0850000Z,,v3,,,,"Fukuhara, Seiya",1000242807,Right,MEI_MEI,6654ba25-5f8d-4fb6-8466-97e08d5504d8,16.685563,-38.089254,3.803564,1.649178,0.043039,-3.901072,-0.738157,2.371425,-2.271475,,,,,,,,,,,,,,,,,,,,,,,,,,,,,133.63493,1.88704,0.684134,1.202905,-0.359778,0.810418,-0.123164,-0.274493,1.732611,-0.065005,38.794527,1.526232,-0.299529,-0.230753,36.413217,-3.334976,1.731508,3.71801,-3.23279,-0.074894,-0.879984,0.583832,High,High,High,,,High,Medium,Medium
66,2026/5/16,28:36.5,2,2,"Hirashima, Kaichi",1000326144,Right,MEI_MEI,"Yuasa, Ousuke",1000242807,Right,WAS_EDA,Undefined,3,Bottom,2,0,0,Fastball,Changeup,Undefined,Undefined,Undefined,Undefined,0,0,,130.4526,-2.15396,-5.513311,2173.385591,215.968412,1:15,1.931184,0.653579,1.596411,-59.3665,53.2447,35.7136,0.7173,-0.573613,118.24633,-6.528844,-3.037452,0.479232,,,,,,,,,,,,-21.8726,29.3294,-0.501864,15.24,1.865401,3.257447,-35.634212,-1.56252,-3.607674,7.149663,-4.969054,WAS_EDA,MEI_MEI,JinguStadium,TeamExclusive,Team,20260516-JinguStadium-1,f18ef900-50ce-11f1-9189-39f1cca7bde1,126.57761,,,12.20626,,,,,,,afea34c9-bccf-4802-9e54-9cdb203d754b,2026/5/16,28:36.5,2026-05-16T11:28:36.5497856+09:00,2026-05-16T02:28:36.5497856Z,,v3,,,,"Ogata, Mikito",1000326132,Right,WAS_EDA,4e5e4505-e0e6-4825-a3b6-e5f995342d55,16.842294,-35.95426,3.574831,1.930367,-1.340085,-2.484527,-0.651295,3.418941,-1.803837,,,,,,,,,,,,,,,,,,,,,,,,,,,,,,,,,,,,,,,,,,,,,,,,,,,High,High,High,,,,,
67,2026/5/16,29:40.0,3,1,"Hirashima, Kaichi",1000326144,Right,MEI_MEI,"Abe, Youta",1000242807,Left,WAS_EDA,Undefined,3,Bottom,2,0,0,Fastball,Sinker,InPlay,Undefined,FlyBall,Out,1,0,,146.30283,-0.801141,-3.219034,2282.561724,229.86629,1:45,1.716362,0.729863,1.688291,-49.5821,38.0594,41.6332,0.991941,0.228213,132.76782,-4.474306,-0.301515,0.422775,112.68097,30.953043,-28.529985,2023.553168,29.356283,14.709222,-16.196725,73.601751,71.117954,-27.943349,3.874093,-23.469,20.6943,-0.648164,15.24,1.6913,2.033634,-40.157802,-0.761243,-4.922311,8.981657,-5.466284,WAS_EDA,MEI_MEI,JinguStadium,TeamExclusive,Team,20260516-JinguStadium-1,175efef0-50cf-11f1-9189-39f1cca7bde1,143.48045,15.204569,,13.53501,,,,0.290884,0.984914,-0.223736,afea34c9-bccf-4802-9e54-9cdb203d754b,2026/5/16,29:40.0,2026-05-16T11:29:40.0407040+09:00,2026-05-16T02:29:40.0407040Z,FlyBall,v3,,,,"Ogata, Mikito",1000326132,Right,WAS_EDA,6dd73637-b892-44b5-9c0e-4ba86dd12afa,16.751366,-40.494422,4.490828,1.715991,-0.556375,-2.733142,-0.727839,2.218115,-2.461156,174.786183,0.291185,23.574092,-3.565316,0.726343,-0.047198,-0.035166,0.014203,-0.002119,0.000113,0.98473,16.10368,-4.920539,0.253902,-0.035376,-0.005563,0.008286,-0.002197,0.000183,-0.223789,-12.819383,1.706926,-0.277062,0.033927,-0.001137,-0.000152,-6.70E-05,1.30E-05,,,,,,,,,,,,,,,,,,,,,,,High,High,High,High,Medium,,,
68,2026/5/16,30:08.4,3,2,"Hirashima, Kaichi",1000326144,Right,MEI_MEI,"Abe, Youta",1000242811,Left,WAS_EDA,Undefined,3,Bottom,0,0,0,Fastball,Sinker,Undefined,Undefined,Undefined,Undefined,0,0,,148.28288,-3.551534,-6.259936,2355.701245,233.052163,1:45,1.710257,0.726496,1.74878,-52.2648,32.3342,39.5201,0.172275,-0.662086,136.47844,-7.369696,-3.498654,0.415372,,,,,,,,,,,,-24.166,19.568,-0.57003,15.24,1.615662,4.235843,-40.518232,-2.744035,-5.232784,8.001936,-5.569501,WAS_EDA,MEI_MEI,JinguStadium,TeamExclusive,Team,20260516-JinguStadium-1,283e9b40-50cf-11f1-9189-39f1cca7bde1,146.03775,,,11.80444,,,,,,,afea34c9-bccf-4802-9e54-9cdb203d754b,2026/5/16,30:08.4,2026-05-16T11:30:08.3736576+09:00,2026-05-16T02:30:08.3736576Z,,v3,,,,"Ogata, Mikito",1000326132,Right,WAS_EDA,3ac4f098-c121-4025-a9c1-5fbcd4ecd49f,16.691343,-40.80385,4.000968,1.710059,-2.545239,-2.784751,-0.724557,4.42262,-2.616392,,,,,,,,,,,,,,,,,,,,,,,,,,,,,,,,,,,,,,,,,,,,,,,,,,,High,High,High,,,,,
69,2026/5/16,30:15.0,3,3,"Hirashima, Kaichi",1000423700,Right,MEI_MEI,"Abe, Youta",1000422710,Left,WAS_EDA,Undefined,3,Bottom,0,0,0,Fastball,,BallCalled,Undefined,Undefined,Undefined,0,0,,,,,,,,,,,,,,,,,,,,,,,,,,,,,,,,,,,,,,,,,,WAS_EDA,MEI_MEI,JinguStadium,TeamExclusive,Team,20260516-JinguStadium-1,9ae95a81-50d0-11f1-9189-39f1cca7bde1,,,,,,,,,,,afea34c9-bccf-4802-9e54-9cdb203d754b,2026/5/16,30:15.0,2026-05-16T11:30:15.0000000+09:00,2026-05-16T02:30:15.0000000Z,,v3,,,,"Fukuhara, Seiya",1000242807,Right,MEI_MEI,9ae95a80-50d0-11f1-9189-39f1cca7bde1,,,,,,,,,,,,,,,,,,,,,,,,,,,,,,,,,,,,,,,,,,,,,,,,,,,,,,,,,,,,,,,,,,,
70,2026/5/16,30:22.3,4,1,"Hirashima, Kaichi",1000423700,Right,MEI_MEI,"Kawajiri, Yuito",1000422710,Right,WAS_EDA,Undefined,3,Bottom,0,1,0,Fastball,Sinker,InPlay,Undefined,GroundBall,Out,1,0,,148.88628,-1.867528,-3.845805,2318.440852,233.071048,1:45,1.692233,0.728054,1.705572,-48.9526,35.1552,43.1676,0.669874,0.063677,136.00312,-5.474692,-0.819676,0.414165,121.07619,-19.54581,-5.800966,,,,,1.965178,1.965178,-7.094651,0.056965,-24.5661,19.9212,-0.630916,15.24,1.639559,2.51154,-40.853908,-1.536482,-5.367259,8.761862,-5.45422,WAS_EDA,MEI_MEI,JinguStadium,TeamExclusive,Team,20260516-JinguStadium-1,30a0c150-50cf-11f1-9189-39f1cca7bde1,146.46353,0.642617,,12.88316,,,,0.149306,0.642617,-0.059765,afea34c9-bccf-4802-9e54-9cdb203d754b,2026/5/16,30:22.3,2026-05-16T11:30:22.3314432+09:00,2026-05-16T02:30:22.3314432Z,GroundBall,v3,,,,"Fukuhara, Seiya",1000242807,Right,MEI_MEI,f1143496-0dd1-4fb5-8abc-685ce77166c7,16.734353,-41.173151,4.380931,1.691922,-1.337754,-2.72711,-0.725988,2.707099,-2.683629,,0.148563,31.613014,,,,,,,,0.642883,-11.280979,,,,,,,,-0.059689,-3.211671,,,,,,,,,,,,,,,,,,,,,,,,,,,,,,High,High,High,Estimated,Estimated,,,
71,2026/5/16,30:59.7,4,2,"Hirashima, Kaichi",1000423700,Right,MEI_MEI,"Kawajiri, Yuito",1000547801,Right,WAS_EDA,Undefined,3,Bottom,1,0,0,TwoSeamFastBall,Splitter,FoulBallNotFieldable,Undefined,Undefined,Undefined,0,0,,140.70462,-0.579912,-4.221788,1065.491568,272.77728,3:00,1.647161,0.753166,1.688734,-92.5642,1.1623,32.7975,0.555866,-0.123682,129.85516,-7.225078,-1.924811,0.437206,134.59209,-18.67466,54.631022,,,,,2.07826,2.07826,45.459724,0.046992,-19.4316,1.7277,-0.644184,15.24,1.624328,2.686367,-38.642985,-0.801005,-3.824024,7.33956,-9.466655,WAS_EDA,MEI_MEI,JinguStadium,TeamExclusive,Team,20260516-JinguStadium-1,46d65520-50cf-11f1-9189-39f1cca7bde1,138.74472,0.563559,,10.84946,,,,0.49256,0.563559,0.121635,afea34c9-bccf-4802-9e54-9cdb203d754b,2026/5/16,30:59.7,2026-05-16T11:30:59.7145088+09:00,2026-05-16T02:30:59.7145088Z,GroundBall,v3,,,,"Fukuhara, Seiya",1000242807,Right,MEI_MEI,a1138efa-2eb1-427d-ab56-2a12c49cab03,16.751831,-38.929071,3.66978,1.648359,-0.432007,-4.733327,-0.7518,2.835423,-1.912012,,0.492281,20.538535,,,,,,,,0.563722,-11.99259,,,,,,,,0.121241,28.93369,,,,,,,,,,,,,,,,,,,,,,,,,,,,,,High,High,High,Estimated,Estimated,,,
72,2026/5/16,31:20.2,4,3,"Hirashima, Kaichi",1000423700,Right,MEI_MEI,"Kawajiri, Yuito",1000547801,Right,WAS_EDA,Undefined,3,Bottom,1,0,1,TwoSeamFastBall,Splitter,StrikeSwinging,Undefined,Undefined,Undefined,0,0,,138.58782,-0.226385,-3.675326,996.351462,288.517104,3:30,1.624587,0.755072,1.767354,-103.363,-6.5979,29.242,0.526646,0.00413,126.4954,-7.695087,-1.614717,0.444236,,,,,,,,,,,,-17.6552,-2.2053,-0.665013,15.24,1.611523,2.298459,-38.05036,-0.591284,-3.323048,8.094026,-10.22173,WAS_EDA,MEI_MEI,JinguStadium,TeamExclusive,Team,20260516-JinguStadium-1,5314a3f0-50cf-11f1-9189-39f1cca7bde1,136.54897,,,12.09242,,,,,,,afea34c9-bccf-4802-9e54-9cdb203d754b,2026/5/16,31:20.2,2026-05-16T11:31:20.2228736+09:00,2026-05-16T02:31:20.2228736Z,,v3,,,,"Fukuhara, Seiya",1000242807,Right,MEI_MEI,82ab0832-98fb-4f5c-abf3-662533585242,16.672597,-38.35389,4.047013,1.626509,-0.207964,-5.110865,-0.753543,2.423075,-1.661524,,,,,,,,,,,,,,,,,,,,,,,,,,,,,,,,,,,,,,,,,,,,,,,,,,,High,High,High,,,,,
73,2026/5/16,31:39.6,4,4,"Hirashima, Kaichi",1000423700,Right,MEI_MEI,"Kawajiri, Yuito",1000547801,Right,WAS_EDA,Undefined,3,Bottom,1,0,2,TwoSeamFastBall,Splitter,InPlay,Undefined,GroundBall,Single,0,0,,139.2819,0.539155,-3.036959,859.310107,278.392645,3:15,1.656174,0.756638,1.737993,-97.2643,-0.671,27.3195,0.836874,0.166511,126.15635,-6.516264,-1.115127,0.443842,146.66122,-6.582984,6.458727,,,,,7.16983,7.16983,5.038704,0.171678,-16.3406,0.1549,-0.681063,15.24,1.662707,1.890764,-38.233793,-0.055641,-3.086545,8.606613,-9.777398,WAS_EDA,MEI_MEI,JinguStadium,TeamExclusive,Team,20260516-JinguStadium-1,5ea54da0-50cf-11f1-9189-39f1cca7bde1,136.67031,0.841309,,13.12555,,,,0.344421,0.841309,-0.161412,afea34c9-bccf-4802-9e54-9cdb203d754b,2026/5/16,31:39.6,2026-05-16T11:31:39.6281344+09:00,2026-05-16T02:31:39.6281344Z,GroundBall,v3,,,,"Fukuhara, Seiya",1000242807,Right,MEI_MEI,689cfdce-f0d5-4f5e-aa9c-2a27ae458a31,16.701762,-38.561438,4.303306,1.657741,0.316575,-4.888699,-0.755279,2.008266,-1.543272,193.34564,0.344534,40.205145,-3.557811,,,,,,,0.841244,-4.665408,-1.365046,,,,,,,-0.161429,4.553694,0.318671,,,,,,,,,,,,,,,,,,,,,,,,,,,,,High,High,High,High,High,,,
74,2026/5/16,32:17.8,1,1,"Takahashi, Koki",1000423700,Right,WAS_EDA,"Tanoue, Kai",1000547783,Left,MEI_MEI,Undefined,4,Top,1,0,0,TwoSeamFastBall,Splitter,BallCalled,Undefined,Undefined,Undefined,0,0,,135.97066,0.151372,-5.040889,819.175445,294.128073,3:45,1.650082,0.686455,1.780262,-110.4173,-8.526,27.3975,0.588954,-0.471188,122.66347,-7.847396,-3.115195,0.455851,,,,,,,,,,,,-18.1131,-3.2266,-0.562917,15.24,1.64624,3.146222,-37.218105,-0.363601,-3.223233,8.545468,-10.38082,WAS_EDA,MEI_MEI,JinguStadium,TeamExclusive,Team,20260516-JinguStadium-1,75628800-50cf-11f1-9189-39f1cca7bde1,133.06969,,,13.30719,,,,,,,afea34c9-bccf-4802-9e54-9cdb203d754b,2026/5/16,32:17.8,2026-05-16T11:32:17.7739264+09:00,2026-05-16T02:32:17.7739264Z,,v3,,,,"Fukuhara, Seiya",1000242807,Right,MEI_MEI,63bad010-2624-45d5-a092-fa0e3b4ddb7b,16.65897,-37.542494,4.272734,1.652563,0.030459,-5.19041,-0.684671,3.268577,-1.611617,,,,,,,,,,,,,,,,,,,,,,,,,,,,,,,,,,,,,,,,,,,,,,,,,,,High,High,High,,,,,
75,2026/5/16,32:50.8,1,2,"Takahashi, Koki",1000423700,Right,WAS_EDA,"Tanoue, Kai",1000547783,Left,MEI_MEI,Undefined,4,Top,1,1,0,Curveball,Curveball,BallCalled,Undefined,Undefined,Undefined,0,0,,116.99349,3.550611,-0.355296,2096.123793,41.769717,7:30,1.689652,0.643792,1.592457,-156.5872,-17.8244,-19.9627,1.142517,0.342356,106.6851,-7.653271,-1.747992,0.531975,,,,,,,,,,,,9.6133,-9.982,-0.631972,15.24,1.775526,0.290824,-32.100397,1.371384,1.288008,5.751756,-11.144065,WAS_EDA,MEI_MEI,JinguStadium,TeamExclusive,Team,20260516-JinguStadium-1,8922fd20-50cf-11f1-9189-39f1cca7bde1,114.02792,,,10.30838,,,,,,,afea34c9-bccf-4802-9e54-9cdb203d754b,2026/5/16,32:50.8,2026-05-16T11:32:50.7980000+09:00,2026-05-16T02:32:50.7980000Z,,v3,,,,"Fukuhara, Seiya",1000242807,Right,MEI_MEI,16e8c4c4-5ea3-4753-8abf-ab56882ac5f7,16.847634,-32.387172,2.875878,1.6933,1.927013,-5.572033,-0.644871,0.226605,0.644004,,,,,,,,,,,,,,,,,,,,,,,,,,,,,128.77564,1.816652,0.588186,1.228467,-0.686837,0.983908,-0.307286,-0.368761,1.59506,0.330175,38.794595,0.221977,0.343729,-0.339165,35.215485,-2.759326,1.602396,3.517512,-3.784938,0.313027,-1.37709,1.155245,High,High,High,,,High,Medium,Medium
76,2026/5/16,33:41.6,1,3,"Takahashi, Koki",1000423700,Right,WAS_EDA,"Tanoue, Kai",1000547783,Left,MEI_MEI,Undefined,4,Top,1,2,0,TwoSeamFastBall,Splitter,FoulBallNotFieldable,Undefined,Undefined,Undefined,0,0,,139.55216,0.420857,-3.786483,904.983603,279.492097,3:15,1.638614,0.753639,1.723816,-100.3941,-2.6392,38.5567,0.754566,0.061317,124.8145,-6.875333,-1.078451,0.446503,146.23541,-8.719941,-47.677269,,,,,5.058255,5.030047,-43.283633,0.115656,-23.0044,-0.7112,-0.658845,15.24,1.641894,2.33222,-38.228108,-0.152095,-4.285732,9.556635,-9.939141,WAS_EDA,MEI_MEI,JinguStadium,TeamExclusive,Team,20260516-JinguStadium-1,a753dee0-50cf-11f1-9189-39f1cca7bde1,135.85589,0.789241,,14.73766,,,,0.626688,0.789241,-0.093322,afea34c9-bccf-4802-9e54-9cdb203d754b,2026/5/16,33:41.6,2026-05-16T11:33:41.5864832+09:00,2026-05-16T02:33:41.5864832Z,GroundBall,v3,,,,"Fukuhara, Seiya",1000242807,Right,MEI_MEI,ac43c145-7545-4b7f-b5f3-a0821c8352e3,16.715591,-38.595227,4.778318,1.640403,0.229719,-4.96957,-0.7516,2.496858,-2.142866,34.170252,0.626758,27.026148,-5.256164,,,,,,,0.789305,-6.165674,-5.702068,,,,,,,-0.09337,-29.681119,4.352349,,,,,,,,,,,,,,,,,,,,,,,,,,,,,High,High,High,High,High,,,
77,2026/5/16,34:11.4,2,1,"Takahashi, Koki",1000423700,Right,WAS_EDA,"Okada, Keigo",1000547783,Left,MEI_MEI,Undefined,4,Top,1,2,1,Fastball,Sinker,InPlay,Undefined,GroundBall,Out,1,0,,150.81826,-2.000462,-5.229933,2281.561201,235.75817,1:45,1.712376,0.6866,1.675811,-51.8978,31.1947,41.6301,0.620467,-0.392261,136.86357,-5.813408,-2.325951,0.411657,151.87744,-72.247316,-160.251578,,,,,0.350709,0.350709,102.684861,0.014571,-24.8632,18.0546,-0.550367,15.24,1.654714,3.543078,-41.266743,-1.670211,-5.509127,9.447522,-5.806169,WAS_EDA,MEI_MEI,JinguStadium,TeamExclusive,Team,20260516-JinguStadium-1,b917c0b0-50cf-11f1-9189-39f1cca7bde1,147.35565,0.586364,,13.95469,,,,0.099674,0.586364,0.40558,afea34c9-bccf-4802-9e54-9cdb203d754b,2026/5/16,34:11.4,2026-05-16T11:34:11.4080768+09:00,2026-05-16T02:34:11.4080768Z,GroundBall,v3,,,,"Fukuhara, Seiya",1000242807,Right,MEI_MEI,deca246d-8a4c-449b-b9dc-6f79d8dbcf34,16.76378,-41.614132,4.723761,1.712203,-1.456716,-2.903085,-0.684371,3.74565,-2.754563,,0.099718,-12.125877,,,,,,,,0.586511,-40.241935,,,,,,,,0.405596,-4.353258,,,,,,,,,,,,,,,,,,,,,,,,,,,,,,High,High,High,Estimated,Estimated,,,
78,2026/5/16,36:13.5,2,2,"Takahashi, Koki",1000326144,Right,WAS_EDA,"Okada, Keigo",1000338425,Left,MEI_MEI,Undefined,4,Top,2,0,0,Fastball,Four-Seam,BallCalled,Undefined,Undefined,Undefined,0,0,,147.8749,-0.756993,-4.096079,2605.034163,217.514702,1:15,1.678555,0.734877,1.981452,-41.8166,40.6125,29.1518,1.04806,-0.121467,134.82357,-3.920412,-2.020231,0.41001,,,,,,,,,,,,-18.0456,22.5512,-0.648775,15.24,1.660074,2.765217,-40.621118,-0.670399,-3.892761,8.768698,-4.941943,WAS_EDA,MEI_MEI,JinguStadium,TeamExclusive,Team,20260516-JinguStadium-1,01ebb440-50d0-11f1-9189-39f1cca7bde1,147.94744,,,13.05133,,,,,,,afea34c9-bccf-4802-9e54-9cdb203d754b,2026/5/16,36:13.5,2026-05-16T11:36:13.5423488+09:00,2026-05-16T02:36:13.5423488Z,,v3,,,,"Ogata, Mikito",1000326132,Right,WAS_EDA,4725779a-1eff-41c5-9ca1-5185ec8a8f0a,16.457858,-40.883166,4.384349,1.677902,-0.522711,-2.470971,-0.733151,2.881551,-1.94638,,,,,,,,,,,,,,,,,,,,,,,,,,,,,,,,,,,,,,,,,,,,,,,,,,,High,High,High,,,,,
79,2026/5/16,36:24.0,3,1,"Takahashi, Koki",1000326144,Right,WAS_EDA,"Sakakibara, Nanato",1000338425,Left,MEI_MEI,Undefined,4,Top,2,1,0,Splitter,Changeup,BallCalled,Undefined,Undefined,Undefined,0,0,,137.04191,-1.46944,-4.189766,1705.495712,249.516596,2:15,1.647433,0.749853,1.779892,-80.4234,17.3977,38.7052,0.425737,-0.052069,126.37492,-7.304484,-1.463627,0.446654,,,,,,,,,,,,-22.5492,10.7697,-0.64842,15.24,1.605154,2.570246,-37.633521,-1.289434,-4.20566,7.012759,-7.797987,WAS_EDA,MEI_MEI,JinguStadium,TeamExclusive,Team,20260516-JinguStadium-1,0823a750-50d0-11f1-9189-39f1cca7bde1,135.80994,,,10.66698,,,,,,,afea34c9-bccf-4802-9e54-9cdb203d754b,2026/5/16,36:24.0,2026-05-16T11:36:24.0002560+09:00,2026-05-16T02:36:24.0002560Z,,v3,,,,"Ogata, Mikito",1000326132,Right,WAS_EDA,8b663060-4cc2-40c0-958a-2aeb7c726958,16.660294,-37.897259,3.50638,1.648133,-0.996164,-3.898994,-0.748057,2.728414,-2.10283,,,,,,,,,,,,,,,,,,,,,,,,,,,,,,,,,,,,,,,,,,,,,,,,,,,High,High,High,,,,,
80,2026/5/16,36:38.0,3,2,"Takahashi, Koki",1000326144,Right,WAS_EDA,"Sakakibara, Nanato",1000338425,Left,MEI_MEI,Undefined,4,Top,2,2,0,Fastball,Four-Seam,InPlay,Undefined,FlyBall,Out,1,0,,146.00663,-1.948999,-3.083003,2637.85921,227.698248,1:30,1.653867,0.742124,1.913335,-47.374,37.9131,38.6012,0.63156,0.261143,133.2147,-5.495329,-0.339034,0.417058,154.62146,27.294486,-6.791256,3163.262264,33.028627,16.566859,-5.764195,110.413075,108.614779,-15.567504,5.03509,-22.3005,21.9491,-0.674881,15.24,1.607153,1.972651,-40.12475,-1.532012,-4.684648,8.710633,-5.195825,WAS_EDA,MEI_MEI,JinguStadium,TeamExclusive,Team,20260516-JinguStadium-1,107a5bb0-50d0-11f1-9189-39f1cca7bde1,145.44748,23.864307,,12.79194,,,,0.177754,0.621462,-0.262781,afea34c9-bccf-4802-9e54-9cdb203d754b,2026/5/16,36:38.0,2026-05-16T11:36:37.9941376+09:00,2026-05-16T02:36:37.9941376Z,FlyBall,v3,,,,"Ogata, Mikito",1000326132,Right,WAS_EDA,6631b4ff-3876-481d-9963-3da59e032d16,16.526494,-40.403069,4.355317,1.653451,-1.365997,-2.597913,-0.740301,2.122332,-2.342324,157.335698,0.178136,37.892805,-7.696997,1.737936,-0.313115,0.047246,-0.006533,0.000727,-3.90E-05,0.621673,19.689922,-4.242849,-0.049838,0.079804,-0.036717,0.010238,-0.001413,7.40E-05,-0.262595,-4.517577,-1.00279,0.333233,-0.0618,0.005434,0.000147,-6.70E-05,4.00E-06,,,,,,,,,,,,,,,,,,,,,,,High,High,High,High,High,,,
81,2026/5/16,37:09.3,3,3,"Takahashi, Koki",1000326144,Right,WAS_EDA,"Sakakibara, Nanato",1000242813,Left,MEI_MEI,Undefined,4,Top,0,0,0,Fastball,Sinker,StrikeSwinging,Undefined,Undefined,Undefined,0,0,,139.35424,-1.394126,-4.265177,1967.68655,233.092085,1:45,1.646562,0.749017,1.82257,-64.1096,29.6859,35.8884,0.610413,-0.099369,128.65998,-6.089777,-1.733318,0.437367,,,,,,,,,,,,-21.1855,16.989,-0.648538,15.24,1.608591,2.683864,-38.283888,-1.178257,-4.103557,6.997905,-6.515936,WAS_EDA,MEI_MEI,JinguStadium,TeamExclusive,Team,20260516-JinguStadium-1,231d2bd0-50d0-11f1-9189-39f1cca7bde1,138.69373,,,10.69425,,,,,,,afea34c9-bccf-4802-9e54-9cdb203d754b,2026/5/16,37:09.3,2026-05-16T11:37:09.2685312+09:00,2026-05-16T02:37:09.2685312Z,,v3,,,,"Ogata, Mikito",1000326132,Right,WAS_EDA,ea270404-d8ba-4d4c-9c03-495c048db273,16.61767,-38.534889,3.498953,1.646661,-0.944543,-3.257968,-0.747442,2.83105,-2.051779,,,,,,,,,,,,,,,,,,,,,,,,,,,,,,,,,,,,,,,,,,,,,,,,,,,High,High,High,,,,,
82,2026/5/16,37:30.4,3,4,"Takahashi, Koki",1000326144,Right,WAS_EDA,"Sakakibara, Nanato",1000242813,Left,MEI_MEI,Undefined,4,Top,0,0,1,Splitter,Changeup,InPlay,Undefined,GroundBall,Out,1,0,,141.88625,-0.819807,-3.538839,1802.849622,246.978029,2:15,1.649276,0.760024,1.829368,-72.1482,17.6842,35.8315,0.695813,0.117659,131.61381,-6.071613,-1.005866,0.428027,153.6477,-32.048481,26.294181,,,,,1.41758,1.41758,15.199363,0.030424,-20.6773,10.3385,-0.67754,15.24,1.624767,2.24336,-39.043637,-0.848674,-4.182768,6.964992,-7.715309,WAS_EDA,MEI_MEI,JinguStadium,TeamExclusive,Team,20260516-JinguStadium-1,2fbc5f50-50d0-11f1-9189-39f1cca7bde1,141.72001,0.690242,,10.27244,,,,0.379529,0.690242,-0.116745,afea34c9-bccf-4802-9e54-9cdb203d754b,2026/5/16,37:30.4,2026-05-16T11:37:30.4460800+09:00,2026-05-16T02:37:30.4460800Z,GroundBall,v3,,,,"Ogata, Mikito",1000326132,Right,WAS_EDA,81c12aee-f753-474e-b909-54f9bcef4917,16.611263,-39.287495,3.482496,1.649752,-0.578546,-3.857655,-0.758649,2.389807,-2.091384,,0.379252,32.489044,,,,,,,,0.690436,-22.687049,,,,,,,,-0.116882,16.05298,,,,,,,,,,,,,,,,,,,,,,,,,,,,,,High,High,High,Estimated,Estimated,,,
83,2026/5/16,38:03.0,4,1,"Hirashima, Kaichi",1000326144,Right,MEI_MEI,"Okanishi, Yuya",1000242816,Left,MEI_MEI,Undefined,4,Bottom,1,0,0,Fastball,Four-Seam,FoulBallNotFieldable,Undefined,Undefined,Undefined,0,0,,146.93639,-1.312278,-3.473742,2632.704686,221.951235,1:30,1.628803,0.731727,2.028976,-42.8818,38.9949,32.9745,0.833218,0.091363,135.73167,-4.534566,-1.115149,0.408634,119.28837,37.717923,-95.272289,4884.802238,,,,,10.376453,,,-19.5813,22.1265,-0.661986,15.24,1.599689,2.305315,-40.450924,-1.06536,-4.240688,7.690241,-5.014761,WAS_EDA,MEI_MEI,JinguStadium,TeamExclusive,Team,20260516-JinguStadium-1,4321bc20-50d0-11f1-9189-39f1cca7bde1,148.44568,8.58915,,11.20472,,,,0.082147,0.826289,-0.061929,afea34c9-bccf-4802-9e54-9cdb203d754b,2026/5/16,38:03.0,2026-05-16T11:38:03.0054400+09:00,2026-05-16T02:38:03.0054400Z,,v3,,,,"Ogata, Mikito",1000326132,Right,WAS_EDA,2141aba0-d845-4976-af2b-88bb53dd0462,16.411351,-40.673003,3.84512,1.628363,-0.920544,-2.507381,-0.730327,2.427778,-2.120344,66.697796,0.082557,-2.421806,-0.703582,,,,,,,0.825595,20.294108,-3.260293,,,,,,,-0.063253,-26.057773,2.447265,,,,,,,,,,,,,,,,,,,,,,,,,,,,,High,High,High,Medium,Undefined,,,
84,2026/5/16,38:19.9,4,2,"Hirashima, Kaichi",1000326144,Right,MEI_MEI,"Okanishi, Yuya",1000242816,Left,MEI_MEI,Undefined,4,Bottom,1,0,1,Curveball,Curveball,BallCalled,Undefined,Undefined,Undefined,0,0,,118.04423,3.471005,0.21283,2623.383301,60.869817,8:00,1.58807,0.801915,1.695048,-154.795,-19.7525,-43.5805,1.029724,0.426715,107.32929,-7.679452,-2.847245,0.524795,,,,,,,,,,,,21.9773,-11.0832,-0.80408,15.24,1.667407,0.075401,-32.403894,1.372137,2.986317,6.104399,-11.312656,WAS_EDA,MEI_MEI,JinguStadium,TeamExclusive,Team,20260516-JinguStadium-1,4d46c7e0-50d0-11f1-9189-39f1cca7bde1,115.58794,,,10.71495,,,,,,,afea34c9-bccf-4802-9e54-9cdb203d754b,2026/5/16,38:19.9,2026-05-16T11:38:19.9076864+09:00,2026-05-16T02:38:19.9076864Z,,v3,,,,"Ogata, Mikito",1000326132,Right,WAS_EDA,7db2b9e6-b492-4cc4-9624-4fb97be2283e,16.745258,-32.686231,3.052199,1.591843,1.895364,-5.656328,-0.804374,-0.062721,1.493158,,,,,,,,,,,,,,,,,,,,,,,,,,,,,,,,,,,,,,,,,,,,,,,,,,,High,High,High,,,,,
85,2026/5/16,38:34.8,4,3,"Hirashima, Kaichi",1000326144,Right,MEI_MEI,"Okanishi, Yuya",1000242816,Left,MEI_MEI,Undefined,4,Bottom,1,1,1,Fastball,Four-Seam,FoulBallNotFieldable,Undefined,Undefined,Undefined,0,0,,147.35975,-1.438249,-4.430959,2510.682254,223.045966,1:30,1.640077,0.714708,2.029986,-38.1853,44.8724,39.2584,0.855796,-0.131014,133.58308,-4.364398,-1.627932,0.411571,99.37617,57.506175,-117.920112,4617.516868,-19.523251,17.14175,-27.257451,45.995844,22.000168,-126.628529,3.789492,-24.0845,25.5849,-0.625605,15.24,1.608612,2.951078,-40.454685,-1.128485,-5.117148,9.259098,-4.370702,WAS_EDA,MEI_MEI,JinguStadium,TeamExclusive,Team,20260516-JinguStadium-1,561df6e0-50d0-11f1-9189-39f1cca7bde1,147.38653,20.170653,,13.77667,,,,0.255085,0.860483,0.129344,afea34c9-bccf-4802-9e54-9cdb203d754b,2026/5/16,38:34.8,2026-05-16T11:38:34.8378624+09:00,2026-05-16T02:38:34.8378624Z,Popup,v3,,,,"Ogata, Mikito",1000326132,Right,WAS_EDA,43de5c6a-14c9-49bd-9e4d-205e4d5f5e3b,16.409778,-40.721539,4.629549,1.63932,-1.002518,-2.185351,-0.712783,3.098557,-2.558574,24.313083,0.255064,-6.944501,-1.280216,0.622869,-0.108377,-0.025418,0.021291,-0.004717,0.000357,0.860922,23.269225,-8.185485,0.795595,0.025992,-0.099952,0.036159,-0.005626,0.000329,0.128977,-13.093103,0.98561,0.068527,-0.116907,0.048426,-0.007182,-8.00E-05,7.30E-05,,,,,,,,,,,,,,,,,,,,,,,High,High,High,High,Medium,,,
86,2026/5/16,38:56.1,4,4,"Hirashima, Kaichi",1000326144,Right,MEI_MEI,"Okanishi, Yuya",1000242816,Left,MEI_MEI,Undefined,4,Bottom,1,1,2,Fastball,Four-Seam,StrikeSwinging,Strikeout,Undefined,Undefined,0,0,,151.22871,-1.914615,-2.303215,2661.375059,224.283401,1:30,1.664699,0.704985,1.912041,-37.7409,40.7406,37.5298,0.748709,0.432805,139.50697,-4.743935,0.366259,0.400072,,,,,,,,,,,,-20.9155,23.0806,-0.655172,15.24,1.619245,1.485049,-41.632833,-1.522675,-4.790745,8.281199,-4.519976,WAS_EDA,MEI_MEI,JinguStadium,TeamExclusive,Team,20260516-JinguStadium-1,62c84df0-50d0-11f1-9189-39f1cca7bde1,151.62268,,,11.72174,,,,,,,afea34c9-bccf-4802-9e54-9cdb203d754b,2026/5/16,38:56.1,2026-05-16T11:38:56.1200000+09:00,2026-05-16T02:38:56.1200000Z,,v3,,,,"Ogata, Mikito",1000326132,Right,WAS_EDA,b6269371-57ba-4ab3-b474-3f1c7f232026,16.528091,-41.888264,4.1406,1.664061,-1.383258,-2.259988,-0.703257,1.632818,-2.395372,,,,,,,,,,,,,,,,,,,,,,,,,,,,,95.47707,2.351318,1.14729,1.204028,-0.475803,0.671905,-0.439799,-0.98873,1.17354,0.275874,20.079586,3.212547,-17.950182,-0.971429,18.897049,-1.177639,1.188914,6.961843,-4.389818,0.254121,-16.745832,1.355626,High,High,High,,,High,Medium,Medium
87,2026/5/16,40:56.4,1,1,"Hirashima, Kaichi",1000423700,Right,MEI_MEI,"Terao, Kensei",1000242774,Right,WAS_EDA,Undefined,4,Bottom,1,1,2,Curveball,Curveball,BallCalled,Undefined,Undefined,Undefined,0,0,,116.43209,1.873542,-0.112189,2247.208871,30.895185,7:00,1.71214,0.670121,1.723531,-144.6407,-9.8531,-8.0246,0.798493,0.557984,108.65415,-8.496052,-0.677475,0.5243,,,,,,,,,,,,4.0065,-4.968,-0.666606,15.24,1.749406,0.096404,-32.077272,0.518819,0.547052,4.70125,-10.48498,WAS_EDA,MEI_MEI,JinguStadium,TeamExclusive,Team,20260516-JinguStadium-1,aa95ce00-50d0-11f1-9189-39f1cca7bde1,115.69717,,,7.77794,,,,,,,afea34c9-bccf-4802-9e54-9cdb203d754b,2026/5/16,40:56.4,2026-05-16T11:40:56.4370432+09:00,2026-05-16T02:40:56.4370432Z,,v3,,,,"Fukuhara, Seiya",1000242807,Right,MEI_MEI,f97a86b6-117f-45e9-aab8-c1280063a01e,16.717268,-32.293055,2.350625,1.714548,1.000069,-5.24249,-0.670455,0.071295,0.273526,,,,,,,,,,,,,,,,,,,,,,,,,,,,,,,,,,,,,,,,,,,,,,,,,,,High,High,High,,,,,
88,2026/5/16,41:06.6,1,2,"Hirashima, Kaichi",1000423700,Right,MEI_MEI,"Terao, Kensei",1000242774,Right,WAS_EDA,Undefined,4,Bottom,1,2,2,Fastball,Sinker,StrikeCalled,Undefined,Undefined,Undefined,0,0,,149.66406,-1.986858,-4.616037,2221.57907,235.445691,1:45,1.696602,0.74211,1.630945,-48.9378,34.4351,46.4312,0.637156,-0.116046,137.9049,-5.557495,-1.380849,0.412351,,,,,,,,,,,,-26.1882,19.2801,-0.619387,15.24,1.637768,3.054845,-41.054055,-1.642474,-5.838925,7.964481,-5.50794,WAS_EDA,MEI_MEI,JinguStadium,TeamExclusive,Team,20260516-JinguStadium-1,b095c120-50d0-11f1-9189-39f1cca7bde1,147.10763,,,11.75916,,,,,,,afea34c9-bccf-4802-9e54-9cdb203d754b,2026/5/16,41:06.6,2026-05-16T11:41:06.5897472+09:00,2026-05-16T02:41:06.5897472Z,,v3,,,,"Fukuhara, Seiya",1000242807,Right,MEI_MEI,457b50df-347e-4597-b494-33404497f3e0,16.809356,-41.357389,3.982241,1.696328,-1.432699,-2.75397,-0.739968,3.277225,-2.919463,,,,,,,,,,,,,,,,,,,,,,,,,,,,,,,,,,,,,,,,,,,,,,,,,,,High,High,High,,,,,
89,2026/5/16,41:20.2,1,3,"Hirashima, Kaichi",1000423700,Right,MEI_MEI,"Terao, Kensei",1000242774,Right,WAS_EDA,Undefined,4,Bottom,1,2,2,Fastball,Sinker,FoulBallNotFieldable,Undefined,Undefined,Undefined,0,0,,150.77473,-0.937715,-3.305685,2259.252156,231.292681,1:45,1.690457,0.759323,1.731776,-44.0273,36.8081,43.012,0.983297,0.249207,138.85538,-4.18768,-0.283826,0.406027,140.48554,35.707609,-94.722509,4365.524904,,,,,12.880747,,,-23.9772,20.0281,-0.677721,15.24,1.663043,2.1625,-41.459787,-0.858556,-5.447443,8.197193,-5.256401,WAS_EDA,MEI_MEI,JinguStadium,TeamExclusive,Team,20260516-JinguStadium-1,b8b11a30-50d0-11f1-9189-39f1cca7bde1,149.39875,9.358145,,11.91935,,,,-0.295037,0.889514,-0.206403,afea34c9-bccf-4802-9e54-9cdb203d754b,2026/5/16,41:20.2,2026-05-16T11:41:20.2465280+09:00,2026-05-16T02:41:20.2465280Z,,v3,,,,"Fukuhara, Seiya",1000242807,Right,MEI_MEI,e5888285-b172-4746-ab2d-b5f1541445b3,16.708537,-41.749128,4.098596,1.690073,-0.673018,-2.628201,-0.757445,2.354782,-2.723722,55.429024,-0.290095,-2.76562,-3.647444,,,,,,,0.891184,22.724088,-6.558587,,,,,,,-0.209809,-31.473089,4.823118,,,,,,,,,,,,,,,,,,,,,,,,,,,,,High,High,High,Medium,Undefined,,,
90,2026/5/16,41:39.1,2,1,"Hirashima, Kaichi",1000423700,Right,MEI_MEI,"Tokumaru, Kaisei",1000242774,Left,WAS_EDA,Undefined,4,Bottom,1,2,2,Fastball,Sinker,InPlay,Undefined,LineDrive,Single,0,0,,152.95077,-1.003513,-4.19821,2259.608727,237.323108,2:00,1.661645,0.763284,1.710515,-47.5857,31.194,45.1171,0.899506,0.017984,141.0292,-4.491016,-1.037155,0.400831,126.90297,11.6463,0.2345,1592.127182,33.470363,3.166463,-1.962379,49.630021,49.296705,-5.051308,1.700433,-25.5311,17.1354,-0.657417,15.24,1.631763,2.83665,-42.021237,-0.943174,-5.969589,8.258208,-5.800105,WAS_EDA,MEI_MEI,JinguStadium,TeamExclusive,Team,20260516-JinguStadium-1,c3efac40-50d0-11f1-9189-39f1cca7bde1,151.33544,3.588401,,11.92157,,,,0.081294,0.888204,-0.013796,afea34c9-bccf-4802-9e54-9cdb203d754b,2026/5/16,41:39.1,2026-05-16T11:41:39.0962688+09:00,2026-05-16T02:41:39.0962688Z,LineDrive,v3,,,,"Fukuhara, Seiya",1000242807,Right,MEI_MEI,60b42372-ff0e-446d-b896-e7399da06e4a,16.729981,-42.313041,4.129104,1.66147,-0.738227,-2.900053,-0.761377,3.047586,-2.984794,111.464679,0.081295,34.524733,-4.166132,0.717885,-0.113815,-0.003573,0.014884,-0.006306,0.000963,0.888203,7.116286,-4.881339,0.289642,-0.0866,0.080315,-0.056535,0.021107,-0.003112,-0.013794,0.140913,-2.255109,0.531714,-0.04488,-0.10248,0.093078,-0.036067,0.005369,,,,,,,,,,,,,,,,,,,,,,,High,High,High,High,High,,,
91,2026/5/16,42:32.5,2,2,"Hirashima, Kaichi",1000423700,Right,MEI_MEI,"Tokumaru, Kaisei",1000242786,Left,WAS_EDA,Undefined,4,Bottom,1,0,0,Fastball,Four-Seam,FoulBallNotFieldable,Undefined,Undefined,Undefined,0,0,,149.18185,-0.872517,-4.387708,2342.212261,226.482024,1:30,1.70695,0.724191,1.675763,-43.8306,40.3116,39.6013,1.019145,-0.133147,135.99849,-4.121912,-1.621182,0.414249,131.85131,35.088183,117.717832,4880.243032,-20.055062,17.897868,26.868458,82.283611,26.183989,135.677324,3.825523,-22.971,21.7244,-0.610352,15.24,1.680155,2.918295,-40.91225,-0.800617,-5.034814,8.758834,-5.045072,WAS_EDA,MEI_MEI,JinguStadium,TeamExclusive,Team,20260516-JinguStadium-1,e3d19960-50d0-11f1-9189-39f1cca7bde1,146.43362,18.990489,,13.18336,,,,-0.19371,0.945161,0.111029,afea34c9-bccf-4802-9e54-9cdb203d754b,2026/5/16,42:32.5,2026-05-16T11:42:32.5481472+09:00,2026-05-16T02:42:32.5481472Z,FlyBall,v3,,,,"Fukuhara, Seiya",1000242807,Right,MEI_MEI,5d212163-5610-498c-af7e-207d3f0cdf37,16.763882,-41.237205,4.379417,1.706386,-0.613444,-2.522536,-0.722086,3.105088,-2.517407,292.607856,-0.193685,-13.940198,-0.957231,0.392767,-0.129813,0.029459,-0.00388,0.000188,5.00E-06,0.945071,21.056823,-6.825509,0.4401,-0.04218,0.019448,-0.010627,0.002445,-0.0002,0.11092,26.533201,-7.063999,2.108768,-0.523995,0.119133,-0.021697,0.002407,-0.00011,,,,,,,,,,,,,,,,,,,,,,,High,High,High,High,Low,,,
92,2026/5/16,42:55.5,2,3,"Hirashima, Kaichi",1000423700,Right,MEI_MEI,"Tokumaru, Kaisei",1000242786,Left,WAS_EDA,Undefined,4,Bottom,1,0,1,Curveball,Curveball,FoulBallNotFieldable,Undefined,Undefined,Undefined,0,0,,117.52745,2.578913,-1.173564,2279.732294,11.370061,6:30,1.691042,0.632842,1.694465,-154.6816,-19.6173,-4.7962,0.879262,0.250643,107.89317,-8.527479,-1.510609,0.524837,116.89,28.983306,-49.858499,2665.155349,20.102852,13.111516,-26.832841,76.021539,72.509311,-57.991938,3.60237,1.5859,-10.7266,-0.60156,15.24,1.746564,0.682277,-32.30668,0.87552,0.215863,5.671451,-11.266726,WAS_EDA,MEI_MEI,JinguStadium,TeamExclusive,Team,20260516-JinguStadium-1,f193a200-50d0-11f1-9189-39f1cca7bde1,115.57864,13.622793,,9.63428,,,,0.614007,0.91049,-0.256204,afea34c9-bccf-4802-9e54-9cdb203d754b,2026/5/16,42:55.5,2026-05-16T11:42:55.5497984+09:00,2026-05-16T02:42:55.5497984Z,FlyBall,v3,,,,"Fukuhara, Seiya",1000242807,Right,MEI_MEI,b812a563-3699-4a72-8063-9a0e25d0bc00,16.746251,-32.57003,2.835726,1.693763,1.398683,-5.633363,-0.633008,0.672254,0.107931,134.821913,0.614116,18.308393,-3.631905,0.812021,-0.148439,0.015176,-0.002674,0.000952,-0.000104,0.910449,15.733618,-5.284796,0.287187,-0.015638,-0.014003,0.00975,-0.002224,0.000173,-0.256315,-21.709233,1.532539,-0.119113,-0.031595,0.020575,-0.004325,0.000126,3.40E-05,,,,,,,,,,,,,,,,,,,,,,,High,High,High,High,Medium,,,
93,2026/5/16,43:23.0,2,4,"Hirashima, Kaichi",1000423700,Right,MEI_MEI,"Tokumaru, Kaisei",1000242786,Left,WAS_EDA,Undefined,4,Bottom,1,0,2,TwoSeamFastBall,Splitter,InPlay,Undefined,Popup,Out,1,0,,136.3834,0.002253,-4.072957,829.426547,270.077659,3:00,1.684038,0.691888,1.789933,-95.7605,2.9135,32.6615,0.727073,-0.136493,125.56507,-6.928444,-1.771419,0.448597,81.69109,51.228463,38.412363,4408.530874,,,,34.790907,33.422855,51.269919,3.54215,-19.5022,2.3454,-0.593651,15.24,1.677373,2.513193,-37.472774,-0.387552,-3.600054,7.076624,-9.373701,WAS_EDA,MEI_MEI,JinguStadium,TeamExclusive,Team,20260516-JinguStadium-1,01e185a0-50d1-11f1-9189-39f1cca7bde1,135.22173,15.136617,,10.81832,,,,0.260641,0.730983,0.136306,afea34c9-bccf-4802-9e54-9cdb203d754b,2026/5/16,43:23.0,2026-05-16T11:43:22.9832192+09:00,2026-05-16T02:43:22.9832192Z,Popup,v3,,,,"Fukuhara, Seiya",1000242807,Right,MEI_MEI,37e8003d-f431-406a-a6b3-a91a3bcef55e,16.650477,-37.738198,3.538312,1.685315,-0.035971,-4.68685,-0.690446,2.648221,-1.800027,205.076535,0.260636,11.13451,-2.817564,0.676436,-0.154005,0.053155,-0.018313,0.003539,-0.000268,0.731015,17.690939,-6.022768,0.464507,-0.058137,-0.016164,0.009837,-0.001789,0.000112,0.136275,8.830021,-0.677219,0.168988,-0.04458,0.016918,-0.005555,0.001014,-7.40E-05,,,,,,,,,,,,,,,,,,,,,,,High,High,High,High,High,,,
94,2026/5/16,44:14.3,2,5,"Hirashima, Kaichi",1000423700,Right,MEI_MEI,"Tokumaru, Kaisei",1000422696,Left,WAS_EDA,Undefined,4,Bottom,2,0,0,Cutter,Slider,BallCalled,Undefined,Undefined,Undefined,0,0,,129.79692,-1.806091,-1.966661,2181.765178,116.408539,10:00,1.658778,0.705133,1.759193,-105.1534,5.4308,-3.4392,0.094501,0.112707,118.81209,-9.393707,-2.209555,0.474899,,,,,,,,,,,,0.2398,5.1496,-0.655327,15.24,1.605589,1.239983,-35.655683,-1.533705,0.039484,7.33617,-8.958684,WAS_EDA,MEI_MEI,JinguStadium,TeamExclusive,Team,20260516-JinguStadium-1,207e96b0-50d1-11f1-9189-39f1cca7bde1,127.73241,,,10.98483,,,,,,,afea34c9-bccf-4802-9e54-9cdb203d754b,2026/5/16,44:14.3,2026-05-16T11:44:14.3248896+09:00,2026-05-16T02:44:14.3248896Z,,v3,,,,"Fukuhara, Seiya",1000242807,Right,MEI_MEI,4faf5fdf-48ff-4ab3-b8bd-63ad9cd2936b,16.68071,-35.950887,3.668085,1.660051,-1.173211,-4.479342,-0.705191,1.238394,0.019742,,,,,,,,,,,,,,,,,,,,,,,,,,,,,,,,,,,,,,,,,,,,,,,,,,,High,High,High,,,,,
95,2026/5/16,44:38.1,2,6,"Hirashima, Kaichi",1000423700,Right,MEI_MEI,"Tokumaru, Kaisei",1000422696,Left,WAS_EDA,Undefined,4,Bottom,2,1,0,Fastball,Sinker,FoulBallNotFieldable,Undefined,Undefined,Undefined,0,0,,149.97516,-1.052396,-3.700466,2397.672782,232.939805,1:45,1.702008,0.681309,1.636251,-49.0984,34.5894,42.1853,0.909607,0.044164,136.61118,-4.662631,-0.755694,0.413129,145.61112,-21.400832,61.780423,,,,,2.530816,2.530816,53.041815,0.06168,-23.9044,18.9331,-0.583813,15.24,1.6691,2.42528,-41.152663,-0.968923,-5.288565,9.061386,-5.617925,WAS_EDA,MEI_MEI,JinguStadium,TeamExclusive,Team,20260516-JinguStadium-1,2e9aa630-50d1-11f1-9189-39f1cca7bde1,146.83062,0.91261,,13.36398,,,,0.420522,0.91261,-0.029522,afea34c9-bccf-4802-9e54-9cdb203d754b,2026/5/16,44:38.1,2026-05-16T11:44:38.0706816+09:00,2026-05-16T02:44:38.0706816Z,GroundBall,v3,,,,"Fukuhara, Seiya",1000242807,Right,MEI_MEI,445faaa4-cdd8-4874-807c-f881aff8a993,16.803692,-41.495543,4.530693,1.701742,-0.756342,-2.808962,-0.679371,2.625398,-2.644283,180,0.420079,17.851604,,,,,,,,0.912977,-14.795894,,,,,,,,-0.030347,33.265803,,,,,,,,,,,,,,,,,,,,,,,,,,,,,,High,High,High,High,High,,,
96,2026/5/16,45:02.9,2,7,"Hirashima, Kaichi",1000423700,Right,MEI_MEI,"Tokumaru, Kaisei",1000422696,Left,WAS_EDA,Undefined,4,Bottom,2,1,1,TwoSeamFastBall,Splitter,StrikeCalled,Undefined,Undefined,Undefined,0,0,,138.3472,-0.587491,-4.09047,1007.633089,268.005886,3:00,1.64239,0.73053,1.844737,-92.1411,4.3938,31.5517,0.554794,-0.110013,125.82025,-7.305439,-1.859042,0.443708,,,,,,,,,,,,-19.3977,3.7075,-0.635455,15.24,1.622556,2.562994,-37.964464,-0.758561,-3.623595,8.270902,-9.114066,WAS_EDA,MEI_MEI,JinguStadium,TeamExclusive,Team,20260516-JinguStadium-1,3d7068c0-50d1-11f1-9189-39f1cca7bde1,136.71167,,,12.52695,,,,,,,afea34c9-bccf-4802-9e54-9cdb203d754b,2026/5/16,45:02.9,2026-05-16T11:45:02.9059584+09:00,2026-05-16T02:45:02.9059584Z,,v3,,,,"Fukuhara, Seiya",1000242807,Right,MEI_MEI,aac06a87-2f55-472f-9e4f-7df5d5248380,16.59497,-38.258518,4.135451,1.643765,-0.43453,-4.557033,-0.728867,2.691823,-1.811798,,,,,,,,,,,,,,,,,,,,,,,,,,,,,,,,,,,,,,,,,,,,,,,,,,,High,High,High,,,,,
97,2026/5/16,45:26.9,2,8,"Hirashima, Kaichi",1000423700,Right,MEI_MEI,"Tokumaru, Kaisei",1000422696,Left,WAS_EDA,Undefined,4,Bottom,2,1,2,Fastball,Splitter,FoulBallNotFieldable,Undefined,Undefined,Undefined,0,0,,136.36373,-1.287032,-3.835116,1053.058274,218.862243,1:15,1.638414,0.73435,1.80326,-66.4927,33.884,24.3827,0.60855,-0.108273,123.20998,-6.206835,-2.116246,0.45245,158.53622,41.665796,38.672742,4435.837588,24.326847,28.138996,23.072288,102.185994,89.331271,52.744264,5.961613,-15.6659,19.4487,-0.642282,15.24,1.602429,2.389843,-37.388862,-1.085209,-2.823918,8.370735,-6.300834,WAS_EDA,MEI_MEI,JinguStadium,TeamExclusive,Team,20260516-JinguStadium-1,4bbfe450-50d1-11f1-9189-39f1cca7bde1,134.06996,38.535124,,13.15375,,,,0.688519,0.664357,0.107402,afea34c9-bccf-4802-9e54-9cdb203d754b,2026/5/16,45:26.9,2026-05-16T11:45:26.9135360+09:00,2026-05-16T02:45:26.9135360Z,FlyBall,v3,,,,"Fukuhara, Seiya",1000242807,Right,MEI_MEI,1937c858-67bc-47a0-89df-7d0d943a941f,16.63608,-37.700125,4.185368,1.638426,-0.850914,-3.150417,-0.7331,2.49485,-1.411959,207.48103,0.692141,25.615103,-7.406758,1.617858,-0.109515,-0.052305,0.016662,-0.001937,8.20E-05,0.66229,29.306352,-6.765801,0.642405,-0.136337,0.020911,-0.00032,-0.000294,2.30E-05,0.108103,20.543955,-2.464912,0.369259,-0.016133,-0.010332,0.002992,-0.000342,1.50E-05,,,,,,,,,,,,,,,,,,,,,,,High,High,High,Medium,Medium,,,
98,2026/5/16,46:17.9,3,1,"Hirashima, Kaichi",1000423700,Right,MEI_MEI,"Takahashi, Hiroto",1000422696,Right,WAS_EDA,Undefined,4,Bottom,2,1,2,Fastball,Sinker,BallCalled,Undefined,Undefined,Undefined,0,0,,151.50204,-2.062785,-5.96764,2244.2045,232.443667,1:45,1.685135,0.698212,1.715108,-44.779,36.4769,44.1321,0.647227,-0.563858,138.76692,-5.365722,-2.888844,0.407082,,,,,,,,,,,,-26.7686,20.7126,-0.546444,15.24,1.627895,4.102804,-41.470401,-1.68712,-6.05236,8.659858,-5.123541,WAS_EDA,MEI_MEI,JinguStadium,TeamExclusive,Team,20260516-JinguStadium-1,6a15da40-50d1-11f1-9189-39f1cca7bde1,149.01174,,,12.73512,,,,,,,afea34c9-bccf-4802-9e54-9cdb203d754b,2026/5/16,46:17.9,2026-05-16T11:46:17.8801152+09:00,2026-05-16T02:46:17.8801152Z,,v3,,,,"Fukuhara, Seiya",1000242807,Right,MEI_MEI,ac1742f7-75d8-4800-aa45-7b76b5459e5f,16.725652,-41.779483,4.329929,1.684848,-1.504254,-2.561771,-0.696734,4.318821,-3.02618,,,,,,,,,,,,,,,,,,,,,,,,,,,,,,,,,,,,,,,,,,,,,,,,,,,High,High,High,,,,,
99,2026/5/16,46:40.1,3,2,"Hirashima, Kaichi",1000423700,Right,MEI_MEI,"Takahashi, Hiroto",1000422696,Right,WAS_EDA,Undefined,4,Bottom,2,2,2,Fastball,Sinker,FoulBallNotFieldable,Undefined,Undefined,Undefined,0,0,,151.09608,-1.376159,-4.979149,2441.170946,232.153799,1:45,1.695017,0.726404,1.695151,-44.3701,37.7275,45.077,0.85789,-0.244236,137.53188,-4.664223,-1.82964,0.409185,119.14113,-8.178524,54.880018,,,,,5.581783,5.467016,54.384906,0.160742,-26.3569,20.8526,-0.598802,15.24,1.655242,3.356655,-41.399565,-1.179139,-5.904329,9.127384,-5.135366,WAS_EDA,MEI_MEI,JinguStadium,TeamExclusive,Team,20260516-JinguStadium-1,77596410-50d1-11f1-9189-39f1cca7bde1,148.24579,0.853095,,13.5642,,,,0.337493,0.853095,0.235503,afea34c9-bccf-4802-9e54-9cdb203d754b,2026/5/16,46:40.1,2026-05-16T11:46:40.1053184+09:00,2026-05-16T02:46:40.1053184Z,GroundBall,v3,,,,"Fukuhara, Seiya",1000242807,Right,MEI_MEI,8e2668da-3bc4-4f06-9adb-616db434b569,16.744768,-41.730003,4.563692,1.694565,-0.993223,-2.567683,-0.724192,3.570409,-2.952164,269.979404,0.337578,18.83847,-4.462789,,,,,,,0.853126,-4.710503,-3.714803,,,,,,,0.235459,26.798106,-0.20477,,,,,,,,,,,,,,,,,,,,,,,,,,,,,High,High,High,High,High,,,
100,2026/5/16,47:04.3,3,3,"Hirashima, Kaichi",1000423700,Right,MEI_MEI,"Takahashi, Hiroto",1000422696,Right,WAS_EDA,Undefined,4,Bottom,2,2,2,Curveball,Curveball,BallCalled,Undefined,Undefined,Undefined,0,0,,115.54585,2.590445,0.176443,2229.437826,31.327591,7:00,1.665337,0.682573,1.696647,-158.8241,-18.976,-14.2587,0.815173,0.590225,105.99249,-8.820404,-0.826264,0.534051,,,,,,,,,,,,7.2951,-9.9643,-0.68608,15.24,1.721007,-0.036062,-31.759843,0.843652,0.958611,5.535583,-11.116001,WAS_EDA,MEI_MEI,JinguStadium,TeamExclusive,Team,20260516-JinguStadium-1,85da28d0-50d1-11f1-9189-39f1cca7bde1,113.58463,,,9.55337,,,,,,,afea34c9-bccf-4802-9e54-9cdb203d754b,2026/5/16,47:04.3,2026-05-16T11:47:04.2796032+09:00,2026-05-16T02:47:04.2796032Z,,v3,,,,"Fukuhara, Seiya",1000242807,Right,MEI_MEI,15906e83-fa33-482b-bfbe-9652f75b7ee4,16.743688,-32.020856,2.767792,1.668871,1.367792,-5.558,-0.683314,-0.081262,0.479305,,,,,,,,,,,,,,,,,,,,,,,,,,,,,,,,,,,,,,,,,,,,,,,,,,,High,High,High,,,,,
101,2026/5/16,47:24.7,3,4,"Hirashima, Kaichi",1000423700,Right,MEI_MEI,"Takahashi, Hiroto",1000422696,Right,WAS_EDA,Undefined,4,Bottom,2,3,2,TwoSeamFastBall,Splitter,StrikeSwinging,Strikeout,Undefined,Undefined,0,0,,137.80187,-0.595967,-3.796464,739.321679,310.960892,4:15,1.603669,0.725184,1.824997,-118.1061,-20.6487,27.5403,0.253879,-0.073438,125.85936,-9.118331,-1.847017,0.445823,,,,,,,,,,,,-17.1692,-9.2793,-0.63564,15.24,1.581487,2.379926,-37.841328,-0.886083,-3.183991,8.273364,-11.527476,WAS_EDA,MEI_MEI,JinguStadium,TeamExclusive,Team,20260516-JinguStadium-1,91f649a0-50d1-11f1-9189-39f1cca7bde1,136.06305,,,11.94252,,,,,,,afea34c9-bccf-4802-9e54-9cdb203d754b,2026/5/16,47:24.7,2026-05-16T11:47:24.7479808+09:00,2026-05-16T02:47:24.7479808Z,,v3,,,,"Fukuhara, Seiya",1000242807,Right,MEI_MEI,70443803-7eef-40e2-ad94-a6f2ed3c6736,16.615423,-38.140856,4.136682,1.606012,-0.468745,-5.763738,-0.723889,2.495199,-1.591996,,,,,,,,,,,,,,,,,,,,,,,,,,,,,,,,,,,,,,,,,,,,,,,,,,,High,High,High,,,,,
102,2026/5/16,47:49.7,3,5,"Hirashima, Kaichi",1000423700,Right,MEI_MEI,"Takahashi, Hiroto",1000326145,Right,WAS_EDA,Undefined,4,Bottom,2,3,2,Fastball,Sinker,BallCalled,Undefined,Undefined,Undefined,0,0,,150.03002,-0.869606,-6.655533,2408.862037,236.378432,2:00,1.685166,0.726115,1.715747,-48.2576,34.7491,48.3336,0.953583,-0.691902,137.12192,-4.423138,-3.291139,0.411444,,,,,,,,,,,,-28.7906,18.9466,-0.556429,15.24,1.658759,4.519589,-41.021367,-0.82497,-6.375004,8.398594,-5.61137,WAS_EDA,MEI_MEI,JinguStadium,TeamExclusive,Team,20260516-JinguStadium-1,a0dc38d0-50d1-11f1-9189-39f1cca7bde1,147.43179,,,12.9081,,,,,,,afea34c9-bccf-4802-9e54-9cdb203d754b,2026/5/16,47:49.7,2026-05-16T11:47:49.7032192+09:00,2026-05-16T02:47:49.7032192Z,,v3,,,,"Fukuhara, Seiya",1000242807,Right,MEI_MEI,d652ef0b-7451-4f14-8554-daf7c688d83d,16.724231,-41.324127,4.199297,1.684852,-0.622687,-2.805685,-0.723498,4.749401,-3.187502,,,,,,,,,,,,,,,,,,,,,,,,,,,,,,,,,,,,,,,,,,,,,,,,,,,High,High,High,,,,,
103,2026/5/16,48:05.5,3,6,"Hirashima, Kaichi",1000423700,Right,MEI_MEI,"Takahashi, Hiroto",1000326145,Right,WAS_EDA,Undefined,4,Bottom,2,0,2,Curveball,Curveball,BallCalled,Undefined,Undefined,Undefined,0,0,,114.89762,-0.828431,-1.727302,2294.571272,56.525644,8:00,1.647386,0.654891,1.750805,-147.7579,-8.9207,-19.3549,-0.06541,-0.028984,107.61219,-11.366606,-3.095376,0.532118,,,,,,,,,,,,8.8796,-3.1602,-0.609625,15.24,1.615295,1.029927,-31.644059,-0.974815,1.170904,4.959627,-10.22336,WAS_EDA,MEI_MEI,JinguStadium,TeamExclusive,Team,20260516-JinguStadium-1,aa496640-50d1-11f1-9189-39f1cca7bde1,113.99735,,,7.28543,,,,,,,afea34c9-bccf-4802-9e54-9cdb203d754b,2026/5/16,48:05.5,2026-05-16T11:48:05.4841856+09:00,2026-05-16T02:48:05.4841856Z,,v3,,,,"Fukuhara, Seiya",1000242807,Right,MEI_MEI,96b96810-5dec-4ad5-8958-d8bdcf261569,16.690279,-31.870553,2.479813,1.649152,-0.507939,-5.11168,-0.655438,0.976454,0.585452,,,,,,,,,,,,,,,,,,,,,,,,,,,,,,,,,,,,,,,,,,,,,,,,,,,High,High,High,,,,,
104,2026/5/16,48:36.7,4,1,"Takahashi, Koki",1000423700,Right,WAS_EDA,"Utsumi, Yuta",1000326145,Left,MEI_MEI,Undefined,5,Top,2,1,2,Fastball,Sinker,FoulBallNotFieldable,Undefined,Undefined,Undefined,0,0,,148.77813,-1.724432,-3.712023,2319.760145,232.086216,1:45,1.667278,0.723516,1.717043,-46.8191,36.7363,43.9212,0.707528,0.105655,136.69122,-5.173566,-0.630432,0.412802,121.6748,-42.97152,-77.184676,,,,,1.078522,1.078522,-52.224151,0.030852,-24.8304,20.5569,-0.630686,15.24,1.61891,2.417776,-40.866298,-1.423722,-5.462023,8.253027,-5.284688,WAS_EDA,MEI_MEI,JinguStadium,TeamExclusive,Team,20260516-JinguStadium-1,bcdb9490-50d1-11f1-9189-39f1cca7bde1,146.9469,0.712876,,12.08691,,,,0.49094,0.712876,-0.106312,afea34c9-bccf-4802-9e54-9cdb203d754b,2026/5/16,48:36.7,2026-05-16T11:48:36.7301632+09:00,2026-05-16T02:48:36.7301632Z,GroundBall,v3,,,,"Fukuhara, Seiya",1000242807,Right,MEI_MEI,d47c801e-3ba2-484b-8dca-ab9d1c6f3bb5,16.723311,-41.164766,4.126513,1.666942,-1.232603,-2.642344,-0.721696,2.615308,-2.731011,,0.49086,5.501502,,,,,,,,0.713212,-23.105991,,,,,,,,-0.10596,-24.185011,,,,,,,,,,,,,,,,,,,,,,,,,,,,,,High,High,High,Estimated,Estimated,,,
105,2026/5/16,49:01.8,4,2,"Takahashi, Koki",1000423700,Right,WAS_EDA,"Utsumi, Yuta",1000326145,Left,MEI_MEI,Undefined,5,Top,2,1,2,Cutter,Slider,StrikeCalled,Undefined,Undefined,Undefined,0,0,,129.12065,0.328586,-2.238795,2211.651167,223.630924,1:30,1.631397,0.728656,1.780875,-104.5821,5.5094,2.0968,0.678723,0.115147,118.94089,-7.24417,-2.090792,0.47384,,,,,,,,,,,,-2.6027,3.6161,-0.673242,15.24,1.632179,1.379115,-35.521188,-0.200269,-0.430863,6.480561,-9.20802,WAS_EDA,MEI_MEI,JinguStadium,TeamExclusive,Team,20260516-JinguStadium-1,cbdd7030-50d1-11f1-9189-39f1cca7bde1,128.01794,,,10.17976,,,,,,,afea34c9-bccf-4802-9e54-9cdb203d754b,2026/5/16,49:01.8,2026-05-16T11:49:01.8080768+09:00,2026-05-16T02:49:01.8080768Z,,v3,,,,"Fukuhara, Seiya",1000242807,Right,MEI_MEI,72577738-f704-429b-9ff0-1487e6d12790,16.659051,-35.779146,3.24028,1.632856,0.166256,-4.60401,-0.728479,1.396265,-0.215431,,,,,,,,,,,,,,,,,,,,,,,,,,,,,,,,,,,,,,,,,,,,,,,,,,,High,High,High,,,,,
106,2026/5/16,49:17.8,4,3,"Takahashi, Koki",1000423700,Right,WAS_EDA,"Utsumi, Yuta",1000326145,Left,MEI_MEI,Undefined,5,Top,2,1,2,TwoSeamFastBall,Splitter,FoulBallNotFieldable,Undefined,Undefined,Undefined,0,0,,136.81179,0.362496,-3.605514,807.14314,291.092008,3:45,1.63739,0.742089,1.807518,-108.7387,-10.2255,34.7355,0.652719,0.068485,125.12521,-7.507604,-1.151512,0.448231,,,,,,,,,,,,-20.5234,-4.637,-0.656609,15.24,1.638813,2.203232,-37.590832,-0.209532,-3.778548,7.745387,-10.660371,WAS_EDA,MEI_MEI,JinguStadium,TeamExclusive,Team,20260516-JinguStadium-1,d55720c0-50d1-11f1-9189-39f1cca7bde1,135.33207,,,11.68658,,,,,,,afea34c9-bccf-4802-9e54-9cdb203d754b,2026/5/16,49:17.8,2026-05-16T11:49:17.7748992+09:00,2026-05-16T02:49:17.7748992Z,,v3,,,,"Fukuhara, Seiya",1000242807,Right,MEI_MEI,60ebb831-9bee-417e-b441-9f2830032e66,16.632911,-37.876747,3.872694,1.639284,0.183987,-5.330186,-0.740514,2.342713,-1.889274,,,,,,,,,,,,,,,,,,,,,,,,,,,,,,,,,,,,,,,,,,,,,,,,,,,High,High,High,,,,,
107,2026/5/16,49:43.3,4,4,"Takahashi, Koki",1000423700,Right,WAS_EDA,"Utsumi, Yuta",1000326145,Left,MEI_MEI,Undefined,5,Top,2,1,2,Cutter,Slider,StrikeSwinging,Strikeout,Undefined,Undefined,0,0,,126.3694,-0.401587,-1.916633,2311.139436,56.965278,8:00,1.644509,0.717074,1.683112,-115.375,1.4825,-3.3774,0.376255,0.136926,116.25441,-8.686997,-2.153911,0.488184,,,,,,,,,,,,0.3321,2.0829,-0.665961,15.24,1.624558,1.178147,-34.741462,-0.702786,0.052327,6.504356,-9.478483,WAS_EDA,MEI_MEI,JinguStadium,TeamExclusive,Team,20260516-JinguStadium-1,e49987d0-50d1-11f1-9189-39f1cca7bde1,124.25655,,,10.11499,,,,,,,afea34c9-bccf-4802-9e54-9cdb203d754b,2026/5/16,49:43.3,2026-05-16T11:49:43.3090000+09:00,2026-05-16T02:49:43.3090000Z,,v3,,,,"Fukuhara, Seiya",1000242807,Right,MEI_MEI,922c43f8-203b-4fa7-9d78-d49c1759396e,16.756887,-35.024305,3.252178,1.646157,-0.290613,-4.739242,-0.717143,1.175872,0.026163,,,,,,,,,,,,,,,,,,,,,,,,,,,,,68.93042,,,,,,,-1.005036,1.723183,0.283092,,,,-0.994145,16.302613,-1.008185,1.736217,5.252476,-4.631538,0.284199,8.205968,-0.213831,High,High,High,,,High,Medium,Low
108,2026/5/16,51:46.3,1,1,"Takahashi, Koki",1000326144,Right,WAS_EDA,"Mitsuhiro, Hotaka",1000188679,Left,MEI_MEI,Undefined,5,Top,2,1,2,Fastball,Changeup,StrikeCalled,Undefined,Undefined,Undefined,0,0,,137.81918,-0.639612,-4.427561,1732.164488,224.55975,1:30,1.66597,0.743237,1.827341,-57.2638,37.9946,34.865,0.912127,-0.161157,127.77539,-4.851548,-1.96951,0.440764,,,,,,,,,,,,-20.4692,20.7352,-0.639051,15.24,1.646725,2.767331,-37.881307,-0.632323,-3.908565,6.356477,-5.847292,WAS_EDA,MEI_MEI,JinguStadium,TeamExclusive,Team,20260516-JinguStadium-1,2dea2570-50d2-11f1-9189-39f1cca7bde1,137.62463,,,10.04379,,,,,,,afea34c9-bccf-4802-9e54-9cdb203d754b,2026/5/16,51:46.4,2026-05-16T11:51:46.3572480+09:00,2026-05-16T02:51:46.3572480Z,,v3,,,,"Ogata, Mikito",1000326132,Right,WAS_EDA,c3c275df-4df6-4498-9a5c-d44a0a8ba81e,16.612809,-38.110968,3.178238,1.665755,-0.421059,-2.923646,-0.741586,2.908548,-1.954283,,,,,,,,,,,,,,,,,,,,,,,,,,,,,,,,,,,,,,,,,,,,,,,,,,,High,High,High,,,,,
109,2026/5/16,51:57.4,2,1,"Takahashi, Koki",1000326144,Right,WAS_EDA,"Tamenaga, Hikaru",1000188679,Left,MEI_MEI,Undefined,5,Top,2,1,2,Fastball,Four-Seam,FoulBallNotFieldable,Undefined,Undefined,Undefined,0,0,,145.40743,-0.712641,-3.881342,2532.48664,220.865984,1:15,1.666651,0.738425,1.909327,-37.7316,47.9575,39.1819,1.088601,0.037855,132.91407,-3.576019,-1.101935,0.41804,120.82348,69.724424,-139.225277,5409.359621,-26.866227,30.306679,-20.058168,50.464157,29.679351,-143.815771,4.784301,-23.0727,26.2257,-0.65297,15.24,1.64827,2.522252,-39.964855,-0.616377,-4.832179,8.249953,-4.314121,WAS_EDA,MEI_MEI,JinguStadium,TeamExclusive,Team,20260516-JinguStadium-1,347f2ca0-50d2-11f1-9189-39f1cca7bde1,145.10583,32.365869,,12.49336,,,,0.442799,1.088957,-0.04072,afea34c9-bccf-4802-9e54-9cdb203d754b,2026/5/16,51:57.4,2026-05-16T11:51:57.4157312+09:00,2026-05-16T02:51:57.4157312Z,Popup,v3,,,,"Ogata, Mikito",1000326132,Right,WAS_EDA,0c9be807-df77-4597-8d20-05b5c1d716fa,16.530752,-40.230423,4.124976,1.665876,-0.477505,-2.157061,-0.736665,2.677801,-2.416089,5.900425,0.44194,-8.789725,-1.706544,1.030588,-0.339934,0.077662,-0.009792,0.000468,4.00E-06,1.08986,31.460048,-9.921434,1.222791,-0.066448,-0.063271,0.02292,-0.003263,0.000172,-0.041407,-7.581048,-0.337323,0.447703,-0.188217,0.052481,-0.008236,0.000609,-1.40E-05,,,,,,,,,,,,,,,,,,,,,,,High,High,High,High,Low,,,
110,2026/5/16,52:16.2,2,2,"Takahashi, Koki",1000326144,Right,WAS_EDA,"Tamenaga, Hikaru",1000188679,Left,MEI_MEI,Undefined,5,Top,2,1,2,Fastball,Four-Seam,BallCalled,Undefined,Undefined,Undefined,0,0,,148.1952,-2.343831,-2.588647,2605.657898,220.992001,1:15,1.66522,0.736602,1.91123,-37.6482,45.0299,36.8088,0.629122,0.37683,135.33293,-5.192247,0.028506,0.410629,,,,,,,,,,,,-20.8393,25.8107,-0.680223,15.24,1.610039,1.655319,-40.731723,-1.788833,-4.519331,8.827359,-4.209193,WAS_EDA,MEI_MEI,JinguStadium,TeamExclusive,Team,20260516-JinguStadium-1,3fb31050-50d2-11f1-9189-39f1cca7bde1,147.72444,,,12.86227,,,,,,,afea34c9-bccf-4802-9e54-9cdb203d754b,2026/5/16,52:16.2,2026-05-16T11:52:16.2127360+09:00,2026-05-16T02:52:16.2127360Z,,v3,,,,"Ogata, Mikito",1000326132,Right,WAS_EDA,5067a81b-dabf-416a-a9ad-422590e3a19c,16.5283,-41.009972,4.413679,1.664334,-1.656154,-2.104596,-0.734646,1.797774,-2.259665,,,,,,,,,,,,,,,,,,,,,,,,,,,,,,,,,,,,,,,,,,,,,,,,,,,High,High,High,,,,,
111,2026/5/16,52:33.4,2,3,"Takahashi, Koki",1000326144,Right,WAS_EDA,"Tamenaga, Hikaru",1000188679,Left,MEI_MEI,Undefined,5,Top,2,2,2,Fastball,Four-Seam,StrikeSwinging,Strikeout,Undefined,Undefined,0,0,,145.00682,-1.894802,-2.717283,2520.688373,224.070389,1:30,1.628426,0.721902,1.96666,-49.1374,36.5032,32.7008,0.605689,0.28746,132.67534,-5.573033,-0.384064,0.417921,,,,,,,,,,,,-18.8659,21.2271,-0.664788,15.24,1.584796,1.733657,-39.87374,-1.485795,-3.924973,8.376237,-5.390447,WAS_EDA,MEI_MEI,JinguStadium,TeamExclusive,Team,20260516-JinguStadium-1,49f95fb0-50d2-11f1-9189-39f1cca7bde1,145.14692,,,12.33148,,,,,,,afea34c9-bccf-4802-9e54-9cdb203d754b,2026/5/16,52:33.4,2026-05-16T11:52:33.4350000+09:00,2026-05-16T02:52:33.4350000Z,,v3,,,,"Ogata, Mikito",1000326132,Right,WAS_EDA,bb22495a-26ed-4804-bc49-360539268af9,16.472723,-40.131861,4.188119,1.628023,-1.319683,-2.695224,-0.720076,1.854609,-1.962486,,,,,,,,,,,,,,,,,,,,,,,,,,,,,99.19967,2.403298,1.276467,1.126831,-0.718384,0.490372,-0.28143,-0.796981,1.542641,0.197577,20.739398,1.733426,-17.291334,-0.793439,20.107878,-0.886865,1.561271,5.47036,-4.722138,0.175634,-17.668862,1.927506,High,High,High,,,High,Medium,Medium
112,2026/5/16,52:57.7,3,1,"Hirashima, Kaichi",1000326144,Right,MEI_MEI,"Ogata, Mikito",1000188673,Left,WAS_EDA,Undefined,5,Bottom,2,2,2,Fastball,Four-Seam,InPlay,Undefined,GroundBall,Out,1,0,,147.07988,-0.820446,-3.321665,2625.754729,232.815857,1:45,1.678589,0.762696,1.93661,-47.6432,36.3314,44.208,0.971587,0.271873,133.65495,-4.401493,-0.176005,0.413836,148.17494,9.107456,15.828491,2073.120049,31.896491,1.66115,10.33113,42.629598,42.154279,18.783467,1.190255,-25.51,20.3658,-0.691616,15.24,1.657722,2.129995,-40.426593,-0.744212,-5.423729,9.081111,-5.476646,WAS_EDA,MEI_MEI,JinguStadium,TeamExclusive,Team,20260516-JinguStadium-1,58687130-50d2-11f1-9189-39f1cca7bde1,146.57968,2.551268,,13.42493,,,,0.279303,0.936272,-0.282999,afea34c9-bccf-4802-9e54-9cdb203d754b,2026/5/16,52:57.7,2026-05-16T11:52:57.6647680+09:00,2026-05-16T02:52:57.6647680Z,LineDrive,v3,,,,"Ogata, Mikito",1000326132,Right,WAS_EDA,fa1e640d-e2e1-455e-9d2f-c4aa72962035,16.50321,-40.709362,4.540555,1.678241,-0.573679,-2.738323,-0.760569,2.29888,-2.711864,294.655575,0.279302,39.099965,-5.204364,0.676719,-0.141479,0.005521,0.05302,-0.046655,0.012626,0.936271,6.515172,-6.95075,0.858758,-0.205319,0.058597,0.010758,-0.024038,0.007691,-0.282997,11.084815,1.098371,-0.6048,0.233253,-0.10656,-0.003172,0.038415,-0.013692,,,,,,,,,,,,,,,,,,,,,,,High,High,High,High,High,,,
113,2026/5/16,53:44.0,3,2,"Hirashima, Kaichi",1000326144,Right,MEI_MEI,"Ogata, Mikito",1000419475,Left,WAS_EDA,Undefined,5,Bottom,0,0,0,Fastball,Sinker,BallCalled,Undefined,Undefined,Undefined,0,0,,148.61446,-0.331566,-4.098388,2517.443074,229.67535,1:45,1.669432,0.742091,1.96586,-45.991,35.8369,39.1021,1.116435,-0.016515,135.30005,-3.792359,-1.315754,0.408513,,,,,,,,,,,,-23.2685,19.7386,-0.655391,15.24,1.659719,2.731602,-40.827398,-0.392759,-5.064122,8.96248,-5.510764,WAS_EDA,MEI_MEI,JinguStadium,TeamExclusive,Team,20260516-JinguStadium-1,74098050-50d2-11f1-9189-39f1cca7bde1,148.48991,,,13.31441,,,,,,,afea34c9-bccf-4802-9e54-9cdb203d754b,2026/5/16,53:44.0,2026-05-16T11:53:44.0118784+09:00,2026-05-16T02:53:44.0118784Z,,v3,,,,"Ogata, Mikito",1000326132,Right,WAS_EDA,71e745ac-a8b4-4605-83fb-3fd030c0b430,16.473732,-41.097335,4.48124,1.669049,-0.226783,-2.755382,-0.73996,2.884126,-2.532061,,,,,,,,,,,,,,,,,,,,,,,,,,,,,,,,,,,,,,,,,,,,,,,,,,,High,High,High,,,,,
114,2026/5/16,53:54.4,3,3,"Hirashima, Kaichi",1000326144,Right,MEI_MEI,"Ogata, Mikito",1000419475,Left,WAS_EDA,Undefined,5,Bottom,0,1,0,Splitter,Changeup,BallCalled,Undefined,Undefined,Undefined,0,0,,136.32667,-1.982981,-4.114037,1715.859474,245.825435,2:15,1.649739,0.732081,1.789397,-75.7478,23.23,44.9226,0.329186,0.014582,125.45832,-7.497438,-0.947067,0.449287,,,,,,,,,,,,-25.8122,14.1583,-0.633639,15.24,1.595404,2.477825,-37.425827,-1.593711,-4.749639,7.106188,-7.201429,WAS_EDA,MEI_MEI,JinguStadium,TeamExclusive,Team,20260516-JinguStadium-1,7a3d2da0-50d2-11f1-9189-39f1cca7bde1,135.01402,,,10.86835,,,,,,,afea34c9-bccf-4802-9e54-9cdb203d754b,2026/5/16,53:54.4,2026-05-16T11:53:54.4010240+09:00,2026-05-16T02:53:54.4010240Z,,v3,,,,"Ogata, Mikito",1000326132,Right,WAS_EDA,7e8ec43c-dd5e-413a-9664-e50b2bd1ebb3,16.650812,-37.692751,3.553094,1.650187,-1.323209,-3.600714,-0.730062,2.656232,-2.374819,,,,,,,,,,,,,,,,,,,,,,,,,,,,,,,,,,,,,,,,,,,,,,,,,,,High,High,High,,,,,
115,2026/5/16,54:08.2,3,4,"Hirashima, Kaichi",1000326144,Right,MEI_MEI,"Ogata, Mikito",1000419475,Left,WAS_EDA,Undefined,5,Bottom,0,2,0,Splitter,Changeup,InPlay,Undefined,GroundBall,Out,1,0,,139.49414,-0.46127,-3.534619,1907.021412,242.275734,2:00,1.645983,0.74394,1.79433,-67.182,27.9055,47.0521,0.843361,0.212814,126.87026,-5.409079,-0.215895,0.440369,123.54394,-20.69751,32.371474,,,,,2.792069,2.14068,22.552086,0.072709,-26.8087,15.5515,-0.660313,15.24,1.629996,2.13598,-38.309497,-0.568111,-5.118963,8.147291,-6.837186,WAS_EDA,MEI_MEI,JinguStadium,TeamExclusive,Team,20260516-JinguStadium-1,8279f160-50d2-11f1-9189-39f1cca7bde1,137.74824,0.884896,,12.62388,,,,0.600422,0.884896,-0.183162,afea34c9-bccf-4802-9e54-9cdb203d754b,2026/5/16,54:08.2,2026-05-16T11:54:08.2530304+09:00,2026-05-16T02:54:08.2530304Z,GroundBall,v3,,,,"Ogata, Mikito",1000326132,Right,WAS_EDA,4a6d15a1-1886-4fd6-ae25-5a65e7d159be,16.64563,-38.607275,4.073645,1.646193,-0.318216,-3.418593,-0.741801,2.323075,-2.559481,180,0.599341,27.206348,,,,,,,,0.88538,-12.17042,,,,,,,,-0.183848,17.246679,,,,,,,,,,,,,,,,,,,,,,,,,,,,,,High,High,High,High,High,,,
116,2026/5/16,56:14.2,3,5,"Hirashima, Kaichi",1000423700,Right,MEI_MEI,"Ogata, Mikito",1000326132,Left,WAS_EDA,Undefined,5,Bottom,1,0,0,Fastball,Sinker,BallCalled,Undefined,Undefined,Undefined,0,0,,148.01487,-1.359191,-2.693108,2417.085515,228.498564,1:30,1.693562,0.79403,1.705522,-43.6639,41.6545,43.8482,0.869634,0.465564,134.49875,-4.612622,0.385171,0.417135,,,,,,,,,,,,-24.0438,22.8917,-0.727059,15.24,1.654671,1.669091,-40.642426,-1.133477,-5.172086,9.093215,-4.882392,WAS_EDA,MEI_MEI,JinguStadium,TeamExclusive,Team,20260516-JinguStadium-1,cd905ae0-50d2-11f1-9189-39f1cca7bde1,145.42072,,,13.51612,,,,,,,afea34c9-bccf-4802-9e54-9cdb203d754b,2026/5/16,56:14.2,2026-05-16T11:56:14.1981184+09:00,2026-05-16T02:56:14.1981184Z,,v3,,,,"Fukuhara, Seiya",1000242807,Right,MEI_MEI,e987133b-3059-4a62-ad5b-6605c87a8ec3,16.733842,-40.975291,4.546608,1.692892,-0.954753,-2.441196,-0.791623,1.858419,-2.586043,,,,,,,,,,,,,,,,,,,,,,,,,,,,,,,,,,,,,,,,,,,,,,,,,,,High,High,High,,,,,
117,2026/5/16,56:24.5,3,6,"Hirashima, Kaichi",1000423700,Right,MEI_MEI,"Ogata, Mikito",1000326132,Left,WAS_EDA,Undefined,5,Bottom,1,1,0,Curveball,Curveball,BallCalled,Undefined,Undefined,Undefined,0,0,,118.57082,0.151268,-0.242388,2424.869772,70.437895,8:15,1.659231,0.705196,1.716421,-143.1701,-11.064,-42.6843,0.270549,0.209421,109.52648,-10.107765,-3.252428,0.519058,,,,,,,,,,,,21.6299,-4.6544,-0.695502,15.24,1.652052,0.318723,-32.636837,-0.445257,3.00178,5.838796,-10.452591,WAS_EDA,MEI_MEI,JinguStadium,TeamExclusive,Team,20260516-JinguStadium-1,d3c05eb0-50d2-11f1-9189-39f1cca7bde1,116.86551,,,9.04435,,,,,,,afea34c9-bccf-4802-9e54-9cdb203d754b,2026/5/16,56:24.5,2026-05-16T11:56:24.4759040+09:00,2026-05-16T02:56:24.4759040Z,,v3,,,,"Fukuhara, Seiya",1000242807,Right,MEI_MEI,d1ce4e2a-91b4-4c37-8a44-bbe75b2b1303,16.724374,-32.901323,2.919398,1.661497,0.028225,-5.226296,-0.70686,0.182749,1.50089,,,,,,,,,,,,,,,,,,,,,,,,,,,,,,,,,,,,,,,,,,,,,,,,,,,High,High,High,,,,,
118,2026/5/16,56:43.6,3,7,"Hirashima, Kaichi",1000423700,Right,MEI_MEI,"Ogata, Mikito",1000326132,Left,WAS_EDA,Undefined,5,Bottom,1,2,0,Curveball,Curveball,BallCalled,Undefined,Undefined,Undefined,0,0,,119.48577,2.050846,0.483756,2355.784204,54.139216,7:45,1.655113,0.731903,1.720938,-138.7017,-10.1513,-18.9604,0.851429,0.679836,110.90656,-7.910376,-0.851258,0.512025,,,,,,,,,,,,9.9033,-5.2503,-0.742949,15.24,1.697526,-0.195426,-32.900292,0.654028,1.416826,5.162423,-10.557781,WAS_EDA,MEI_MEI,JinguStadium,TeamExclusive,Team,20260516-JinguStadium-1,df23b6d0-50d2-11f1-9189-39f1cca7bde1,118.47076,,,8.57921,,,,,,,afea34c9-bccf-4802-9e54-9cdb203d754b,2026/5/16,56:43.6,2026-05-16T11:56:43.6060160+09:00,2026-05-16T02:56:43.6060160Z,,v3,,,,"Fukuhara, Seiya",1000242807,Right,MEI_MEI,b4d5f8ec-c4b3-488d-a216-71a82159af60,16.719697,-33.131659,2.581212,1.657611,1.127203,-5.278891,-0.732768,-0.258925,0.708413,,,,,,,,,,,,,,,,,,,,,,,,,,,,,,,,,,,,,,,,,,,,,,,,,,,High,High,High,,,,,
119,2026/5/16,56:58.2,1,1,"Hirashima, Kaichi",1000423700,Right,MEI_MEI,"Yamane, Juntaro",1000326132,Right,WAS_EDA,Undefined,5,Bottom,1,3,0,Fastball,Sinker,StrikeCalled,Undefined,Undefined,Undefined,0,0,,147.83122,-1.185523,-3.376445,2105.69885,238.850979,2:00,1.634619,0.776058,1.739463,-52.8165,31.7434,48.1839,0.769156,0.297942,135.43682,-5.069979,0.01126,0.415276,,,,,,,,,,,,-26.7163,17.735,-0.693377,15.24,1.600375,2.137648,-40.618225,-1.058806,-5.787751,8.408071,-5.964586,WAS_EDA,MEI_MEI,JinguStadium,TeamExclusive,Team,20260516-JinguStadium-1,e7c44570-50d2-11f1-9189-39f1cca7bde1,146.07154,,,12.39441,,,,,,,afea34c9-bccf-4802-9e54-9cdb203d754b,2026/5/16,56:58.2,2026-05-16T11:56:58.1953536+09:00,2026-05-16T02:56:58.1953536Z,,v3,,,,"Fukuhara, Seiya",1000242807,Right,MEI_MEI,f9133639-43bf-46a4-bc2c-b728f136fead,16.700531,-40.919441,4.204035,1.634479,-0.845127,-2.982293,-0.773671,2.344992,-2.893876,,,,,,,,,,,,,,,,,,,,,,,,,,,,,,,,,,,,,,,,,,,,,,,,,,,High,High,High,,,,,
120,2026/5/16,57:13.2,1,2,"Hirashima, Kaichi",1000423700,Right,MEI_MEI,"Yamane, Juntaro",1000326132,Right,WAS_EDA,Undefined,5,Bottom,1,3,1,Fastball,Sinker,StrikeSwinging,Undefined,Undefined,Undefined,0,0,,148.02158,-2.644405,-5.076062,2290.649084,231.294956,1:45,1.657512,0.752398,1.761093,-47.0435,37.5501,43.5132,0.433629,-0.255832,135.6068,-6.120424,-2.023488,0.415359,,,,,,,,,,,,-25.7662,21.7752,-0.627674,15.24,1.587311,3.37665,-40.556332,-2.065164,-5.564733,8.385235,-5.103844,WAS_EDA,MEI_MEI,JinguStadium,TeamExclusive,Team,20260516-JinguStadium-1,f0b11f50-50d2-11f1-9189-39f1cca7bde1,146.04238,,,12.41478,,,,,,,afea34c9-bccf-4802-9e54-9cdb203d754b,2026/5/16,57:13.2,2026-05-16T11:57:13.1683328+09:00,2026-05-16T02:57:13.1683328Z,,v3,,,,"Fukuhara, Seiya",1000242807,Right,MEI_MEI,9c04eef8-6499-428d-82e2-b246be3e1af7,16.679201,-40.852811,4.192617,1.657139,-1.884706,-2.551922,-0.750541,3.573403,-2.782367,,,,,,,,,,,,,,,,,,,,,,,,,,,,,,,,,,,,,,,,,,,,,,,,,,,High,High,High,,,,,
121,2026/5/16,57:37.7,1,3,"Hirashima, Kaichi",1000423700,Right,MEI_MEI,"Yamane, Juntaro",1000326132,Right,WAS_EDA,Undefined,5,Bottom,1,3,2,TwoSeamFastBall,Splitter,FoulBallNotFieldable,Undefined,Undefined,Undefined,0,0,,139.35335,-0.119601,-2.81059,861.718985,282.272776,3:30,1.624878,0.797047,1.815517,-97.8729,-3.7152,30.1617,0.612303,0.303605,128.21839,-7.207321,-0.676446,0.43821,114.35668,11.869502,-165.701372,2119.606774,,,,32.934004,19.806699,-164.491318,1.177132,-17.1188,-0.6093,-0.73076,15.24,1.615694,1.727154,-38.325565,-0.497247,-3.301136,7.499083,-9.924138,WAS_EDA,MEI_MEI,JinguStadium,TeamExclusive,Team,20260516-JinguStadium-1,ff59b760-50d2-11f1-9189-39f1cca7bde1,138.42671,2.229725,,11.13497,,,,0.522745,0.509607,-0.226072,afea34c9-bccf-4802-9e54-9cdb203d754b,2026/5/16,57:37.7,2026-05-16T11:57:37.7170944+09:00,2026-05-16T02:57:37.7170944Z,GroundBall,v3,,,,"Fukuhara, Seiya",1000242807,Right,MEI_MEI,3a39a0ed-735c-4793-b1f3-58188a5438a5,16.624026,-38.595425,3.749542,1.627162,-0.14012,-4.962069,-0.795051,1.845947,-1.650568,340.075358,0.522744,-30.1234,2.36812,-0.059828,-0.057337,0.17143,-0.193679,0.11363,-0.027171,0.509607,6.533691,-6.474553,0.555683,-0.095906,0.030254,-0.012898,0.006377,-0.001488,-0.226072,-7.677584,0.21673,0.11456,-0.040389,0.055876,-0.058056,0.033806,-0.008076,,,,,,,,,,,,,,,,,,,,,,,High,High,High,Medium,Medium,,,
122,2026/5/16,57:56.1,2,1,"Hirashima, Kaichi",1000423700,Right,MEI_MEI,"Yuasa, Ousuke",1000326132,Right,WAS_EDA,Undefined,5,Bottom,1,3,2,Cutter,Slider,InPlay,Undefined,GroundBall,Single,0,0,,128.75723,1.421176,-1.583516,2468.599686,89.75147,9:00,1.596841,0.741832,1.619421,-110.6053,3.9046,-5.8921,0.897591,0.229792,116.79899,-6.555524,-1.995276,0.483255,99.60367,-32.694878,64.900309,,,,,1.644981,1.644981,40.280057,0.061343,1.7144,1.9084,-0.69754,15.24,1.626516,1.005781,-35.344852,0.41826,0.277015,7.295254,-9.498291,WAS_EDA,MEI_MEI,JinguStadium,TeamExclusive,Team,20260516-JinguStadium-1,0a596bb0-50d3-11f1-9189-39f1cca7bde1,125.52389,0.921963,,11.95824,,,,0.645637,0.921963,-0.237231,afea34c9-bccf-4802-9e54-9cdb203d754b,2026/5/16,57:56.1,2026-05-16T11:57:56.1515520+09:00,2026-05-16T02:57:56.1515520Z,GroundBall,v3,,,,"Fukuhara, Seiya",1000242807,Right,MEI_MEI,ffe485f5-d903-41a8-8a2e-cdddec206b0a,16.820137,-35.669505,3.647627,1.598497,0.840952,-4.749145,-0.742025,0.993453,0.138508,,0.645087,9.932749,,,,,,,,0.922797,-15.029562,,,,,,,,-0.238407,21.204447,,,,,,,,,,,,,,,,,,,,,,,,,,,,,,High,High,High,Estimated,Estimated,,,
123,2026/5/16,59:12.9,2,2,"Hirashima, Kaichi",1000423700,Right,MEI_MEI,"Yuasa, Ousuke",1000242780,Right,WAS_EDA,Undefined,5,Bottom,1,0,0,Fastball,Four-Seam,BallCalled,Undefined,Undefined,Undefined,0,0,,148.07034,-1.60667,-5.80784,2234.401822,216.108192,1:15,1.67354,0.741216,1.787977,-40.9801,43.3123,29.6782,0.80637,-0.61205,135.58462,-4.662425,-3.729167,0.414619,,,,,,,,,,,,-19.0098,23.9971,-0.599432,15.24,1.630796,3.967624,-40.543035,-1.291726,-4.109026,8.257065,-4.619618,WAS_EDA,MEI_MEI,JinguStadium,TeamExclusive,Team,20260516-JinguStadium-1,3815cb70-50d3-11f1-9189-39f1cca7bde1,146.30311,,,12.48572,,,,,,,afea34c9-bccf-4802-9e54-9cdb203d754b,2026/5/16,59:12.9,2026-05-16T11:59:12.9390000+09:00,2026-05-16T02:59:12.9390000Z,,v3,,,,"Fukuhara, Seiya",1000242807,Right,MEI_MEI,6359be04-18cd-4c78-8246-e63a9607c453,16.651718,-40.829535,4.128533,1.672835,-1.131436,-2.309809,-0.739572,4.110198,-2.054513,,,,,,,,,,,,,,,,,,,,,,,,,,,,,117.50893,1.463569,0.559053,0.904517,-0.301255,0.745415,0.659227,-0.645536,1.402497,1.209095,19.726372,1.949439,18.304372,-0.631831,24.825553,-2.589303,1.40561,4.070825,-3.842522,1.217291,20.398135,-1.68222,High,High,High,,,High,Medium,Medium
124,2026/5/16,59:36.4,2,3,"Hirashima, Kaichi",1000423700,Right,MEI_MEI,"Yuasa, Ousuke",1000242780,Right,WAS_EDA,Undefined,5,Bottom,1,1,0,Fastball,Sinker,BallCalled,Undefined,Undefined,Undefined,0,0,,148.66625,-2.428427,-5.32953,2313.742046,228.914995,1:45,1.687001,0.702708,1.781606,-44.4201,39.2169,41.954,0.551561,-0.391681,136.19018,-5.723771,-2.385272,0.413004,,,,,,,,,,,,-24.9801,22.4621,-0.573154,15.24,1.623366,3.577606,-40.723875,-1.903787,-5.445417,8.366851,-4.910138,WAS_EDA,MEI_MEI,JinguStadium,TeamExclusive,Team,20260516-JinguStadium-1,461b1ea0-50d3-11f1-9189-39f1cca7bde1,146.87522,,,12.47607,,,,,,,afea34c9-bccf-4802-9e54-9cdb203d754b,2026/5/16,59:36.4,2026-05-16T11:59:36.4264960+09:00,2026-05-16T02:59:36.4264960Z,,v3,,,,"Fukuhara, Seiya",1000242807,Right,MEI_MEI,de0ceb35-f4d3-4cc0-8c0a-9f147e577425,16.658366,-41.014247,4.183425,1.68648,-1.73338,-2.455069,-0.700595,3.76659,-2.722708,,,,,,,,,,,,,,,,,,,,,,,,,,,,,,,,,,,,,,,,,,,,,,,,,,,High,High,High,,,,,
125,2026/5/16,59:59.2,2,4,"Hirashima, Kaichi",1000423700,Right,MEI_MEI,"Yuasa, Ousuke",1000242780,Right,WAS_EDA,Undefined,5,Bottom,1,2,0,Fastball,Sinker,InPlay,Undefined,Bunt,Out,1,0,,148.27079,-2.171067,-4.899497,2428.077897,234.922321,1:45,1.660756,0.731603,1.805609,-46.473,37.7751,49.7694,0.579446,-0.159793,134.93799,-5.632788,-1.39638,0.41451,54.11007,-74.136196,25.359794,,,,,1.057184,1.057184,12.257149,0.0425,-29.2236,21.7987,-0.615386,15.24,1.604481,3.227608,-40.636,-1.721749,-6.293337,8.973768,-5.11227,WAS_EDA,MEI_MEI,JinguStadium,TeamExclusive,Team,20260516-JinguStadium-1,53a06c60-50d3-11f1-9189-39f1cca7bde1,146.34156,0.622571,,13.33279,,,,0.873214,0.622571,0.148665,afea34c9-bccf-4802-9e54-9cdb203d754b,2026/5/16,59:59.2,2026-05-16T11:59:59.1704576+09:00,2026-05-16T02:59:59.1704576Z,GroundBall,v3,,,,"Fukuhara, Seiya",1000242807,Right,MEI_MEI,f9ce06aa-cdf6-4001-9306-ed81de2a482c,16.634579,-40.942811,4.486884,1.660359,-1.546962,-2.556135,-0.729416,3.442775,-3.146669,,0.87288,3.761646,,,,,,,,0.623875,-14.648702,,,,,,,,0.148506,1.782927,,,,,,,,,,,,,,,,,,,,,,,,,,,,,,High,High,High,Estimated,Estimated,,,
126,2026/5/16,00:38.3,3,1,"Hirashima, Kaichi",1000423700,Right,MEI_MEI,"Abe, Youta",1000422710,Left,WAS_EDA,Undefined,5,Bottom,2,0,0,TwoSeamFastBall,Splitter,FoulBallNotFieldable,Undefined,Undefined,Undefined,0,0,,136.35006,-1.305366,-3.319589,874.378973,263.190975,2:45,1.632288,0.713468,1.826504,-91.8557,7.0141,32.1194,0.344333,0.095957,124.99032,-7.978009,-1.046283,0.449041,143.55936,-11.517596,-53.095347,,,,,2.645843,0.913958,-40.149857,0.051341,-19.0255,5.4395,-0.635841,15.24,1.594785,2.023313,-37.464796,-1.217038,-3.482842,7.623782,-8.810886,WAS_EDA,MEI_MEI,JinguStadium,TeamExclusive,Team,20260516-JinguStadium-1,6af35710-50d3-11f1-9189-39f1cca7bde1,135.08777,0.409234,,11.35975,,,,0.816429,0.409234,-0.100109,afea34c9-bccf-4802-9e54-9cdb203d754b,2026/5/16,00:38.3,2026-05-16T12:00:38.2668288+09:00,2026-05-16T03:00:38.2668288Z,GroundBall,v3,,,,"Fukuhara, Seiya",1000242807,Right,MEI_MEI,8a62cdb6-4920-47b9-898e-61efcfa0187b,16.613683,-37.743294,3.811891,1.633365,-0.895175,-4.405443,-0.712077,2.150542,-1.741421,,0.81622,23.488953,,,,,,,,0.409304,-7.970879,,,,,,,,-0.099831,-31.279057,,,,,,,,,,,,,,,,,,,,,,,,,,,,,,High,High,High,Low,Low,,,
127,2026/5/16,01:08.4,3,2,"Hirashima, Kaichi",1000423700,Right,MEI_MEI,"Abe, Youta",1000422710,Left,WAS_EDA,Undefined,5,Bottom,2,0,1,Fastball,Sinker,FoulBallNotFieldable,Undefined,Undefined,Undefined,0,0,,149.40234,-1.319041,-4.485942,2112.767265,237.240141,2:00,1.680646,0.69375,1.73691,-56.7163,25.867,36.4333,0.737625,-0.218645,137.63238,-5.456978,-1.930661,0.410394,123.84129,38.299634,111.030886,1368.877946,,,,,18.016548,,,-21.4057,14.7397,-0.58159,15.24,1.642549,3.02361,-41.015852,-1.190213,-4.756581,8.076732,-6.531322,WAS_EDA,MEI_MEI,JinguStadium,TeamExclusive,Team,20260516-JinguStadium-1,7ceb8f50-50d3-11f1-9189-39f1cca7bde1,147.80925,13.218847,,11.76996,,,,0.051281,0.734891,0.182294,afea34c9-bccf-4802-9e54-9cdb203d754b,2026/5/16,01:08.4,2026-05-16T12:01:08.4312576+09:00,2026-05-16T03:01:08.4312576Z,,v3,,,,"Fukuhara, Seiya",1000242807,Right,MEI_MEI,7321c84b-9598-4b66-9bf2-b0617b5a8403,16.70332,-41.303,4.038366,1.680736,-0.958008,-3.265661,-0.692093,3.192718,-2.37829,,0.051281,-9.688346,-0.956094,0.217778,-0.069681,0.021666,-0.006308,0.001506,-0.000222,0.734891,21.320448,-6.463109,0.373132,0.029396,-0.031112,0.01121,-0.002843,0.000413,0.182294,25.198394,-5.978407,1.796759,-0.42978,0.096467,-0.020897,0.004014,-0.000477,,,,,,,,,,,,,,,,,,,,,,,High,High,High,High,Undefined,,,
128,2026/5/16,01:37.8,3,3,"Hirashima, Kaichi",1000423700,Right,MEI_MEI,"Abe, Youta",1000422710,Left,WAS_EDA,Undefined,5,Bottom,2,0,2,Fastball,Sinker,BallCalled,Undefined,Undefined,Undefined,0,0,,148.30019,0.08514,-4.343068,2291.185833,240.172623,2:00,1.718459,0.697393,1.660072,-58.2227,26.1275,41.3782,1.160598,-0.130567,136.66498,-4.146369,-1.454475,0.414761,,,,,,,,,,,,-23.496,13.8499,-0.583804,15.24,1.715949,2.865601,-40.727547,-0.197666,-5.161933,7.737223,-6.763906,WAS_EDA,MEI_MEI,JinguStadium,TeamExclusive,Team,20260516-JinguStadium-1,8e6dd440-50d3-11f1-9189-39f1cca7bde1,146.25303,,,11.63521,,,,,,,afea34c9-bccf-4802-9e54-9cdb203d754b,2026/5/16,01:37.8,2026-05-16T12:01:37.8166784+09:00,2026-05-16T03:01:37.8166784Z,,v3,,,,"Fukuhara, Seiya",1000242807,Right,MEI_MEI,7ef292dc-0422-4991-8d43-b7b180bddd7f,16.780177,-41.019098,3.868611,1.718595,0.05721,-3.381953,-0.695449,3.060111,-2.580966,,,,,,,,,,,,,,,,,,,,,,,,,,,,,,,,,,,,,,,,,,,,,,,,,,,High,High,High,,,,,
129,2026/5/16,02:00.9,3,4,"Hirashima, Kaichi",1000423700,Right,MEI_MEI,"Abe, Youta",1000422710,Left,WAS_EDA,Undefined,5,Bottom,2,1,2,Cutter,Slider,InPlay,Undefined,LineDrive,Out,1,0,,128.09083,0.461818,-2.163567,2402.689535,67.592449,8:15,1.634186,0.718947,1.613831,-116.8524,-3.1652,-15.4832,0.597919,-0.055334,118.74068,-7.873494,-3.245415,0.481516,148.08673,15.298447,12.670018,3419.969644,32.020937,7.498748,9.93895,85.385334,80.009823,24.826395,2.972063,6.4146,-1.0332,-0.657513,15.24,1.63663,1.404422,-35.237986,-0.204437,1.049954,6.087744,-9.975763,WAS_EDA,MEI_MEI,JinguStadium,TeamExclusive,Team,20260516-JinguStadium-1,9c3c11e0-50d3-11f1-9189-39f1cca7bde1,125.9772,8.352716,,9.35014,,,,0.336112,0.602484,0.063182,afea34c9-bccf-4802-9e54-9cdb203d754b,2026/5/16,02:00.9,2026-05-16T12:02:00.8965120+09:00,2026-05-16T03:02:00.8965120Z,LineDrive,v3,,,,"Fukuhara, Seiya",1000242807,Right,MEI_MEI,96a04b64-0ddc-4958-a881-f4448b225581,16.826742,-35.511055,3.043872,1.635764,0.24303,-4.987882,-0.719453,1.357325,0.524977,230.972416,0.336102,38.712005,-7.104173,1.543061,-0.341814,0.086084,-0.020934,0.003411,-0.000247,0.602522,10.851067,-3.78803,-0.115758,0.166231,-0.105949,0.039891,-0.00787,0.000636,0.063207,8.701138,2.183858,-0.697689,0.253229,-0.102737,0.032854,-0.00614,0.000485,,,,,,,,,,,,,,,,,,,,,,,High,High,High,High,High,,,
130,2026/5/16,02:42.2,3,5,"Hirashima, Kaichi",1000423700,Right,MEI_MEI,"Abe, Youta",1000547801,Left,WAS_EDA,Undefined,5,Bottom,0,0,0,Fastball,Four-Seam,BallCalled,Undefined,Undefined,Undefined,0,0,,150.85862,-2.216534,-5.250006,2373.748498,225.503151,1:30,1.686836,0.720629,1.712009,-45.3004,36.2597,34.4118,0.600346,-0.432859,138.78912,-5.545865,-2.845601,0.407844,,,,,,,,,,,,-20.8166,20.5528,-0.586445,15.24,1.625436,3.611141,-41.339092,-1.793776,-4.696879,8.240656,-5.169289,WAS_EDA,MEI_MEI,JinguStadium,TeamExclusive,Team,20260516-JinguStadium-1,b4d89390-50d3-11f1-9189-39f1cca7bde1,148.73351,,,12.0695,,,,,,,afea34c9-bccf-4802-9e54-9cdb203d754b,2026/5/16,02:42.2,2026-05-16T12:02:42.2257152+09:00,2026-05-16T03:02:42.2257152Z,,v3,,,,"Fukuhara, Seiya",1000242807,Right,MEI_MEI,3e420add-fd3d-41b6-a798-b4245e493504,16.728106,-41.634678,4.120328,1.686452,-1.608357,-2.584645,-0.718995,3.779615,-2.348439,,,,,,,,,,,,,,,,,,,,,,,,,,,,,,,,,,,,,,,,,,,,,,,,,,,High,High,High,,,,,
131,2026/5/16,03:22.4,1,1,"Takahashi, Koki",1000423700,Right,WAS_EDA,"Fukuhara, Seiya",1000547801,Right,MEI_MEI,Undefined,6,Top,0,1,0,TwoSeamFastBall,Splitter,StrikeSwinging,Undefined,Undefined,Undefined,0,0,,136.49205,-0.350503,-3.801803,1073.712811,252.543747,2:30,1.662995,0.714014,1.725571,-85.0538,13.6723,34.5374,0.712615,-0.022758,126.24083,-6.494735,-1.376822,0.448715,,,,,,,,,,,,-19.919,8.0425,-0.618569,15.24,1.647444,2.323692,-37.517713,-0.582136,-3.709012,6.651259,-8.309096,WAS_EDA,MEI_MEI,JinguStadium,TeamExclusive,Team,20260516-JinguStadium-1,ccdd9030-50d3-11f1-9189-39f1cca7bde1,135.18599,,,10.25121,,,,,,,afea34c9-bccf-4802-9e54-9cdb203d754b,2026/5/16,03:22.4,2026-05-16T12:03:22.4280000+09:00,2026-05-16T03:03:22.4280000Z,,v3,,,,"Fukuhara, Seiya",1000242807,Right,MEI_MEI,ab317a64-f41d-4c27-af2a-34a52f4595b5,16.714717,-37.778251,3.325629,1.663872,-0.256658,-4.154548,-0.712437,2.468979,-1.854506,,,,,,,,,,,,,,,,,,,,,,,,,,,,,126.96241,2.248453,0.982682,1.265771,-0.335395,0.623114,0.04043,-0.490912,1.581784,0.185865,38.794156,0.515562,-1.462611,-0.449108,34.58787,-2.858761,1.572934,2.670272,-2.764886,0.164274,-2.775315,1.190696,High,High,High,,,High,Medium,Medium
132,2026/5/16,03:52.1,1,2,"Takahashi, Koki",1000423700,Right,WAS_EDA,"Fukuhara, Seiya",1000547801,Right,MEI_MEI,Undefined,6,Top,0,1,1,Fastball,Four-Seam,StrikeCalled,Undefined,Undefined,Undefined,0,0,,149.48831,-2.617583,-4.95334,2374.297402,228.270585,1:30,1.690794,0.732123,1.801002,-45.7137,36.5658,38.1656,0.489833,-0.291052,137.34271,-5.997905,-2.269179,0.409638,,,,,,,,,,,,-22.8762,21.2469,-0.613355,15.24,1.623356,3.354238,-40.981885,-2.057762,-5.059569,8.318785,-5.107438,WAS_EDA,MEI_MEI,JinguStadium,TeamExclusive,Team,20260516-JinguStadium-1,de742070-50d3-11f1-9189-39f1cca7bde1,148.08186,,,12.1456,,,,,,,afea34c9-bccf-4802-9e54-9cdb203d754b,2026/5/16,03:52.1,2026-05-16T12:03:52.0728576+09:00,2026-05-16T03:03:52.0728576Z,,v3,,,,"Fukuhara, Seiya",1000242807,Right,MEI_MEI,530bdd1b-3b08-484b-b063-85bc7a3e2440,16.639211,-41.264929,4.159393,1.690414,-1.883984,-2.553719,-0.73041,3.526388,-2.529784,,,,,,,,,,,,,,,,,,,,,,,,,,,,,,,,,,,,,,,,,,,,,,,,,,,High,High,High,,,,,
133,2026/5/16,04:19.6,2,1,"Takahashi, Koki",1000423700,Right,WAS_EDA,"Naito, Yamato",1000547801,Right,MEI_MEI,Undefined,6,Top,0,1,2,Fastball,Four-Seam,FoulBallNotFieldable,Undefined,Undefined,Undefined,0,0,,150.54871,-1.538469,-2.549794,2428.359876,223.03194,1:30,1.6873,0.740868,1.723836,-43.607,37.598,32.8794,0.813378,0.344397,138.63833,-4.755806,-0.238824,0.406955,118.82156,38.661024,-144.273924,4039.962373,-28.38557,15.222617,-17.843352,69.703423,24.485039,-151.77727,3.193561,-18.3437,20.8174,-0.6776,15.24,1.644255,1.665728,-41.40377,-1.289976,-4.15103,8.284099,-5.095845,WAS_EDA,MEI_MEI,JinguStadium,TeamExclusive,Team,20260516-JinguStadium-1,eeda9520-50d3-11f1-9189-39f1cca7bde1,149.05835,15.31027,,11.91038,,,,-0.18298,0.765107,-0.344919,afea34c9-bccf-4802-9e54-9cdb203d754b,2026/5/16,04:19.6,2026-05-16T12:04:19.5781632+09:00,2026-05-16T03:04:19.5781632Z,FlyBall,v3,,,,"Fukuhara, Seiya",1000242807,Right,MEI_MEI,88e2c419-0f3d-49a8-ae50-af6503d3f8d2,16.716243,-41.698092,4.14205,1.686869,-1.108928,-2.547922,-0.739401,1.813208,-2.075515,29.920195,-0.182933,-20.925708,0.130315,0.107677,0.09468,-0.090585,0.038848,-0.00799,0.000634,0.765155,20.616677,-8.337345,0.873258,-0.101709,-0.021553,0.012686,-0.002006,9.80E-05,-0.344878,-15.051048,2.00412,-0.322796,0.135914,-0.075532,0.031542,-0.006852,0.000576,,,,,,,,,,,,,,,,,,,,,,,High,High,High,High,Low,,,
134,2026/5/16,04:47.4,2,2,"Takahashi, Koki",1000423700,Right,WAS_EDA,"Naito, Yamato",1000547801,Right,MEI_MEI,Undefined,6,Top,0,1,2,Curveball,Curveball,StrikeSwinging,Strikeout,Undefined,Undefined,0,0,,115.4285,-0.116885,-1.672131,2391.677404,56.834041,8:00,1.648607,0.697112,1.813135,-160.5315,-21.3779,-39.7988,0.010236,-0.173712,106.24628,-11.651498,-4.495776,0.532723,,,,,,,,,,,,19.292,-9.8544,-0.6538,15.24,1.634882,1.083346,-31.752848,-0.618059,2.506103,6.077461,-11.086771,WAS_EDA,MEI_MEI,JinguStadium,TeamExclusive,Team,20260516-JinguStadium-1,ff7a9060-50d3-11f1-9189-39f1cca7bde1,113.86771,,,9.18221,,,,,,,afea34c9-bccf-4802-9e54-9cdb203d754b,2026/5/16,04:47.4,2026-05-16T12:04:47.3864192+09:00,2026-05-16T03:04:47.3864192Z,,v3,,,,"Fukuhara, Seiya",1000242807,Right,MEI_MEI,5c2efe5f-72fd-4707-98e4-9822b668508f,16.627761,-32.017362,3.03873,1.651281,-0.13552,-5.543385,-0.698578,0.97427,1.253051,,,,,,,,,,,,,,,,,,,,,,,,,,,,,,,,,,,,,,,,,,,,,,,,,,,High,High,High,,,,,
135,2026/5/16,09:01.2,2,3,"Takahashi, Koki",1000326144,Right,WAS_EDA,"Naito, Yamato",1000242807,Right,MEI_MEI,Undefined,6,Top,0,1,2,Fastball,Four-Seam,BallCalled,Undefined,Undefined,Undefined,0,0,,144.86264,-0.363094,-4.241881,2555.776265,220.67184,1:15,1.727544,0.674734,1.851868,-40.0578,47.0951,38.1007,1.224285,-0.142737,132.16902,-3.387044,-1.550936,0.421595,,,,,,,,,,,,-22.4377,25.2882,-0.576891,15.24,1.71634,2.756136,-39.774286,-0.383125,-4.651644,8.219392,-4.564064,WAS_EDA,MEI_MEI,JinguStadium,TeamExclusive,Team,20260516-JinguStadium-1,96b48da0-50d4-11f1-9189-39f1cca7bde1,143.88217,,,12.69362,,,,,,,afea34c9-bccf-4802-9e54-9cdb203d754b,2026/5/16,09:01.2,2026-05-16T12:09:01.1523584+09:00,2026-05-16T03:09:01.1523584Z,,v3,,,,"Ogata, Mikito",1000326132,Right,WAS_EDA,68fe33e9-9b73-4b62-8372-baf6ea0218d8,16.587646,-40.05181,4.109696,1.726674,-0.229022,-2.282032,-0.672602,2.913197,-2.325822,,,,,,,,,,,,,,,,,,,,,,,,,,,,,,,,,,,,,,,,,,,,,,,,,,,High,High,High,,,,,
136,2026/5/16,09:11.4,2,4,"Takahashi, Koki",1000326144,Right,WAS_EDA,"Naito, Yamato",1000242807,Right,MEI_MEI,Undefined,6,Top,0,2,2,Fastball,Four-Seam,InPlay,Undefined,GroundBall,Out,1,0,,144.8667,-1.864144,-3.862367,2573.630913,221.85436,1:30,1.700365,0.694989,1.885955,-42.1055,44.3307,37.3373,0.753316,-0.020248,132.95414,-5.022825,-1.217038,0.419858,154.21758,-7.077602,6.103902,,,,,6.795456,6.559265,6.152831,0.154228,-22.0168,25.0537,-0.608404,15.24,1.654841,2.507778,-39.805545,-1.440763,-4.58692,7.968303,-4.587034,WAS_EDA,MEI_MEI,JinguStadium,TeamExclusive,Team,20260516-JinguStadium-1,9cc374e0-50d4-11f1-9189-39f1cca7bde1,144.47742,0.801214,,11.91256,,,,0.32772,0.801214,0.006556,afea34c9-bccf-4802-9e54-9cdb203d754b,2026/5/16,09:11.4,2026-05-16T12:09:11.3586688+09:00,2026-05-16T03:09:11.3586688Z,GroundBall,v3,,,,"Ogata, Mikito",1000326132,Right,WAS_EDA,126fd843-162a-4d50-b34e-4833e6283a8f,16.554277,-40.067774,3.984152,1.699771,-1.289808,-2.293517,-0.693417,2.658729,-2.29346,196.369894,0.327789,42.26495,-3.782929,,,,,,,0.80111,-5.269372,0.490983,,,,,,,0.00652,4.523462,1.017996,,,,,,,,,,,,,,,,,,,,,,,,,,,,,High,High,High,High,High,,,
137,2026/5/16,09:42.6,2,5,"Takahashi, Koki",1000326144,Right,WAS_EDA,"Naito, Yamato",1000242811,Right,MEI_MEI,Undefined,6,Top,1,0,0,Fastball,Four-Seam,BallCalled,Undefined,Undefined,Undefined,0,0,,148.32833,-0.122498,-3.953626,2585.573161,223.953813,1:30,1.693981,0.703438,1.90615,-40.3716,41.9015,37.9759,1.255752,-0.029819,135.70864,-3.163693,-1.26078,0.409622,,,,,,,,,,,,-22.2504,22.5489,-0.615941,15.24,1.688735,2.625167,-40.765158,-0.222094,-4.858194,8.41818,-4.88329,WAS_EDA,MEI_MEI,JinguStadium,TeamExclusive,Team,20260516-JinguStadium-1,af5be4c0-50d4-11f1-9189-39f1cca7bde1,148.0876,,,12.61969,,,,,,,afea34c9-bccf-4802-9e54-9cdb203d754b,2026/5/16,09:42.5,2026-05-16T12:09:42.5511936+09:00,2026-05-16T03:09:42.5511936Z,,v3,,,,"Ogata, Mikito",1000326132,Right,WAS_EDA,19191aa9-448f-4b4d-a9cc-abc007fb2611,16.533572,-41.031416,4.20909,1.693317,-0.067641,-2.441645,-0.701403,2.778827,-2.429097,,,,,,,,,,,,,,,,,,,,,,,,,,,,,,,,,,,,,,,,,,,,,,,,,,,High,High,High,,,,,
138,2026/5/16,09:55.4,2,6,"Takahashi, Koki",1000326144,Right,WAS_EDA,"Naito, Yamato",1000242811,Right,MEI_MEI,Undefined,6,Top,1,1,0,Fastball,Sinker,BallCalled,Undefined,Undefined,Undefined,0,0,,143.70572,-2.068787,-4.228496,2547.207741,234.325896,1:45,1.645197,0.743899,1.950782,-53.4697,33.3011,42.8726,0.528801,-0.014745,132.70931,-6.032463,-1.17902,0.42067,,,,,,,,,,,,-25.1767,19.4978,-0.653698,15.24,1.596864,2.723546,-39.498808,-1.61871,-5.191645,7.440386,-5.786033,WAS_EDA,MEI_MEI,JinguStadium,TeamExclusive,Team,20260516-JinguStadium-1,b709d600-50d4-11f1-9189-39f1cca7bde1,144.19861,,,10.99641,,,,,,,afea34c9-bccf-4802-9e54-9cdb203d754b,2026/5/16,09:55.4,2026-05-16T12:09:55.4077184+09:00,2026-05-16T03:09:55.4077184Z,,v3,,,,"Ogata, Mikito",1000326132,Right,WAS_EDA,ce2275e0-1377-4461-a539-7a842185a00d,16.489759,-39.733527,3.720193,1.64505,-1.43618,-2.893017,-0.7422,2.887325,-2.595822,,,,,,,,,,,,,,,,,,,,,,,,,,,,,,,,,,,,,,,,,,,,,,,,,,,High,High,High,,,,,
139,2026/5/16,10:08.0,3,1,"Takahashi, Koki",1000326144,Right,WAS_EDA,"Tsuda, Motoki",1000242811,Left,MEI_MEI,Undefined,6,Top,1,2,0,Cutter,Slider,FoulBallNotFieldable,Undefined,Undefined,Undefined,0,0,,134.72268,0.197829,-2.429661,2635.58568,136.929009,10:30,1.638345,0.781981,1.732883,-85.8257,14.5253,-11.1803,0.836341,-0.02049,125.61445,-5.990256,-3.215588,0.452393,118.75677,65.878747,173.898389,4764.419887,-33.436779,30.595115,2.471527,55.893807,46.669195,176.114489,4.72937,4.3492,8.0026,-0.718753,15.24,1.63684,1.626399,-37.106385,-0.218539,0.79722,6.066814,-8.33976,WAS_EDA,MEI_MEI,JinguStadium,TeamExclusive,Team,20260516-JinguStadium-1,be904210-50d4-11f1-9189-39f1cca7bde1,134.08708,31.248216,,9.10823,,,,0.628442,0.856153,0.004565,afea34c9-bccf-4802-9e54-9cdb203d754b,2026/5/16,10:08.0,2026-05-16T12:10:08.0245760+09:00,2026-05-16T03:10:08.0245760Z,Popup,v3,,,,"Ogata, Mikito",1000326132,Right,WAS_EDA,38bc0ea5-a432-4596-abb9-9065ee1d5fa1,16.707804,-37.345596,3.033407,1.638974,0.110294,-4.16988,-0.782261,1.594965,0.39861,356.258942,0.627947,-13.396318,-0.686717,0.51161,-0.14278,0.026131,-0.001083,-0.000381,4.00E-05,0.857256,30.081085,-9.090165,0.981717,-0.047938,-0.049163,0.016988,-0.002327,0.000119,0.004696,1.429914,-0.294554,0.050846,0.00416,-0.005302,0.001352,-0.000152,6.00E-06,,,,,,,,,,,,,,,,,,,,,,,High,High,High,High,Medium,,,
140,2026/5/16,10:29.8,3,2,"Takahashi, Koki",1000326144,Right,WAS_EDA,"Tsuda, Motoki",1000242811,Left,MEI_MEI,Undefined,6,Top,1,2,1,Fastball,Four-Seam,FoulBallNotFieldable,Undefined,Undefined,Undefined,0,0,,146.00025,-1.704812,-3.3126,2543.502803,220.790387,1:15,1.682985,0.72263,1.986601,-41.2338,42.4552,34.5005,0.792929,0.140177,134.40324,-4.810483,-0.850691,0.413132,126.41011,30.799443,-36.758177,2498.146249,25.55645,16.111025,-21.702236,87.215713,75.360626,-45.195358,4.216841,-20.3589,24.1916,-0.654014,15.24,1.644523,2.166999,-40.174132,-1.329467,-4.331039,7.91888,-4.66026,WAS_EDA,MEI_MEI,JinguStadium,TeamExclusive,Team,20260516-JinguStadium-1,cb829ea0-50d4-11f1-9189-39f1cca7bde1,146.82959,18.112359,,11.59701,,,,0.353295,0.815231,-0.159077,afea34c9-bccf-4802-9e54-9cdb203d754b,2026/5/16,10:29.8,2026-05-16T12:10:29.7930240+09:00,2026-05-16T03:10:29.7930240Z,FlyBall,v3,,,,"Ogata, Mikito",1000326132,Right,WAS_EDA,48719cc4-4d6f-4fcd-8234-06c1df7263c9,16.453762,-40.412673,3.95944,1.682456,-1.189086,-2.33013,-0.721256,2.297463,-2.16552,146.909849,0.353441,24.160902,-4.841227,1.099193,-0.164741,0.005805,0.002208,-0.000183,-8.00E-06,0.815424,17.973621,-4.989602,0.146913,0.043466,-0.037555,0.014406,-0.002537,0.000166,-0.159205,-18.046871,1.337824,-0.168018,0.006006,0.003127,-0.000517,-4.00E-05,1.00E-05,,,,,,,,,,,,,,,,,,,,,,,High,High,High,High,Medium,,,
141,2026/5/16,11:35.7,3,3,"Takahashi, Koki",1000326144,Right,WAS_EDA,"Tsuda, Motoki",1000242811,Left,MEI_MEI,Undefined,6,Top,1,2,2,Fastball,Four-Seam,FoulBallNotFieldable,Undefined,Undefined,Undefined,0,0,,149.06274,-1.159333,-4.241632,2518.449123,214.090182,1:15,1.672754,0.697041,1.958912,-32.9939,48.4462,31.0016,1.017092,-0.183412,135.75713,-3.690538,-2.037948,0.407543,126.1093,38.13464,49.790524,4586.093206,18.258926,21.258065,28.120064,77.482653,60.480209,64.420844,4.575666,-19.186,26.8956,-0.606388,15.24,1.64562,2.882918,-40.934377,-0.924666,-4.199144,8.977711,-3.920158,WAS_EDA,MEI_MEI,JinguStadium,TeamExclusive,Team,20260516-JinguStadium-1,f2cd84c0-50d4-11f1-9189-39f1cca7bde1,148.84309,22.877214,,13.30561,,,,-0.017684,1.006097,0.203252,afea34c9-bccf-4802-9e54-9cdb203d754b,2026/5/16,11:35.7,2026-05-16T12:11:35.6726272+09:00,2026-05-16T03:11:35.6726272Z,FlyBall,v3,,,,"Ogata, Mikito",1000326132,Right,WAS_EDA,274cee19-7c7a-4dd7-bd55-c857487eb30c,16.480707,-41.20559,4.488856,1.671765,-0.806239,-1.960079,-0.695395,3.009772,-2.099572,216.811163,-0.017184,17.779291,-5.452608,1.388924,-0.244552,0.025228,-0.002678,0.000615,-6.00E-05,1.00666,21.615193,-5.890898,0.199729,0.12829,-0.087614,0.027156,-0.004046,0.000231,0.203761,21.030416,-2.246965,0.263089,0.039032,-0.033194,0.008408,-0.000951,3.90E-05,,,,,,,,,,,,,,,,,,,,,,,High,High,High,High,Medium,,,
142,2026/5/16,12:02.0,3,4,"Takahashi, Koki",1000326144,Right,WAS_EDA,"Tsuda, Motoki",1000242811,Left,MEI_MEI,Undefined,6,Top,1,2,2,Fastball,Four-Seam,InPlay,Undefined,FlyBall,Out,1,0,,149.75263,-2.250923,-4.094291,2507.075438,222.872374,1:30,1.684566,0.693171,1.927401,-36.8366,43.9403,38.4176,0.682424,-0.07388,136.99907,-5.03812,-1.366616,0.40588,139.98085,50.434859,6.520203,5141.471428,32.38022,35.703296,8.697493,70.256351,26.941394,20.256833,5.728431,-22.9062,25.2345,-0.604077,15.24,1.632183,2.755203,-41.124578,-1.740579,-5.077535,8.772522,-4.21301,WAS_EDA,MEI_MEI,JinguStadium,TeamExclusive,Team,20260516-JinguStadium-1,02723010-50d5-11f1-9189-39f1cca7bde1,149.45288,37.857401,,12.75356,,,,0.307531,0.711896,0.077726,afea34c9-bccf-4802-9e54-9cdb203d754b,2026/5/16,12:02.0,2026-05-16T12:12:01.9543552+09:00,2026-05-16T03:12:01.9543552Z,FlyBall,v3,,,,"Ogata, Mikito",1000326132,Right,WAS_EDA,0de096bf-d2c4-45a4-ab24-79e0dbd1ebbd,16.512761,-41.395188,4.386261,1.683871,-1.610619,-2.106505,-0.691484,2.911831,-2.538768,200.800012,0.308345,24.583693,-6.913006,1.816023,-0.282087,0.003189,0.007951,-0.001302,6.60E-05,0.709098,30.023929,-7.304065,0.718398,-0.148675,0.028335,-0.002414,-8.10E-05,1.60E-05,0.077202,2.825891,1.53737,-0.595873,0.106951,0.001238,-0.004471,0.000743,-3.90E-05,,,,,,,,,,,,,,,,,,,,,,,High,High,High,High,Low,,,
143,2026/5/16,12:38.2,3,5,"Takahashi, Koki",1000326144,Right,WAS_EDA,"Tsuda, Motoki",1000242809,Left,MEI_MEI,Undefined,6,Top,2,0,0,Splitter,Changeup,BallCalled,Undefined,Undefined,Undefined,0,0,,138.11051,0.757787,-2.999821,1703.042859,243.69478,2:00,1.654632,0.74656,1.756962,-73.2461,23.2682,41.1596,1.137443,0.306405,126.60619,-4.59527,-0.10273,0.44366,,,,,,,,,,,,-22.8716,12.2607,-0.673795,15.24,1.668454,1.783192,-37.967177,0.209532,-4.333234,7.279026,-7.483755,WAS_EDA,MEI_MEI,JinguStadium,TeamExclusive,Team,20260516-JinguStadium-1,1810db10-50d5-11f1-9189-39f1cca7bde1,136.72626,,,11.50432,,,,,,,afea34c9-bccf-4802-9e54-9cdb203d754b,2026/5/16,12:38.2,2026-05-16T12:12:38.1547008+09:00,2026-05-16T03:12:38.1547008Z,,v3,,,,"Ogata, Mikito",1000326132,Right,WAS_EDA,7200e2d6-2658-4aba-bc68-673dd16fec7a,16.682831,-38.242795,3.639513,1.655155,0.492901,-3.741878,-0.744421,1.947268,-2.166617,,,,,,,,,,,,,,,,,,,,,,,,,,,,,,,,,,,,,,,,,,,,,,,,,,,High,High,High,,,,,
144,2026/5/16,12:58.3,1,1,"Hirashima, Kaichi",1000326144,Right,MEI_MEI,"Kawajiri, Yuito",1000242809,Right,WAS_EDA,Undefined,6,Bottom,2,1,0,Fastball,Sinker,StrikeCalled,Undefined,Undefined,Undefined,0,0,,145.41227,-2.069881,-3.222786,2489.108866,225.258629,1:30,1.663487,0.752334,1.920548,-44.7451,40.7505,38.4327,0.633598,0.230684,133.31959,-5.421751,-0.4904,0.417567,,,,,,,,,,,,-22.0903,23.3933,-0.682228,15.24,1.614439,2.062337,-39.970618,-1.597623,-4.632269,8.175027,-4.901136,WAS_EDA,MEI_MEI,JinguStadium,TeamExclusive,Team,20260516-JinguStadium-1,2408ab00-50d5-11f1-9189-39f1cca7bde1,145.26996,,,12.09268,,,,,,,afea34c9-bccf-4802-9e54-9cdb203d754b,2026/5/16,12:58.3,2026-05-16T12:12:58.2907904+09:00,2026-05-16T03:12:58.2907904Z,,v3,,,,"Ogata, Mikito",1000326132,Right,WAS_EDA,73e61da2-315c-444a-bea7-a71ee84514bb,16.51922,-40.231401,4.087514,1.66291,-1.441277,-2.450568,-0.750374,2.210106,-2.316135,,,,,,,,,,,,,,,,,,,,,,,,,,,,,,,,,,,,,,,,,,,,,,,,,,,High,High,High,,,,,
145,2026/5/16,13:10.7,1,2,"Hirashima, Kaichi",1000326144,Right,MEI_MEI,"Kawajiri, Yuito",1000242809,Right,WAS_EDA,Undefined,6,Bottom,2,1,1,Fastball,Four-Seam,StrikeSwinging,Undefined,Undefined,Undefined,0,0,,149.11529,-1.583612,-2.957946,2554.034694,216.707016,1:15,1.661362,0.708563,1.995004,-38.6199,41.9017,29.3756,0.831809,0.174779,136.53337,-4.509173,-0.859824,0.405239,,,,,,,,,,,,-17.3477,23.8005,-0.647493,15.24,1.62583,1.975818,-41.017347,-1.255168,-3.827556,8.679461,-4.555366,WAS_EDA,MEI_MEI,JinguStadium,TeamExclusive,Team,20260516-JinguStadium-1,2b728e60-50d5-11f1-9189-39f1cca7bde1,149.68958,,,12.58192,,,,,,,afea34c9-bccf-4802-9e54-9cdb203d754b,2026/5/16,13:10.7,2026-05-16T12:13:10.7222016+09:00,2026-05-16T03:13:10.7222016Z,,v3,,,,"Ogata, Mikito",1000326132,Right,WAS_EDA,a964e4cb-f527-4dbf-9528-29c73b65a30e,16.444554,-41.271449,4.339731,1.660625,-1.121803,-2.277683,-0.706978,2.087874,-1.913778,,,,,,,,,,,,,,,,,,,,,,,,,,,,,,,,,,,,,,,,,,,,,,,,,,,High,High,High,,,,,
146,2026/5/16,13:29.2,1,3,"Hirashima, Kaichi",1000326144,Right,MEI_MEI,"Kawajiri, Yuito",1000242809,Right,WAS_EDA,Undefined,6,Bottom,2,1,2,Fastball,Four-Seam,FoulBallNotFieldable,Undefined,Undefined,Undefined,0,0,,150.9164,-1.549363,-4.002898,2639.29389,226.457656,1:30,1.676521,0.706634,1.988091,-41.7798,36.9325,36.3131,0.824293,-0.051432,138.31561,-4.692822,-1.414333,0.40066,140.57271,4.4453,-140.095604,1626.026037,,,,40.901414,23.127109,-142.368961,1.172701,-21.6886,21.1434,-0.623376,15.24,1.641345,2.724587,-41.479008,-1.264388,-4.901094,8.746077,-5.028771,WAS_EDA,MEI_MEI,JinguStadium,TeamExclusive,Team,20260516-JinguStadium-1,3671f490-50d5-11f1-9189-39f1cca7bde1,151.40018,1.450632,,12.60078,,,,-0.363305,0.733072,0.090025,afea34c9-bccf-4802-9e54-9cdb203d754b,2026/5/16,13:29.2,2026-05-16T12:13:29.1782656+09:00,2026-05-16T03:13:29.1782656Z,GroundBall,v3,,,,"Ogata, Mikito",1000326132,Right,WAS_EDA,d6785cf6-b841-449f-ae7c-7f7441af97fd,16.451822,-41.733745,4.373038,1.676038,-1.117921,-2.514386,-0.704811,2.867336,-2.450547,142.479358,-0.363305,-29.864214,2.574408,-0.411618,0.07434,-0.013302,0.002419,-0.000406,4.20E-05,0.733072,3.026503,-3.247789,0.125841,-0.014201,0.004293,-0.000662,8.80E-05,-1.00E-05,0.090025,-24.974252,3.597359,-0.545801,0.100474,-0.018018,0.003209,-0.00052,5.10E-05,,,,,,,,,,,,,,,,,,,,,,,High,High,High,High,Low,,,
147,2026/5/16,13:54.9,2,1,"Hirashima, Kaichi",1000326144,Right,MEI_MEI,"Okanishi, Yuya",1000242809,Left,WAS_EDA,Undefined,6,Bottom,2,1,2,Fastball,Four-Seam,StrikeSwinging,Strikeout,Undefined,Undefined,0,0,,149.84497,-0.864432,-3.170156,2625.013781,217.003452,1:15,1.68126,0.698799,2.006615,-36.5559,43.5213,30.8236,1.073861,0.120651,136.28488,-3.65882,-0.967971,0.404119,,,,,,,,,,,,-18.4219,24.2357,-0.633922,15.24,1.661218,2.130617,-41.201702,-0.730229,-4.075085,9.293231,-4.445493,WAS_EDA,MEI_MEI,JinguStadium,TeamExclusive,Team,20260516-JinguStadium-1,45c635f0-50d5-11f1-9189-39f1cca7bde1,150.10435,,,13.56009,,,,,,,afea34c9-bccf-4802-9e54-9cdb203d754b,2026/5/16,13:54.9,2026-05-16T12:13:54.8870000+09:00,2026-05-16T03:13:54.8870000Z,,v3,,,,"Ogata, Mikito",1000326132,Right,WAS_EDA,bf359cea-681e-4145-a14c-3d297141219d,16.432776,-41.469866,4.646615,1.680438,-0.601951,-2.222747,-0.697099,2.248207,-2.037542,,,,,,,,,,,,,,,,,,,,,,,,,,,,,81.87822,2.536565,1.14135,1.395215,-0.517181,1.01151,-0.105698,-0.877717,1.743221,-0.201179,20.759385,0.380997,-17.273716,-0.872529,16.647271,-0.822833,1.767436,5.682127,-4.807688,-0.219299,-14.054469,1.326918,High,High,High,,,High,Medium,Medium
148,2026/5/16,15:45.4,2,2,"Hirashima, Kaichi",1000423700,Right,MEI_MEI,"Okanishi, Yuya",1000547783,Left,WAS_EDA,Undefined,6,Bottom,2,1,2,Curveball,Curveball,StrikeCalled,Undefined,Undefined,Undefined,0,0,,114.63294,2.349895,-0.128792,2261.244588,75.438222,8:30,1.706398,0.662942,1.619237,-146.5098,-4.068,-31.9329,0.913933,0.306768,105.79823,-8.134525,-2.362267,0.538981,,,,,,,,,,,,15.8192,-2.1809,-0.656558,15.24,1.758653,0.211273,-31.518654,0.739104,2.063513,5.063198,-10.091137,WAS_EDA,MEI_MEI,JinguStadium,TeamExclusive,Team,20260516-JinguStadium-1,87b99a60-50d5-11f1-9189-39f1cca7bde1,112.54576,,,8.83471,,,,,,,afea34c9-bccf-4802-9e54-9cdb203d754b,2026/5/16,15:45.4,2026-05-16T12:15:45.4303232+09:00,2026-05-16T03:15:45.4303232Z,,v3,,,,"Fukuhara, Seiya",1000242807,Right,MEI_MEI,a15c3300-817d-415c-b88a-8c6a442d4017,16.820972,-31.771608,2.531599,1.709134,1.243251,-5.045568,-0.664538,0.108181,1.031757,,,,,,,,,,,,,,,,,,,,,,,,,,,,,,,,,,,,,,,,,,,,,,,,,,,High,High,High,,,,,
149,2026/5/16,15:54.9,2,3,"Hirashima, Kaichi",1000423700,Right,MEI_MEI,"Okanishi, Yuya",1000547783,Left,WAS_EDA,Undefined,6,Bottom,2,1,2,Cutter,Slider,StrikeCalled,Undefined,Undefined,Undefined,0,0,,128.34799,-1.794535,-3.170275,2251.621582,81.192201,8:45,1.678568,0.74289,1.564408,-114.633,2.7464,-10.2732,0.016184,-0.270753,116.419,-9.970326,-3.885966,0.489272,,,,,,,,,,,,2.4456,3.9403,-0.651159,15.24,1.616542,1.996556,-35.146464,-1.58497,0.386912,7.803883,-9.183284,WAS_EDA,MEI_MEI,JinguStadium,TeamExclusive,Team,20260516-JinguStadium-1,8d54b130-50d5-11f1-9189-39f1cca7bde1,123.98004,,,11.929,,,,,,,afea34c9-bccf-4802-9e54-9cdb203d754b,2026/5/16,15:54.9,2026-05-16T12:15:54.9066240+09:00,2026-05-16T03:15:54.9066240Z,,v3,,,,"Fukuhara, Seiya",1000242807,Right,MEI_MEI,9483f5c5-5d71-4e4a-8d61-5bf09381b0de,16.87522,-35.50769,3.901942,1.680069,-1.159894,-4.591642,-0.743161,1.978647,0.193456,,,,,,,,,,,,,,,,,,,,,,,,,,,,,,,,,,,,,,,,,,,,,,,,,,,High,High,High,,,,,
150,2026/5/16,16:09.6,2,4,"Hirashima, Kaichi",1000423700,Right,MEI_MEI,"Okanishi, Yuya",1000547783,Left,WAS_EDA,Undefined,6,Bottom,2,1,2,TwoSeamFastBall,Splitter,StrikeSwinging,Strikeout,Undefined,Undefined,0,0,,138.13154,-1.613797,-3.830518,1115.350127,289.030943,3:45,1.654205,0.742594,1.748987,-106.9178,-9.8706,37.279,0.125861,0.026608,127.35746,-9.281454,-1.203293,0.444883,,,,,,,,,,,,-21.8911,-3.2164,-0.648183,15.24,1.605155,2.361548,-37.940025,-1.524909,-4.124031,7.571364,-10.412589,WAS_EDA,MEI_MEI,JinguStadium,TeamExclusive,Team,20260516-JinguStadium-1,960f3070-50d5-11f1-9189-39f1cca7bde1,136.35031,,,10.77408,,,,,,,afea34c9-bccf-4802-9e54-9cdb203d754b,2026/5/16,16:09.6,2026-05-16T12:16:09.6144384+09:00,2026-05-16T03:16:09.6144384Z,,v3,,,,"Fukuhara, Seiya",1000242807,Right,MEI_MEI,726eff7d-bff8-4e2e-a052-ad97594ed546,16.691846,-38.228659,3.785682,1.655721,-1.127961,-5.206295,-0.741206,2.518764,-2.062016,,,,,,,,,,,,,,,,,,,,,,,,,,,,,,,,,,,,,,,,,,,,,,,,,,,High,High,High,,,,,
151,2026/5/16,16:37.2,2,5,"Hirashima, Kaichi",1000423700,Right,MEI_MEI,"Okanishi, Yuya",1000242774,Left,WAS_EDA,Undefined,6,Bottom,2,1,2,Curveball,Curveball,BallCalled,Undefined,Undefined,Undefined,0,0,,116.60975,0.937355,-0.318782,2320.650187,56.034679,7:45,1.686011,0.691405,1.602919,-151.7038,-15.0708,-27.8296,0.437425,0.321821,109.01092,-9.827925,-2.267109,0.527877,,,,,,,,,,,,13.8001,-7.0846,-0.679926,15.24,1.698527,0.299477,-32.121845,-0.063153,1.884044,4.864925,-10.773863,WAS_EDA,MEI_MEI,JinguStadium,TeamExclusive,Team,20260516-JinguStadium-1,a69736e0-50d5-11f1-9189-39f1cca7bde1,114.91319,,,7.59883,,,,,,,afea34c9-bccf-4802-9e54-9cdb203d754b,2026/5/16,16:37.2,2026-05-16T12:16:37.2169216+09:00,2026-05-16T03:16:37.2169216Z,,v3,,,,"Fukuhara, Seiya",1000242807,Right,MEI_MEI,5031a07c-fbc3-40ba-bf0c-ef072c85b1d8,16.838244,-32.362997,2.432462,1.688421,0.470904,-5.386931,-0.692456,0.206086,0.942022,,,,,,,,,,,,,,,,,,,,,,,,,,,,,,,,,,,,,,,,,,,,,,,,,,,High,High,High,,,,,
152,2026/5/16,16:47.0,3,1,"Hirashima, Kaichi",1000423700,Right,MEI_MEI,"Terao, Kensei",1000242774,Right,WAS_EDA,Undefined,6,Bottom,2,2,2,Cutter,Slider,BallCalled,Undefined,Undefined,Undefined,0,0,,128.2429,-0.465523,-2.336277,2308.294513,181.598263,12:00,1.665344,0.74283,1.605383,-108.9734,6.9765,0.0807,0.442207,0.074343,116.52332,-8.298416,-2.330639,0.486284,,,,,,,,,,,,-1.9176,5.0725,-0.677694,15.24,1.642807,1.434929,-35.180987,-0.73929,-0.306359,7.351177,-8.996276,WAS_EDA,MEI_MEI,JinguStadium,TeamExclusive,Team,20260516-JinguStadium-1,ac6e1e30-50d5-11f1-9189-39f1cca7bde1,124.74196,,,11.71958,,,,,,,afea34c9-bccf-4802-9e54-9cdb203d754b,2026/5/16,16:47.0,2026-05-16T12:16:47.0450688+09:00,2026-05-16T03:16:47.0450688Z,,v3,,,,"Fukuhara, Seiya",1000242807,Right,MEI_MEI,9f5b0cee-3c5d-4495-8579-99371aeea689,16.833776,-35.51245,3.675589,1.666996,-0.33365,-4.498138,-0.742706,1.448742,-0.153179,,,,,,,,,,,,,,,,,,,,,,,,,,,,,,,,,,,,,,,,,,,,,,,,,,,High,High,High,,,,,
153,2026/5/16,17:01.8,3,2,"Hirashima, Kaichi",1000423700,Right,MEI_MEI,"Terao, Kensei",1000242774,Right,WAS_EDA,Undefined,6,Bottom,2,3,2,Fastball,Four-Seam,FoulBallNotFieldable,Undefined,Undefined,Undefined,0,0,,148.31371,-1.704328,-3.750807,2315.605714,217.310216,1:15,1.660297,0.753231,1.770901,-30.2426,54.3019,39.1823,0.873631,0.080436,134.4621,-4.029457,-0.994471,0.415238,112.78211,35.148959,-146.764722,3495.297356,-28.911966,11.788367,-16.977144,59.444639,23.654942,-152.220558,2.771703,-22.7436,29.7902,-0.662213,15.24,1.615499,2.457705,-40.688258,-1.304005,-4.89769,9.209008,-3.391516,WAS_EDA,MEI_MEI,JinguStadium,TeamExclusive,Team,20260516-JinguStadium-1,b528eb90-50d5-11f1-9189-39f1cca7bde1,146.0848,11.88557,,13.8516,,,,0.002528,0.847445,-0.073043,afea34c9-bccf-4802-9e54-9cdb203d754b,2026/5/16,17:01.8,2026-05-16T12:17:01.7680384+09:00,2026-05-16T03:17:01.7680384Z,FlyBall,v3,,,,"Fukuhara, Seiya",1000242807,Right,MEI_MEI,557ec45e-a1e1-40f1-a057-54f76715fec5,16.668604,-41.010321,4.604504,1.65903,-1.185395,-1.695758,-0.75116,2.628989,-2.448845,24.788048,0.002575,-21.428319,0.689864,0.026627,0.095278,-0.085827,0.039276,-0.008922,0.00079,0.847485,18.033489,-8.271668,0.852628,-0.100257,-0.013166,0.009167,-0.001283,2.50E-05,-0.072986,-14.042483,1.697346,-0.231887,0.165053,-0.110679,0.048418,-0.010998,0.000982,,,,,,,,,,,,,,,,,,,,,,,High,High,High,High,Low,,,
154,2026/5/16,17:23.0,3,3,"Hirashima, Kaichi",1000423700,Right,MEI_MEI,"Terao, Kensei",1000242774,Right,WAS_EDA,Undefined,6,Bottom,2,3,2,Cutter,Slider,BallCalled,Undefined,Undefined,Undefined,0,0,,127.6953,1.474377,-0.772992,2288.317131,152.08666,11:00,1.633262,0.73405,1.583716,-111.3228,5.5775,-0.8193,0.942867,0.504228,115.7806,-6.544519,-0.830159,0.488273,,,,,,,,,,,,-0.1992,2.977,-0.712139,15.24,1.664976,0.476969,-35.044091,0.431419,-0.031677,7.111639,-9.333311,WAS_EDA,MEI_MEI,JinguStadium,TeamExclusive,Team,20260516-JinguStadium-1,c1e3bd60-50d5-11f1-9189-39f1cca7bde1,124.23381,,,11.9147,,,,,,,afea34c9-bccf-4802-9e54-9cdb203d754b,2026/5/16,17:23.0,2026-05-16T12:17:23.0048768+09:00,2026-05-16T03:17:23.0048768Z,,v3,,,,"Fukuhara, Seiya",1000242807,Right,MEI_MEI,9f042d2c-bcac-4d34-958d-6b3edf3a6b0a,16.855033,-35.370318,3.555819,1.635366,0.859559,-4.666656,-0.734052,0.478422,-0.015838,,,,,,,,,,,,,,,,,,,,,,,,,,,,,,,,,,,,,,,,,,,,,,,,,,,High,High,High,,,,,
155,2026/5/16,17:37.6,4,1,"Hirashima, Kaichi",1000423700,Right,MEI_MEI,"Tokumaru, Kaisei",1000242774,Left,WAS_EDA,Undefined,6,Bottom,2,0,2,Fastball,Sinker,BallCalled,Walk,Undefined,Undefined,0,0,,149.48808,-1.765579,-5.232988,2272.615858,241.304833,2:00,1.673408,0.747943,1.704106,-56.441,27.7396,45.4352,0.604256,-0.291153,135.78901,-5.904133,-2.057264,0.414344,,,,,,,,,,,,-26.7927,16.1844,-0.61436,15.24,1.622685,3.496193,-40.919402,-1.5084,-5.842076,9.219586,-6.27768,WAS_EDA,MEI_MEI,JinguStadium,TeamExclusive,Team,20260516-JinguStadium-1,ca849a20-50d5-11f1-9189-39f1cca7bde1,146.40024,,,13.69907,,,,,,,afea34c9-bccf-4802-9e54-9cdb203d754b,2026/5/16,17:37.6,2026-05-16T12:17:37.6101888+09:00,2026-05-16T03:17:37.6101888Z,,v3,,,,"Fukuhara, Seiya",1000242807,Right,MEI_MEI,617b86e9-3186-4ae4-a0b8-42448e288854,16.735545,-41.254989,4.609793,1.673431,-1.279897,-3.13884,-0.745489,3.708841,-2.921038,,,,,,,,,,,,,,,,,,,,,,,,,,,,,,,,,,,,,,,,,,,,,,,,,,,High,High,High,,,,,
156,2026/5/16,18:28.8,5,1,"Hirashima, Kaichi",1000423700,Right,MEI_MEI,"Takahashi, Hiroto",1000242786,Right,WAS_EDA,Undefined,6,Bottom,2,1,2,Cutter,Slider,BallCalled,Undefined,Undefined,Undefined,0,0,,128.42353,-0.318496,-3.477201,2255.81169,124.449276,10:15,1.665198,0.706341,1.662051,-109.067,5.8083,-2.664,0.483482,-0.313673,116.85263,-8.172195,-3.663561,0.484025,,,,,,,,,,,,-1.4223,4.3951,-0.612537,15.24,1.647717,2.152465,-35.211931,-0.639735,-0.227935,7.281447,-9.102304,WAS_EDA,MEI_MEI,JinguStadium,TeamExclusive,Team,20260516-JinguStadium-1,e91b69a0-50d5-11f1-9189-39f1cca7bde1,125.32407,,,11.5709,,,,,,,afea34c9-bccf-4802-9e54-9cdb203d754b,2026/5/16,18:28.9,2026-05-16T12:18:28.8528384+09:00,2026-05-16T03:18:28.8528384Z,,v3,,,,"Fukuhara, Seiya",1000242807,Right,MEI_MEI,24964af3-c827-49e3-9f4d-b0dbaad9feb4,16.777132,-35.528372,3.640723,1.666923,-0.244163,-4.551152,-0.706295,2.162371,-0.113968,,,,,,,,,,,,,,,,,,,,,,,,,,,,,,,,,,,,,,,,,,,,,,,,,,,High,High,High,,,,,
157,2026/5/16,19:02.6,5,2,"Hirashima, Kaichi",1000423700,Right,MEI_MEI,"Takahashi, Hiroto",1000242786,Right,WAS_EDA,Undefined,6,Bottom,2,2,2,Cutter,Slider,StrikeCalled,Undefined,Undefined,Undefined,0,0,,128.457,0.008192,-2.998061,2199.241067,114.215106,9:45,1.654397,0.69468,1.750929,-105.9535,5.848,-5.5436,0.59719,-0.212322,118.46366,-7.636869,-3.388175,0.477506,,,,,,,,,,,,0.7726,4.0199,-0.618265,15.24,1.646825,1.874848,-35.311832,-0.408337,0.126383,6.40883,-9.149034,WAS_EDA,MEI_MEI,JinguStadium,TeamExclusive,Team,20260516-JinguStadium-1,fd354960-50d5-11f1-9189-39f1cca7bde1,127.03515,,,9.99334,,,,,,,afea34c9-bccf-4802-9e54-9cdb203d754b,2026/5/16,19:02.6,2026-05-16T12:19:02.5901568+09:00,2026-05-16T03:19:02.5901568Z,,v3,,,,"Fukuhara, Seiya",1000242807,Right,MEI_MEI,2bedd7c4-39cc-43e8-849a-d7757f723b16,16.688968,-35.573837,3.204415,1.655873,-0.034307,-4.574517,-0.694807,1.869681,0.063192,,,,,,,,,,,,,,,,,,,,,,,,,,,,,,,,,,,,,,,,,,,,,,,,,,,High,High,High,,,,,
158,2026/5/16,19:22.8,5,3,"Hirashima, Kaichi",1000423700,Right,MEI_MEI,"Takahashi, Hiroto",1000242786,Right,WAS_EDA,Undefined,6,Bottom,2,2,2,Fastball,Four-Seam,InPlay,Undefined,LineDrive,Single,0,0,,148.01314,-1.366252,-4.073729,2276.507865,213.938693,1:15,1.684645,0.705598,1.715534,-35.0078,50.7304,32.1304,0.94495,-0.133614,133.86947,-4.023967,-1.823047,0.418159,154.15027,9.007272,-0.542864,2540.328045,33.516138,4.768834,0.891702,81.482779,81.482779,3.797241,2.528308,-19.4211,27.6286,-0.602274,15.24,1.646524,2.715422,-40.572755,-1.089913,-4.147714,9.366588,-3.906072,WAS_EDA,MEI_MEI,JinguStadium,TeamExclusive,Team,20260516-JinguStadium-1,09346c50-50d6-11f1-9189-39f1cca7bde1,145.06427,5.070535,,14.14367,,,,0.346991,0.940526,0.13293,afea34c9-bccf-4802-9e54-9cdb203d754b,2026/5/16,19:22.8,2026-05-16T12:19:22.7879936+09:00,2026-05-16T03:19:22.7879936Z,LineDrive,v3,,,,"Fukuhara, Seiya",1000242807,Right,MEI_MEI,bf2c02e0-3b37-4370-b618-dee99b7836cb,16.7239,-40.913892,4.683294,1.683628,-0.947651,-1.953036,-0.703922,2.866484,-2.073857,207.868357,0.346991,42.289599,-6.073699,1.158973,-0.203419,0.032077,-0.004477,0.000543,-3.70E-05,0.940526,6.703769,-2.462376,-0.330771,0.12754,-0.031157,0.006475,-0.000874,5.40E-05,0.132929,-0.400722,1.860179,-0.595462,0.156283,-0.034668,0.006393,-0.000842,5.40E-05,,,,,,,,,,,,,,,,,,,,,,,High,High,High,High,High,,,
159,2026/5/16,20:56.6,5,4,"Hirashima, Kaichi",1000423700,Right,MEI_MEI,"Takahashi, Hiroto",1000422696,Right,WAS_EDA,Undefined,6,Bottom,2,0,0,Fastball,Four-Seam,HitByPitch,Undefined,Undefined,Undefined,0,0,,151.0721,-1.513628,-6.192003,2284.809582,215.300636,1:15,1.713796,0.672382,1.584624,-36.6446,46.6578,31.155,0.910771,-0.798151,137.92475,-4.234542,-4.039791,0.412177,,,,,,,,,,,,-19.9412,25.1912,-0.499928,15.24,1.667676,4.305231,-41.300043,-1.247387,-4.463648,8.742312,-4.16785,WAS_EDA,MEI_MEI,JinguStadium,TeamExclusive,Team,20260516-JinguStadium-1,41217090-50d6-11f1-9189-39f1cca7bde1,147.1699,,,13.14735,,,,,,,afea34c9-bccf-4802-9e54-9cdb203d754b,2026/5/16,20:56.6,2026-05-16T12:20:56.6496256+09:00,2026-05-16T03:20:56.6496256Z,,v3,,,,"Fukuhara, Seiya",1000242807,Right,MEI_MEI,640d7e20-c412-4644-814e-0240968d8f0c,16.855589,-41.640623,4.371156,1.713109,-1.085017,-2.083925,-0.671037,4.479124,-2.231824,,,,,,,,,,,,,,,,,,,,,,,,,,,,,,,,,,,,,,,,,,,,,,,,,,,High,High,High,,,,,
160,2026/5/16,22:00.6,5,5,"Hirashima, Kaichi",1000423700,Right,MEI_MEI,"Takahashi, Hiroto",1000326145,Right,WAS_EDA,Undefined,6,Bottom,2,0,0,Fastball,Sinker,BallCalled,Undefined,Undefined,Undefined,0,0,,149.13539,-1.138996,-7.08654,2272.930816,231.224196,1:45,1.66784,0.707189,1.722848,-46.9213,37.1508,42.961,0.872309,-0.888027,136.38742,-4.598325,-4.10055,0.414077,,,,,,,,,,,,-26.3664,20.3633,-0.526586,15.24,1.634643,4.829306,-40.736054,-1.004125,-5.76002,8.24302,-5.358073,WAS_EDA,MEI_MEI,JinguStadium,TeamExclusive,Team,20260516-JinguStadium-1,6749a8a0-50d6-11f1-9189-39f1cca7bde1,146.49463,,,12.74797,,,,,,,afea34c9-bccf-4802-9e54-9cdb203d754b,2026/5/16,22:00.6,2026-05-16T12:22:00.5971456+09:00,2026-05-16T03:22:00.5971456Z,,v3,,,,"Fukuhara, Seiya",1000242807,Right,MEI_MEI,bc291325-b549-4c7e-af08-f38745287ccc,16.717021,-41.033843,4.12151,1.667422,-0.810557,-2.679037,-0.70481,5.037394,-2.88001,,,,,,,,,,,,,,,,,,,,,,,,,,,,,,,,,,,,,,,,,,,,,,,,,,,High,High,High,,,,,
161,2026/5/16,22:27.6,5,6,"Hirashima, Kaichi",1000423700,Right,MEI_MEI,"Takahashi, Hiroto",1000326145,Right,WAS_EDA,Undefined,6,Bottom,2,1,0,Fastball,Sinker,StrikeCalled,Undefined,Undefined,Undefined,0,0,,147.17388,-1.509766,-4.880099,2262.468152,233.622116,1:45,1.654758,0.725386,1.756872,-50.6519,34.4819,43.3153,0.718297,-0.229186,135.22702,-5.237721,-1.841185,0.416683,,,,,,,,,,,,-25.1771,19.3294,-0.605161,15.24,1.612833,3.218468,-40.3738,-1.270445,-5.412271,7.95487,-5.651452,WAS_EDA,MEI_MEI,JinguStadium,TeamExclusive,Team,20260516-JinguStadium-1,7759bff0-50d6-11f1-9189-39f1cca7bde1,145.5783,,,11.94686,,,,,,,afea34c9-bccf-4802-9e54-9cdb203d754b,2026/5/16,22:27.5,2026-05-16T12:22:27.5587584+09:00,2026-05-16T03:22:27.5587584Z,,v3,,,,"Fukuhara, Seiya",1000242807,Right,MEI_MEI,b676d6d2-4c90-4850-8aed-6ef5a2cd96f1,16.683199,-40.65716,3.977435,1.654502,-1.069135,-2.825726,-0.72324,3.411258,-2.706135,,,,,,,,,,,,,,,,,,,,,,,,,,,,,,,,,,,,,,,,,,,,,,,,,,,High,High,High,,,,,
162,2026/5/16,22:50.4,6,1,"Hirashima, Kaichi",1000423700,Right,MEI_MEI,"Ogata, Mikito",1000326145,Left,WAS_EDA,Undefined,6,Bottom,2,1,1,TwoSeamFastBall,Splitter,FoulBallNotFieldable,Undefined,Undefined,Undefined,0,0,,135.19363,0.145036,-3.82514,821.961692,276.059215,3:15,1.617704,0.751252,1.74919,-101.1272,-0.5167,32.4213,0.647687,-0.011765,124.8488,-7.142711,-1.544878,0.452977,118.42486,-33.086415,-65.125712,,,,,1.520496,1.520496,-38.774522,0.038099,-19.1438,0.3996,-0.656605,15.24,1.613818,2.331867,-37.16378,-0.322018,-3.48473,6.783636,-9.733914,WAS_EDA,MEI_MEI,JinguStadium,TeamExclusive,Team,20260516-JinguStadium-1,84fa36d0-50d6-11f1-9189-39f1cca7bde1,133.91403,0.686212,,10.34483,,,,0.742401,0.686212,0.00327,afea34c9-bccf-4802-9e54-9cdb203d754b,2026/5/16,22:50.4,2026-05-16T12:22:50.4188416+09:00,2026-05-16T03:22:50.4188416Z,GroundBall,v3,,,,"Fukuhara, Seiya",1000242807,Right,MEI_MEI,a4a22c9e-9672-4ae9-8e77-4d2047f29cd0,16.69153,-37.427795,3.391818,1.618979,0.05682,-4.866957,-0.749999,2.467491,-1.742365,,0.74219,11.627581,,,,,,,,0.686538,-18.011125,,,,,,,,0.003724,-25.078942,,,,,,,,,,,,,,,,,,,,,,,,,,,,,,High,High,High,Estimated,Estimated,,,
163,2026/5/16,23:19.6,6,2,"Hirashima, Kaichi",1000423700,Right,MEI_MEI,"Ogata, Mikito",1000326145,Left,WAS_EDA,Undefined,6,Bottom,2,1,2,Fastball,Sinker,BallCalled,Undefined,Undefined,Undefined,0,0,,148.00369,1.230757,-4.072405,2201.397997,235.135097,1:45,1.690253,0.728133,1.66184,-46.5416,39.8084,52.861,1.576958,0.092783,133.45563,-2.233971,-0.38027,0.419649,,,,,,,,,,,,-29.5517,19.9,-0.622911,15.24,1.719703,2.588864,-40.56131,0.688452,-6.306631,9.375276,-5.559796,WAS_EDA,MEI_MEI,JinguStadium,TeamExclusive,Team,20260516-JinguStadium-1,9661eee0-50d6-11f1-9189-39f1cca7bde1,144.54947,,,14.54807,,,,,,,afea34c9-bccf-4802-9e54-9cdb203d754b,2026/5/16,23:19.6,2026-05-16T12:23:19.6216832+09:00,2026-05-16T03:23:19.6216832Z,,v3,,,,"Fukuhara, Seiya",1000242807,Right,MEI_MEI,36c91b88-c065-4344-ae03-53967d324de4,16.777515,-40.915146,4.687638,1.68976,0.898286,-2.779898,-0.725109,2.826885,-3.153315,,,,,,,,,,,,,,,,,,,,,,,,,,,,,,,,,,,,,,,,,,,,,,,,,,,High,High,High,,,,,
164,2026/5/16,23:42.7,6,3,"Hirashima, Kaichi",1000423700,Right,MEI_MEI,"Ogata, Mikito",1000326145,Left,WAS_EDA,Undefined,6,Bottom,2,2,2,Fastball,Four-Seam,BallCalled,Undefined,Undefined,Undefined,0,0,,149.32182,-0.544255,-6.20739,2189.204828,222.161643,1:30,1.676903,0.72256,1.683158,-38.8077,46.2038,39.156,1.132814,-0.661709,134.86221,-3.45924,-3.485219,0.416384,,,,,,,,,,,,-24.2974,24.5068,-0.560528,15.24,1.659369,4.216215,-40.798066,-0.532433,-5.256377,9.324195,-4.504975,WAS_EDA,MEI_MEI,JinguStadium,TeamExclusive,Team,20260516-JinguStadium-1,a42975c0-50d6-11f1-9189-39f1cca7bde1,145.68298,,,14.4596,,,,,,,afea34c9-bccf-4802-9e54-9cdb203d754b,2026/5/16,23:42.7,2026-05-16T12:23:42.7348992+09:00,2026-05-16T03:23:42.7348992Z,,v3,,,,"Fukuhara, Seiya",1000242807,Right,MEI_MEI,be5856ee-bd5c-407e-89dd-6603180a24f3,16.755994,-41.14308,4.662097,1.675986,-0.365739,-2.252487,-0.720135,4.410712,-2.628188,,,,,,,,,,,,,,,,,,,,,,,,,,,,,,,,,,,,,,,,,,,,,,,,,,,High,High,High,,,,,
165,2026/5/16,24:06.1,6,4,"Hirashima, Kaichi",1000423700,Right,MEI_MEI,"Ogata, Mikito",1000326145,Left,WAS_EDA,Undefined,6,Bottom,2,3,2,Cutter,Slider,StrikeSwinging,Strikeout,Undefined,Undefined,0,0,,128.31219,-0.217666,-3.967729,2233.907681,124.26334,10:15,1.582853,0.735566,1.671022,-103.9208,9.9256,-9.3597,0.481423,-0.491338,117.94304,-7.684301,-4.621691,0.481853,,,,,,,,,,,,1.9003,6.2405,-0.628584,15.24,1.568567,2.486172,-35.205755,-0.551522,0.307858,6.598763,-8.795669,WAS_EDA,MEI_MEI,JinguStadium,TeamExclusive,Team,20260516-JinguStadium-1,b22775f0-50d6-11f1-9189-39f1cca7bde1,125.88907,,,10.36915,,,,,,,afea34c9-bccf-4802-9e54-9cdb203d754b,2026/5/16,24:06.1,2026-05-16T12:24:06.1258752+09:00,2026-05-16T03:24:06.1258752Z,,v3,,,,"Fukuhara, Seiya",1000242807,Right,MEI_MEI,d474ae15-0196-4bb8-9ef1-d433815dd83f,16.768665,-35.491123,3.299382,1.584193,-0.171148,-4.397835,-0.735812,2.472858,0.153929,,,,,,,,,,,,,,,,,,,,,,,,,,,,,,,,,,,,,,,,,,,,,,,,,,,High,High,High,,,,,
166,2026/5/16,24:41.1,6,5,"Hirashima, Kaichi",1000423700,Right,MEI_MEI,"Ogata, Mikito",1000326132,Left,WAS_EDA,Undefined,6,Bottom,2,3,2,Fastball,Sinker,StrikeCalled,Undefined,Undefined,Undefined,0,0,,150.20133,-1.278448,-3.567033,2251.968347,250.13678,2:15,1.635989,0.787179,1.689152,-58.1006,25.2174,61.8917,0.690039,0.388683,136.23344,-5.536963,0.7722,0.412215,,,,,,,,,,,,-33.8685,14.5464,-0.697894,15.24,1.597598,2.221322,-41.212258,-1.176231,-7.469465,9.592449,-6.598553,WAS_EDA,MEI_MEI,JinguStadium,TeamExclusive,Team,20260516-JinguStadium-1,c6f403e0-50d6-11f1-9189-39f1cca7bde1,147.15608,,,13.9679,,,,,,,afea34c9-bccf-4802-9e54-9cdb203d754b,2026/5/16,24:41.1,2026-05-16T12:24:41.1049472+09:00,2026-05-16T03:24:41.1049472Z,,v3,,,,"Fukuhara, Seiya",1000242807,Right,MEI_MEI,b6153cb7-3d64-40a4-a57a-e03c5b3dff84,16.750756,-41.56241,4.796225,1.636138,-0.935365,-3.299276,-0.783955,2.493978,-3.734732,,,,,,,,,,,,,,,,,,,,,,,,,,,,,,,,,,,,,,,,,,,,,,,,,,,High,High,High,,,,,
167,2026/5/16,25:01.7,1,1,"Takahashi, Koki",1000423700,Right,WAS_EDA,"Tanoue, Kai",1000326132,Left,MEI_MEI,Undefined,7,Top,2,3,2,Fastball,Sinker,FoulBallNotFieldable,Undefined,Undefined,Undefined,0,0,,148.91125,-0.383162,-4.649108,2208.766658,238.31605,2:00,1.639014,0.767499,1.70768,-50.6238,33.5654,49.9656,1.023392,-0.058588,135.61384,-4.117743,-1.152354,0.414365,124.02376,13.607204,-171.691446,1288.381535,-32.910945,2.590504,-6.402722,43.752183,19.617336,-168.117322,1.504003,-28.0245,18.0156,-0.649599,15.24,1.625073,3.031788,-40.825193,-0.481866,-6.11734,8.707862,-5.874107,WAS_EDA,MEI_MEI,JinguStadium,TeamExclusive,Team,20260516-JinguStadium-1,d3390970-50d6-11f1-9189-39f1cca7bde1,146.39276,3.641636,,13.29741,,,,0.143218,0.99135,0.070038,afea34c9-bccf-4802-9e54-9cdb203d754b,2026/5/16,25:01.7,2026-05-16T12:25:01.6958976+09:00,2026-05-16T03:25:01.6958976Z,LineDrive,v3,,,,"Fukuhara, Seiya",1000242807,Right,MEI_MEI,75c26685-3327-4db3-8e28-6eabc6de891b,16.731366,-41.142066,4.353931,1.638719,-0.268111,-2.937053,-0.763974,3.254394,-3.05867,296.856822,0.143218,-33.132608,3.344906,-0.28344,0.057572,-0.001744,-0.001435,0.000573,-0.000107,0.99135,8.105095,-6.560617,0.615234,-0.113434,0.020872,-0.000373,-0.000845,0.000175,0.070038,-4.838585,-1.166816,0.325708,-0.070356,0.011589,0.001417,-0.001291,0.000246,,,,,,,,,,,,,,,,,,,,,,,High,High,High,High,Low,,,
168,2026/5/16,25:28.9,1,2,"Takahashi, Koki",1000423700,Right,WAS_EDA,"Tanoue, Kai",1000326132,Left,MEI_MEI,Undefined,7,Top,2,3,2,TwoSeamFastBall,Splitter,FoulBallNotFieldable,Undefined,Undefined,Undefined,0,0,,135.91554,-0.279065,-3.168803,787.687477,284.932693,3:30,1.592234,0.79722,1.751089,-108.336,-8.2115,42.5066,0.429559,0.322134,124.85709,-8.083315,-0.172305,0.451882,117.096,36.638283,-42.582796,4645.103326,22.22225,16.685542,-25.10556,70.243111,48.679723,-55.157701,3.810901,-23.9645,-3.0976,-0.720084,15.24,1.577151,1.862998,-37.364463,-0.637696,-4.37392,7.41988,-10.37202,WAS_EDA,MEI_MEI,JinguStadium,TeamExclusive,Team,20260516-JinguStadium-1,e3733e00-50d6-11f1-9189-39f1cca7bde1,134.23864,17.347329,,11.05845,,,,0.313088,0.397275,-0.312166,afea34c9-bccf-4802-9e54-9cdb203d754b,2026/5/16,25:28.9,2026-05-16T12:25:28.8842752+09:00,2026-05-16T03:25:28.8842752Z,FlyBall,v3,,,,"Fukuhara, Seiya",1000242807,Right,MEI_MEI,7079e8ee-5449-42a2-8365-72cf969f1527,16.689495,-37.651206,3.70994,1.59405,-0.236868,-5.18601,-0.795346,2.032029,-2.18696,127.917925,0.312624,19.231071,-3.726954,0.879901,-0.367886,0.167969,-0.057294,0.010585,-0.000753,0.396794,19.424331,-6.307726,0.656101,-0.249021,0.098953,-0.024126,0.002698,-8.40E-05,-0.312362,-17.652844,0.252377,0.330673,-0.267809,0.16423,-0.060649,0.012012,-0.000944,,,,,,,,,,,,,,,,,,,,,,,High,High,High,High,Medium,,,
169,2026/5/16,26:02.5,1,3,"Takahashi, Koki",1000423700,Right,WAS_EDA,"Tanoue, Kai",1000326132,Left,MEI_MEI,Undefined,7,Top,2,3,2,TwoSeamFastBall,Changeup,BallCalled,Undefined,Undefined,Undefined,0,0,,136.12532,2.7011,-1.623538,2616.073916,303.351865,4:00,1.606229,0.796779,1.707183,-119.1213,-17.7092,32.183,1.184475,0.656518,123.18687,-5.897013,0.637644,0.454778,,,,,,,,,,,,-17.4349,-9.8831,-0.756911,15.24,1.667616,0.893847,-37.367989,1.23854,-3.149735,8.13552,-11.592094,WAS_EDA,MEI_MEI,JinguStadium,TeamExclusive,Team,20260516-JinguStadium-1,f780e8c0-50d6-11f1-9189-39f1cca7bde1,133.38374,,,12.93846,,,,,,,afea34c9-bccf-4802-9e54-9cdb203d754b,2026/5/16,26:02.5,2026-05-16T12:26:02.5314304+09:00,2026-05-16T03:26:02.5314304Z,,v3,,,,"Fukuhara, Seiya",1000242807,Right,MEI_MEI,7dd257fb-7f42-454b-be06-b8f0f727dfcc,16.732646,-37.691558,4.06776,1.609188,1.699585,-5.796047,-0.794953,1.019119,-1.574867,,,,,,,,,,,,,,,,,,,,,,,,,,,,,,,,,,,,,,,,,,,,,,,,,,,High,High,High,,,,,
170,2026/5/16,26:30.0,1,4,"Takahashi, Koki",1000423700,Right,WAS_EDA,"Tanoue, Kai",1000326132,Left,MEI_MEI,Undefined,7,Top,2,0,2,TwoSeamFastBall,Splitter,StrikeSwinging,Strikeout,Undefined,Undefined,0,0,,136.2497,0.474449,-2.18031,883.120649,266.265895,3:00,1.607207,0.79351,1.799662,-94.4415,5.9736,36.2659,0.797128,0.538998,122.99884,-6.42899,0.383553,0.452537,,,,,,,,,,,,-20.1731,3.8541,-0.742494,15.24,1.612507,1.243455,-37.415715,-0.07258,-3.636375,8.480637,-9.111909,WAS_EDA,MEI_MEI,JinguStadium,TeamExclusive,Team,20260516-JinguStadium-1,07e5afc0-50d7-11f1-9189-39f1cca7bde1,134.04422,,,13.25087,,,,,,,afea34c9-bccf-4802-9e54-9cdb203d754b,2026/5/16,26:30.0,2026-05-16T12:26:29.9980000+09:00,2026-05-16T03:26:29.9980000Z,,v3,,,,"Fukuhara, Seiya",1000242807,Right,MEI_MEI,d8517b21-b513-4586-aabc-4e227c4b8726,16.639334,-37.731555,4.240318,1.608891,0.26677,-4.555954,-0.791325,1.378882,-1.818188,,,,,,,,,,,,,,,,,,,,,,,,,,,,,82.94866,,,1.451123,,,,-0.668772,1.669682,-1.011501,24.345369,0.484011,13.687634,-0.650884,19.333033,-1.493867,1.682194,5.543833,-4.42502,-1.007581,10.75085,-0.439108,High,High,High,,,High,Medium,Medium
171,2026/5/16,28:36.3,1,5,"Takahashi, Koki",1000326144,Right,WAS_EDA,"Tanoue, Kai",1000338425,Left,MEI_MEI,Undefined,7,Top,2,0,2,Fastball,Four-Seam,StrikeCalled,Undefined,Undefined,Undefined,0,0,,145.76804,-1.212146,-3.394953,2512.299881,215.12863,1:15,1.645146,0.713871,1.938298,-36.3934,47.9696,32.0194,0.940545,0.080631,134.19544,-3.967541,-1.117911,0.414792,,,,,,,,,,,,-18.7863,26.5083,-0.640557,15.24,1.616184,2.224015,-40.101935,-0.960687,-3.989828,7.735408,-4.176816,WAS_EDA,MEI_MEI,JinguStadium,TeamExclusive,Team,20260516-JinguStadium-1,532a7c40-50d7-11f1-9189-39f1cca7bde1,146.24186,,,11.5726,,,,,,,afea34c9-bccf-4802-9e54-9cdb203d754b,2026/5/16,28:36.3,2026-05-16T12:28:36.3251712+09:00,2026-05-16T03:28:36.3251712Z,,v3,,,,"Ogata, Mikito",1000326132,Right,WAS_EDA,fdfa2aa1-5626-4abf-acac-f727e2d0730b,16.50161,-40.344557,3.867704,1.644262,-0.829681,-2.088408,-0.712276,2.349157,-1.994914,,,,,,,,,,,,,,,,,,,,,,,,,,,,,,,,,,,,,,,,,,,,,,,,,,,High,High,High,,,,,
172,2026/5/16,28:47.2,1,6,"Takahashi, Koki",1000326144,Right,WAS_EDA,"Tanoue, Kai",1000338425,Left,MEI_MEI,Undefined,7,Top,2,0,2,Fastball,Four-Seam,FoulBallNotFieldable,Undefined,Undefined,Undefined,0,0,,145.42334,-1.152928,-4.247603,2469.120953,218.885433,1:15,1.639707,0.723345,2.003076,-41.2115,43.0036,32.6993,0.904558,-0.138533,133.89316,-4.26114,-1.916441,0.414428,118.59229,13.598528,-173.219788,1624.616668,-33.311358,2.191469,-3.804977,42.408855,19.590606,-173.567621,1.474468,-19.8921,24.1028,-0.63581,15.24,1.613304,2.818683,-39.984257,-0.934688,-4.199027,7.707194,-4.718779,WAS_EDA,MEI_MEI,JinguStadium,TeamExclusive,Team,20260516-JinguStadium-1,59a01490-50d7-11f1-9189-39f1cca7bde1,146.37026,3.376968,,11.53018,,,,0.097016,0.866325,0.152441,afea34c9-bccf-4802-9e54-9cdb203d754b,2026/5/16,28:47.2,2026-05-16T12:28:47.1707136+09:00,2026-05-16T03:28:47.1707136Z,LineDrive,v3,,,,"Ogata, Mikito",1000326132,Right,WAS_EDA,e39ca2fd-b244-4a62-bcf6-1b0ee2e6c350,16.437046,-40.214333,3.853597,1.639103,-0.793823,-2.35939,-0.721825,2.944032,-2.099513,349.599101,0.097015,-31.794697,2.442411,-0.268793,-0.009416,0.103849,-0.093412,0.043474,-0.008286,0.866325,7.745319,-6.302962,0.568854,-0.118712,0.031373,-0.010867,0.004272,-0.000792,0.152441,-3.780112,0.082751,0.233678,-0.093045,0.050635,-0.031457,0.013798,-0.002588,,,,,,,,,,,,,,,,,,,,,,,High,High,High,High,Low,,,
173,2026/5/16,29:04.1,1,7,"Takahashi, Koki",1000326144,Right,WAS_EDA,"Tanoue, Kai",1000338425,Left,MEI_MEI,Undefined,7,Top,2,0,2,Fastball,Four-Seam,BallCalled,Undefined,Undefined,Undefined,0,0,,149.64962,-4.585245,-4.262546,2635.897845,231.419685,1:45,1.638809,0.697479,1.975018,-40.9883,39.6902,46.5409,-0.060655,-0.032272,137.454,-7.654299,-0.946607,0.405633,,,,,,,,,,,,-27.492,24.7556,-0.608461,15.24,1.537901,2.838141,-41.011834,-3.43538,-6.068887,8.611793,-4.341826,WAS_EDA,MEI_MEI,JinguStadium,TeamExclusive,Team,20260516-JinguStadium-1,63b568e0-50d7-11f1-9189-39f1cca7bde1,149.54392,,,12.19562,,,,,,,afea34c9-bccf-4802-9e54-9cdb203d754b,2026/5/16,29:04.1,2026-05-16T12:29:04.1400320+09:00,2026-05-16T03:29:04.1400320Z,,v3,,,,"Ogata, Mikito",1000326132,Right,WAS_EDA,8bccb78c-4f01-4aca-ac0d-c224b6ba49d1,16.465538,-41.268374,4.305896,1.638313,-3.306039,-2.170913,-0.6957,3.018929,-3.034444,,,,,,,,,,,,,,,,,,,,,,,,,,,,,,,,,,,,,,,,,,,,,,,,,,,High,High,High,,,,,
174,2026/5/16,29:31.4,2,1,"Takahashi, Koki",1000326144,Right,WAS_EDA,"Okada, Keigo",1000338425,Left,MEI_MEI,Undefined,7,Top,2,1,2,Fastball,Four-Seam,BallCalled,Undefined,Undefined,Undefined,0,0,,144.8143,-1.458197,-5.104945,2560.856305,199.506012,12:45,1.660533,0.691517,2.062155,-32.6843,52.4482,17.633,0.926099,-0.556876,132.42129,-3.978461,-3.84703,0.41668,,,,,,,,,,,,-12.7995,29.4984,-0.590333,15.24,1.629652,3.469023,-39.73866,-1.093558,-2.649276,8.189354,-3.700983,WAS_EDA,MEI_MEI,JinguStadium,TeamExclusive,Team,20260516-JinguStadium-1,73fae810-50d7-11f1-9189-39f1cca7bde1,145.57945,,,12.39301,,,,,,,afea34c9-bccf-4802-9e54-9cdb203d754b,2026/5/16,29:31.4,2026-05-16T12:29:31.3938432+09:00,2026-05-16T03:29:31.3938432Z,,v3,,,,"Ogata, Mikito",1000326132,Right,WAS_EDA,a6b71032-8996-4810-8d81-bf2cf98b9144,16.377239,-39.972335,4.094677,1.659349,-0.987954,-1.850492,-0.690396,3.544618,-1.324638,,,,,,,,,,,,,,,,,,,,,,,,,,,,,,,,,,,,,,,,,,,,,,,,,,,High,High,High,,,,,
175,2026/5/16,29:55.0,2,2,"Takahashi, Koki",1000326144,Right,WAS_EDA,"Okada, Keigo",1000338425,Left,MEI_MEI,Undefined,7,Top,2,2,2,Splitter,Changeup,FoulBallNotFieldable,Undefined,Undefined,Undefined,0,0,,139.08787,-1.726867,-3.633576,1533.404512,244.13615,2:15,1.643586,0.752382,1.883036,-69.0846,24.6283,44.9416,0.465545,0.177667,128.07736,-6.796615,-0.445079,0.437174,114.97145,31.599978,-110.321458,4757.403363,-14.593251,12.785237,-30.185478,62.855689,38.757463,-122.064092,3.281032,-25.7516,14.7733,-0.671324,15.24,1.599494,2.21891,-38.234176,-1.412376,-4.950834,7.336275,-6.966434,WAS_EDA,MEI_MEI,JinguStadium,TeamExclusive,Team,20260516-JinguStadium-1,821263b0-50d7-11f1-9189-39f1cca7bde1,138.75483,12.879464,,11.01051,,,,0.022331,0.362548,-0.156141,afea34c9-bccf-4802-9e54-9cdb203d754b,2026/5/16,29:55.0,2026-05-16T12:29:55.0231552+09:00,2026-05-16T03:29:55.0231552Z,FlyBall,v3,,,,"Ogata, Mikito",1000326132,Right,WAS_EDA,8a6e6b59-8203-439d-a49a-c2708847ece4,16.557278,-38.486102,3.668138,1.643887,-1.17315,-3.483217,-0.75044,2.38892,-2.475417,65.083851,0.022333,-9.446727,-0.914965,0.309002,-0.060008,0.004983,0.003864,-0.001011,6.80E-05,0.362504,16.735902,-6.189743,0.517131,-0.124678,0.037439,-0.00859,0.001248,-8.10E-05,-0.156321,-25.501015,3.48791,-0.276369,-0.088857,0.111332,-0.041472,0.00703,-0.000469,,,,,,,,,,,,,,,,,,,,,,,High,High,High,High,Low,,,
176,2026/5/16,30:14.4,3,1,"Takahashi, Koki",1000326144,Right,WAS_EDA,"Sakakibara, Nanato",1000338425,Left,MEI_MEI,Undefined,7,Top,2,2,2,Fastball,Four-Seam,BallCalled,Undefined,Undefined,Undefined,0,0,,147.14194,-3.74499,-2.500797,2594.235633,212.020844,1:00,1.646949,0.705449,2.000282,-29.1583,53.9189,32.0223,0.30642,0.326436,134.50846,-5.997086,-0.211755,0.411619,,,,,,,,,,,,-18.5917,31.8046,-0.65445,15.24,1.566583,1.61408,-40.417133,-2.720339,-3.969925,8.690376,-3.015349,WAS_EDA,MEI_MEI,JinguStadium,TeamExclusive,Team,20260516-JinguStadium-1,8d9ccbd0-50d7-11f1-9189-39f1cca7bde1,147.36925,,,12.63348,,,,,,,afea34c9-bccf-4802-9e54-9cdb203d754b,2026/5/16,30:14.4,2026-05-16T12:30:14.4160768+09:00,2026-05-16T03:30:14.4160768Z,,v3,,,,"Ogata, Mikito",1000326132,Right,WAS_EDA,e461435a-1e19-422b-8b34-5191a69349b3,16.439553,-40.674239,4.345188,1.645745,-2.631129,-1.507675,-0.70394,1.731531,-1.984962,,,,,,,,,,,,,,,,,,,,,,,,,,,,,,,,,,,,,,,,,,,,,,,,,,,High,High,High,,,,,
177,2026/5/16,30:32.9,4,1,"Takahashi, Koki",1000326144,Right,WAS_EDA,"Utsumi, Yuta",1000338425,Left,MEI_MEI,Undefined,7,Top,2,3,2,Cutter,Slider,BallCalled,Walk,Undefined,Undefined,0,0,,136.23941,-2.466943,-3.043597,2449.230617,184.56456,12:15,1.599572,0.750821,1.836025,-82.8266,15.5208,1.0047,0.073486,-0.099132,126.00188,-8.466421,-2.972467,0.447854,,,,,,,,,,,,-2.58,10.485,-0.678253,15.24,1.53516,1.986243,-37.441379,-1.933298,-0.475065,7.122635,-7.876022,WAS_EDA,MEI_MEI,JinguStadium,TeamExclusive,Team,20260516-JinguStadium-1,98a72e80-50d7-11f1-9189-39f1cca7bde1,135.44601,,,10.23753,,,,,,,afea34c9-bccf-4802-9e54-9cdb203d754b,2026/5/16,30:32.9,2026-05-16T12:30:32.9373184+09:00,2026-05-16T03:30:32.9373184Z,,v3,,,,"Ogata, Mikito",1000326132,Right,WAS_EDA,3436a6d0-4134-40cf-9934-87cc0216e2a8,16.604293,-37.700021,3.561317,1.600171,-1.647299,-3.938011,-0.750692,2.003494,-0.237533,,,,,,,,,,,,,,,,,,,,,,,,,,,,,,,,,,,,,,,,,,,,,,,,,,,High,High,High,,,,,
178,2026/5/16,31:32.0,4,2,"Takahashi, Koki",1000326144,Right,WAS_EDA,"Utsumi, Yuta",1000242813,Left,MEI_MEI,Undefined,7,Top,2,0,2,Fastball,Sinker,FoulBallNotFieldable,Undefined,Undefined,Undefined,0,0,,144.79992,-1.705869,-3.326049,2509.710885,226.523334,1:30,1.676136,0.680055,1.927417,-40.3004,46.8002,46.1675,0.793345,0.207059,131.15894,-4.774928,-0.04297,0.421469,,,,,,,,,,,,-26.6631,26.5782,-0.608536,15.24,1.635781,2.08905,-39.772953,-1.311215,-5.465915,9.088173,-4.358149,WAS_EDA,MEI_MEI,JinguStadium,TeamExclusive,Team,20260516-JinguStadium-1,bbdcb370-50d7-11f1-9189-39f1cca7bde1,143.9253,,,13.64099,,,,,,,afea34c9-bccf-4802-9e54-9cdb203d754b,2026/5/16,31:32.0,2026-05-16T12:31:32.0237568+09:00,2026-05-16T03:31:32.0237568Z,,v3,,,,"Ogata, Mikito",1000326132,Right,WAS_EDA,25175950-cf09-4a57-bf39-aaf440a6fafe,16.512392,-40.062641,4.544087,1.675363,-1.172298,-2.179074,-0.677902,2.263278,-2.732958,,,,,,,,,,,,,,,,,,,,,,,,,,,,,,,,,,,,,,,,,,,,,,,,,,,High,High,High,,,,,
179,2026/5/16,32:02.2,5,1,"Takahashi, Koki",1000326144,Right,WAS_EDA,"Mitsuhiro, Hotaka",1000242813,Left,MEI_MEI,Undefined,7,Top,2,0,2,Fastball,Sinker,InPlay,Undefined,Bunt,Single,0,0,,144.84368,-0.957588,-3.430597,2495.223189,225.253839,1:30,1.635878,0.71282,2.02777,-41.7093,43.7232,41.2981,0.951163,0.167696,131.88097,-4.133956,-0.476389,0.417413,,,,,,,,,,,,-24.2914,24.581,-0.644245,15.24,1.614086,2.198385,-39.83235,-0.790378,-5.024053,8.65785,-4.722711,WAS_EDA,MEI_MEI,JinguStadium,TeamExclusive,Team,20260516-JinguStadium-1,cddd5020-50d7-11f1-9189-39f1cca7bde1,145.32366,,,12.96271,,,,,,,afea34c9-bccf-4802-9e54-9cdb203d754b,2026/5/16,32:02.2,2026-05-16T12:32:02.2277120+09:00,2026-05-16T03:32:02.2277120Z,,v3,,,,"Ogata, Mikito",1000326132,Right,WAS_EDA,1a7bb831-d8d8-4167-a7d4-7a13a0c35a2e,16.412135,-40.086313,4.328925,1.635239,-0.651846,-2.361356,-0.710892,2.345756,-2.512027,,,,,,,,,,,,,,,,,,,,,,,,,,,,,,,,,,,,,,,,,,,,,,,,,,,High,High,High,,,,,
180,2026/5/16,33:09.7,5,2,"Takahashi, Koki",1000326144,Right,WAS_EDA,"Mitsuhiro, Hotaka",1000242816,Left,MEI_MEI,Undefined,7,Top,2,0,0,Fastball,Changeup,InPlay,Undefined,FlyBall,Out,1,0,,139.45582,-1.156182,-4.292334,1751.455085,235.469282,1:45,1.626377,0.712559,1.826856,-61.8024,32.745,43.1363,0.680821,-0.070741,127.36098,-5.719015,-1.248227,0.439116,150.61317,38.353727,11.960032,4215.567589,33.099475,25.107181,5.343236,101.241616,66.804302,4.742189,5.714415,-25.3533,18.5686,-0.612254,15.24,1.594454,2.666944,-38.279966,-1.004339,-4.855443,7.809124,-6.25055,WAS_EDA,MEI_MEI,JinguStadium,TeamExclusive,Team,20260516-JinguStadium-1,f622e9f0-50d7-11f1-9189-39f1cca7bde1,138.14113,34.168576,,12.09484,,,,0.518516,0.712904,0.072411,afea34c9-bccf-4802-9e54-9cdb203d754b,2026/5/16,33:09.7,2026-05-16T12:33:09.7494016+09:00,2026-05-16T03:33:09.7494016Z,FlyBall,v3,,,,"Ogata, Mikito",1000326132,Right,WAS_EDA,df26ec21-9650-4587-a8d0-8ff39afd9b27,16.613255,-38.559093,3.904562,1.62636,-0.780922,-3.125275,-0.710682,2.840495,-2.427721,162.657723,0.520322,32.06129,-6.575309,1.415047,-0.171641,-0.001642,0.003868,-0.000481,1.90E-05,0.711992,25.97593,-5.726091,0.385662,-0.066158,0.00422,0.002017,-0.000454,2.70E-05,0.073204,6.782221,-2.807096,0.689545,-0.089853,-0.001229,0.002444,-0.000332,1.50E-05,,,,,,,,,,,,,,,,,,,,,,,High,High,High,High,Medium,,,
181,2026/5/16,34:17.1,5,3,"Takahashi, Koki",1000326144,Right,WAS_EDA,"Mitsuhiro, Hotaka",1000188679,Left,MEI_MEI,Undefined,7,Top,0,0,0,Fastball,Four-Seam,BallCalled,Undefined,Undefined,Undefined,0,0,,147.1184,-1.258729,-2.07056,2537.604914,219.337158,1:15,1.649943,0.743585,1.986145,-39.3561,43.5321,33.5291,0.904061,0.499541,134.41222,-4.245999,0.32551,0.411151,,,,,,,,,,,,-18.9407,24.4663,-0.701156,15.24,1.621034,1.30152,-40.491543,-1.010355,-4.061243,8.684578,-4.560605,WAS_EDA,MEI_MEI,JinguStadium,TeamExclusive,Team,20260516-JinguStadium-1,1e3c91c0-50d8-11f1-9189-39f1cca7bde1,147.53719,,,12.70617,,,,,,,afea34c9-bccf-4802-9e54-9cdb203d754b,2026/5/16,34:17.0,2026-05-16T12:34:17.0522624+09:00,2026-05-16T03:34:17.0522624Z,,v3,,,,"Ogata, Mikito",1000326132,Right,WAS_EDA,7232aa41-32ae-473c-8582-de312e80d713,16.453393,-40.75096,4.342289,1.64918,-0.874126,-2.280303,-0.741845,1.422833,-2.030621,,,,,,,,,,,,,,,,,,,,,,,,,,,,,,,,,,,,,,,,,,,,,,,,,,,High,High,High,,,,,
182,2026/5/16,34:37.4,6,1,"Takahashi, Koki",1000326144,Right,WAS_EDA,"Tamenaga, Hikaru",1000188679,Left,MEI_MEI,Undefined,7,Top,0,1,0,Fastball,Four-Seam,InPlay,Undefined,LineDrive,Double,0,2,,146.63887,-1.386669,-3.202958,2564.859878,224.824701,1:30,1.672138,0.716545,2.017821,-44.0566,38.9159,36.1362,0.843841,0.182959,134.38913,-4.708481,-0.618542,0.41136,167.94967,16.467287,1.443815,1388.182796,33.526586,9.125878,0.305413,109.409487,109.409487,-1.068703,3.533264,-21.3067,22.249,-0.65195,15.24,1.641169,2.092313,-40.3491,-1.119215,-4.549291,8.396172,-5.056164,WAS_EDA,MEI_MEI,JinguStadium,TeamExclusive,Team,20260516-JinguStadium-1,2a5d9490-50d8-11f1-9189-39f1cca7bde1,147.46219,11.953453,,12.24975,,,,0.282404,0.821446,-0.181014,afea34c9-bccf-4802-9e54-9cdb203d754b,2026/5/16,34:37.4,2026-05-16T12:34:37.4116352+09:00,2026-05-16T03:34:37.4116352Z,LineDrive,v3,,,,"Ogata, Mikito",1000326132,Right,WAS_EDA,406177d2-ccb4-450c-8963-acdec652b40b,16.422364,-40.59439,4.198086,1.671708,-0.971501,-2.528082,-0.715018,2.225219,-2.274646,169.342804,0.282412,44.725033,-7.260271,1.661464,-0.344996,0.064685,-0.009713,0.000942,-4.10E-05,0.821459,13.223032,-3.96434,-0.029294,0.047783,-0.012995,0.001696,-1.20E-05,-1.10E-05,-0.18101,1.127076,-0.75036,0.135181,-0.024872,0.004016,-0.000521,3.70E-05,-1.00E-06,,,,,,,,,,,,,,,,,,,,,,,High,High,High,High,Medium,,,
183,2026/5/16,35:54.0,6,2,"Takahashi, Koki",1000326144,Right,WAS_EDA,"Tamenaga, Hikaru",1000188673,Left,MEI_MEI,Undefined,7,Top,0,0,0,Splitter,Changeup,BallCalled,Undefined,Undefined,Undefined,0,0,,137.49618,0.106391,-2.657613,1863.864927,241.513543,2:00,1.626314,0.747727,1.821128,-71.1068,26.3256,42.5555,0.945339,0.421821,125.0522,-5.13554,0.351852,0.445765,,,,,,,,,,,,-23.6363,14.4268,-0.686323,15.24,1.62419,1.543618,-37.785541,-0.199444,-4.39156,7.910624,-7.126195,WAS_EDA,MEI_MEI,JinguStadium,TeamExclusive,Team,20260516-JinguStadium-1,58153960-50d8-11f1-9189-39f1cca7bde1,136.08057,,,12.44398,,,,,,,afea34c9-bccf-4802-9e54-9cdb203d754b,2026/5/16,35:54.0,2026-05-16T12:35:54.0458496+09:00,2026-05-16T03:35:54.0458496Z,,v3,,,,"Ogata, Mikito",1000326132,Right,WAS_EDA,6b50f438-6e65-4d03-8cbd-60c7a1d43f55,16.618152,-38.072972,3.955312,1.626732,0.059485,-3.563098,-0.745309,1.703185,-2.19578,,,,,,,,,,,,,,,,,,,,,,,,,,,,,,,,,,,,,,,,,,,,,,,,,,,High,High,High,,,,,
184,2026/5/16,36:12.2,6,3,"Takahashi, Koki",1000326144,Right,WAS_EDA,"Tamenaga, Hikaru",1000188673,Left,MEI_MEI,Undefined,7,Top,0,1,0,Cutter,Slider,BallCalled,Undefined,Undefined,Undefined,0,0,,135.44855,0.119806,-0.673234,2475.519972,151.295762,11:00,1.616517,0.776697,1.80971,-78.0515,21.4793,-10.1231,0.86988,0.485098,124.47084,-5.588712,-1.389425,0.45054,,,,,,,,,,,,4.7121,11.8987,-0.759671,15.24,1.614165,0.486675,-37.284227,-0.222679,0.860074,7.087904,-7.634843,WAS_EDA,MEI_MEI,JinguStadium,TeamExclusive,Team,20260516-JinguStadium-1,62e467d0-50d8-11f1-9189-39f1cca7bde1,134.63845,,,10.9777,,,,,,,afea34c9-bccf-4802-9e54-9cdb203d754b,2026/5/16,36:12.2,2026-05-16T12:36:12.1699840+09:00,2026-05-16T03:36:12.1699840Z,,v3,,,,"Ogata, Mikito",1000326132,Right,WAS_EDA,8cf72774-0401-4d90-9822-08b81b38ea95,16.629717,-37.547489,3.543952,1.61717,0.060898,-3.817421,-0.777154,0.454729,0.430037,,,,,,,,,,,,,,,,,,,,,,,,,,,,,,,,,,,,,,,,,,,,,,,,,,,High,High,High,,,,,
185,2026/5/16,36:30.8,6,4,"Takahashi, Koki",1000326144,Right,WAS_EDA,"Tamenaga, Hikaru",1000188673,Left,MEI_MEI,Undefined,7,Top,0,2,0,Splitter,Changeup,InPlay,Undefined,FlyBall,Out,1,0,,137.67718,-0.651998,-3.62275,1802.024486,244.725543,2:15,1.638801,0.774002,1.860197,-73.6926,22.8952,41.836,0.717718,0.169844,125.69193,-6.071977,-0.659927,0.443829,119.18681,65.478358,36.193112,,,,,41.003865,40.787758,38.714814,5.655375,-24.313,13.2075,-0.691689,15.24,1.618846,2.199424,-37.827832,-0.707272,-4.537842,7.76625,-7.341569,WAS_EDA,MEI_MEI,JinguStadium,TeamExclusive,Team,20260516-JinguStadium-1,6dfd2260-50d8-11f1-9189-39f1cca7bde1,136.67427,39.149914,,11.98525,,,,0.569678,0.732323,-0.171463,afea34c9-bccf-4802-9e54-9cdb203d754b,2026/5/16,36:30.9,2026-05-16T12:36:30.8524032+09:00,2026-05-16T03:36:30.8524032Z,Popup,v3,,,,"Ogata, Mikito",1000326132,Right,WAS_EDA,b4924d5a-d400-4b18-9e5f-bb9498447d5d,16.579852,-38.101918,3.883125,1.639235,-0.448174,-3.670785,-0.772137,2.359573,-2.268921,182.612714,0.56988,11.080072,-3.227934,0.816928,-0.053493,-0.03504,0.012266,-0.001661,8.40E-05,0.727139,30.212268,-7.39635,1.13504,-0.452534,0.144817,-0.028513,0.002943,-0.000121,-0.171303,8.107543,-2.056205,0.512292,-0.028799,-0.024224,0.008217,-0.001104,5.60E-05,,,,,,,,,,,,,,,,,,,,,,,High,High,High,Low,Medium,,,
186,2026/5/16,37:31.7,7,1,"Takahashi, Koki",1000326144,Right,WAS_EDA,"Fukuhara, Seiya",1000419475,Right,MEI_MEI,Undefined,7,Top,1,0,0,Fastball,Four-Seam,BallCalled,Undefined,Undefined,Undefined,0,0,,145.18769,-1.430635,-4.994381,2436.291283,220.411456,1:15,1.6566,0.674372,2.10645,-41.0167,43.94,34.9129,0.847729,-0.366336,131.5166,-4.577595,-2.493441,0.416249,,,,,,,,,,,,-22.2214,25.26,-0.579718,15.24,1.627203,3.320189,-39.82838,-1.107686,-4.573676,9.018388,-4.607557,WAS_EDA,MEI_MEI,JinguStadium,TeamExclusive,Team,20260516-JinguStadium-1,92494770-50d8-11f1-9189-39f1cca7bde1,145.72996,,,13.67108,,,,,,,afea34c9-bccf-4802-9e54-9cdb203d754b,2026/5/16,37:31.7,2026-05-16T12:37:31.7162496+09:00,2026-05-16T03:37:31.7162496Z,,v3,,,,"Ogata, Mikito",1000326132,Right,WAS_EDA,a75f6119-3a34-4125-9582-3b44e669e1b3,16.332713,-40.075041,4.509194,1.655775,-0.981665,-2.303779,-0.672238,3.445283,-2.286838,,,,,,,,,,,,,,,,,,,,,,,,,,,,,,,,,,,,,,,,,,,,,,,,,,,High,High,High,,,,,
187,2026/5/16,37:50.2,1,1,"Urahisa, Hibiki",1000326144,Right,MEI_MEI,"Yamane, Juntaro",1000419475,Right,WAS_EDA,Undefined,7,Bottom,1,1,0,Fastball,Changeup,BallCalled,Undefined,Undefined,Undefined,0,0,,139.74297,-2.236788,-4.963937,1937.655547,233.407331,1:45,1.613789,0.723649,1.860039,-59.2528,34.8596,42.7625,0.38807,-0.251451,127.61801,-6.620205,-1.94413,0.438105,,,,,,,,,,,,-25.6749,20.5261,-0.609769,15.24,1.557426,3.123139,-38.302501,-1.715367,-4.919898,7.861575,-5.87339,WAS_EDA,MEI_MEI,JinguStadium,TeamExclusive,Team,20260516-JinguStadium-1,9d51fc70-50d8-11f1-9189-39f1cca7bde1,138.46003,,,12.12496,,,,,,,afea34c9-bccf-4802-9e54-9cdb203d754b,2026/5/16,37:50.2,2026-05-16T12:37:50.2441472+09:00,2026-05-16T03:37:50.2441472Z,,v3,,,,"Ogata, Mikito",1000326132,Right,WAS_EDA,8db40cc0-eff5-465f-a9f9-b0a8c5835c9f,16.579907,-38.576536,3.930788,1.613652,-1.510635,-2.936695,-0.721623,3.294634,-2.459949,,,,,,,,,,,,,,,,,,,,,,,,,,,,,,,,,,,,,,,,,,,,,,,,,,,High,High,High,,,,,
188,2026/5/16,38:10.9,1,2,"Urahisa, Hibiki",1000326144,Right,MEI_MEI,"Yamane, Juntaro",1000419475,Right,WAS_EDA,Undefined,7,Bottom,1,2,0,Cutter,Slider,FoulBallNotFieldable,Undefined,Undefined,Undefined,0,0,,131.68202,0.055382,-2.039463,2373.889732,147.456379,11:00,1.638413,0.753656,1.815579,-83.0925,21.7216,-11.9623,0.823152,0.057333,121.75693,-6.000151,-2.884992,0.462343,64.01225,21.297145,-173.486429,2578.967153,,,,20.478228,18.050148,-175.710812,1.273454,4.8182,12.0943,-0.7035,15.24,1.634172,1.345906,-36.247496,-0.276413,0.835634,6.350718,-7.709076,WAS_EDA,MEI_MEI,JinguStadium,TeamExclusive,Team,20260516-JinguStadium-1,a9b140c0-50d8-11f1-9189-39f1cca7bde1,131.2012,2.586863,,9.92509,,,,,,,afea34c9-bccf-4802-9e54-9cdb203d754b,2026/5/16,38:10.9,2026-05-16T12:38:10.9358592+09:00,2026-05-16T03:38:10.9358592Z,GroundBall,v3,,,,"Ogata, Mikito",1000326132,Right,WAS_EDA,959a7e3a-5d65-49c5-af8b-11d8ce252469,16.624082,-36.489187,3.175359,1.639109,0.016974,-3.854538,-0.754116,1.314104,0.417817,40.869438,-0.593737,-16.459887,0.683498,-0.002463,-0.03497,0.120812,-0.13233,0.072065,-0.015786,0.759394,6.458347,-5.865247,0.332891,-0.178458,0.243362,-0.215654,0.100031,-0.018644,-0.041765,-1.879285,0.627166,-0.073806,-0.003513,0.048216,-0.054458,0.030948,-0.00713,,,,,,,,,,,,,,,,,,,,,,,High,High,High,High,High,,,
189,2026/5/16,38:37.2,1,3,"Urahisa, Hibiki",1000326144,Right,MEI_MEI,"Yamane, Juntaro",1000419475,Right,WAS_EDA,Undefined,7,Bottom,1,2,1,Fastball,Four-Seam,InPlay,Undefined,FlyBall,HomeRun,0,2,,146.88661,-1.538884,-4.171119,2666.706045,230.122287,1:45,1.636806,0.703411,1.904741,-45.0115,39.1784,43.6988,0.752864,-0.034159,134.29517,-4.911524,-1.072452,0.414367,164.34395,29.086392,23.202586,2856.682905,30.768757,18.127555,13.319419,129.57218,125.415908,26.61492,5.545608,-25.7322,22.2437,-0.611385,15.24,1.599175,2.731108,-40.346894,-1.243858,-5.486444,8.500437,-5.064007,WAS_EDA,MEI_MEI,JinguStadium,TeamExclusive,Team,20260516-JinguStadium-1,b9454a40-50d8-11f1-9189-39f1cca7bde1,146.39211,29.409492,,12.59144,,,,0.585654,0.77692,0.025363,afea34c9-bccf-4802-9e54-9cdb203d754b,2026/5/16,38:37.2,2026-05-16T12:38:37.1654144+09:00,2026-05-16T03:38:37.1654144Z,FlyBall,v3,,,,"Ogata, Mikito",1000326132,Right,WAS_EDA,6120c7a7-f4ad-402d-bf48-f2c4a71a60a5,16.535552,-40.618929,4.250219,1.636388,-1.081797,-2.532003,-0.701596,2.906688,-2.743222,185.168463,0.586853,36.644284,-7.019055,1.548659,-0.256546,0.032257,-0.003466,0.000327,-1.60E-05,0.776395,22.200889,-4.557585,0.074918,0.044101,-0.028628,0.008212,-0.001086,5.40E-05,0.02586,15.707492,-2.589355,0.612941,-0.099565,0.010817,-0.000705,3.20E-05,-1.00E-06,,,,,,,,,,,,,,,,,,,,,,,High,High,High,High,Medium,,,
190,2026/5/16,39:37.7,1,4,"Urahisa, Hibiki",1000326144,Right,MEI_MEI,"Yamane, Juntaro",1000242807,Right,WAS_EDA,Undefined,7,Bottom,1,0,0,Cutter,Slider,InPlay,Undefined,GroundBall,Out,1,0,,135.35514,0.48576,-2.231324,2436.538331,117.264572,10:00,1.627092,0.780667,1.80886,-90.7062,9.4875,-12.3916,0.857496,0.025483,124.07251,-6.11725,-3.106755,0.452038,114.87127,-4.01075,-9.854775,,,,,7.632677,7.632677,-8.908354,0.229983,4.7899,5.4194,-0.725529,15.24,1.632747,1.508646,-37.228548,-0.040921,0.867456,7.399358,-8.825198,WAS_EDA,MEI_MEI,JinguStadium,TeamExclusive,Team,20260516-JinguStadium-1,dd67c740-50d8-11f1-9189-39f1cca7bde1,134.19231,0.824329,,11.28262,,,,0.484875,0.824329,-0.008323,afea34c9-bccf-4802-9e54-9cdb203d754b,2026/5/16,39:37.7,2026-05-16T12:39:37.7409536+09:00,2026-05-16T03:39:37.7409536Z,GroundBall,v3,,,,"Ogata, Mikito",1000326132,Right,WAS_EDA,d2b4f9b1-2017-4a1f-aeaa-43411e0a1152,16.631063,-37.504009,3.699679,1.628155,0.287622,-4.412599,-0.781091,1.476352,0.433728,322.093263,0.484964,31.355767,-2.94461,,,,,,,0.82461,-2.247977,-5.821059,,,,,,,-0.008432,-5.441568,1.475724,,,,,,,,,,,,,,,,,,,,,,,,,,,,,High,High,High,High,High,,,
191,2026/5/16,42:10.4,1,5,"Urahisa, Hibiki",1000338404,Right,MEI_MEI,"Yamane, Juntaro",1000242780,Right,WAS_EDA,Undefined,7,Bottom,2,0,0,Fastball,Four-Seam,BallCalled,Undefined,Undefined,Undefined,0,0,,142.9504,-0.809121,-3.17528,2482.221109,215.308271,1:15,1.754619,0.392936,1.772601,-38.1946,53.0294,35.2916,1.142999,-0.154949,129.11409,-3.718598,-0.690265,0.431329,,,,,,,,,,,,-20.2808,28.4941,-0.316058,15.24,1.731679,1.989469,-39.225726,-0.673921,-4.042946,8.858268,-4.126405,WAS_EDA,MEI_MEI,JinguStadium,TeamExclusive,Team,20260516-JinguStadium-1,385efab0-50d9-11f1-9189-39f1cca7bde1,140.63495,,,13.83631,,,,,,,afea34c9-bccf-4802-9e54-9cdb203d754b,2026/5/16,42:10.4,2026-05-16T12:42:10.3532544+09:00,2026-05-16T03:42:10.3532544Z,,v3,,,,"Fukuhara, Seiya",1000242807,Right,MEI_MEI,a25551e1-5329-4d22-9120-dc630554b77c,16.666147,-39.546478,4.429134,1.753376,-0.524506,-2.063202,-0.390746,2.135861,-2.021473,,,,,,,,,,,,,,,,,,,,,,,,,,,,,,,,,,,,,,,,,,,,,,,,,,,High,High,High,,,,,
192,2026/5/16,42:26.4,2,1,"Urahisa, Hibiki",1000338404,Right,MEI_MEI,"Yuasa, Ousuke",1000242780,Right,WAS_EDA,Undefined,7,Bottom,2,1,0,Fastball,Four-Seam,BallCalled,Undefined,Undefined,Undefined,0,0,,142.87377,-2.795071,-5.196152,2528.614113,213.297052,1:00,1.724219,0.385601,1.77701,-38.7881,52.446,32.4249,0.540526,-0.766398,130.09661,-5.719771,-2.922097,0.431353,,,,,,,,,,,,-20.1481,29.6129,-0.258236,15.24,1.651593,3.386683,-39.095279,-2.04181,-4.022109,8.193859,-3.895102,WAS_EDA,MEI_MEI,JinguStadium,TeamExclusive,Team,20260516-JinguStadium-1,41e889c0-50d9-11f1-9189-39f1cca7bde1,140.62713,,,12.77716,,,,,,,afea34c9-bccf-4802-9e54-9cdb203d754b,2026/5/16,42:26.4,2026-05-16T12:42:26.3700992+09:00,2026-05-16T03:42:26.3700992Z,,v3,,,,"Fukuhara, Seiya",1000242807,Right,MEI_MEI,4fd003e3-fa11-4250-85e7-5d3a80ebad24,16.662159,-39.392217,4.09693,1.723029,-1.900655,-1.947551,-0.383607,3.532441,-2.011055,,,,,,,,,,,,,,,,,,,,,,,,,,,,,,,,,,,,,,,,,,,,,,,,,,,High,High,High,,,,,
193,2026/5/16,42:44.5,2,2,"Urahisa, Hibiki",1000338404,Right,MEI_MEI,"Yuasa, Ousuke",1000242780,Right,WAS_EDA,Undefined,7,Bottom,2,2,0,Fastball,Four-Seam,BallCalled,Undefined,Undefined,Undefined,0,0,,141.7851,-1.327794,-4.473945,2481.178084,193.953415,12:30,1.760435,0.36299,1.754972,-35.8008,57.2336,13.425,1.0245,-0.774647,128.45003,-4.056594,-3.53294,0.435589,,,,,,,,,,,,-10.126,30.9221,-0.250697,15.24,1.724157,2.967868,-38.838305,-1.008687,-1.98494,8.460114,-3.745211,WAS_EDA,MEI_MEI,JinguStadium,TeamExclusive,Team,20260516-JinguStadium-1,4cb12880-50d9-11f1-9189-39f1cca7bde1,139.25982,,,13.33507,,,,,,,afea34c9-bccf-4802-9e54-9cdb203d754b,2026/5/16,42:44.5,2026-05-16T12:42:44.4721152+09:00,2026-05-16T03:42:44.4721152Z,,v3,,,,"Fukuhara, Seiya",1000242807,Right,MEI_MEI,d0f8e788-10dd-4c5a-8881-02db30c5a712,16.683474,-39.151473,4.230057,1.75893,-0.87005,-1.872606,-0.361918,3.041344,-0.99247,,,,,,,,,,,,,,,,,,,,,,,,,,,,,,,,,,,,,,,,,,,,,,,,,,,High,High,High,,,,,
194,2026/5/16,43:02.7,2,3,"Urahisa, Hibiki",1000338404,Right,MEI_MEI,"Yuasa, Ousuke",1000242780,Right,WAS_EDA,Undefined,7,Bottom,2,3,0,Fastball,Sinker,StrikeCalled,Undefined,Undefined,Undefined,0,0,,142.74918,-1.711434,-2.97598,2389.652352,222.919436,1:30,1.74559,0.391729,1.746027,-46.9385,44.5489,38.517,0.789587,-0.068639,129.60438,-5.21583,-0.266248,0.431952,,,,,,,,,,,,-21.7261,24.8328,-0.318867,15.24,1.698605,1.834998,-39.179485,-1.342396,-4.335672,8.579794,-4.851002,WAS_EDA,MEI_MEI,JinguStadium,TeamExclusive,Team,20260516-JinguStadium-1,5789a5c0-50d9-11f1-9189-39f1cca7bde1,140.4323,,,13.1448,,,,,,,afea34c9-bccf-4802-9e54-9cdb203d754b,2026/5/16,43:02.6,2026-05-16T12:43:02.6543616+09:00,2026-05-16T03:43:02.6543616Z,,v3,,,,"Fukuhara, Seiya",1000242807,Right,MEI_MEI,38b71c62-eba8-445f-8b60-e857d9654de9,16.693204,-39.496436,4.289897,1.744885,-1.163193,-2.425501,-0.389613,1.995165,-2.167836,,,,,,,,,,,,,,,,,,,,,,,,,,,,,,,,,,,,,,,,,,,,,,,,,,,High,High,High,,,,,
195,2026/5/16,43:14.3,2,4,"Urahisa, Hibiki",1000338404,Right,MEI_MEI,"Yuasa, Ousuke",1000242780,Right,WAS_EDA,Undefined,7,Bottom,2,3,1,Fastball,Four-Seam,BallCalled,Walk,Undefined,Undefined,0,0,,142.42082,-1.567299,-1.259442,2339.065353,214.295896,1:15,1.748052,0.422168,1.692769,-38.7692,53.6495,34.4339,0.913782,0.407767,129.18464,-4.493611,1.158016,0.434145,,,,,,,,,,,,-18.5898,29.3862,-0.391895,15.24,1.703861,0.684073,-39.130746,-1.206455,-3.692139,8.729709,-3.970239,WAS_EDA,MEI_MEI,JinguStadium,TeamExclusive,Team,20260516-JinguStadium-1,5e7c3640-50d9-11f1-9189-39f1cca7bde1,139.72298,,,13.23619,,,,,,,afea34c9-bccf-4802-9e54-9cdb203d754b,2026/5/16,43:14.3,2026-05-16T12:43:14.3416320+09:00,2026-05-16T03:43:14.3416320Z,,v3,,,,"Fukuhara, Seiya",1000242807,Right,MEI_MEI,c1e994ae-de03-4d88-9a7b-e75895822763,16.747171,-39.46555,4.364855,1.747211,-1.054187,-1.985119,-0.420846,0.825675,-1.846069,,,,,,,,,,,,,,,,,,,,,,,,,,,,,,,,,,,,,,,,,,,,,,,,,,,High,High,High,,,,,
196,2026/5/16,44:13.7,3,1,"Urahisa, Hibiki",1000338404,Right,MEI_MEI,"Abe, Youta",1000422710,Left,WAS_EDA,Undefined,7,Bottom,2,0,1,Fastball,Four-Seam,BallCalled,Undefined,Undefined,Undefined,0,0,,139.30822,-0.566814,-2.520198,2356.367012,209.67448,1:00,1.74317,0.440113,1.727091,-41.4942,54.3976,29.1957,1.166981,0.015378,126.66697,-3.696471,-0.468612,0.442227,,,,,,,,,,,,-16.5154,28.8586,-0.377367,15.24,1.725448,1.532403,-38.263942,-0.514667,-3.154204,7.940861,-4.295078,WAS_EDA,MEI_MEI,JinguStadium,TeamExclusive,Team,20260516-JinguStadium-1,81e6d4f0-50d9-11f1-9189-39f1cca7bde1,137.16934,,,12.64126,,,,,,,afea34c9-bccf-4802-9e54-9cdb203d754b,2026/5/16,44:13.7,2026-05-16T12:44:13.7085952+09:00,2026-05-16T03:44:13.7085952Z,,v3,,,,"Fukuhara, Seiya",1000242807,Right,MEI_MEI,bc925d73-4db8-4829-8b23-5d59b7cc16cb,16.711831,-38.568179,3.97043,1.742014,-0.35011,-2.147539,-0.438393,1.65325,-1.577102,,,,,,,,,,,,,,,,,,,,,,,,,,,,,,,,,,,,,,,,,,,,,,,,,,,High,High,High,,,,,
197,2026/5/16,44:29.5,3,2,"Urahisa, Hibiki",1000338404,Right,MEI_MEI,"Abe, Youta",1000422710,Left,WAS_EDA,Undefined,7,Bottom,2,1,1,Splitter,Changeup,BallCalled,Undefined,Undefined,Undefined,0,0,,130.30326,0.53722,-3.956221,1424.385976,244.982738,2:15,1.737433,0.42935,1.656416,-87.0576,22.8818,41.8516,1.020566,-0.283154,119.62574,-5.764749,-1.032308,0.473512,,,,,,,,,,,,-23.5737,12.2126,-0.32598,15.24,1.74477,2.267903,-35.770583,-0.014077,-3.968485,6.395617,-7.750731,WAS_EDA,MEI_MEI,JinguStadium,TeamExclusive,Team,20260516-JinguStadium-1,8b542970-50d9-11f1-9189-39f1cca7bde1,128.10646,,,10.67753,,,,,,,afea34c9-bccf-4802-9e54-9cdb203d754b,2026/5/16,44:29.5,2026-05-16T12:44:29.5062016+09:00,2026-05-16T03:44:29.5062016Z,,v3,,,,"Fukuhara, Seiya",1000242807,Right,MEI_MEI,d754e896-5dcb-4cb3-b092-ca1062455fbe,16.78334,-36.045469,3.197809,1.738216,0.319053,-3.875366,-0.427121,2.43847,-1.984243,,,,,,,,,,,,,,,,,,,,,,,,,,,,,,,,,,,,,,,,,,,,,,,,,,,High,High,High,,,,,
198,2026/5/16,44:46.9,3,3,"Urahisa, Hibiki",1000338404,Right,MEI_MEI,"Abe, Youta",1000422710,Left,WAS_EDA,Undefined,7,Bottom,2,2,1,Splitter,Changeup,StrikeCalled,Undefined,Undefined,Undefined,0,0,,129.48409,0.130301,-4.041476,1470.32611,256.409086,2:30,1.732673,0.381236,1.658398,-96.7665,13.8286,44.1846,0.802289,-0.332252,119.84905,-6.826227,-0.952592,0.474922,,,,,,,,,,,,-24.7354,7.8737,-0.275933,15.24,1.728137,2.301702,-35.576691,-0.31338,-4.145265,5.924516,-8.487137,WAS_EDA,MEI_MEI,JinguStadium,TeamExclusive,Team,20260516-JinguStadium-1,95b6da70-50d9-11f1-9189-39f1cca7bde1,127.72618,,,9.63504,,,,,,,afea34c9-bccf-4802-9e54-9cdb203d754b,2026/5/16,44:46.9,2026-05-16T12:44:46.9159424+09:00,2026-05-16T03:44:46.9159424Z,,v3,,,,"Fukuhara, Seiya",1000242807,Right,MEI_MEI,f93af833-1ba5-40f5-b778-205458563504,16.782008,-35.832558,2.962258,1.733756,0.053161,-4.243569,-0.379205,2.480728,-2.072632,,,,,,,,,,,,,,,,,,,,,,,,,,,,,,,,,,,,,,,,,,,,,,,,,,,High,High,High,,,,,
199,2026/5/16,45:05.3,4,1,"Urahisa, Hibiki",1000338404,Right,MEI_MEI,"Kawajiri, Yuito",1000422710,Right,WAS_EDA,Undefined,7,Bottom,2,2,2,Fastball,Four-Seam,InPlay,Undefined,GroundBall,Single,0,0,,142.17855,-1.913,-2.492225,2484.996696,208.593562,1:00,1.734316,0.414171,1.686689,-37.9366,54.2483,27.9641,0.809216,-0.016674,129.96982,-4.761563,-0.531751,0.433595,142.41678,-5.060929,16.25942,,,,,7.222584,7.19294,17.097224,0.183346,-15.8813,29.6391,-0.350522,15.24,1.680728,1.553853,-39.054192,-1.437245,-3.173181,7.950567,-3.884585,WAS_EDA,MEI_MEI,JinguStadium,TeamExclusive,Team,20260516-JinguStadium-1,a0ab1d10-50d9-11f1-9189-39f1cca7bde1,139.90003,0.77945,,12.20873,,,,0.152789,0.77945,0.021517,afea34c9-bccf-4802-9e54-9cdb203d754b,2026/5/16,45:05.3,2026-05-16T12:45:05.3327872+09:00,2026-05-16T03:45:05.3327872Z,GroundBall,v3,,,,"Fukuhara, Seiya",1000242807,Right,MEI_MEI,a59ea748-d089-4047-b449-7771565e525a,16.752986,-39.360997,3.975283,1.733297,-1.287342,-1.942292,-0.412847,1.676303,-1.58659,267.575502,0.152976,37.816429,-5.451019,,,,,,,0.779526,-3.495313,-4.127758,,,,,,,0.021331,11.046566,2.287846,,,,,,,,,,,,,,,,,,,,,,,,,,,,,High,High,High,High,High,,,
200,2026/5/16,45:52.2,4,2,"Urahisa, Hibiki",1000338404,Right,MEI_MEI,"Kawajiri, Yuito",1000547801,Right,WAS_EDA,Undefined,7,Bottom,2,0,0,Curveball,Curveball,BallCalled,Undefined,Undefined,Undefined,0,0,,112.70166,2.46194,-0.519688,2793.914992,25.622572,6:45,1.735746,0.373543,1.600998,-206.2512,-54.9333,-28.9891,0.378788,-0.065189,102.57913,-12.202431,-2.552647,0.55552,,,,,,,,,,,,13.9966,-27.9483,-0.356345,15.24,1.786225,0.407393,-30.942051,0.531979,1.710236,6.209418,-13.221644,WAS_EDA,MEI_MEI,JinguStadium,TeamExclusive,Team,20260516-JinguStadium-1,bca28990-50d9-11f1-9189-39f1cca7bde1,109.19495,,,10.12254,,,,,,,afea34c9-bccf-4802-9e54-9cdb203d754b,2026/5/16,45:52.2,2026-05-16T12:45:52.1640960+09:00,2026-05-16T03:45:52.1640960Z,,v3,,,,"Fukuhara, Seiya",1000242807,Right,MEI_MEI,dc7dc46b-190d-469d-ada2-47d7e5228a09,16.840533,-31.261594,3.104709,1.741342,1.212379,-6.610822,-0.375045,0.319383,0.855118,,,,,,,,,,,,,,,,,,,,,,,,,,,,,,,,,,,,,,,,,,,,,,,,,,,High,High,High,,,,,
201,2026/5/16,46:09.5,5,1,"Matsumoto, Nao",1000338404,Right,MEI_MEI,"Okanishi, Yuya",1000547801,Left,WAS_EDA,Undefined,7,Bottom,2,1,0,Fastball,Sinker,StrikeSwinging,Undefined,Undefined,Undefined,0,0,,143.08262,-1.87804,-1.38443,2384.237847,230.030046,1:45,1.731431,0.393501,1.694509,-50.5554,40.7232,44.9757,0.69073,0.448944,130.4137,-5.612772,1.774883,0.431459,,,,,,,,,,,,-23.6607,22.8539,-0.360656,15.24,1.678057,0.71013,-39.311065,-1.486005,-4.764017,8.469767,-5.205076,WAS_EDA,MEI_MEI,JinguStadium,TeamExclusive,Team,20260516-JinguStadium-1,c6ee5730-50d9-11f1-9189-39f1cca7bde1,140.59288,,,12.66893,,,,,,,afea34c9-bccf-4802-9e54-9cdb203d754b,2026/5/16,46:09.5,2026-05-16T12:46:09.5448064+09:00,2026-05-16T03:46:09.5448064Z,,v3,,,,"Fukuhara, Seiya",1000242807,Right,MEI_MEI,d42f8957-0aaf-4e36-8f64-24a196bbb5d2,16.744941,-39.633986,4.234884,1.73093,-1.287555,-2.602538,-0.391193,0.891764,-2.382009,,,,,,,,,,,,,,,,,,,,,,,,,,,,,,,,,,,,,,,,,,,,,,,,,,,High,High,High,,,,,
202,2026/5/16,46:28.6,5,2,"Matsumoto, Nao",1000338404,Right,MEI_MEI,"Okanishi, Yuya",1000547801,Left,WAS_EDA,Undefined,7,Bottom,2,1,1,Curveball,Curveball,InPlay,Undefined,FlyBall,Out,1,0,,113.16309,4.229206,0.392317,2769.835065,45.295601,7:30,1.724681,0.372465,1.541374,-184.8733,-35.1134,-40.5137,1.093822,0.080097,103.16108,-8.920356,-2.426723,0.552653,145.11183,50.703815,31.23344,5019.735916,,,,,23.526573,,,20.4492,-19.3927,-0.379715,15.24,1.829601,-0.033431,-31.032863,1.57161,2.551682,5.540378,-12.226498,WAS_EDA,MEI_MEI,JinguStadium,TeamExclusive,Team,20260516-JinguStadium-1,d25c0f90-50d9-11f1-9189-39f1cca7bde1,109.76151,29.835647,,10.00202,,,,0.542498,1.133017,-0.084587,afea34c9-bccf-4802-9e54-9cdb203d754b,2026/5/16,46:28.6,2026-05-16T12:46:28.6478848+09:00,2026-05-16T03:46:28.6478848Z,,v3,,,,"Fukuhara, Seiya",1000242807,Right,MEI_MEI,05d57d4a-02f0-4144-8007-3b173b193dec,16.899934,-31.327813,2.770189,1.728608,2.222507,-6.113249,-0.374319,-0.169274,1.275841,194.042022,0.542498,21.828676,-7.89023,2.503782,-0.661367,0.165203,-0.03869,0.007258,-0.000759,1.133017,31.194304,-7.238959,0.414837,0.065175,-0.053303,0.018834,-0.004374,0.000519,-0.084587,13.237336,-2.548713,0.587236,-0.111084,0.018729,-0.002747,0.00029,-1.70E-05,,,,,,,,,,,,,,,,,,,,,,,High,High,High,High,Undefined,,,
203,2026/5/16,47:11.4,5,3,"Matsumoto, Nao",1000338404,Right,MEI_MEI,"Okanishi, Yuya",1000547783,Left,WAS_EDA,Undefined,7,Bottom,0,0,0,Splitter,Changeup,BallCalled,Undefined,Undefined,Undefined,0,0,,130.50123,-1.412771,-4.339511,1488.265968,253.893046,2:30,1.749482,0.426011,1.653533,-91.5411,17.986,50.8705,0.429512,-0.306502,120.53481,-7.992969,-0.783058,0.472624,,,,,,,,,,,,-28.5626,10.9375,-0.312946,15.24,1.703507,2.475058,-35.81996,-1.258066,-4.830111,6.300908,-7.957051,WAS_EDA,MEI_MEI,JinguStadium,TeamExclusive,Team,20260516-JinguStadium-1,ebd00580-50d9-11f1-9189-39f1cca7bde1,128.34734,,,9.96643,,,,,,,afea34c9-bccf-4802-9e54-9cdb203d754b,2026/5/16,47:11.4,2026-05-16T12:47:11.4091008+09:00,2026-05-16T03:47:11.4091008Z,,v3,,,,"Fukuhara, Seiya",1000242807,Right,MEI_MEI,3f701996-a1fe-4484-8d85-9db5dda635f8,16.787007,-36.09106,3.150454,1.750271,-0.915709,-3.978525,-0.423908,2.682876,-2.415055,,,,,,,,,,,,,,,,,,,,,,,,,,,,,,,,,,,,,,,,,,,,,,,,,,,High,High,High,,,,,
204,2026/5/16,47:30.2,5,4,"Matsumoto, Nao",1000338404,Right,MEI_MEI,"Okanishi, Yuya",1000547783,Left,WAS_EDA,Undefined,7,Bottom,0,1,0,Splitter,Changeup,InPlay,Undefined,LineDrive,Double,0,1,,133.52858,-0.661569,-3.309768,1496.084944,254.219262,2:30,1.738939,0.419052,1.644756,-87.6712,16.6037,47.9938,0.672937,-0.047443,123.3925,-6.970083,0.048043,0.461153,154.26474,11.828614,-34.343419,2101.031567,26.534466,3.576628,-20.494987,56.764459,56.160521,-40.57152,1.556122,-26.4566,9.6329,-0.33327,15.24,1.713474,1.889369,-36.709006,-0.790639,-4.705807,6.517297,-8.093263,WAS_EDA,MEI_MEI,JinguStadium,TeamExclusive,Team,20260516-JinguStadium-1,f70596e0-50d9-11f1-9189-39f1cca7bde1,131.53999,3.693492,,10.13607,,,,0.505205,0.674335,0.050701,afea34c9-bccf-4802-9e54-9cdb203d754b,2026/5/16,47:30.2,2026-05-16T12:47:30.2294016+09:00,2026-05-16T03:47:30.2294016Z,LineDrive,v3,,,,"Fukuhara, Seiya",1000242807,Right,MEI_MEI,2fb52611-182c-4da6-ac68-df584b7a46a7,16.795913,-36.984211,3.258649,1.739645,-0.448886,-4.046632,-0.417248,2.08808,-2.352903,83.47405,0.505203,34.63025,-5.726345,0.958252,-0.33969,0.258475,-0.172267,0.06215,-0.009143,0.674334,8.784079,-6.881612,0.825901,-0.237263,0.141072,-0.084175,0.02979,-0.004381,0.050699,-23.660743,-0.681145,0.641668,-0.388126,0.369732,-0.25385,0.093699,-0.014057,,,,,,,,,,,,,,,,,,,,,,,High,High,High,High,Medium,,,
205,2026/5/16,49:51.8,6,1,"Matsumoto, Nao",1000329771,Right,MEI_MEI,"Terao, Kensei",1000242774,Right,WAS_EDA,Undefined,7,Bottom,0,0,0,Slider,Slider,BallCalled,Undefined,Undefined,Undefined,0,0,,129.37675,-1.324718,-2.273152,2311.80497,351.315034,5:45,1.662462,0.397311,1.802761,-112.7114,-4.4022,1.1133,0.160257,-0.234912,120.98616,-9.410669,-2.19432,0.469988,,,,,,,,,,,,-1.9702,-0.7567,-0.341843,15.24,1.622186,1.409704,-35.634409,-1.257081,-0.331483,5.899002,-9.933969,WAS_EDA,MEI_MEI,JinguStadium,TeamExclusive,Team,20260516-JinguStadium-1,4b71d540-50da-11f1-9189-39f1cca7bde1,129.067,,,8.39059,,,,,,,afea34c9-bccf-4802-9e54-9cdb203d754b,2026/5/16,49:51.9,2026-05-16T12:49:51.8508032+09:00,2026-05-16T03:49:51.8508032Z,,v3,,,,"Fukuhara, Seiya",1000242807,Right,MEI_MEI,5e505efe-fa63-415a-a8fd-95a35cebf68f,16.638172,-35.865119,2.949501,1.663753,-0.868564,-4.966984,-0.39723,1.422668,-0.165742,,,,,,,,,,,,,,,,,,,,,,,,,,,,,,,,,,,,,,,,,,,,,,,,,,,High,High,High,,,,,
206,2026/5/16,50:13.9,6,2,"Matsumoto, Nao",1000329771,Right,MEI_MEI,"Terao, Kensei",1000242774,Right,WAS_EDA,Undefined,7,Bottom,0,1,0,Fastball,Sinker,BallCalled,Undefined,Undefined,Undefined,0,0,,146.33802,-3.028697,-2.91095,2203.956979,225.796219,1:30,1.680751,0.246426,1.968747,-49.3054,33.9093,32.4511,0.33784,-0.244768,135.66058,-6.679979,-0.595062,0.41196,,,,,,,,,,,,-18.8813,20.3886,-0.185404,15.24,1.612698,1.897681,-40.257253,-2.305985,-4.053193,7.55309,-5.429896,WAS_EDA,MEI_MEI,JinguStadium,TeamExclusive,Team,20260516-JinguStadium-1,58952ce0-50da-11f1-9189-39f1cca7bde1,147.24743,,,10.67744,,,,,,,afea34c9-bccf-4802-9e54-9cdb203d754b,2026/5/16,50:13.9,2026-05-16T12:50:13.9238912+09:00,2026-05-16T03:50:13.9238912Z,,v3,,,,"Fukuhara, Seiya",1000242807,Right,MEI_MEI,b147fe70-2b05-4ccc-bf05-64b77d61250e,16.471744,-40.487694,3.776545,1.680526,-2.140322,-2.714948,-0.245187,2.021342,-2.026596,,,,,,,,,,,,,,,,,,,,,,,,,,,,,,,,,,,,,,,,,,,,,,,,,,,High,High,High,,,,,
207,2026/5/16,50:36.0,6,3,"Matsumoto, Nao",1000329771,Right,MEI_MEI,"Terao, Kensei",1000242774,Right,WAS_EDA,Undefined,7,Bottom,0,2,0,Slider,Slider,BallCalled,Undefined,Undefined,Undefined,0,0,,127.71195,-0.998352,-1.101153,2144.729131,323.040561,4:45,1.658441,0.35117,1.848525,-110.4877,0.3111,2.0999,0.271872,0.061522,118.85453,-8.978113,-0.951931,0.47536,,,,,,,,,,,,-1.7976,1.667,-0.325289,15.24,1.627682,0.667463,-35.189719,-1.021607,-0.293741,6.003726,-9.534238,WAS_EDA,MEI_MEI,JinguStadium,TeamExclusive,Team,20260516-JinguStadium-1,65c6dc60-50da-11f1-9189-39f1cca7bde1,127.60866,,,8.85742,,,,,,,afea34c9-bccf-4802-9e54-9cdb203d754b,2026/5/16,50:36.0,2026-05-16T12:50:36.0177664+09:00,2026-05-16T03:50:36.0177664Z,,v3,,,,"Fukuhara, Seiya",1000242807,Right,MEI_MEI,80418cdf-abab-4de2-b478-4f3790e5cbe4,16.592034,-35.419639,3.001863,1.659814,-0.656482,-4.767119,-0.351066,0.678712,-0.14687,,,,,,,,,,,,,,,,,,,,,,,,,,,,,,,,,,,,,,,,,,,,,,,,,,,High,High,High,,,,,
208,2026/5/16,51:05.8,6,4,"Matsumoto, Nao",1000329771,Right,MEI_MEI,"Terao, Kensei",1000242774,Right,WAS_EDA,Undefined,7,Bottom,0,3,0,Fastball,Four-Seam,BallCalled,Walk,Undefined,Undefined,0,0,,143.79772,-0.092748,-1.6898,2210.403026,191.945367,12:30,1.684709,0.283413,1.966068,-43.0934,44.0311,8.7269,1.227791,-0.102642,131.0302,-3.359795,-1.067068,0.421527,,,,,,,,,,,,-5.754,23.882,-0.247362,15.24,1.680281,1.125537,-39.573812,-0.196569,-1.175928,8.463048,-4.925982,WAS_EDA,MEI_MEI,JinguStadium,TeamExclusive,Team,20260516-JinguStadium-1,7781e490-50da-11f1-9189-39f1cca7bde1,143.90551,,,12.76752,,,,,,,afea34c9-bccf-4802-9e54-9cdb203d754b,2026/5/16,51:05.8,2026-05-16T12:51:05.7892352+09:00,2026-05-16T03:51:05.7892352Z,,v3,,,,"Fukuhara, Seiya",1000242807,Right,MEI_MEI,9fb47b90-a17c-4471-8972-4e47bb883cd4,16.47303,-39.836628,4.231524,1.68401,-0.043595,-2.462991,-0.282882,1.162055,-0.587964,,,,,,,,,,,,,,,,,,,,,,,,,,,,,,,,,,,,,,,,,,,,,,,,,,,High,High,High,,,,,
209,2026/5/16,51:50.6,7,1,"Matsumoto, Nao",1000329771,Right,MEI_MEI,"Tokumaru, Kaisei",1000242786,Left,WAS_EDA,Undefined,7,Bottom,0,0,0,Fastball,Four-Seam,BallCalled,Undefined,Undefined,Undefined,0,0,,145.00328,-2.287343,-0.873423,2218.445591,221.907786,1:30,1.662032,0.35738,1.862716,-49.3611,38.3292,31.6211,0.523363,0.427416,131.31721,-5.978838,1.371507,0.422893,,,,,,,,,,,,-16.8223,22.4595,-0.338768,15.24,1.605417,0.443458,-39.829596,-1.765219,-3.450131,9.299123,-5.200365,WAS_EDA,MEI_MEI,JinguStadium,TeamExclusive,Team,20260516-JinguStadium-1,923167c0-50da-11f1-9189-39f1cca7bde1,143.44056,,,13.68608,,,,,,,afea34c9-bccf-4802-9e54-9cdb203d754b,2026/5/16,51:50.6,2026-05-16T12:51:50.5980928+09:00,2026-05-16T03:51:50.5980928Z,,v3,,,,"Fukuhara, Seiya",1000242807,Right,MEI_MEI,20875039-4458-478d-80cb-7fa6ab05cec9,16.575917,-40.140284,4.649561,1.661491,-1.591472,-2.600183,-0.355509,0.558729,-1.725066,,,,,,,,,,,,,,,,,,,,,,,,,,,,,,,,,,,,,,,,,,,,,,,,,,,High,High,High,,,,,
210,2026/5/16,52:11.3,7,2,"Matsumoto, Nao",1000329771,Right,MEI_MEI,"Tokumaru, Kaisei",1000242786,Left,WAS_EDA,Undefined,7,Bottom,0,1,0,Fastball,Four-Seam,BallCalled,Undefined,Undefined,Undefined,0,0,,146.92455,-0.446167,-1.557842,2227.724824,196.269804,12:30,1.694045,0.306329,1.941684,-41.7802,41.7346,11.4171,1.151066,-0.016506,134.19682,-3.601555,-0.744192,0.412702,,,,,,,,,,,,-7.0097,22.8247,-0.272622,15.24,1.681796,1.043259,-40.440831,-0.450355,-1.499751,8.636216,-4.923244,WAS_EDA,MEI_MEI,JinguStadium,TeamExclusive,Team,20260516-JinguStadium-1,9e93e060-50da-11f1-9189-39f1cca7bde1,146.98262,,,12.72772,,,,,,,afea34c9-bccf-4802-9e54-9cdb203d754b,2026/5/16,52:11.3,2026-05-16T12:52:11.3330176+09:00,2026-05-16T03:52:11.3330176Z,,v3,,,,"Fukuhara, Seiya",1000242807,Right,MEI_MEI,f543819b-c137-46eb-b978-64419fb9203b,16.497531,-40.708493,4.318108,1.69339,-0.297769,-2.461622,-0.305676,1.089741,-0.749875,,,,,,,,,,,,,,,,,,,,,,,,,,,,,,,,,,,,,,,,,,,,,,,,,,,High,High,High,,,,,
211,2026/5/16,52:33.7,7,3,"Matsumoto, Nao",1000329771,Right,MEI_MEI,"Tokumaru, Kaisei",1000242786,Left,WAS_EDA,Undefined,7,Bottom,0,2,0,Slider,Curveball,BallCalled,Undefined,Undefined,Undefined,0,0,,129.57759,1.269908,0.001828,2287.416984,6.450853,6:15,1.653495,0.399563,1.801625,-117.7611,-7.9393,-1.301,0.835194,0.387071,118.34051,-7.274103,-0.09025,0.473259,,,,,,,,,,,,0.6775,-4.298,-0.399514,15.24,1.676331,0.0046,-35.654435,0.337442,0.111859,7.169694,-10.516227,WAS_EDA,MEI_MEI,JinguStadium,TeamExclusive,Team,20260516-JinguStadium-1,abea2ee0-50da-11f1-9189-39f1cca7bde1,128.17507,,,11.23708,,,,,,,afea34c9-bccf-4802-9e54-9cdb203d754b,2026/5/16,52:33.7,2026-05-16T12:52:33.7474048+09:00,2026-05-16T03:52:33.7474048Z,,v3,,,,"Fukuhara, Seiya",1000242807,Right,MEI_MEI,fcacccbc-a776-4715-80ad-9f0d9c47956c,16.638852,-35.934627,3.584847,1.655113,0.748416,-5.258113,-0.399608,0.000229,0.055929,,,,,,,,,,,,,,,,,,,,,,,,,,,,,,,,,,,,,,,,,,,,,,,,,,,High,High,High,,,,,
212,2026/5/16,52:56.3,1,1,"Takahashi, Koki",1000329771,Right,WAS_EDA,"Iso, Keita",1000242786,Left,MEI_MEI,Undefined,8,Top,0,3,0,Fastball,Four-Seam,BallCalled,Walk,Undefined,Undefined,0,1,,147.92255,-1.176814,-3.727813,2345.005162,199.767125,12:45,1.655592,0.365627,1.992848,-32.5432,50.7893,17.1697,1.000428,-0.506287,133.14654,-3.707454,-2.504047,0.412251,,,,,,,,,,,,-11.9085,28.2972,-0.28755,15.24,1.628812,2.557837,-40.588186,-0.915038,-2.529007,9.886445,-3.797163,WAS_EDA,MEI_MEI,JinguStadium,TeamExclusive,Team,20260516-JinguStadium-1,b95b7f70-50da-11f1-9189-39f1cca7bde1,147.14333,,,14.77601,,,,,,,afea34c9-bccf-4802-9e54-9cdb203d754b,2026/5/16,52:56.3,2026-05-16T12:52:56.3251712+09:00,2026-05-16T03:52:56.3251712Z,,v3,,,,"Fukuhara, Seiya",1000242807,Right,MEI_MEI,2750276b-3d74-408d-b47f-595b2cc3fe09,16.445484,-40.880763,4.943222,1.654229,-0.802666,-1.898581,-0.364353,2.632679,-1.264503,,,,,,,,,,,,,,,,,,,,,,,,,,,,,,,,,,,,,,,,,,,,,,,,,,,High,High,High,,,,,
213,2026/5/16,54:16.7,1,2,"Takahashi, Koki",1000329771,Right,WAS_EDA,"Iso, Keita",1000422696,Left,MEI_MEI,Undefined,8,Top,0,0,0,Slider,Curveball,StrikeSwinging,Undefined,Undefined,Undefined,0,0,,129.27876,-0.363387,-1.486692,2342.388324,329.679196,5:00,1.654189,0.376972,1.837156,-120.9751,-12.075,8.9452,0.341828,0.046673,119.62508,-9.09472,-0.851491,0.471269,,,,,,,,,,,,-5.6422,-5.0283,-0.342127,15.24,1.637637,0.884638,-35.604073,-0.690512,-0.93797,6.539947,-10.642559,WAS_EDA,MEI_MEI,JinguStadium,TeamExclusive,Team,20260516-JinguStadium-1,e95217c0-50da-11f1-9189-39f1cca7bde1,128.71632,,,9.65368,,,,,,,afea34c9-bccf-4802-9e54-9cdb203d754b,2026/5/16,54:16.7,2026-05-16T12:54:16.7002624+09:00,2026-05-16T03:54:16.7002624Z,,v3,,,,"Fukuhara, Seiya",1000242807,Right,MEI_MEI,ae8b2385-1f37-4bda-b6c0-fd4cb8318a71,16.603371,-35.85363,3.269973,1.656238,-0.284405,-5.32128,-0.376567,0.92043,-0.468985,,,,,,,,,,,,,,,,,,,,,,,,,,,,,,,,,,,,,,,,,,,,,,,,,,,High,High,High,,,,,
214,2026/5/16,54:34.9,1,3,"Takahashi, Koki",1000329771,Right,WAS_EDA,"Iso, Keita",1000422696,Left,MEI_MEI,Undefined,8,Top,0,0,1,Slider,Slider,BallCalled,Undefined,Undefined,Undefined,0,0,,131.18898,0.759918,0.521845,2317.705538,29.171172,7:00,1.669425,0.377563,1.784144,-114.7139,-7.5489,-6.1238,0.737517,0.464116,120.10068,-7.544948,0.088801,0.467499,,,,,,,,,,,,3.4952,-3.2428,-0.390059,15.24,1.680304,-0.299713,-36.093112,0.016574,0.5932,7.146112,-10.356997,WAS_EDA,MEI_MEI,JinguStadium,TeamExclusive,Team,20260516-JinguStadium-1,f4242c60-50da-11f1-9189-39f1cca7bde1,129.75417,,,11.0883,,,,,,,afea34c9-bccf-4802-9e54-9cdb203d754b,2026/5/16,54:34.9,2026-05-16T12:54:34.8609024+09:00,2026-05-16T03:54:34.8609024Z,,v3,,,,"Fukuhara, Seiya",1000242807,Right,MEI_MEI,9b92badb-2438-4bc0-9cf7-78ac62b22e88,16.655576,-36.372303,3.573056,1.671752,0.421211,-5.178498,-0.377897,-0.322889,0.2966,,,,,,,,,,,,,,,,,,,,,,,,,,,,,,,,,,,,,,,,,,,,,,,,,,,High,High,High,,,,,
215,2026/5/16,54:57.0,1,4,"Takahashi, Koki",1000329771,Right,WAS_EDA,"Iso, Keita",1000422696,Left,MEI_MEI,Undefined,8,Top,0,1,1,Slider,Slider,InPlay,Undefined,FlyBall,Out,2,1,,129.65288,0.491848,-1.142964,2265.80195,318.883456,4:45,1.697252,0.397594,1.761101,-113.786,-3.4598,6.1761,0.698913,0.135165,118.47095,-7.743585,-0.706871,0.474345,154.46272,44.23839,7.505905,4934.296691,33.38422,32.150618,3.101424,88.462724,84.533708,2.114915,5.989104,-4.0329,-1.1741,-0.369306,15.24,1.701343,0.683098,-35.658339,-0.142747,-0.666012,7.166417,-10.00054,WAS_EDA,MEI_MEI,JinguStadium,TeamExclusive,Team,20260516-JinguStadium-1,0155b4d0-50db-11f1-9189-39f1cca7bde1,127.88171,40.638788,,11.18193,,,,0.509511,0.70179,-0.133131,afea34c9-bccf-4802-9e54-9cdb203d754b,2026/5/16,54:57.0,2026-05-16T12:54:57.0198016+09:00,2026-05-16T03:54:57.0198016Z,FlyBall,v3,,,,"Fukuhara, Seiya",1000242807,Right,MEI_MEI,e0d0188b-e0a8-4fa6-a7cd-f17c5e7c2128,16.678934,-35.946364,3.583208,1.699004,0.259185,-5.00027,-0.397298,0.709865,-0.333006,173.617609,0.511507,30.444943,-8.087609,2.116799,-0.370518,0.039436,-0.001993,1.80E-05,0,0.702165,29.919126,-6.288343,0.16276,0.115165,-0.055387,0.012425,-0.001396,6.10E-05,-0.13268,4.008449,-1.792346,0.489685,-0.092405,0.011379,-0.000843,3.70E-05,-1.00E-06,,,,,,,,,,,,,,,,,,,,,,,High,High,High,High,Medium,,,
216,2026/5/16,57:57.6,1,5,"Takahashi, Koki",1000326144,Right,WAS_EDA,"Iso, Keita",1000338418,Left,MEI_MEI,Undefined,8,Top,1,0,0,Cutter,Slider,BallCalled,Undefined,Undefined,Undefined,0,0,,133.63857,-0.818217,-1.646472,2382.86073,161.610101,11:30,1.634973,0.783393,1.866037,-92.5284,9.3946,-2.074,0.479029,0.298598,122.87875,-7.559891,-1.79379,0.455922,,,,,,,,,,,,-0.0943,6.4781,-0.744866,15.24,1.610184,1.066601,-36.773371,-0.877584,-0.01668,7.144023,-8.66069,WAS_EDA,MEI_MEI,JinguStadium,TeamExclusive,Team,20260516-JinguStadium-1,6cf2afe0-50db-11f1-9189-39f1cca7bde1,133.04903,,,10.75982,,,,,,,afea34c9-bccf-4802-9e54-9cdb203d754b,2026/5/16,57:57.6,2026-05-16T12:57:57.5505920+09:00,2026-05-16T03:57:57.5505920Z,,v3,,,,"Ogata, Mikito",1000326132,Right,WAS_EDA,6ae728af-22ac-4d6a-9072-37774a6109de,16.573488,-37.031524,3.572012,1.636242,-0.564626,-4.330345,-0.783419,1.067204,-0.00834,,,,,,,,,,,,,,,,,,,,,,,,,,,,,,,,,,,,,,,,,,,,,,,,,,,High,High,High,,,,,
217,2026/5/16,58:07.9,1,6,"Takahashi, Koki",1000326144,Right,WAS_EDA,"Iso, Keita",1000338418,Left,MEI_MEI,Undefined,8,Top,1,1,0,Cutter,Slider,StrikeCalled,Undefined,Undefined,Undefined,0,0,,133.02277,-0.729375,-1.791326,2362.448708,167.040047,11:30,1.632988,0.784226,1.83321,-81.4299,20.5194,-4.0892,0.612643,0.237399,123.71074,-6.650544,-2.080959,0.455981,,,,,,,,,,,,1.0264,11.9138,-0.741152,15.24,1.610185,1.164627,-36.642397,-0.77329,0.182866,6.135738,-7.684005,WAS_EDA,MEI_MEI,JinguStadium,TeamExclusive,Team,20260516-JinguStadium-1,731b1290-50db-11f1-9189-39f1cca7bde1,133.0319,,,9.31203,,,,,,,afea34c9-bccf-4802-9e54-9cdb203d754b,2026/5/16,58:07.9,2026-05-16T12:58:07.9091712+09:00,2026-05-16T03:58:07.9091712Z,,v3,,,,"Ogata, Mikito",1000326132,Right,WAS_EDA,a99437d3-e98e-459e-b6a1-0e99697ef54c,16.606744,-36.870547,3.067869,1.633627,-0.48757,-3.842002,-0.784331,1.157828,0.091433,,,,,,,,,,,,,,,,,,,,,,,,,,,,,,,,,,,,,,,,,,,,,,,,,,,High,High,High,,,,,
218,2026/5/16,58:19.7,1,7,"Takahashi, Koki",1000326144,Right,WAS_EDA,"Iso, Keita",1000338418,Left,MEI_MEI,Undefined,8,Top,1,1,1,Fastball,Changeup,FoulBallNotFieldable,Undefined,Undefined,Undefined,0,0,,137.19868,-1.99889,-4.356376,1922.174682,233.714685,1:45,1.623047,0.747938,1.830485,-62.6038,34.7415,43.1562,0.430675,-0.053079,125.94946,-6.607416,-1.309874,0.445566,113.28666,69.583048,-137.763515,4758.46749,-27.696851,24.772347,-18.894734,45.63548,35.888158,-146.277817,4.632008,-25.3405,20.1653,-0.646372,15.24,1.5709,2.668425,-37.658697,-1.546621,-4.716336,7.265119,-6.053509,WAS_EDA,MEI_MEI,JinguStadium,TeamExclusive,Team,20260516-JinguStadium-1,7a243850-50db-11f1-9189-39f1cca7bde1,136.14141,29.581074,,11.24922,,,,0.665542,0.465988,0.049214,afea34c9-bccf-4802-9e54-9cdb203d754b,2026/5/16,58:19.7,2026-05-16T12:58:19.7309952+09:00,2026-05-16T03:58:19.7309952Z,Popup,v3,,,,"Ogata, Mikito",1000326132,Right,WAS_EDA,2f4723b8-cdb0-4f3a-9858-2b16172f3d87,16.60983,-37.922044,3.632559,1.622985,-1.327193,-3.026754,-0.746195,2.839384,-2.358168,10.534989,0.664745,-8.109674,-1.729164,0.971024,-0.299556,0.059608,-0.00478,-0.000281,4.90E-05,0.466991,29.466684,-9.14165,0.977328,0.01955,-0.094405,0.030772,-0.004357,0.000235,0.048606,-7.365289,0.364037,0.149565,-0.114565,0.041482,-0.007669,0.000659,-1.90E-05,,,,,,,,,,,,,,,,,,,,,,,High,High,High,High,Medium,,,
219,2026/5/16,58:42.6,2,1,"Saso, Tsubasa",1000326144,Left,WAS_EDA,"Tsuda, Motoki",1000338418,Left,MEI_MEI,Undefined,8,Top,1,1,2,Splitter,Changeup,FoulBallNotFieldable,Undefined,Undefined,Undefined,0,0,,140.40221,-2.177571,-4.011293,1763.602538,260.622685,2:45,1.606032,0.75628,1.835511,-81.4116,10.8532,49.5341,0.175373,0.117364,130.04854,-8.076476,-0.505776,0.433783,102.49929,-32.839331,151.736385,,,,,0.406191,0.406191,5.087359,0.01374,-28.2809,7.7323,-0.663775,15.24,1.548539,2.47334,-38.584974,-1.796803,-5.55927,7.17749,-8.286688,WAS_EDA,MEI_MEI,JinguStadium,TeamExclusive,Team,20260516-JinguStadium-1,87c4fd50-50db-11f1-9189-39f1cca7bde1,139.83939,0.212402,,10.35368,,,,0.694444,0.212402,-0.119814,afea34c9-bccf-4802-9e54-9cdb203d754b,2026/5/16,58:42.6,2026-05-16T12:58:42.5782784+09:00,2026-05-16T03:58:42.5782784Z,GroundBall,v3,,,,"Ogata, Mikito",1000326132,Right,WAS_EDA,ec86d5cd-1975-47bf-b0e9-4be0deaa99e5,16.605368,-38.838127,3.588745,1.606759,-1.504529,-4.143344,-0.754469,2.669417,-2.779635,,0.694501,-21.096004,,,,,,,,0.212444,-15.459002,,,,,,,,-0.119844,11.341753,,,,,,,,,,,,,,,,,,,,,,,,,,,,,,High,High,High,Estimated,Estimated,,,
220,2026/5/16,59:06.6,2,2,"Saso, Tsubasa",1000326144,Left,WAS_EDA,"Tsuda, Motoki",1000338418,Left,MEI_MEI,Undefined,8,Top,1,1,2,Splitter,Changeup,FoulBallNotFieldable,Undefined,Undefined,Undefined,0,0,,139.13944,-2.129096,-3.620246,1626.066097,263.168328,2:45,1.626168,0.738829,1.830009,-85.323,9.3117,53.0698,0.170202,0.245807,128.03615,-8.319694,0.137869,0.439319,,,,,,,,,,,,-29.9684,7.1188,-0.655563,15.24,1.569402,2.167213,-38.227387,-1.765215,-5.735799,7.632808,-8.444145,WAS_EDA,MEI_MEI,JinguStadium,TeamExclusive,Team,20260516-JinguStadium-1,96105a30-50db-11f1-9189-39f1cca7bde1,138.0774,,,11.10329,,,,,,,afea34c9-bccf-4802-9e54-9cdb203d754b,2026/5/16,59:06.5,2026-05-16T12:59:06.5501696+09:00,2026-05-16T03:59:06.5501696Z,,v3,,,,"Ogata, Mikito",1000326132,Right,WAS_EDA,a859cfc4-d8e5-415e-a30c-a4c0f086d623,16.610603,-38.500081,3.816404,1.627078,-1.463535,-4.222072,-0.73665,2.372134,-2.8679,,,,,,,,,,,,,,,,,,,,,,,,,,,,,,,,,,,,,,,,,,,,,,,,,,,High,High,High,,,,,
221,2026/5/16,59:29.6,2,3,"Saso, Tsubasa",1000326144,Left,WAS_EDA,"Tsuda, Motoki",1000338418,Left,MEI_MEI,Undefined,8,Top,1,1,2,Cutter,Slider,BallCalled,Undefined,Undefined,Undefined,0,0,,134.92529,-1.357952,-1.336572,2437.071993,178.637943,12:00,1.613108,0.780023,1.796207,-91.5371,8.5,-0.1345,0.313274,0.400373,125.15991,-7.971183,-1.34609,0.451685,,,,,,,,,,,,-0.7881,6.1261,-0.747211,15.24,1.57343,0.867392,-37.149385,-1.245805,-0.143525,6.690279,-8.690968,WAS_EDA,MEI_MEI,JinguStadium,TeamExclusive,Team,20260516-JinguStadium-1,a3d262d0-50db-11f1-9189-39f1cca7bde1,134.29725,,,9.76537,,,,,,,afea34c9-bccf-4802-9e54-9cdb203d754b,2026/5/16,59:29.6,2026-05-16T12:59:29.6162304+09:00,2026-05-16T03:59:29.6162304Z,,v3,,,,"Ogata, Mikito",1000326132,Right,WAS_EDA,11bb794f-6aa1-4af8-a652-8a90824df574,16.643893,-37.401359,3.345139,1.614186,-0.918479,-4.345484,-0.779981,0.872798,-0.071762,,,,,,,,,,,,,,,,,,,,,,,,,,,,,,,,,,,,,,,,,,,,,,,,,,,High,High,High,,,,,
222,2026/5/16,59:45.6,2,4,"Saso, Tsubasa",1000326144,Left,WAS_EDA,"Tsuda, Motoki",1000338418,Left,MEI_MEI,Undefined,8,Top,1,2,2,Fastball,Four-Seam,StrikeSwinging,Strikeout,Undefined,Undefined,0,0,,144.93648,-1.745135,-2.427414,2532.522802,223.116335,1:30,1.64851,0.738969,1.967424,-45.1614,40.4313,35.3306,0.707665,0.412188,132.65876,-5.141545,0.094104,0.417804,,,,,,,,,,,,-20.0613,23.1586,-0.688309,15.24,1.60834,1.520238,-39.872745,-1.362173,-4.176221,8.323903,-4.985665,WAS_EDA,MEI_MEI,JinguStadium,TeamExclusive,Team,20260516-JinguStadium-1,ad586f70-50db-11f1-9189-39f1cca7bde1,145.18758,,,12.27772,,,,,,,afea34c9-bccf-4802-9e54-9cdb203d754b,2026/5/16,59:45.6,2026-05-16T12:59:45.6270000+09:00,2026-05-16T03:59:45.6270000Z,,v3,,,,"Ogata, Mikito",1000326132,Right,WAS_EDA,6adbd649-996c-4bdf-b735-725a23de5094,16.472144,-40.129145,4.161951,1.647934,-1.2086,-2.492832,-0.737118,1.648878,-2.08811,,,,,,,,,,,,,,,,,,,,,,,,,,,,,101.13443,2.429138,1.336218,1.09292,-0.497336,0.622188,-0.414899,-0.692563,1.611432,-0.284745,20.65814,1.777777,-17.372743,-0.685002,20.648101,-1.027718,1.620287,4.579563,-4.062546,-0.310587,-18.047802,2.240376,High,High,High,,,High,Medium,Medium
223,2026/5/16,01:59.8,2,5,"Saso, Tsubasa",1000422729,Left,WAS_EDA,"Tsuda, Motoki",1000242809,Left,MEI_MEI,Undefined,8,Top,1,2,2,Slider,Slider,StrikeCalled,Undefined,Undefined,Undefined,0,0,,129.42163,-0.261613,3.110561,1926.679059,217.521423,1:15,1.674204,-0.716471,1.706833,-99.5955,14.0132,7.4491,0.603696,0.243999,116.41382,-7.507669,3.63312,0.481349,,,,,,,,,,,,-1.0181,8.6799,0.634641,15.24,1.65982,-1.963449,-35.456441,-0.55601,-0.163674,8.033802,-8.411232,WAS_EDA,MEI_MEI,JinguStadium,TeamExclusive,Team,20260516-JinguStadium-1,fd574190-50db-11f1-9189-39f1cca7bde1,126.0207,,,13.00782,,,,,,,afea34c9-bccf-4802-9e54-9cdb203d754b,2026/5/16,01:59.8,2026-05-16T13:01:59.7556736+09:00,2026-05-16T04:01:59.7556736Z,,v3,,,,"Ogata, Mikito",1000326132,Right,WAS_EDA,d82a7f00-0abb-4082-ba97-76a4f24f9eb7,16.731327,-35.792754,4.016901,1.675725,-0.203897,-4.205616,0.716692,-1.956598,-0.081837,,,,,,,,,,,,,,,,,,,,,,,,,,,,,,,,,,,,,,,,,,,,,,,,,,,High,High,High,,,,,
224,2026/5/16,02:10.5,3,1,"Saso, Tsubasa",1000422729,Left,WAS_EDA,"Tanoue, Kai",1000242809,Left,MEI_MEI,Undefined,8,Top,1,2,2,Slider,Curveball,FoulBallNotFieldable,Undefined,Undefined,Undefined,0,0,,127.56311,-0.083418,1.856159,1790.648448,260.845898,2:45,1.668282,-0.67828,1.719242,-105.2626,10.0625,38.0124,0.591926,0.229796,116.17134,-7.703497,4.528442,0.484972,,,,,,,,,,,,-17.709,6.4193,0.627324,15.24,1.658187,-1.315058,-35.035786,-0.462518,-2.807951,7.245879,-8.788806,WAS_EDA,MEI_MEI,JinguStadium,TeamExclusive,Team,20260516-JinguStadium-1,03c5fc10-50dc-11f1-9189-39f1cca7bde1,125.07945,,,11.39177,,,,,,,afea34c9-bccf-4802-9e54-9cdb203d754b,2026/5/16,02:10.5,2026-05-16T13:02:10.5445376+09:00,2026-05-16T04:02:10.5445376Z,,v3,,,,"Ogata, Mikito",1000326132,Right,WAS_EDA,536b92e5-8a59-4c02-8228-0d72bb766e74,16.720019,-35.340549,3.62294,1.669866,-0.09286,-4.394403,0.680151,-1.196955,-1.403976,,,,,,,,,,,,,,,,,,,,,,,,,,,,,,,,,,,,,,,,,,,,,,,,,,,High,High,High,,,,,
225,2026/5/16,02:31.4,3,2,"Saso, Tsubasa",1000422729,Left,WAS_EDA,"Tanoue, Kai",1000242809,Left,MEI_MEI,Undefined,8,Top,1,2,2,Fastball,Four-Seam,BallCalled,Undefined,Undefined,Undefined,0,0,,143.72194,-1.566163,4.60945,2270.28782,166.833921,11:30,1.684145,-0.674958,1.89506,-36.5645,52.0664,-11.4961,0.876455,0.509359,130.84519,-4.350505,3.796915,0.425155,,,,,,,,,,,,9.2703,28.9176,0.570213,15.24,1.645999,-3.120341,-39.409861,-1.187035,1.877876,8.433857,-3.948844,WAS_EDA,MEI_MEI,JinguStadium,TeamExclusive,Team,20260516-JinguStadium-1,10298620-50dc-11f1-9189-39f1cca7bde1,142.67739,,,12.87675,,,,,,,afea34c9-bccf-4802-9e54-9cdb203d754b,2026/5/16,02:31.4,2026-05-16T13:02:31.3937408+09:00,2026-05-16T04:02:31.3937408Z,,v3,,,,"Ogata, Mikito",1000326132,Right,WAS_EDA,3143d7af-c964-4711-b0c4-1369459ef004,16.543968,-39.687934,4.216928,1.682991,-1.056837,-1.974422,0.674114,-3.182256,0.938938,,,,,,,,,,,,,,,,,,,,,,,,,,,,,,,,,,,,,,,,,,,,,,,,,,,High,High,High,,,,,
226,2026/5/16,02:45.2,3,3,"Saso, Tsubasa",1000422729,Left,WAS_EDA,"Tanoue, Kai",1000242809,Left,MEI_MEI,Undefined,8,Top,1,3,2,Fastball,Four-Seam,BallCalled,Undefined,Undefined,Undefined,0,0,,142.38487,-1.238066,3.777488,2322.873055,178.271436,12:00,1.691488,-0.69588,1.888333,-33.8866,56.5474,-1.615,1.00344,0.352428,129.30152,-3.842847,3.663209,0.429458,,,,,,,,,,,,3.6634,31.006,0.609227,15.24,1.660869,-2.571971,-39.075511,-0.936095,0.727312,8.521358,-3.650808,WAS_EDA,MEI_MEI,JinguStadium,TeamExclusive,Team,20260516-JinguStadium-1,18697e30-50dc-11f1-9189-39f1cca7bde1,141.24781,,,13.08335,,,,,,,afea34c9-bccf-4802-9e54-9cdb203d754b,2026/5/16,02:45.2,2026-05-16T13:02:45.2435456+09:00,2026-05-16T04:02:45.2435456Z,,v3,,,,"Ogata, Mikito",1000326132,Right,WAS_EDA,6f179868-1871-477b-98da-ccc51e1ac817,16.550486,-39.360256,4.260679,1.690111,-0.814102,-1.825404,0.695577,-2.596274,0.363656,,,,,,,,,,,,,,,,,,,,,,,,,,,,,,,,,,,,,,,,,,,,,,,,,,,High,High,High,,,,,
227,2026/5/16,03:00.9,3,4,"Saso, Tsubasa",1000422729,Left,WAS_EDA,"Tanoue, Kai",1000242809,Left,MEI_MEI,Undefined,8,Top,1,0,2,Slider,Slider,InPlay,Undefined,LineDrive,Single,0,0,,130.68306,-0.346318,2.445885,2115.708079,270.220499,3:00,1.66761,-0.675608,1.701842,-105.3809,3.2176,9.5489,0.515135,0.116493,120.58813,-7.919677,3.116652,0.470616,157.65489,5.656412,3.996715,1615.582328,,,,40.433108,40.433108,2.268671,1.035328,-3.1806,2.8035,0.610749,15.24,1.650224,-1.579874,-35.935049,-0.646041,-0.538698,6.654242,-9.331811,WAS_EDA,MEI_MEI,JinguStadium,TeamExclusive,Team,20260516-JinguStadium-1,21c4f860-50dc-11f1-9189-39f1cca7bde1,128.89492,1.491434,,10.09493,,,,0.233184,0.529091,-0.114256,afea34c9-bccf-4802-9e54-9cdb203d754b,2026/5/16,03:00.9,2026-05-16T13:03:00.9096192+09:00,2026-05-16T04:03:00.9096192Z,GroundBall,v3,,,,"Ogata, Mikito",1000326132,Right,WAS_EDA,1b771970-01d6-4944-b392-fa7e06a12cbc,16.738298,-36.211433,3.327121,1.669008,-0.258445,-4.665905,0.675905,-1.557499,-0.269349,108.363118,0.26496,43.05352,-4.167119,,,,,,,0.543241,4.130975,-4.509075,,,,,,,-0.100893,2.859646,-1.185851,,,,,,,,,,,,,,,,,,,,,,,,,,,,,High,High,High,High,High,,,
228,2026/5/16,03:39.2,3,5,"Saso, Tsubasa",1000422729,Left,WAS_EDA,"Tanoue, Kai",1000338425,Left,MEI_MEI,Undefined,8,Top,1,0,0,Fastball,Four-Seam,BallCalled,Undefined,Undefined,Undefined,0,0,,141.0381,-2.918468,5.498618,2287.066911,174.206591,11:45,1.693552,-0.626107,1.833389,-32.7795,60.7809,-5.837,0.537229,0.87279,128.01433,-5.432472,5.088874,0.436818,,,,,,,,,,,,7.1371,34.292,0.494706,15.24,1.621222,-3.681981,-38.553853,-2.059341,1.378294,8.354363,-3.184345,WAS_EDA,MEI_MEI,JinguStadium,TeamExclusive,Team,20260516-JinguStadium-1,3894a950-50dc-11f1-9189-39f1cca7bde1,138.86789,,,13.02377,,,,,,,afea34c9-bccf-4802-9e54-9cdb203d754b,2026/5/16,03:39.2,2026-05-16T13:03:39.2028160+09:00,2026-05-16T04:03:39.2028160Z,,v3,,,,"Ogata, Mikito",1000326132,Right,WAS_EDA,c97f3862-230a-4d24-9e0c-876418c1d0e1,16.605284,-38.848575,4.177182,1.691889,-1.947005,-1.592173,0.625454,-3.730603,0.689147,,,,,,,,,,,,,,,,,,,,,,,,,,,,,,,,,,,,,,,,,,,,,,,,,,,High,High,High,,,,,
229,2026/5/16,03:54.6,3,6,"Saso, Tsubasa",1000422729,Left,WAS_EDA,"Tanoue, Kai",1000338425,Left,MEI_MEI,Undefined,8,Top,1,1,0,Fastball,Four-Seam,BallCalled,Undefined,Undefined,Undefined,0,0,,139.63899,-1.208938,5.122533,2120.621093,166.344345,11:30,1.671818,-0.697931,1.892463,-40.7861,53.3514,-12.2008,0.922456,0.624931,126.98691,-4.304986,4.261574,0.438163,,,,,,,,,,,,10.0235,29.3551,0.581194,15.24,1.641504,-3.370319,-38.258741,-0.928469,1.911876,8.012059,-4.207485,WAS_EDA,MEI_MEI,JinguStadium,TeamExclusive,Team,20260516-JinguStadium-1,41b58b80-50dc-11f1-9189-39f1cca7bde1,138.44153,,,12.65208,,,,,,,afea34c9-bccf-4802-9e54-9cdb203d754b,2026/5/16,03:54.5,2026-05-16T13:03:54.5545216+09:00,2026-05-16T04:03:54.5545216Z,,v3,,,,"Ogata, Mikito",1000326132,Right,WAS_EDA,890d1817-2c1f-439c-a99b-83549108d68d,16.546327,-38.531338,4.00603,1.670658,-0.785316,-2.103742,0.69697,-3.435367,0.955938,,,,,,,,,,,,,,,,,,,,,,,,,,,,,,,,,,,,,,,,,,,,,,,,,,,High,High,High,,,,,
230,2026/5/16,04:15.6,4,1,"Saso, Tsubasa",1000422729,Left,WAS_EDA,"Okada, Keigo",1000338425,Left,MEI_MEI,Undefined,8,Top,1,2,0,Fastball,Four-Seam,StrikeCalled,Undefined,Undefined,Undefined,0,0,,138.50114,-1.629885,2.246792,2081.7355,169.939601,11:45,1.705396,-0.654732,1.850788,-43.1783,51.4244,-8.6219,0.813447,-0.106947,127.45045,-4.866881,1.636234,0.439244,,,,,,,,,,,,5.8979,28.4334,0.602244,15.24,1.664084,-1.453561,-38.099855,-1.222708,1.128015,7.151471,-4.368556,WAS_EDA,MEI_MEI,JinguStadium,TeamExclusive,Team,20260516-JinguStadium-1,4e4afb00-50dc-11f1-9189-39f1cca7bde1,138.1008,,,11.05068,,,,,,,afea34c9-bccf-4802-9e54-9cdb203d754b,2026/5/16,04:15.6,2026-05-16T13:04:15.6366336+09:00,2026-05-16T04:04:15.6366336Z,,v3,,,,"Ogata, Mikito",1000326132,Right,WAS_EDA,295674b0-d328-4bbd-8635-06509514b148,16.588689,-38.352173,3.575736,1.704504,-1.068577,-2.184278,0.654231,-1.493359,0.564008,,,,,,,,,,,,,,,,,,,,,,,,,,,,,,,,,,,,,,,,,,,,,,,,,,,High,High,High,,,,,
231,2026/5/16,04:32.9,4,2,"Saso, Tsubasa",1000422729,Left,WAS_EDA,"Okada, Keigo",1000338425,Left,MEI_MEI,Undefined,8,Top,1,2,1,Slider,Slider,BallCalled,Undefined,Undefined,Undefined,0,0,,127.65952,-0.997693,4.098762,1999.343065,279.247078,3:15,1.653291,-0.688616,1.786257,-110.5771,2.3585,6.1059,0.264257,0.535045,118.18971,-8.948521,4.52879,0.479921,,,,,,,,,,,,-0.339,2.8408,0.58672,15.24,1.620774,-2.539189,-35.059688,-1.032421,-0.054665,6.314166,-9.348516,WAS_EDA,MEI_MEI,JinguStadium,TeamExclusive,Team,20260516-JinguStadium-1,589bd1b0-50dc-11f1-9189-39f1cca7bde1,126.39573,,,9.46981,,,,,,,afea34c9-bccf-4802-9e54-9cdb203d754b,2026/5/16,04:32.9,2026-05-16T13:04:32.8996864+09:00,2026-05-16T04:04:32.8996864Z,,v3,,,,"Ogata, Mikito",1000326132,Right,WAS_EDA,3492eca8-4c09-4547-9a1e-7c99d22dd732,16.654012,-35.31343,3.157083,1.654714,-0.65674,-4.674258,0.688716,-2.536992,-0.027332,,,,,,,,,,,,,,,,,,,,,,,,,,,,,,,,,,,,,,,,,,,,,,,,,,,High,High,High,,,,,
232,2026/5/16,05:05.2,4,3,"Saso, Tsubasa",1000422729,Left,WAS_EDA,"Okada, Keigo",1000338425,Left,MEI_MEI,Undefined,8,Top,1,3,1,Fastball,Four-Seam,FoulBallNotFieldable,Undefined,Undefined,Undefined,0,0,,142.17853,-1.800122,3.10094,2175.039287,168.750379,11:45,1.683582,-0.666969,1.875215,-40.7547,49.3056,-9.2449,0.768191,0.114693,130.19218,-4.870114,2.44609,0.42857,44.37779,25.130917,-165.170732,1875.888157,,,,38.044003,19.364315,-177.10586,1.019044,6.8078,27.4199,0.595565,15.24,1.639124,-2.068471,-39.054336,-1.354194,1.362548,7.8223,-4.31866,WAS_EDA,MEI_MEI,JinguStadium,TeamExclusive,Team,20260516-JinguStadium-1,6bd0cfb0-50dc-11f1-9189-39f1cca7bde1,141.54063,1.478124,,11.98634,,,,,,,afea34c9-bccf-4802-9e54-9cdb203d754b,2026/5/16,05:05.2,2026-05-16T13:05:05.1767296+09:00,2026-05-16T04:05:05.1767296Z,GroundBall,v3,,,,"Ogata, Mikito",1000326132,Right,WAS_EDA,bb763d3c-9924-4080-96fd-8149ef5e7d0b,16.563222,-39.318474,3.91115,1.68239,-1.208364,-2.15933,0.666188,-2.114481,0.681274,,-2.14601,-10.790364,-32.079884,10.357774,-1.910411,-1.969075,2.736214,-1.51209,0.330822,0.534966,5.23452,-8.696614,4.328941,-1.136091,-1.196067,1.831301,-1.057679,0.237918,-0.222453,-2.858947,-0.25864,1.148744,2.772124,-6.142982,6.126377,-3.17674,0.682991,,,,,,,,,,,,,,,,,,,,,,,High,High,High,Medium,Medium,,,
233,2026/5/16,05:54.8,4,4,"Saso, Tsubasa",1000422729,Left,WAS_EDA,"Okada, Keigo",1000338425,Left,MEI_MEI,Undefined,8,Top,1,3,2,Slider,Slider,StrikeCalled,Strikeout,Undefined,Undefined,0,0,,128.9855,0.16911,2.992065,1848.933519,201.89294,12:45,1.678524,-0.685685,1.714039,-98.3993,15.1148,4.4309,0.742695,0.210413,116.60767,-6.98976,3.303017,0.481149,,,,,,,,,,,,0.2362,8.7829,0.607563,15.24,1.675479,-1.870143,-35.369648,-0.280773,0.038036,7.599194,-8.39236,WAS_EDA,MEI_MEI,JinguStadium,TeamExclusive,Team,20260516-JinguStadium-1,896bb300-50dc-11f1-9189-39f1cca7bde1,126.0732,,,12.37783,,,,,,,afea34c9-bccf-4802-9e54-9cdb203d754b,2026/5/16,05:54.8,2026-05-16T13:05:54.7760000+09:00,2026-05-16T04:05:54.7760000Z,,v3,,,,"Ogata, Mikito",1000326132,Right,WAS_EDA,96a02c61-0cdd-45d6-96cf-9cc09dff6907,16.72458,-35.687185,3.799597,1.679884,0.069907,-4.19618,0.685742,-1.871732,0.019018,,,,,,,,,,,,,,,,,,,,,,,,,,,,,130.48461,,0.829389,,-0.314988,0.648559,-0.253605,-0.36126,1.655138,0.063181,,,,-0.341568,35.822529,-3.284885,1.654853,1.346015,-3.169999,0.048367,-2.716111,1.755421,High,High,High,,,High,Medium,Low
234,2026/5/16,06:42.8,4,5,"Saso, Tsubasa",1000422729,Left,WAS_EDA,"Okada, Keigo",1000242813,Left,MEI_MEI,Undefined,8,Top,1,3,2,Fastball,Changeup,BallCalled,Undefined,Undefined,Undefined,0,0,,139.51998,0.761904,2.063188,1632.887493,121.811361,10:00,1.690946,-0.628624,1.927575,-62.6127,30.2517,-44.0755,1.278834,-0.489998,127.35532,-3.896636,-1.074875,0.43519,,,,,,,,,,,,24.2186,16.0854,0.584972,15.24,1.70432,-1.173348,-38.395252,0.290604,4.667254,7.838501,-6.706786,WAS_EDA,MEI_MEI,JinguStadium,TeamExclusive,Team,20260516-JinguStadium-1,a60293d0-50dc-11f1-9189-39f1cca7bde1,139.38728,,,12.16466,,,,,,,afea34c9-bccf-4802-9e54-9cdb203d754b,2026/5/16,06:42.8,2026-05-16T13:06:42.7901952+09:00,2026-05-16T04:06:42.7901952Z,,v3,,,,"Ogata, Mikito",1000326132,Right,WAS_EDA,23e28b01-8f2c-4f4d-b451-bb66c3af29fd,16.511983,-38.654059,3.919251,1.69107,0.512045,-3.353393,0.626257,-1.327449,2.333627,,,,,,,,,,,,,,,,,,,,,,,,,,,,,,,,,,,,,,,,,,,,,,,,,,,High,High,High,,,,,
235,2026/5/16,07:01.0,4,6,"Saso, Tsubasa",1000422729,Left,WAS_EDA,"Okada, Keigo",1000242813,Left,MEI_MEI,Undefined,8,Top,1,0,2,Fastball,Sinker,BallCalled,Undefined,Undefined,Undefined,0,0,,138.8836,-1.877175,2.41723,1899.028449,130.978109,10:15,1.693894,-0.645982,1.835317,-58.8304,35.5608,-37.6495,0.574989,-0.339671,127.84908,-6.212383,-0.249001,0.438753,,,,,,,,,,,,20.9903,20.4402,0.59072,15.24,1.64519,-1.432577,-38.200651,-1.46856,4.029406,7.305115,-5.882859,WAS_EDA,MEI_MEI,JinguStadium,TeamExclusive,Team,20260516-JinguStadium-1,b0d56bc0-50dc-11f1-9189-39f1cca7bde1,138.25538,,,11.03453,,,,,,,afea34c9-bccf-4802-9e54-9cdb203d754b,2026/5/16,07:01.0,2026-05-16T13:07:00.9621504+09:00,2026-05-16T04:07:00.9621504Z,,v3,,,,"Ogata, Mikito",1000326132,Right,WAS_EDA,cf330c51-880b-431c-9cae-5725a534903e,16.604653,-38.460729,3.652557,1.693745,-1.259118,-2.941429,0.644276,-1.576032,2.014703,,,,,,,,,,,,,,,,,,,,,,,,,,,,,,,,,,,,,,,,,,,,,,,,,,,High,High,High,,,,,
236,2026/5/16,07:17.7,1,1,"Matsumoto, Nao",1000422729,Right,MEI_MEI,"Sato, Kanya",1000242813,Left,WAS_EDA,Undefined,8,Bottom,1,1,2,TwoSeamFastBall,Changeup,FoulBallNotFieldable,Undefined,Undefined,Undefined,0,0,,137.25463,-0.457124,2.332705,1559.922584,125.084285,10:15,1.697586,-0.65931,1.909545,-68.7136,26.2325,-33.6281,0.881884,-0.339711,127.18656,-5.507856,-0.059477,0.440041,47.07694,-67.195099,67.255146,,,,,0.872236,0.577606,52.426315,0.068746,19.0109,14.7301,0.608624,15.24,1.68317,-1.390692,-37.817716,-0.550023,3.602459,6.644243,-7.015378,WAS_EDA,MEI_MEI,JinguStadium,TeamExclusive,Team,20260516-JinguStadium-1,bacfbe00-50dc-11f1-9189-39f1cca7bde1,137.8508,0.848178,,10.06806,,,,0.393989,0.848178,0.36241,afea34c9-bccf-4802-9e54-9cdb203d754b,2026/5/16,07:17.7,2026-05-16T13:07:17.6964608+09:00,2026-05-16T04:07:17.6964608Z,GroundBall,v3,,,,"Ogata, Mikito",1000326132,Right,WAS_EDA,b827f71b-603a-4969-a346-7f3141c34aa2,16.530935,-38.043846,3.322121,1.697826,-0.311262,-3.507689,0.658041,-1.513298,1.801229,,0.39348,2.00571,,,,,,,,0.851313,-12.338094,,,,,,,,0.361194,4.784281,,,,,,,,,,,,,,,,,,,,,,,,,,,,,,High,High,High,Low,Low,,,
237,2026/5/16,07:51.7,1,2,"Matsumoto, Nao",1000422729,Right,MEI_MEI,"Sato, Kanya",1000242813,Left,WAS_EDA,Undefined,8,Bottom,1,1,2,Slider,Slider,StrikeSwinging,Undefined,Undefined,Undefined,0,0,,130.66484,-0.422512,3.546424,1892.430984,162.484973,11:30,1.689272,-0.684604,1.771972,-97.0991,13.9363,-3.0241,0.598304,0.291542,117.0678,-7.52489,3.333524,0.475867,,,,,,,,,,,,4.728,8.8488,0.596178,15.24,1.67199,-2.202882,-35.781353,-0.638841,0.77106,8.42236,-8.363566,WAS_EDA,MEI_MEI,JinguStadium,TeamExclusive,Team,20260516-JinguStadium-1,cf178b90-50dc-11f1-9189-39f1cca7bde1,127.47267,,,13.59704,,,,,,,afea34c9-bccf-4802-9e54-9cdb203d754b,2026/5/16,07:51.7,2026-05-16T13:07:51.7067776+09:00,2026-05-16T04:07:51.7067776Z,,v3,,,,"Ogata, Mikito",1000326132,Right,WAS_EDA,a4eb96ea-1025-4a19-911d-790b0be96da3,16.666061,-36.115465,4.21118,1.690752,-0.307061,-4.181783,0.684172,-2.23347,0.38553,,,,,,,,,,,,,,,,,,,,,,,,,,,,,,,,,,,,,,,,,,,,,,,,,,,High,High,High,,,,,
238,2026/5/16,08:14.6,1,3,"Matsumoto, Nao",1000422729,Right,MEI_MEI,"Sato, Kanya",1000242813,Left,WAS_EDA,Undefined,8,Bottom,1,1,2,Slider,Slider,FoulBallNotFieldable,Undefined,Undefined,Undefined,0,0,,130.92043,-1.076213,1.848342,1783.027473,174.507782,11:45,1.674062,-0.6347,1.734336,-98.5554,12.2152,-0.7594,0.382594,-0.117054,117.5724,-8.257212,1.794831,0.475299,90.32153,48.641195,-163.401683,3528.553173,-32.770493,10.557919,-7.086579,44.025153,21.393735,-168.295821,3.171467,2.0558,8.3705,0.587391,15.24,1.639187,-1.154942,-35.901636,-1.061287,0.337466,8.490237,-8.43261,WAS_EDA,MEI_MEI,JinguStadium,TeamExclusive,Team,20260516-JinguStadium-1,dcbf5570-50dc-11f1-9189-39f1cca7bde1,127.62494,13.740472,,13.34803,,,,0.779314,0.399051,0.133424,afea34c9-bccf-4802-9e54-9cdb203d754b,2026/5/16,08:14.6,2026-05-16T13:08:14.6102272+09:00,2026-05-16T04:08:14.6102272Z,Popup,v3,,,,"Ogata, Mikito",1000326132,Right,WAS_EDA,1b5e688e-69ae-4a53-a198-9a4629ef6db0,16.704469,-36.246308,4.245118,1.675323,-0.718955,-4.216305,0.634556,-1.168642,0.168733,23.064924,0.7791,-15.879663,-0.010317,0.502417,-0.263139,0.103894,-0.01951,0.000756,0.000121,0.39919,18.825548,-7.538099,0.698599,0.043115,-0.133927,0.060474,-0.012016,0.000907,0.13332,-4.731415,1.10142,-0.210966,-0.060261,0.081227,-0.033375,0.006269,-0.000454,,,,,,,,,,,,,,,,,,,,,,,High,High,High,High,Medium,,,
239,2026/5/16,08:41.1,1,4,"Matsumoto, Nao",1000422729,Right,MEI_MEI,"Sato, Kanya",1000242813,Left,WAS_EDA,Undefined,8,Bottom,1,1,2,Slider,Changeup,StrikeSwinging,Strikeout,Undefined,Undefined,0,0,,133.0626,-1.4175,2.475301,1787.62143,171.250422,11:45,1.694923,-0.627804,1.757721,-80.8142,23.1408,-3.0787,0.484233,0.043994,122.70246,-7.283001,2.258352,0.460445,,,,,,,,,,,,3.2304,13.7405,0.565588,15.24,1.653276,-1.566744,-36.580839,-1.220021,0.568123,6.761013,-7.390162,WAS_EDA,MEI_MEI,JinguStadium,TeamExclusive,Team,20260516-JinguStadium-1,ec94fbd0-50dc-11f1-9189-39f1cca7bde1,131.74225,,,10.36013,,,,,,,afea34c9-bccf-4802-9e54-9cdb203d754b,2026/5/16,08:41.1,2026-05-16T13:08:41.1480000+09:00,2026-05-16T04:08:41.1480000Z,,v3,,,,"Ogata, Mikito",1000326132,Right,WAS_EDA,b44fdd13-cc78-4ad2-8bd3-f798693656db,16.681876,-36.846368,3.380507,1.695492,-0.929782,-3.695081,0.627558,-1.589056,0.284061,,,,,,,,,,,,,,,,,,,,,,,,,,,,,94.03614,3.00533,1.797274,1.208057,-0.348269,0.382313,-0.074686,-1.004339,1.812478,-0.326666,21.504246,1.77798,-16.52841,-0.995062,20.005914,-1.149858,1.830145,5.518268,-4.616735,-0.347391,-15.412674,1.684871,High,High,High,,,High,Medium,Medium
240,2026/5/16,10:39.0,1,5,"Matsumoto, Nao",1000329771,Right,MEI_MEI,"Sato, Kanya",1000326140,Left,WAS_EDA,Undefined,8,Bottom,1,1,2,Fastball,,FoulBallNotFieldable,Undefined,Undefined,Undefined,0,0,,,,,,,,,,,,,,,,,,,,,,,,,,,,,,,,,,,,,,,,,,WAS_EDA,MEI_MEI,JinguStadium,TeamExclusive,Team,20260516-JinguStadium-1,43e6cdf1-50dd-11f1-9189-39f1cca7bde1,,,,,,,,,,,afea34c9-bccf-4802-9e54-9cdb203d754b,2026/5/16,10:39.0,2026-05-16T13:10:39.0000000+09:00,2026-05-16T04:10:39.0000000Z,,v3,,,,"Fukuhara, Seiya",1000242807,Right,MEI_MEI,43e6cdf0-50dd-11f1-9189-39f1cca7bde1,,,,,,,,,,,,,,,,,,,,,,,,,,,,,,,,,,,,,,,,,,,,,,,,,,,,,,,,,,,,,,,,,,,
241,2026/5/16,10:45.3,1,6,"Matsumoto, Nao",1000329771,Right,MEI_MEI,"Sato, Kanya",1000326140,Left,WAS_EDA,Undefined,8,Bottom,1,1,2,ChangeUp,Changeup,BallCalled,Undefined,Undefined,Undefined,0,0,,135.58051,-0.435216,-0.481437,1312.313686,256.140544,2:30,1.665141,0.302582,1.765342,-89.0391,11.6787,34.0149,0.651346,0.506226,123.85734,-6.910349,1.920672,0.453219,,,,,,,,,,,,-17.6117,7.3416,-0.29291,15.24,1.647896,0.145572,-37.289066,-0.643818,-3.186168,7.717421,-8.478476,WAS_EDA,MEI_MEI,JinguStadium,TeamExclusive,Team,20260516-JinguStadium-1,369895c0-50dd-11f1-9189-39f1cca7bde1,133.84266,,,11.72317,,,,,,,afea34c9-bccf-4802-9e54-9cdb203d754b,2026/5/16,10:45.3,2026-05-16T13:10:45.3487616+09:00,2026-05-16T04:10:45.3487616Z,,v3,,,,"Fukuhara, Seiya",1000242807,Right,MEI_MEI,3ff2d252-1356-48e4-90b5-5d6993acdfea,16.674103,-37.584699,3.85871,1.666338,-0.319031,-4.239238,-0.300825,0.267625,-1.593084,,,,,,,,,,,,,,,,,,,,,,,,,,,,,,,,,,,,,,,,,,,,,,,,,,,High,High,High,,,,,
242,2026/5/16,10:58.2,2,1,"Matsumoto, Nao",1000329771,Right,MEI_MEI,"Ogata, Mikito",1000326140,Left,WAS_EDA,Undefined,8,Bottom,1,2,2,Slider,Curveball,StrikeCalled,Undefined,Undefined,Undefined,0,0,,126.57638,0.31956,-0.301245,2244.163341,20.763344,6:45,1.649844,0.358656,1.805536,-123.5753,-9.7441,-4.9544,0.504473,0.223911,117.15047,-8.596652,-0.652326,0.48182,,,,,,,,,,,,2.3379,-4.1569,-0.350978,15.24,1.649231,0.205211,-34.867194,-0.278653,0.373374,6.167648,-10.470547,WAS_EDA,MEI_MEI,JinguStadium,TeamExclusive,Team,20260516-JinguStadium-1,3e4ca180-50dd-11f1-9189-39f1cca7bde1,125.89751,,,9.42591,,,,,,,afea34c9-bccf-4802-9e54-9cdb203d754b,2026/5/16,10:58.2,2026-05-16T13:10:58.2317568+09:00,2026-05-16T04:10:58.2317568Z,,v3,,,,"Fukuhara, Seiya",1000242807,Right,MEI_MEI,450aa3e4-1084-4691-af80-b4e8b975a8e7,16.634851,-35.113062,3.083824,1.652019,0.138746,-5.235274,-0.358862,0.190326,0.186687,,,,,,,,,,,,,,,,,,,,,,,,,,,,,,,,,,,,,,,,,,,,,,,,,,,High,High,High,,,,,
243,2026/5/16,11:19.3,2,2,"Matsumoto, Nao",1000329771,Right,MEI_MEI,"Ogata, Mikito",1000326140,Left,WAS_EDA,Undefined,8,Bottom,1,2,2,Fastball,Four-Seam,BallCalled,Undefined,Undefined,Undefined,0,0,,147.40743,-3.178918,-2.064445,2237.326741,216.627687,1:15,1.690506,0.220595,2.00385,-35.3753,47.4821,33.2508,0.447183,-0.023882,134.41842,-5.879816,0.314619,0.411074,,,,,,,,,,,,-18.9549,28.0993,-0.17891,15.24,1.622001,1.302115,-40.513783,-2.35189,-4.053268,9.003036,-3.797956,WAS_EDA,MEI_MEI,JinguStadium,TeamExclusive,Team,20260516-JinguStadium-1,4ad1e460-50dd-11f1-9189-39f1cca7bde1,147.5645,,,12.98901,,,,,,,afea34c9-bccf-4802-9e54-9cdb203d754b,2026/5/16,11:19.3,2026-05-16T13:11:19.3225728+09:00,2026-05-16T04:11:19.3225728Z,,v3,,,,"Fukuhara, Seiya",1000242807,Right,MEI_MEI,c88c1c52-81e7-4ce8-a57d-58e68ecb9fc6,16.435786,-40.778646,4.501518,1.689549,-2.240156,-1.898978,-0.218972,1.42136,-2.026634,,,,,,,,,,,,,,,,,,,,,,,,,,,,,,,,,,,,,,,,,,,,,,,,,,,High,High,High,,,,,
244,2026/5/16,11:33.9,2,3,"Matsumoto, Nao",1000329771,Right,MEI_MEI,"Ogata, Mikito",1000326140,Left,WAS_EDA,Undefined,8,Bottom,1,3,2,Slider,Curveball,FoulBallNotFieldable,Undefined,Undefined,Undefined,0,0,,129.24079,0.656947,-0.75516,2292.03666,7.513485,6:15,1.634791,0.424,1.7314,-121.6503,-9.8194,-1.7934,0.604965,0.191497,117.76311,-8.125548,-0.881604,0.477569,,,,,,,,,,,,0.3222,-4.5253,-0.404474,15.24,1.642442,0.476669,-35.532025,-0.081918,0.052619,7.360011,-10.545769,WAS_EDA,MEI_MEI,JinguStadium,TeamExclusive,Team,20260516-JinguStadium-1,538cffe0-50dd-11f1-9189-39f1cca7bde1,127.01841,,,11.47769,,,,,,,afea34c9-bccf-4802-9e54-9cdb203d754b,2026/5/16,11:33.9,2026-05-16T13:11:33.9280384+09:00,2026-05-16T04:11:33.9280384Z,,v3,,,,"Fukuhara, Seiya",1000242807,Right,MEI_MEI,bf4c4f61-064c-4831-beb2-bb99348bfbfb,16.708629,-35.834942,3.680005,1.636881,0.352116,-5.272885,-0.424048,0.474503,0.02631,,,,,,,,,,,,,,,,,,,,,,,,,,,,,,,,,,,,,,,,,,,,,,,,,,,High,High,High,,,,,
245,2026/5/16,11:57.4,3,1,"Matsumoto, Nao",1000329771,Right,MEI_MEI,"Suda, Yuki",1000326140,Left,WAS_EDA,Undefined,8,Bottom,1,3,2,Fastball,Four-Seam,InPlay,Undefined,GroundBall,Out,1,0,,149.04908,-3.004585,-2.259135,2293.465895,216.265102,1:15,1.671282,0.322935,1.942091,-24.9078,57.4304,39.9599,0.578159,0.088645,134.60544,-4.973311,0.587645,0.409784,157.95276,0.652923,18.360295,1477.268108,,,,15.479201,15.084332,19.036534,0.362325,-22.6162,33.1834,-0.275328,15.24,1.60362,1.415126,-40.925352,-2.202641,-4.89197,9.904523,-2.628963,WAS_EDA,MEI_MEI,JinguStadium,TeamExclusive,Team,20260516-JinguStadium-1,617b6fb0-50dd-11f1-9189-39f1cca7bde1,148.02909,0.592796,,14.44364,,,,0.358817,0.582539,-0.090029,afea34c9-bccf-4802-9e54-9cdb203d754b,2026/5/16,11:57.4,2026-05-16T13:11:57.3699072+09:00,2026-05-16T04:11:57.3699072Z,GroundBall,v3,,,,"Fukuhara, Seiya",1000242807,Right,MEI_MEI,4ca4c680-4d98-4afd-b428-c1c2b1f093d1,16.497401,-41.228539,4.952261,1.669813,-2.122166,-1.314482,-0.320938,1.564873,-2.445985,287.944356,0.360725,41.569365,-6.029446,,,,,,,0.583921,0.449128,-5.69771,,,,,,,-0.09104,13.856957,0.91515,,,,,,,,,,,,,,,,,,,,,,,,,,,,,High,High,High,Medium,High,,,
246,2026/5/16,12:26.4,3,2,"Matsumoto, Nao",1000329771,Right,MEI_MEI,"Suda, Yuki",1000326132,Left,WAS_EDA,Undefined,8,Bottom,2,0,0,Fastball,Four-Seam,FoulBallNotFieldable,Undefined,Undefined,Undefined,0,0,,148.84253,-1.513349,-1.508446,2332.868749,215.905023,1:15,1.701405,0.318895,1.852366,-30.2034,53.069,36.2954,0.972345,0.256355,134.4047,-3.851878,1.064413,0.412102,,,,,,,,,,,,-19.9934,29.4705,-0.285679,15.24,1.663843,0.891469,-40.908369,-1.167705,-4.321304,9.891182,-3.436988,WAS_EDA,MEI_MEI,JinguStadium,TeamExclusive,Team,20260516-JinguStadium-1,72ce1920-50dd-11f1-9189-39f1cca7bde1,147.19644,,,14.43782,,,,,,,afea34c9-bccf-4802-9e54-9cdb203d754b,2026/5/16,12:26.4,2026-05-16T13:12:26.4315904+09:00,2026-05-16T04:12:26.4315904Z,,v3,,,,"Fukuhara, Seiya",1000242807,Right,MEI_MEI,db342758-93e4-4761-993e-4abe3f8a4dea,16.587224,-41.232826,4.945591,1.700297,-1.054963,-1.718494,-0.317246,1.033219,-2.160652,,,,,,,,,,,,,,,,,,,,,,,,,,,,,,,,,,,,,,,,,,,,,,,,,,,High,High,High,,,,,
247,2026/5/16,12:42.0,3,3,"Matsumoto, Nao",1000329771,Right,MEI_MEI,"Suda, Yuki",1000326132,Left,WAS_EDA,Undefined,8,Bottom,2,0,1,ChangeUp,Splitter,BallCalled,Undefined,Undefined,Undefined,0,0,,137.88965,0.501634,-0.783623,1158.802412,274.375485,3:15,1.661194,0.353971,1.832747,-96.265,-0.1689,41.0119,0.840199,0.542819,126.44224,-6.499987,2.123997,0.442698,,,,,,,,,,,,-21.5214,0.5742,-0.337802,15.24,1.666978,0.319346,-37.962546,-0.060544,-4.053264,7.684781,-9.698504,WAS_EDA,MEI_MEI,JinguStadium,TeamExclusive,Team,20260516-JinguStadium-1,7c1cc210-50dd-11f1-9189-39f1cca7bde1,137.02348,,,11.44741,,,,,,,afea34c9-bccf-4802-9e54-9cdb203d754b,2026/5/16,12:42.0,2026-05-16T13:12:42.0076032+09:00,2026-05-16T04:12:42.0076032Z,,v3,,,,"Fukuhara, Seiya",1000242807,Right,MEI_MEI,bfc19dc8-9124-4b52-8d3f-5e95b4942f64,16.607258,-38.238319,3.84239,1.662906,0.287493,-4.849252,-0.351872,0.4648,-2.026632,,,,,,,,,,,,,,,,,,,,,,,,,,,,,,,,,,,,,,,,,,,,,,,,,,,High,High,High,,,,,
248,2026/5/16,12:54.9,3,4,"Matsumoto, Nao",1000329771,Right,MEI_MEI,"Suda, Yuki",1000326132,Left,WAS_EDA,Undefined,8,Bottom,2,1,1,Fastball,Four-Seam,InPlay,Undefined,LineDrive,Single,0,0,,146.98889,-2.23514,-1.871048,2323.762672,201.111306,12:45,1.667312,0.295665,1.971578,-35.347,48.1723,17.5398,0.687511,-0.052884,133.97883,-4.935442,-0.618817,0.412713,151.5249,16.061254,27.005963,1409.97587,29.347602,7.218184,16.212425,80.604979,80.604979,32.094975,2.620246,-10.586,27.7151,-0.256357,15.24,1.617305,1.237443,-40.427828,-1.682217,-2.254157,8.962117,-3.905029,WAS_EDA,MEI_MEI,JinguStadium,TeamExclusive,Team,20260516-JinguStadium-1,83cbebd0-50dd-11f1-9189-39f1cca7bde1,146.9787,7.660442,,13.01006,,,,0.454714,0.705004,0.053856,afea34c9-bccf-4802-9e54-9cdb203d754b,2026/5/16,12:54.9,2026-05-16T13:12:54.9425152+09:00,2026-05-16T04:12:54.9425152Z,LineDrive,v3,,,,"Fukuhara, Seiya",1000242807,Right,MEI_MEI,9f3a2a3d-3b1b-49ef-9c86-f5658bd58ae4,16.468136,-40.699173,4.481059,1.666447,-1.563985,-1.952515,-0.294856,1.305692,-1.127078,234.609624,0.454715,36.036911,-5.868123,1.211603,-0.262603,0.053654,-0.010654,0.001592,-0.000114,0.705004,11.64487,-5.238577,0.349606,-0.047766,0.005418,0.000516,-0.000189,1.60E-05,0.053855,18.366445,-0.792835,-0.059181,0.050926,-0.018191,0.004764,-0.000799,6.30E-05,,,,,,,,,,,,,,,,,,,,,,,High,High,High,High,High,,,
249,2026/5/16,13:45.6,4,1,"Matsumoto, Nao",1000329771,Right,MEI_MEI,"Yuasa, Ousuke",1000242777,Right,WAS_EDA,Undefined,8,Bottom,2,0,0,Slider,Slider,BallCalled,Undefined,Undefined,Undefined,0,0,,128.06602,-0.431111,-1.644783,2309.770134,327.220051,5:00,1.661872,0.347379,1.857033,-114.7768,-5.0283,5.1425,0.392509,-0.065034,119.4525,-8.716831,-1.279352,0.473101,,,,,,,,,,,,-3.6959,-1.5389,-0.309086,15.24,1.644365,0.991889,-35.299028,-0.691405,-0.609597,5.846773,-10.060473,WAS_EDA,MEI_MEI,JinguStadium,TeamExclusive,Team,20260516-JinguStadium-1,a20e0ba0-50dd-11f1-9189-39f1cca7bde1,128.21786,,,8.61351,,,,,,,afea34c9-bccf-4802-9e54-9cdb203d754b,2026/5/16,13:45.6,2026-05-16T13:13:45.6189440+09:00,2026-05-16T04:13:45.6189440Z,,v3,,,,"Fukuhara, Seiya",1000242807,Right,MEI_MEI,ed288339-94bd-49b0-adee-9893dc684730,16.583774,-35.520907,2.923387,1.663359,-0.30962,-5.030237,-0.347167,1.015023,-0.304799,,,,,,,,,,,,,,,,,,,,,,,,,,,,,,,,,,,,,,,,,,,,,,,,,,,High,High,High,,,,,
250,2026/5/16,14:02.7,4,2,"Matsumoto, Nao",1000329771,Right,MEI_MEI,"Yuasa, Ousuke",1000242777,Right,WAS_EDA,Undefined,8,Bottom,2,1,0,Fastball,Four-Seam,FoulBallNotFieldable,Undefined,Undefined,Undefined,0,0,,144.60375,-1.448875,-2.522118,2317.539336,200.173581,12:45,1.669842,0.26929,1.957085,-38.5662,47.6208,16.4917,0.877752,-0.272902,132.13546,-4.379135,-1.346751,0.419252,96.53292,4.544797,47.809544,2525.509838,,,,16.430489,15.7493,49.515853,0.636562,-10.4248,26.7602,-0.215307,15.24,1.636145,1.674609,-39.778812,-1.12359,-2.156754,8.401224,-4.270348,WAS_EDA,MEI_MEI,JinguStadium,TeamExclusive,Team,20260516-JinguStadium-1,ac30a660-50dd-11f1-9189-39f1cca7bde1,144.68611,1.06544,,12.46829,,,,0.30655,0.865716,0.285017,afea34c9-bccf-4802-9e54-9cdb203d754b,2026/5/16,14:02.7,2026-05-16T13:14:02.6825216+09:00,2026-05-16T04:14:02.6825216Z,GroundBall,v3,,,,"Fukuhara, Seiya",1000242807,Right,MEI_MEI,e5e0665a-c122-4c30-9aeb-61dcd6d40303,16.482645,-40.040397,4.200612,1.66906,-0.990626,-2.135174,-0.268494,1.741763,-1.078377,282.595097,0.30655,17.95211,-2.834722,0.393216,-0.346642,0.941971,-1.626058,1.436755,-0.514223,0.865716,2.124778,-5.71946,0.436377,-0.171451,0.361057,-0.606468,0.536034,-0.192174,0.285017,19.804934,-0.974256,-0.028078,0.231723,-0.808729,1.421273,-1.266796,0.45625,,,,,,,,,,,,,,,,,,,,,,,High,High,High,High,High,,,
251,2026/5/16,14:28.1,1,1,"Saso, Tsubasa",1000329771,Left,WAS_EDA,"Sakakibara, Nanato",1000242777,Left,MEI_MEI,Undefined,9,Top,2,1,1,Fastball,Sinker,BallCalled,Undefined,Undefined,Undefined,0,0,,146.6598,-3.424204,-2.571848,2267.28415,229.524763,1:45,1.659999,0.291855,2.005827,-47.2048,36.5969,39.6169,0.229358,-0.030856,133.89368,-6.963079,0.263571,0.41341,,,,,,,,,,,,-22.7514,22.6192,-0.239956,15.24,1.585911,1.624285,-40.288793,-2.568293,-4.808409,8.950498,-5.02617,WAS_EDA,MEI_MEI,JinguStadium,TeamExclusive,Team,20260516-JinguStadium-1,bb583270-50dd-11f1-9189-39f1cca7bde1,146.73087,,,12.76612,,,,,,,afea34c9-bccf-4802-9e54-9cdb203d754b,2026/5/16,14:28.1,2026-05-16T13:14:28.1089536+09:00,2026-05-16T04:14:28.1089536Z,,v3,,,,"Fukuhara, Seiya",1000242807,Right,MEI_MEI,38b3b229-003e-4f61-9598-2628d4558a9c,16.434045,-40.553192,4.475249,1.659586,-2.419819,-2.513085,-0.290036,1.766327,-2.404204,,,,,,,,,,,,,,,,,,,,,,,,,,,,,,,,,,,,,,,,,,,,,,,,,,,High,High,High,,,,,
252,2026/5/16,14:46.6,1,2,"Saso, Tsubasa",1000329771,Left,WAS_EDA,"Sakakibara, Nanato",1000242777,Left,MEI_MEI,Undefined,9,Top,2,2,1,Slider,Slider,InPlay,Undefined,FlyBall,Out,1,0,,129.2361,-0.173827,-1.174982,2286.393431,5.276827,6:15,1.647035,0.406716,1.826444,-113.1668,-2.3749,-0.5729,0.466257,0.069053,117.62064,-8.400944,-1.215613,0.475345,158.02914,21.01439,6.129394,3059.143984,33.488042,11.979066,1.636399,109.495767,107.587901,-3.799712,4.455313,-0.6504,0.0107,-0.378463,15.24,1.635432,0.731359,-35.532546,-0.538751,-0.105969,7.510719,-9.8049,WAS_EDA,MEI_MEI,JinguStadium,TeamExclusive,Team,20260516-JinguStadium-1,c65d8c10-50dd-11f1-9189-39f1cca7bde1,127.61263,16.912872,,11.61546,,,,0.348534,0.437247,-0.069287,afea34c9-bccf-4802-9e54-9cdb203d754b,2026/5/16,14:46.6,2026-05-16T13:14:46.5750016+09:00,2026-05-16T04:14:46.5750016Z,LineDrive,v3,,,,"Fukuhara, Seiya",1000242807,Right,MEI_MEI,8a0784e9-13f6-4c15-9fdf-8c200ada6740,16.613208,-35.821633,3.755359,1.648906,-0.161362,-4.90245,-0.406691,0.735438,-0.052984,145.62066,0.348448,40.745533,-7.305069,1.566585,-0.321343,0.064944,-0.012037,0.001576,-9.20E-05,0.437585,15.733112,-3.566936,-0.33808,0.225214,-0.083036,0.020225,-0.002665,0.000141,-0.069253,4.374495,-3.594511,1.165425,-0.306077,0.065683,-0.010979,0.001215,-6.20E-05,,,,,,,,,,,,,,,,,,,,,,,High,High,High,High,Medium,,,
253,2026/5/16,15:31.2,2,1,"Saso, Tsubasa",1000329771,Left,WAS_EDA,"Utsumi, Yuta",1000422710,Left,MEI_MEI,Undefined,9,Top,0,0,0,Fastball,Sinker,StrikeCalled,Undefined,Undefined,Undefined,0,0,,146.04685,-2.631974,-2.449346,2316.060197,224.649727,1:30,1.700517,0.317925,1.91327,-46.6165,37.8028,34.8693,0.493711,-0.021937,134.66925,-6.096948,0.031427,0.414931,,,,,,,,,,,,-19.7534,22.1557,-0.264771,15.24,1.638441,1.55076,-40.175137,-2.012941,-4.202904,7.910406,-5.09261,WAS_EDA,MEI_MEI,JinguStadium,TeamExclusive,Team,20260516-JinguStadium-1,e0ed5240-50dd-11f1-9189-39f1cca7bde1,146.19309,,,11.37759,,,,,,,afea34c9-bccf-4802-9e54-9cdb203d754b,2026/5/16,15:31.2,2026-05-16T13:15:31.1711744+09:00,2026-05-16T04:15:31.1711744Z,,v3,,,,"Fukuhara, Seiya",1000242807,Right,MEI_MEI,fb1e39e3-ba76-4f35-8b37-aebcb5f978f0,16.526904,-40.427732,3.955203,1.700122,-1.850324,-2.546305,-0.316433,1.684967,-2.101452,,,,,,,,,,,,,,,,,,,,,,,,,,,,,,,,,,,,,,,,,,,,,,,,,,,High,High,High,,,,,
254,2026/5/16,15:47.8,3,1,"Saso, Tsubasa",1000329771,Left,WAS_EDA,"Mitsuhiro, Hotaka",1000422710,Left,MEI_MEI,Undefined,9,Top,0,0,1,Slider,Slider,InPlay,Undefined,GroundBall,Out,1,0,,131.06802,0.339324,-1.954648,2352.090081,41.699253,7:30,1.685693,0.38109,1.770728,-113.0542,-6.0621,-8.2519,0.651384,-0.255659,120.84971,-7.813777,-2.53713,0.467122,127.20038,-25.631945,-14.348295,,,,,1.850207,1.850207,-2.784268,0.04322,2.8918,-2.4995,-0.331628,15.24,1.685996,1.268607,-36.070513,-0.235908,0.493016,6.765344,-10.232784,WAS_EDA,MEI_MEI,JinguStadium,TeamExclusive,Team,20260516-JinguStadium-1,eadfdc50-50dd-11f1-9189-39f1cca7bde1,129.8589,0.662219,,10.21831,,,,0.510893,0.662219,0.252156,afea34c9-bccf-4802-9e54-9cdb203d754b,2026/5/16,15:47.8,2026-05-16T13:15:47.8241792+09:00,2026-05-16T04:15:47.8241792Z,GroundBall,v3,,,,"Fukuhara, Seiya",1000242807,Right,MEI_MEI,ad8bd2fe-3f26-43c2-b3fd-6e0b071ef32a,16.669733,-36.337683,3.382672,1.687333,0.168194,-5.116392,-0.381342,1.249138,0.246508,,0.51037,30.937899,,,,,,,,0.662478,-15.322112,,,,,,,,0.25229,-7.91375,,,,,,,,,,,,,,,,,,,,,,,,,,,,,,High,High,High,Estimated,Estimated,,,
255,2026/5/16,18:04.6,3,2,"Saso, Tsubasa",1000422729,Left,WAS_EDA,"Mitsuhiro, Hotaka",1000242816,Left,MEI_MEI,Undefined,9,Top,1,0,0,Slider,Slider,BallCalled,Undefined,Undefined,Undefined,0,0,,128.41423,-2.688605,2.75496,2205.767818,290.974771,3:45,1.686214,-0.725189,1.722356,-115.7488,-3.4519,17.5139,-0.237033,0.23373,119.63683,-10.917383,3.988971,0.478562,,,,,,,,,,,,-7.1955,0.7137,0.652557,15.24,1.607607,-1.774546,-35.286853,-2.113311,-1.175795,6.380824,-9.690027,WAS_EDA,MEI_MEI,JinguStadium,TeamExclusive,Team,20260516-JinguStadium-1,3c659c90-50de-11f1-9189-39f1cca7bde1,126.75465,,,8.7774,,,,,,,afea34c9-bccf-4802-9e54-9cdb203d754b,2026/5/16,18:04.6,2026-05-16T13:18:04.6242304+09:00,2026-05-16T04:18:04.6242304Z,,v3,,,,"Ogata, Mikito",1000326132,Right,WAS_EDA,aed505d5-1a9f-4918-b84b-7f60b407f59a,16.71856,-35.553211,3.190412,1.687382,-1.708814,-4.845014,0.725608,-1.725464,-0.587897,,,,,,,,,,,,,,,,,,,,,,,,,,,,,,,,,,,,,,,,,,,,,,,,,,,High,High,High,,,,,
256,2026/5/16,18:51.1,1,1,"Matsumoto, Nao",1000422729,Right,MEI_MEI,"Abe, Youta",1000242816,Left,WAS_EDA,Undefined,9,Bottom,1,1,0,Fastball,Changeup,HitByPitch,Undefined,Undefined,Undefined,0,0,,139.30185,-0.451903,1.68001,1780.542471,132.566931,10:30,1.689349,-0.628938,1.919767,-57.5374,35.2975,-35.3669,0.987009,-0.510668,127.83383,-4.731671,-0.838125,0.435121,,,,,,,,,,,,19.7893,19.5606,0.593423,15.24,1.675874,-0.967632,-38.369054,-0.502065,3.820242,7.602732,-6.030557,WAS_EDA,MEI_MEI,JinguStadium,TeamExclusive,Team,20260516-JinguStadium-1,5813cb10-50de-11f1-9189-39f1cca7bde1,139.40946,,,11.46802,,,,,,,afea34c9-bccf-4802-9e54-9cdb203d754b,2026/5/16,18:51.1,2026-05-16T13:18:51.0745600+09:00,2026-05-16T04:18:51.0745600Z,,v3,,,,"Ogata, Mikito",1000326132,Right,WAS_EDA,c56e4fd6-f57e-44a8-9cbe-c20d86b8ebf1,16.520668,-38.621981,3.801366,1.68924,-0.301441,-3.015279,0.627728,-1.094724,1.910121,,,,,,,,,,,,,,,,,,,,,,,,,,,,,,,,,,,,,,,,,,,,,,,,,,,High,High,High,,,,,
257,2026/5/16,19:47.8,1,2,"Matsumoto, Nao",1000422729,Right,MEI_MEI,"Abe, Youta",1000188679,Left,WAS_EDA,Undefined,9,Bottom,1,1,0,Fastball,Four-Seam,InPlay,Undefined,FlyBall,Out,1,0,,140.68674,-2.34283,3.288494,1992.36121,151.640086,11:00,1.693861,-0.654381,1.898407,-45.0566,47.0972,-23.7835,0.583023,0.033544,128.38787,-5.731914,1.60086,0.433522,157.00409,33.058725,0.958357,3244.92792,33.519226,20.966899,-0.765425,115.552941,99.177789,-6.732631,5.713799,14.7639,27.0652,0.580871,15.24,1.637724,-2.108276,-38.636423,-1.728174,2.874998,8.092519,-4.536206,WAS_EDA,MEI_MEI,JinguStadium,TeamExclusive,Team,20260516-JinguStadium-1,79eca630-50de-11f1-9189-39f1cca7bde1,139.92368,31.766179,,12.29887,,,,0.369765,0.568154,-0.035402,afea34c9-bccf-4802-9e54-9cdb203d754b,2026/5/16,19:47.8,2026-05-16T13:19:47.8230016+09:00,2026-05-16T04:19:47.8230016Z,FlyBall,v3,,,,"Ogata, Mikito",1000326132,Right,WAS_EDA,e7acdc36-fe80-4a1b-99f0-5c95ec5857bd,16.541297,-38.908029,4.04626,1.693171,-1.575927,-2.268103,0.653249,-2.204769,1.437499,163.494382,0.371494,36.515596,-7.279731,1.613652,-0.263454,0.030585,-0.002703,0.000217,-1.10E-05,0.567489,23.7993,-4.95347,0.149649,0.041404,-0.030905,0.008594,-0.001092,5.20E-05,-0.034989,0.603731,-1.512551,0.402412,-0.081594,0.01292,-0.001528,0.000122,-5.00E-06,,,,,,,,,,,,,,,,,,,,,,,High,High,High,High,Medium,,,
258,2026/5/16,20:38.4,1,3,"Matsumoto, Nao",1000422729,Right,MEI_MEI,"Abe, Youta",1000188673,Left,WAS_EDA,Undefined,9,Bottom,2,0,0,Fastball,Four-Seam,StrikeCalled,Undefined,Undefined,Undefined,0,0,,139.76884,-1.794906,3.436505,2086.840829,155.371988,11:15,1.673624,-0.624936,1.890892,-50.3737,42.1597,-18.068,0.663838,0.162362,128.78328,-5.539569,2.15553,0.434414,,,,,,,,,,,,11.5706,23.8648,0.547237,15.24,1.629357,-2.222003,-38.420373,-1.377101,2.25212,7.214114,-5.161563,WAS_EDA,MEI_MEI,JinguStadium,TeamExclusive,Team,20260516-JinguStadium-1,98176d70-50de-11f1-9189-39f1cca7bde1,139.63631,,,10.98555,,,,,,,afea34c9-bccf-4802-9e54-9cdb203d754b,2026/5/16,20:38.4,2026-05-16T13:20:38.4371712+09:00,2026-05-16T04:20:38.4371712Z,,v3,,,,"Ogata, Mikito",1000326132,Right,WAS_EDA,85f292e0-be95-429b-94ca-aa5bdef7003c,16.548803,-38.665343,3.607057,1.673143,-1.201829,-2.580782,0.623989,-2.298478,1.12606,,,,,,,,,,,,,,,,,,,,,,,,,,,,,,,,,,,,,,,,,,,,,,,,,,,High,High,High,,,,,
259,2026/5/16,20:54.9,1,4,"Matsumoto, Nao",1000422729,Right,MEI_MEI,"Abe, Youta",1000188673,Left,WAS_EDA,Undefined,9,Bottom,2,0,1,Fastball,Four-Seam,InPlay,Undefined,GroundBall,Out,2,0,,139.37051,-1.328368,4.022539,1952.373404,143.17054,10:45,1.670064,-0.651594,1.907483,-56.6431,36.1621,-25.0524,0.729309,0.230268,128.55317,-5.520621,2.246082,0.435052,151.47801,2.19252,4.283595,1088.585616,,,,17.312537,16.550562,3.788777,0.429778,15.6396,20.492,0.562008,15.24,1.636583,-2.579477,-38.309349,-1.088387,3.029849,7.093089,-5.836746,WAS_EDA,MEI_MEI,JinguStadium,TeamExclusive,Team,20260516-JinguStadium-1,a1eb4bf0-50de-11f1-9189-39f1cca7bde1,139.4317,0.799537,,10.81734,,,,0.302371,0.719053,-0.236672,afea34c9-bccf-4802-9e54-9cdb203d754b,2026/5/16,20:54.9,2026-05-16T13:20:54.9272064+09:00,2026-05-16T04:20:54.9272064Z,GroundBall,v3,,,,"Ogata, Mikito",1000326132,Right,WAS_EDA,90b9431a-5b81-4699-8d61-76c8150d80ff,16.532651,-38.547944,3.546545,1.669892,-0.892052,-2.918373,0.65049,-2.681394,1.514924,347.65485,0.304727,41.855666,-5.527162,,,,,,,0.72321,1.48007,-7.380581,,,,,,,-0.237071,3.153067,0.142452,,,,,,,,,,,,,,,,,,,,,,,,,,,,,High,High,High,High,High,,,
260,2026/5/16,23:05.7,1,5,"Matsumoto, Nao",1000329771,Right,MEI_MEI,"Abe, Youta",1000547801,Left,WAS_EDA,Undefined,9,Bottom,0,0,0,Fastball,Four-Seam,FoulBallNotFieldable,Undefined,Undefined,Undefined,0,0,,147.17346,-1.900739,-2.200525,2312.571198,214.474529,1:15,1.691877,0.334535,1.959956,-35.6849,47.3386,30.7165,0.801983,0.02496,134.70247,-4.61629,-0.009473,0.411486,116.88063,31.127131,-143.61092,3164.251049,-28.284032,10.647966,-18.00386,59.967492,23.981773,-150.904393,2.669718,-17.5831,26.8586,-0.288368,15.24,1.648592,1.408362,-40.495752,-1.451755,-3.777009,8.555943,-4.037185,WAS_EDA,MEI_MEI,JinguStadium,TeamExclusive,Team,20260516-JinguStadium-1,efd8a330-50de-11f1-9189-39f1cca7bde1,147.41693,10.686651,,12.471,,,,0.032379,0.753487,-0.023748,afea34c9-bccf-4802-9e54-9cdb203d754b,2026/5/16,23:05.7,2026-05-16T13:23:05.6613888+09:00,2026-05-16T04:23:05.6613888Z,FlyBall,v3,,,,"Fukuhara, Seiya",1000242807,Right,MEI_MEI,ab68803c-eed3-422f-9ed0-ab9871f9371b,16.479883,-40.756873,4.277972,1.691018,-1.328543,-2.018593,-0.333109,1.523634,-1.888505,39.571764,0.032377,-22.373259,0.576517,0.203389,-0.001584,-0.035652,0.028372,-0.008843,0.000973,0.753509,16.782282,-7.899799,0.806724,-0.119562,-0.008481,0.015507,-0.00398,0.000331,-0.02376,-16.488008,2.502862,-0.278809,0.090431,-0.049698,0.02902,-0.008915,0.00101,,,,,,,,,,,,,,,,,,,,,,,High,High,High,High,Low,,,
261,2026/5/16,23:19.7,2,1,"Matsumoto, Nao",1000329771,Right,MEI_MEI,"Kawajiri, Yuito",1000547801,Right,WAS_EDA,Undefined,9,Bottom,0,0,1,ChangeUp,Splitter,BallCalled,Undefined,Undefined,Undefined,0,0,,136.16801,-1.583896,-0.378832,1196.850388,246.96539,2:15,1.675349,0.315594,1.79935,-76.1356,22.3463,45.7061,0.465729,0.665468,125.75561,-7.122197,2.855462,0.44816,,,,,,,,,,,,-23.6003,13.4569,-0.309382,15.24,1.631339,0.02819,-37.487256,-1.332817,-4.360681,7.068885,-7.320195,WAS_EDA,MEI_MEI,JinguStadium,TeamExclusive,Team,20260516-JinguStadium-1,f8309010-50de-11f1-9189-39f1cca7bde1,135.35353,,,10.4124,,,,,,,afea34c9-bccf-4802-9e54-9cdb203d754b,2026/5/16,23:19.7,2026-05-16T13:23:19.6554752+09:00,2026-05-16T04:23:19.6554752Z,,v3,,,,"Fukuhara, Seiya",1000242807,Right,MEI_MEI,93847852-b03e-4adc-9a36-9c568f75ec71,16.64065,-37.750449,3.534442,1.67589,-1.060266,-3.660097,-0.313454,0.19055,-2.18034,,,,,,,,,,,,,,,,,,,,,,,,,,,,,,,,,,,,,,,,,,,,,,,,,,,High,High,High,,,,,
262,2026/5/16,23:31.6,2,2,"Matsumoto, Nao",1000329771,Right,MEI_MEI,"Kawajiri, Yuito",1000547801,Right,WAS_EDA,Undefined,9,Bottom,0,1,1,Fastball,Four-Seam,FoulBallNotFieldable,Undefined,Undefined,Undefined,0,0,,145.17562,-2.529738,-2.377055,2258.503125,217.669387,1:15,1.695665,0.312063,1.861518,-34.4461,52.9481,38.5135,0.637119,0.026841,131.51381,-5.169032,0.353176,0.422178,129.74841,68.432609,-59.013211,,,,,,50.068333,,,-21.7501,30.202,-0.258813,15.24,1.634221,1.462532,-39.865936,-1.864753,-4.478113,9.157012,-3.588386,WAS_EDA,MEI_MEI,JinguStadium,TeamExclusive,Team,20260516-JinguStadium-1,ff459cb0-50de-11f1-9189-39f1cca7bde1,143.68335,32.697832,,13.6618,,,,,,,afea34c9-bccf-4802-9e54-9cdb203d754b,2026/5/16,23:31.6,2026-05-16T13:23:31.5657728+09:00,2026-05-16T04:23:31.5657728Z,,v3,,,,"Fukuhara, Seiya",1000242807,Right,MEI_MEI,9298cba5-498c-41d6-ba29-1f9bf5757aba,16.578056,-40.172106,4.578506,1.694565,-1.744773,-1.794193,-0.310216,1.61226,-2.239056,7.655509,2.004163,6.820929,-0.116645,-0.058001,0.017194,0.004234,-0.008626,0.004586,-0.00092,0.071429,33.517757,-9.254506,1.262737,-0.258345,0.022004,0.020748,-0.013538,0.002806,0.046749,-11.357887,-0.31351,0.25638,-0.061466,-0.009598,0.023407,-0.012583,0.002523,,,,,,,,,,,,,,,,,,,,,,,High,High,High,Low,Undefined,,,
263,2026/5/16,24:01.5,2,3,"Matsumoto, Nao",1000329771,Right,MEI_MEI,"Kawajiri, Yuito",1000547801,Right,WAS_EDA,Undefined,9,Bottom,0,1,2,ChangeUp,Splitter,BallCalled,Undefined,Undefined,Undefined,0,0,,137.88848,-2.967173,-1.927475,1213.212712,224.523172,1:30,1.696792,0.312892,1.848835,-66.5538,29.2565,25.889,0.193077,0.027892,127.16948,-7.834372,-0.090631,0.442039,,,,,,,,,,,,-14.7544,17.9998,-0.269037,15.24,1.622312,1.156287,-37.90883,-2.213334,-2.784425,7.317003,-6.409761,WAS_EDA,MEI_MEI,JinguStadium,TeamExclusive,Team,20260516-JinguStadium-1,111f0250-50df-11f1-9189-39f1cca7bde1,137.22762,,,10.719,,,,,,,afea34c9-bccf-4802-9e54-9cdb203d754b,2026/5/16,24:01.5,2026-05-16T13:24:01.5072256+09:00,2026-05-16T04:24:01.5072256Z,,v3,,,,"Fukuhara, Seiya",1000242807,Right,MEI_MEI,e0bad130-c0ed-4c8e-8d2a-c816d340f993,16.591307,-38.168762,3.658502,1.696895,-1.985631,-3.204881,-0.311871,1.255202,-1.392212,,,,,,,,,,,,,,,,,,,,,,,,,,,,,,,,,,,,,,,,,,,,,,,,,,,High,High,High,,,,,
264,2026/5/16,24:20.7,2,4,"Matsumoto, Nao",1000329771,Right,MEI_MEI,"Kawajiri, Yuito",1000547801,Right,WAS_EDA,Undefined,9,Bottom,0,2,2,Fastball,Four-Seam,StrikeSwinging,Strikeout,Undefined,Undefined,0,0,,148.15743,-2.376276,-2.623258,2350.480755,184.242057,12:15,1.655289,0.302832,2.037644,-17.4594,64.7791,4.5897,0.817171,-0.383083,133.87778,-3.82288,-2.294777,0.409536,,,,,,,,,,,,-4.4732,36.7309,-0.249658,15.24,1.605747,1.842485,-40.70037,-1.69775,-0.958154,9.69444,-1.938866,WAS_EDA,MEI_MEI,JinguStadium,TeamExclusive,Team,20260516-JinguStadium-1,1c89fb90-50df-11f1-9189-39f1cca7bde1,148.11879,,,14.27966,,,,,,,afea34c9-bccf-4802-9e54-9cdb203d754b,2026/5/16,24:20.7,2026-05-16T13:24:20.6750000+09:00,2026-05-16T04:24:20.6750000Z,,v3,,,,"Fukuhara, Seiya",1000242807,Right,MEI_MEI,a5926b93-5ac0-43b5-9ef6-97658aa196d4,16.401218,-40.976027,4.84722,1.653238,-1.642619,-0.969433,-0.302436,1.869729,-0.479077,,,,,,,,,,,,,,,,,,,,,,,,,,,,,99.31831,,,1.143115,,,,-0.929382,1.166263,0.155964,21.048978,2.139937,-16.98169,-0.913104,20.609522,-1.221994,1.181341,5.69699,-4.249747,0.129067,-16.876946,1.669271,High,High,High,,,High,Medium,Medium
265,2026/5/16,24:42.8,2,5,"Matsumoto, Nao",1000329771,Right,MEI_MEI,"Kawajiri, Yuito",1000547783,Right,WAS_EDA,Undefined,9,Bottom,0,2,2,Fastball,Four-Seam,BallCalled,Undefined,Undefined,Undefined,0,0,,147.19602,-4.628381,-2.650495,2319.721751,187.420871,12:15,1.669158,0.277727,1.93008,-18.9783,65.2731,8.1273,0.176179,-0.385401,134.07366,-6.154196,-2.072775,0.414518,,,,,,,,,,,,-6.1972,38.3169,-0.219291,15.24,1.564925,1.82873,-40.353407,-3.298206,-1.314573,8.941273,-1.678746,WAS_EDA,MEI_MEI,JinguStadium,TeamExclusive,Team,20260516-JinguStadium-1,29b876c0-50df-11f1-9189-39f1cca7bde1,146.33868,,,13.12236,,,,,,,afea34c9-bccf-4802-9e54-9cdb203d754b,2026/5/16,24:42.8,2026-05-16T13:24:42.8027904+09:00,2026-05-16T04:24:42.8027904Z,,v3,,,,"Fukuhara, Seiya",1000242807,Right,MEI_MEI,21be936b-b002-4070-a8e1-30bf6a0657c2,16.509663,-40.633758,4.470637,1.667514,-3.24557,-0.839373,-0.277276,1.869948,-0.657287,,,,,,,,,,,,,,,,,,,,,,,,,,,,,,,,,,,,,,,,,,,,,,,,,,,High,High,High,,,,,
266,2026/5/16,25:00.8,2,6,"Matsumoto, Nao",1000329771,Right,MEI_MEI,"Kawajiri, Yuito",1000547783,Right,WAS_EDA,Undefined,9,Bottom,0,3,2,Slider,Slider,BallCalled,Undefined,Undefined,Undefined,0,0,,128.23359,-0.079117,0.426852,2195.110479,36.731906,7:15,1.652245,0.348624,1.828714,-111.3155,-1.6284,-3.4068,0.516745,0.435111,119.53258,-8.116727,0.185153,0.472969,,,,,,,,,,,,2.0166,0.1409,-0.358633,15.24,1.642969,-0.248489,-35.352237,-0.470473,0.334039,5.78481,-9.783303,WAS_EDA,MEI_MEI,JinguStadium,TeamExclusive,Team,20260516-JinguStadium-1,347aace0-50df-11f1-9189-39f1cca7bde1,128.25371,,,8.70101,,,,,,,afea34c9-bccf-4802-9e54-9cdb203d754b,2026/5/16,25:00.8,2026-05-16T13:25:00.7796736+09:00,2026-05-16T04:25:00.7796736Z,,v3,,,,"Fukuhara, Seiya",1000242807,Right,MEI_MEI,ea89f985-fc6b-4940-a23d-0a529cf4d4a4,16.611795,-35.576001,2.892405,1.653848,-0.092043,-4.891652,-0.348771,-0.26141,0.16702,,,,,,,,,,,,,,,,,,,,,,,,,,,,,,,,,,,,,,,,,,,,,,,,,,,High,High,High,,,,,
267,2026/5/16,25:14.3,3,1,"Matsumoto, Nao",1000329771,Right,MEI_MEI,"Okanishi, Yuya",1000547783,Left,WAS_EDA,Undefined,9,Bottom,0,0,2,Slider,Curveball,BallCalled,Undefined,Undefined,Undefined,0,0,,127.85558,1.959394,0.738157,2159.233579,23.342124,6:45,1.63997,0.33637,1.833516,-118.267,-7.9607,-4.6966,1.010773,0.497826,118.79405,-6.597134,0.405362,0.474302,,,,,,,,,,,,2.8922,-4.6049,-0.353682,15.24,1.678856,-0.434051,-35.237096,0.762376,0.476135,5.725945,-10.564741,WAS_EDA,MEI_MEI,JinguStadium,TeamExclusive,Team,20260516-JinguStadium-1,3c8a1f10-50df-11f1-9189-39f1cca7bde1,127.89324,,,9.06153,,,,,,,afea34c9-bccf-4802-9e54-9cdb203d754b,2026/5/16,25:14.3,2026-05-16T13:25:14.3383552+09:00,2026-05-16T04:25:14.3383552Z,,v3,,,,"Fukuhara, Seiya",1000242807,Right,MEI_MEI,084c7e22-9b12-4c32-91b3-c040f24f66ba,16.607474,-35.458611,2.862973,1.641457,1.171086,-5.282371,-0.336534,-0.452471,0.238067,,,,,,,,,,,,,,,,,,,,,,,,,,,,,,,,,,,,,,,,,,,,,,,,,,,High,High,High,,,,,
268,2026/5/16,25:30.5,3,2,"Matsumoto, Nao",1000329771,Right,MEI_MEI,"Okanishi, Yuya",1000547783,Left,WAS_EDA,Undefined,9,Bottom,0,1,2,Fastball,Four-Seam,StrikeCalled,Undefined,Undefined,Undefined,0,0,,141.9503,-2.163471,-2.523192,2210.973813,220.429539,1:15,1.656558,0.312624,2.050625,-47.228,41.2686,32.7362,0.580774,-0.063301,129.83,-5.72981,-0.174744,0.424833,,,,,,,,,,,,-19.0919,24.2252,-0.263219,15.24,1.610703,1.575132,-39.052114,-1.61841,-3.803522,8.162658,-4.980461,WAS_EDA,MEI_MEI,JinguStadium,TeamExclusive,Team,20260516-JinguStadium-1,46270f10-50df-11f1-9189-39f1cca7bde1,142.78566,,,12.12029,,,,,,,afea34c9-bccf-4802-9e54-9cdb203d754b,2026/5/16,25:30.5,2026-05-16T13:25:30.5025536+09:00,2026-05-16T04:25:30.5025536Z,,v3,,,,"Fukuhara, Seiya",1000242807,Right,MEI_MEI,27a3245d-2956-4b07-a398-0ea80abe5c39,16.389116,-39.291568,4.081329,1.656036,-1.472307,-2.490231,-0.311063,1.686709,-1.901761,,,,,,,,,,,,,,,,,,,,,,,,,,,,,,,,,,,,,,,,,,,,,,,,,,,High,High,High,,,,,
269,2026/5/16,25:46.6,3,3,"Matsumoto, Nao",1000329771,Right,MEI_MEI,"Okanishi, Yuya",1000547783,Left,WAS_EDA,Undefined,9,Bottom,0,1,2,Slider,Curveball,FoulBallNotFieldable,Undefined,Undefined,Undefined,0,0,,128.32323,0.151081,-0.690788,2315.417793,350.923138,5:45,1.66598,0.337928,1.77698,-123.0366,-12.9482,2.5281,0.478422,0.167482,119.91108,-8.678426,-0.511926,0.473833,143.66726,-7.07092,-46.407798,,,,,4.235457,4.235457,-41.329936,0.095142,-1.722,-6.0214,-0.320932,15.24,1.660816,0.41558,-35.38308,-0.387132,-0.286023,5.732356,-10.806822,WAS_EDA,MEI_MEI,JinguStadium,TeamExclusive,Team,20260516-JinguStadium-1,4fc44d30-50df-11f1-9189-39f1cca7bde1,128.01977,0.485542,,8.41216,,,,0.629605,0.485542,-0.10039,afea34c9-bccf-4802-9e54-9cdb203d754b,2026/5/16,25:46.6,2026-05-16T13:25:46.5933824+09:00,2026-05-16T04:25:46.5933824Z,GroundBall,v3,,,,"Fukuhara, Seiya",1000242807,Right,MEI_MEI,4d880698-7994-41bc-afc8-5a1dea0d5200,16.66411,-35.61305,2.866178,1.66765,0.046415,-5.403411,-0.337834,0.427055,-0.143012,134.924148,0.629651,27.301377,-5.162116,,,,,,,0.485532,-4.911049,-2.021742,,,,,,,-0.100416,-28.680213,3.543217,,,,,,,,,,,,,,,,,,,,,,,,,,,,,High,High,High,High,High,,,
270,2026/5/16,26:12.1,3,4,"Matsumoto, Nao",1000329771,Right,MEI_MEI,"Okanishi, Yuya",1000547783,Left,WAS_EDA,Undefined,9,Bottom,0,1,2,Fastball,Four-Seam,BallCalled,Walk,Undefined,Undefined,0,0,,147.21636,-0.361485,-2.552255,2364.273108,204.446016,12:45,1.654688,0.284917,2.020941,-24.133,60.302,25.9221,1.312378,-0.168584,131.12788,-2.323139,-0.697552,0.414969,,,,,,,,,,,,-15.7238,32.7332,-0.233264,15.24,1.645736,1.671836,-40.419382,-0.285701,-3.276128,10.651942,-2.986509,WAS_EDA,MEI_MEI,JinguStadium,TeamExclusive,Team,20260516-JinguStadium-1,5ef29000-50df-11f1-9189-39f1cca7bde1,146.1795,,,16.08848,,,,,,,afea34c9-bccf-4802-9e54-9cdb203d754b,2026/5/16,26:12.0,2026-05-16T13:26:12.0517632+09:00,2026-05-16T04:26:12.0517632Z,,v3,,,,"Fukuhara, Seiya",1000242807,Right,MEI_MEI,834b9fe7-e415-4950-9b3b-6a19f478816b,16.417105,-40.728409,5.325971,1.652767,-0.199058,-1.493255,-0.283145,1.766881,-1.638064,,,,,,,,,,,,,,,,,,,,,,,,,,,,,,,,,,,,,,,,,,,,,,,,,,,High,High,High,,,,,
271,2026/5/16,26:50.5,3,5,"Matsumoto, Nao",1000329771,Right,MEI_MEI,"Okanishi, Yuya",1000242774,Left,WAS_EDA,Undefined,9,Bottom,0,2,2,Fastball,Four-Seam,BallCalled,Undefined,Undefined,Undefined,0,0,,141.30498,0.541354,-2.227511,2267.893582,209.813987,1:00,1.662206,0.368655,1.957919,-40.8181,50.5367,27.1128,1.405814,0.015393,127.24383,-2.59814,-0.294552,0.431639,,,,,,,,,,,,-15.815,26.7823,-0.321543,15.24,1.671625,1.379368,-38.831894,0.254799,-3.076889,8.986726,-4.596016,WAS_EDA,MEI_MEI,JinguStadium,TeamExclusive,Team,20260516-JinguStadium-1,75d57ad0-50df-11f1-9189-39f1cca7bde1,140.53423,,,14.06116,,,,,,,afea34c9-bccf-4802-9e54-9cdb203d754b,2026/5/16,26:50.5,2026-05-16T13:26:50.4817152+09:00,2026-05-16T04:26:50.4817152Z,,v3,,,,"Fukuhara, Seiya",1000242807,Right,MEI_MEI,62fd1e2c-31a7-4615-b410-27cbe1b1edba,16.480709,-39.117974,4.493363,1.661185,0.401107,-2.298008,-0.367012,1.477317,-1.538445,,,,,,,,,,,,,,,,,,,,,,,,,,,,,,,,,,,,,,,,,,,,,,,,,,,High,High,High,,,,,
272,2026/5/16,27:27.3,4,1,"Matsumoto, Nao",1000329771,Right,MEI_MEI,"Terao, Kensei",1000242774,Right,WAS_EDA,Undefined,9,Bottom,0,3,2,Fastball,Four-Seam,FoulBallNotFieldable,Undefined,Undefined,Undefined,0,0,,145.12908,-1.129154,-2.227818,2309.891859,207.848517,1:00,1.65996,0.380067,1.890799,-34.2955,53.2041,26.4309,0.999049,0.017289,130.59928,-3.78159,-0.351021,0.422433,,,,,,,,,,,,-15.5457,29.4152,-0.330614,15.24,1.632028,1.419952,-39.866946,-0.882769,-3.18056,9.649822,-3.788493,WAS_EDA,MEI_MEI,JinguStadium,TeamExclusive,Team,20260516-JinguStadium-1,8bc15b70-50df-11f1-9189-39f1cca7bde1,143.5968,,,14.5298,,,,,,,afea34c9-bccf-4802-9e54-9cdb203d754b,2026/5/16,27:27.3,2026-05-16T13:27:27.2786432+09:00,2026-05-16T04:27:27.2786432Z,,v3,,,,"Fukuhara, Seiya",1000242807,Right,MEI_MEI,51419af8-e8a3-4db5-851c-b1e0bd513254,16.548414,-40.182401,4.824911,1.658861,-0.758923,-1.894246,-0.378732,1.523925,-1.59028,,,,,,,,,,,,,,,,,,,,,,,,,,,,,,,,,,,,,,,,,,,,,,,,,,,High,High,High,,,,,
273,2026/5/16,28:04.0,4,2,"Matsumoto, Nao",1000329771,Right,MEI_MEI,"Terao, Kensei",1000242774,Right,WAS_EDA,Undefined,9,Bottom,0,3,2,Slider,Curveball,FoulBallNotFieldable,Undefined,Undefined,Undefined,0,0,,129.01001,1.592614,-1.20745,2395.260675,18.846244,6:45,1.647888,0.404528,1.753297,-116.1536,-6.1362,-3.1536,0.938455,0.030341,119.30026,-6.78189,-1.429797,0.47368,,,,,,,,,,,,0.8345,-3.2514,-0.373754,15.24,1.679588,0.763033,-35.520198,0.526449,0.138878,6.142262,-10.347769,WAS_EDA,MEI_MEI,JinguStadium,TeamExclusive,Team,20260516-JinguStadium-1,a1ac9fd0-50df-11f1-9189-39f1cca7bde1,128.06101,,,9.70975,,,,,,,afea34c9-bccf-4802-9e54-9cdb203d754b,2026/5/16,28:04.0,2026-05-16T13:28:03.9936512+09:00,2026-05-16T04:28:03.9936512Z,,v3,,,,"Fukuhara, Seiya",1000242807,Right,MEI_MEI,a0e9cac2-220a-4f91-b50f-352ec805cf20,16.687207,-35.769578,3.071131,1.649685,0.946576,-5.173884,-0.40462,0.757395,0.069439,,,,,,,,,,,,,,,,,,,,,,,,,,,,,,,,,,,,,,,,,,,,,,,,,,,High,High,High,,,,,
274,2026/5/16,28:33.3,4,3,"Matsumoto, Nao",1000329771,Right,MEI_MEI,"Terao, Kensei",1000242774,Right,WAS_EDA,Undefined,9,Bottom,0,3,2,Slider,Slider,FoulBallNotFieldable,Undefined,Undefined,Undefined,0,0,,129.46747,-0.210128,-2.16856,2291.947786,13.767501,6:30,1.65802,0.408146,1.877785,-114.8082,-4.8118,-2.1223,0.45073,-0.223961,117.68631,-8.575133,-2.319432,0.473635,128.1212,-6.098831,45.125077,,,,,5.544662,5.510823,41.437084,0.139127,-0.6814,-1.2877,-0.357869,15.24,1.646162,1.356797,-35.585402,-0.556377,-0.111085,7.683467,-10.01658,WAS_EDA,MEI_MEI,JinguStadium,TeamExclusive,Team,20260516-JinguStadium-1,b3276ab0-50df-11f1-9189-39f1cca7bde1,128.07325,0.507294,,11.78115,,,,0.759253,0.507294,0.187756,afea34c9-bccf-4802-9e54-9cdb203d754b,2026/5/16,28:33.3,2026-05-16T13:28:33.3360640+09:00,2026-05-16T04:28:33.3360640Z,GroundBall,v3,,,,"Fukuhara, Seiya",1000242807,Right,MEI_MEI,853ad4c3-7e9d-43f5-9538-1ec687b90277,16.562002,-35.869708,3.841734,1.659892,-0.185741,-5.00829,-0.408149,1.360907,-0.055543,214.422382,0.759308,24.963104,-3.909448,,,,,,,0.507208,-3.772997,0.92078,,,,,,,0.18773,25.079953,-0.391018,,,,,,,,,,,,,,,,,,,,,,,,,,,,,High,High,High,High,High,,,
275,2026/5/16,29:02.5,4,4,"Matsumoto, Nao",1000329771,Right,MEI_MEI,"Terao, Kensei",1000242774,Right,WAS_EDA,Undefined,9,Bottom,0,3,2,Fastball,Four-Seam,StrikeCalled,Strikeout,Undefined,Undefined,0,0,,147.38904,-2.628119,-1.407086,2283.2421,216.193223,1:15,1.670566,0.387426,1.862468,-34.0926,50.8089,34.9702,0.588205,0.340484,133.30668,-5.238068,1.073895,0.416114,,,,,,,,,,,,-19.0339,29.1045,-0.356591,15.24,1.606865,0.812463,-40.475579,-1.959071,-4.03201,9.590749,-3.64137,WAS_EDA,MEI_MEI,JinguStadium,TeamExclusive,Team,20260516-JinguStadium-1,c48314d0-50df-11f1-9189-39f1cca7bde1,145.77736,,,14.08236,,,,,,,afea34c9-bccf-4802-9e54-9cdb203d754b,2026/5/16,29:02.5,2026-05-16T13:29:02.4678912+09:00,2026-05-16T04:29:02.4678912Z,,v3,,,,"Fukuhara, Seiya",1000242807,Right,MEI_MEI,38a7bc6d-d3d5-4961-9e09-40d7a49cbcbe,16.576539,-40.791045,4.795374,1.669334,-1.839296,-1.820685,-0.385496,0.945087,-2.016005,,,,,,,,,,,,,,,,,,,,,,,,,,,,,,,,,,,,,,,,,,,,,,,,,,,High,High,High,,,,,
276,2026/5/16,29:38.1,4,5,"Matsumoto, Nao",1000329771,Right,MEI_MEI,"Terao, Kensei",1000242786,Right,WAS_EDA,Undefined,9,Bottom,0,3,2,Fastball,Sinker,StrikeCalled,Undefined,Undefined,Undefined,0,0,,147.20053,-1.968721,-2.283666,2310.96367,225.615506,1:30,1.672977,0.33818,1.960481,-45.3509,38.2788,36.2354,0.667329,0.060488,133.86462,-5.38449,0.302021,0.412986,,,,,,,,,,,,-20.5632,22.3013,-0.290438,15.24,1.627745,1.435811,-40.46864,-1.542737,-4.376696,9.179501,-5.060015,WAS_EDA,MEI_MEI,JinguStadium,TeamExclusive,Team,20260516-JinguStadium-1,d9ba9990-50df-11f1-9189-39f1cca7bde1,146.88162,,,13.33591,,,,,,,afea34c9-bccf-4802-9e54-9cdb203d754b,2026/5/16,29:38.1,2026-05-16T13:29:38.0762624+09:00,2026-05-16T04:29:38.0762624Z,,v3,,,,"Fukuhara, Seiya",1000242807,Right,MEI_MEI,38d0835f-d0d0-4df6-9b98-e3d0932e5d5b,16.478931,-40.748698,4.589751,1.672458,-1.38836,-2.530007,-0.33628,1.56934,-2.188348,,,,,,,,,,,,,,,,,,,,,,,,,,,,,,,,,,,,,,,,,,,,,,,,,,,High,High,High,,,,,
277,2026/5/16,29:54.2,4,6,"Matsumoto, Nao",1000329771,Right,MEI_MEI,"Terao, Kensei",1000242786,Right,WAS_EDA,Undefined,9,Bottom,0,3,2,Fastball,Four-Seam,BallCalled,Undefined,Undefined,Undefined,0,0,,145.91218,-3.492882,-2.782943,2336.864302,225.999601,1:30,1.675448,0.252981,2.027998,-40.0595,44.4748,43.0934,0.298174,-0.092981,132.95734,-6.534943,0.303914,0.415213,,,,,,,,,,,,-24.8374,26.9256,-0.19782,15.24,1.60166,1.749827,-40.077047,-2.567257,-5.1886,8.941832,-4.181816,WAS_EDA,MEI_MEI,JinguStadium,TeamExclusive,Team,20260516-JinguStadium-1,e34f7340-50df-11f1-9189-39f1cca7bde1,146.09365,,,12.95484,,,,,,,afea34c9-bccf-4802-9e54-9cdb203d754b,2026/5/16,29:54.2,2026-05-16T13:29:54.1838336+09:00,2026-05-16T04:29:54.1838336Z,,v3,,,,"Fukuhara, Seiya",1000242807,Right,MEI_MEI,56f3b13e-7a1e-45be-b631-0fd34f76ec25,16.41193,-40.337676,4.470916,1.674712,-2.445369,-2.090908,-0.251026,1.90106,-2.5943,,,,,,,,,,,,,,,,,,,,,,,,,,,,,,,,,,,,,,,,,,,,,,,,,,,High,High,High,,,,,
278,2026/5/16,30:12.7,1,1,"Kozai, Kazuki",1000329771,Left,WAS_EDA,"Tamenaga, Hikaru",1000242786,Left,MEI_MEI,Undefined,10,Top,0,0,2,Slider,Curveball,BallCalled,Undefined,Undefined,Undefined,0,0,,128.69859,-0.801403,-1.233922,2272.082092,338.368295,5:15,1.669714,0.364002,1.825737,-119.6495,-8.8107,4.8941,0.246776,0.064338,118.36795,-9.445256,-0.886496,0.475445,,,,,,,,,,,,-3.458,-3.0637,-0.334688,15.24,1.642467,0.741529,-35.418321,-0.950204,-0.564389,6.963049,-10.306694,WAS_EDA,MEI_MEI,JinguStadium,TeamExclusive,Team,20260516-JinguStadium-1,ee6806c0-50df-11f1-9189-39f1cca7bde1,127.58563,,,10.33064,,,,,,,afea34c9-bccf-4802-9e54-9cdb203d754b,2026/5/16,30:12.7,2026-05-16T13:30:12.7358976+09:00,2026-05-16T04:30:12.7358976Z,,v3,,,,"Fukuhara, Seiya",1000242807,Right,MEI_MEI,dd78ae73-5a98-4a25-959e-3bc052ce5e4d,16.614653,-35.687547,3.481525,1.671502,-0.551696,-5.153347,-0.363781,0.763351,-0.282195,,,,,,,,,,,,,,,,,,,,,,,,,,,,,,,,,,,,,,,,,,,,,,,,,,,High,High,High,,,,,
279,2026/5/16,30:45.6,1,2,"Kozai, Kazuki",1000329771,Left,WAS_EDA,"Tamenaga, Hikaru",1000242786,Left,MEI_MEI,Undefined,10,Top,0,1,2,Fastball,Four-Seam,BallCalled,Undefined,Undefined,Undefined,0,0,,146.73011,-0.821085,-2.774894,2382.080898,207.775727,1:00,1.676055,0.299944,1.919897,-30.5472,53.9168,26.927,1.139711,-0.210672,133.27816,-3.186424,-0.860823,0.41504,,,,,,,,,,,,-15.9471,29.3711,-0.239214,15.24,1.655762,1.81967,-40.334749,-0.657584,-3.378563,8.958318,-3.58409,WAS_EDA,MEI_MEI,JinguStadium,TeamExclusive,Team,20260516-JinguStadium-1,01f92e80-50e0-11f1-9189-39f1cca7bde1,146.15443,,,13.45195,,,,,,,afea34c9-bccf-4802-9e54-9cdb203d754b,2026/5/16,30:45.6,2026-05-16T13:30:45.6089600+09:00,2026-05-16T04:30:45.6089600Z,,v3,,,,"Fukuhara, Seiya",1000242807,Right,MEI_MEI,ebbb4125-e79c-4ba4-a6fb-1a13486aef1b,16.519299,-40.617887,4.479159,1.674755,-0.544305,-1.792045,-0.298414,1.926453,-1.689281,,,,,,,,,,,,,,,,,,,,,,,,,,,,,,,,,,,,,,,,,,,,,,,,,,,High,High,High,,,,,
280,2026/5/16,31:07.2,1,3,"Kozai, Kazuki",1000329771,Left,WAS_EDA,"Tamenaga, Hikaru",1000242786,Left,MEI_MEI,Undefined,10,Top,0,2,2,Slider,Slider,StrikeCalled,Undefined,Undefined,Undefined,0,0,,128.81782,0.728646,-1.791206,2292.645581,68.861442,8:15,1.640799,0.41539,1.731553,-111.7928,-2.3605,-13.0684,0.730006,-0.224374,120.65452,-7.285472,-2.711063,0.472419,,,,,,,,,,,,5.6698,-0.7753,-0.368392,15.24,1.650959,1.169577,-35.504476,0.00478,0.953984,5.386626,-9.937108,WAS_EDA,MEI_MEI,JinguStadium,TeamExclusive,Team,20260516-JinguStadium-1,0ee326a0-50e0-11f1-9189-39f1cca7bde1,128.40298,,,8.16331,,,,,,,afea34c9-bccf-4802-9e54-9cdb203d754b,2026/5/16,31:07.2,2026-05-16T13:31:07.1960064+09:00,2026-05-16T04:31:07.1960064Z,,v3,,,,"Fukuhara, Seiya",1000242807,Right,MEI_MEI,e75ea992-0f5a-4b7b-bc14-c445eeb44d1d,16.709247,-35.726691,2.693313,1.642306,0.414715,-4.968554,-0.415829,1.130222,0.476992,,,,,,,,,,,,,,,,,,,,,,,,,,,,,,,,,,,,,,,,,,,,,,,,,,,High,High,High,,,,,
281,2026/5/16,31:43.5,2,1,"Kozai, Kazuki",1000329771,Left,WAS_EDA,"Fukuhara, Seiya",1000242786,Right,MEI_MEI,Undefined,10,Top,0,2,2,Fastball,Sinker,InPlay,Undefined,FlyBall,Out,1,0,,146.61079,-1.592971,-2.112819,2365.225807,226.840999,1:30,1.671064,0.330699,1.944641,-47.3936,36.7074,36.2459,0.750042,0.100457,133.81492,-5.146234,0.471382,0.414148,,,,,,,,,,,,-20.5196,21.1428,-0.286262,15.24,1.633402,1.314761,-40.3375,-1.285562,-4.354414,8.839058,-5.319985,WAS_EDA,MEI_MEI,JinguStadium,TeamExclusive,Team,20260516-JinguStadium-1,247a5790-50e0-11f1-9189-39f1cca7bde1,146.46954,,,12.79588,,,,,,,afea34c9-bccf-4802-9e54-9cdb203d754b,2026/5/16,31:43.5,2026-05-16T13:31:43.5138560+09:00,2026-05-16T04:31:43.5138560Z,,v3,,,,"Fukuhara, Seiya",1000242807,Right,MEI_MEI,3b6e1765-e291-4164-8860-e7ecc9da0048,16.495318,-40.611643,4.419529,1.670715,-1.120563,-2.659993,-0.329133,1.449813,-2.177207,,,,,,,,,,,,,,,,,,,,,,,,,,,,,,,,,,,,,,,,,,,,,,,,,,,High,High,High,,,,,
282,2026/5/16,35:57.5,2,2,"Kozai, Kazuki",1000422729,Left,WAS_EDA,"Fukuhara, Seiya",1000419475,Right,MEI_MEI,Undefined,10,Top,1,0,0,Fastball,Changeup,StrikeCalled,Undefined,Undefined,Undefined,0,0,,135.50131,-0.536702,3.651422,2068.641196,128.67983,10:15,1.496451,-0.446674,1.809238,-60.8298,40.1889,-45.808,0.73608,0.12913,122.69779,-5.064959,0.419178,0.453895,,,,,,,,,,,,26.1374,22.0164,0.360801,15.24,1.479286,-2.149386,-37.184369,-0.562709,4.685873,7.907695,-5.859587,WAS_EDA,MEI_MEI,JinguStadium,TeamExclusive,Team,20260516-JinguStadium-1,bbe1f480-50e0-11f1-9189-39f1cca7bde1,133.6432,,,12.80352,,,,,,,afea34c9-bccf-4802-9e54-9cdb203d754b,2026/5/16,35:57.5,2026-05-16T13:35:57.4716928+09:00,2026-05-16T04:35:57.4716928Z,,v3,,,,"Ogata, Mikito",1000326132,Right,WAS_EDA,8b19a367-7c98-4f82-bdac-66d94abcfd52,16.62994,-37.47879,3.953848,1.496176,-0.344543,-2.929794,0.444075,-2.323852,2.342936,,,,,,,,,,,,,,,,,,,,,,,,,,,,,,,,,,,,,,,,,,,,,,,,,,,High,High,High,,,,,
283,2026/5/16,36:05.9,2,3,"Kozai, Kazuki",1000422729,Left,WAS_EDA,"Fukuhara, Seiya",1000419475,Right,MEI_MEI,Undefined,10,Top,1,0,1,Fastball,Changeup,FoulBallNotFieldable,Undefined,Undefined,Undefined,0,0,,135.77778,-2.096815,3.363582,2135.879363,132.417149,10:30,1.516699,-0.39821,1.879154,-54.6226,45.9048,-46.122,0.378849,0.088649,122.27668,-6.209559,0.09268,0.45279,,,,,,,,,,,,26.689,26.5699,0.323237,15.24,1.464861,-1.973567,-37.241427,-1.54151,4.75772,8.521683,-5.070178,WAS_EDA,MEI_MEI,JinguStadium,TeamExclusive,Team,20260516-JinguStadium-1,c0e697b0-50e0-11f1-9189-39f1cca7bde1,133.96938,,,13.5011,,,,,,,afea34c9-bccf-4802-9e54-9cdb203d754b,2026/5/16,36:05.9,2026-05-16T13:36:05.9401216+09:00,2026-05-16T04:36:05.9401216Z,,v3,,,,"Ogata, Mikito",1000326132,Right,WAS_EDA,a6604d79-9549-475d-ac27-9020e498ee6a,16.560166,-37.542295,4.260842,1.516126,-1.362501,-2.535089,0.395882,-2.141544,2.37886,,,,,,,,,,,,,,,,,,,,,,,,,,,,,,,,,,,,,,,,,,,,,,,,,,,High,High,High,,,,,
284,2026/5/16,36:25.0,2,4,"Kozai, Kazuki",1000422729,Left,WAS_EDA,"Fukuhara, Seiya",1000419475,Right,MEI_MEI,Undefined,10,Top,1,0,2,Fastball,Changeup,StrikeCalled,Strikeout,Undefined,Undefined,0,0,,138.37414,-0.634921,3.874541,2043.726566,135.248448,10:30,1.496141,-0.380828,1.864033,-48.3366,47.845,-44.1302,0.833434,0.271406,125.24683,-4.284941,0.752192,0.442895,,,,,,,,,,,,25.5899,26.0946,0.292826,15.24,1.47822,-2.357135,-37.97625,-0.575866,4.788167,8.204392,-4.924046,WAS_EDA,MEI_MEI,JinguStadium,TeamExclusive,Team,20260516-JinguStadium-1,cc4c39c0-50e0-11f1-9189-39f1cca7bde1,136.96254,,,13.12731,,,,,,,afea34c9-bccf-4802-9e54-9cdb203d754b,2026/5/16,36:25.0,2026-05-16T13:36:24.9930000+09:00,2026-05-16T04:36:24.9930000Z,,v3,,,,"Ogata, Mikito",1000326132,Right,WAS_EDA,f21fe63f-93c9-4cd1-b05d-c65588a191b3,16.575181,-38.263615,4.102196,1.49537,-0.403397,-2.462023,0.378323,-2.524844,2.394083,,,,,,,,,,,,,,,,,,,,,,,,,,,,,102.40974,2.737919,1.683354,1.054565,-0.262446,0.780272,-0.279708,-0.403365,1.57383,-0.495072,19.932585,1.947643,-18.098143,-0.400747,20.260237,-0.92878,1.591277,5.426775,-4.828389,-0.514895,-18.884053,2.099481,High,High,High,,,High,Medium,Medium
285,2026/5/16,36:51.9,2,5,"Kozai, Kazuki",1000422729,Left,WAS_EDA,"Fukuhara, Seiya",1000242807,Right,MEI_MEI,Undefined,10,Top,1,0,2,Fastball,Changeup,BallCalled,Undefined,Undefined,Undefined,0,0,,136.58669,-1.405822,1.468595,2162.158157,127.318894,10:15,1.487209,-0.46881,1.800787,-57.2369,41.6034,-50.2819,0.516909,-0.556058,124.52567,-5.65341,-2.086481,0.448975,,,,,,,,,,,,26.7219,23.3162,0.43625,15.24,1.448899,-0.71701,-37.554407,-1.12451,4.906247,7.786628,-5.525695,WAS_EDA,MEI_MEI,JinguStadium,TeamExclusive,Team,20260516-JinguStadium-1,dc4e4750-50e0-11f1-9189-39f1cca7bde1,135.10788,,,12.06102,,,,,,,afea34c9-bccf-4802-9e54-9cdb203d754b,2026/5/16,36:51.9,2026-05-16T13:36:51.8653440+09:00,2026-05-16T04:36:51.8653440Z,,v3,,,,"Ogata, Mikito",1000326132,Right,WAS_EDA,38caf3e8-f084-4967-aea1-7e366d4d646b,16.63872,-37.84331,3.893314,1.486818,-0.919494,-2.762848,0.46623,-0.899043,2.453124,,,,,,,,,,,,,,,,,,,,,,,,,,,,,,,,,,,,,,,,,,,,,,,,,,,High,High,High,,,,,
286,2026/5/16,37:01.1,2,6,"Kozai, Kazuki",1000422729,Left,WAS_EDA,"Fukuhara, Seiya",1000242807,Right,MEI_MEI,Undefined,10,Top,1,1,2,Fastball,Sinker,BallCalled,Undefined,Undefined,Undefined,0,0,,137.15576,-2.244374,1.627797,2207.184198,134.168193,10:30,1.470883,-0.473439,1.921176,-55.8442,40.6138,-38.5638,0.281624,-0.401855,125.39852,-6.407132,-1.119412,0.443531,,,,,,,,,,,,21.2676,23.7216,0.439172,15.24,1.417412,-0.896118,-37.72204,-1.663768,3.945842,7.748016,-5.405494,WAS_EDA,MEI_MEI,JinguStadium,TeamExclusive,Team,20260516-JinguStadium-1,e1c8b6c0-50e0-11f1-9189-39f1cca7bde1,136.76615,,,11.75724,,,,,,,afea34c9-bccf-4802-9e54-9cdb203d754b,2026/5/16,37:01.1,2026-05-16T13:37:01.0835968+09:00,2026-05-16T04:37:01.0835968Z,,v3,,,,"Ogata, Mikito",1000326132,Right,WAS_EDA,d215d4b9-7118-4299-86cd-20319840ab6b,16.518567,-37.983747,3.874008,1.470526,-1.481185,-2.702747,0.471692,-1.029397,1.972921,,,,,,,,,,,,,,,,,,,,,,,,,,,,,,,,,,,,,,,,,,,,,,,,,,,High,High,High,,,,,
287,2026/5/16,37:15.0,3,1,"Kozai, Kazuki",1000422729,Left,WAS_EDA,"Iso, Keita",1000242807,Left,MEI_MEI,Undefined,10,Top,1,2,2,Fastball,Four-Seam,StrikeCalled,Undefined,Undefined,Undefined,0,0,,137.63181,-1.532451,2.316413,2263.021596,148.283947,11:00,1.454811,-0.463075,1.841778,-48.3291,48.4021,-27.9588,0.538615,-0.088628,125.57594,-5.156562,0.336783,0.444158,,,,,,,,,,,,16.0469,26.9675,0.409823,15.24,1.415246,-1.396519,-37.831607,-1.171605,2.997601,7.721562,-4.769071,WAS_EDA,MEI_MEI,JinguStadium,TeamExclusive,Team,20260516-JinguStadium-1,ea0db7e0-50e0-11f1-9189-39f1cca7bde1,136.57291,,,12.05587,,,,,,,afea34c9-bccf-4802-9e54-9cdb203d754b,2026/5/16,37:15.0,2026-05-16T13:37:14.9577216+09:00,2026-05-16T04:37:14.9577216Z,,v3,,,,"Ogata, Mikito",1000326132,Right,WAS_EDA,2b79abdf-889a-4d15-9e39-bfc72bd41173,16.597646,-38.1077,3.860781,1.45409,-1.001082,-2.384536,0.461673,-1.503702,1.4988,,,,,,,,,,,,,,,,,,,,,,,,,,,,,,,,,,,,,,,,,,,,,,,,,,,High,High,High,,,,,
288,2026/5/16,37:27.1,3,2,"Kozai, Kazuki",1000422729,Left,WAS_EDA,"Iso, Keita",1000242807,Left,MEI_MEI,Undefined,10,Top,1,2,2,Fastball,Sinker,StrikeCalled,Undefined,Undefined,Undefined,0,0,,138.20881,-1.18277,1.375418,2201.63726,135.657383,10:30,1.477908,-0.402528,1.861056,-48.9403,46.7331,-42.6156,0.654988,-0.440937,126.00638,-4.855702,-1.648129,0.441723,,,,,,,,,,,,22.9409,25.9074,0.372917,15.24,1.447103,-0.708716,-38.019737,-0.945453,4.321551,7.906967,-4.926276,WAS_EDA,MEI_MEI,JinguStadium,TeamExclusive,Team,20260516-JinguStadium-1,f154a9f0-50e0-11f1-9189-39f1cca7bde1,137.3258,,,12.20243,,,,,,,afea34c9-bccf-4802-9e54-9cdb203d754b,2026/5/16,37:27.1,2026-05-16T13:37:27.1458816+09:00,2026-05-16T04:37:27.1458816Z,,v3,,,,"Ogata, Mikito",1000326132,Right,WAS_EDA,11297268-b8d4-4956-8f4c-cbbc67bca3d5,16.578478,-38.297088,3.953483,1.477236,-0.772655,-2.463138,0.400435,-0.860302,2.160775,,,,,,,,,,,,,,,,,,,,,,,,,,,,,,,,,,,,,,,,,,,,,,,,,,,High,High,High,,,,,
289,2026/5/16,37:41.5,3,3,"Kozai, Kazuki",1000422729,Left,WAS_EDA,"Iso, Keita",1000242807,Left,MEI_MEI,Undefined,10,Top,1,2,2,Fastball,Changeup,BallCalled,Undefined,Undefined,Undefined,0,0,,137.16714,-1.795358,0.616314,2072.01434,137.007356,10:30,1.4726,-0.388508,1.863091,-51.656,45.0001,-39.1412,0.449873,-0.606222,125.84094,-5.642718,-2.16194,0.443986,,,,,,,,,,,,20.6891,25.4348,0.376535,15.24,1.427358,-0.22393,-37.752001,-1.356819,3.861246,7.456416,-5.059702,WAS_EDA,MEI_MEI,JinguStadium,TeamExclusive,Team,20260516-JinguStadium-1,f9e3ac60-50e0-11f1-9189-39f1cca7bde1,136.62589,,,11.3262,,,,,,,afea34c9-bccf-4802-9e54-9cdb203d754b,2026/5/16,37:41.5,2026-05-16T13:37:41.5126528+09:00,2026-05-16T04:37:41.5126528Z,,v3,,,,"Ogata, Mikito",1000326132,Right,WAS_EDA,74d5ba1b-1fb0-4b99-933a-b543c7816c1f,16.576795,-38.015115,3.728208,1.472086,-1.178277,-2.529851,0.38684,-0.360181,1.930623,,,,,,,,,,,,,,,,,,,,,,,,,,,,,,,,,,,,,,,,,,,,,,,,,,,High,High,High,,,,,
290,2026/5/16,37:53.3,4,1,"Kozai, Kazuki",1000422729,Left,WAS_EDA,"Tsuda, Motoki",1000242807,Left,MEI_MEI,Undefined,10,Top,1,3,2,Fastball,Changeup,InPlay,Undefined,GroundBall,Single,0,0,,137.19682,-0.607381,1.948921,2105.449932,135.708629,10:30,1.467466,-0.401145,1.87987,-53.7589,42.3891,-38.5141,0.758776,-0.237396,125.94463,-4.614378,-0.785705,0.442818,148.81847,2.585394,26.388796,2955.0452,,,,22.60495,21.807492,29.089059,0.585184,21.3381,23.2653,0.358507,15.24,1.450113,-1.10871,-37.772245,-0.582498,3.9982,7.259435,-5.447342,WAS_EDA,MEI_MEI,JinguStadium,TeamExclusive,Team,20260516-JinguStadium-1,00e3d170-50e1-11f1-9189-39f1cca7bde1,136.98642,0.890162,,11.25219,,,,0.287825,0.734598,0.224908,afea34c9-bccf-4802-9e54-9cdb203d754b,2026/5/16,37:53.3,2026-05-16T13:37:53.2767744+09:00,2026-05-16T04:37:53.2767744Z,GroundBall,v3,,,,"Ogata, Mikito",1000326132,Right,WAS_EDA,134355b5-70f3-45f2-a27f-5a11dfeee3c2,16.560226,-38.025132,3.629718,1.4671,-0.392736,-2.723671,0.399556,-1.24799,1.9991,276.457778,0.29783,36.762513,-6.034188,,,,,,,0.739597,1.749552,-5.163221,,,,,,,0.221802,18.427223,-0.03651,,,,,,,,,,,,,,,,,,,,,,,,,,,,,High,High,High,Medium,High,,,
291,2026/5/16,38:24.3,4,2,"Kozai, Kazuki",1000422729,Left,WAS_EDA,"Tsuda, Motoki",1000338418,Left,MEI_MEI,Undefined,10,Top,1,0,0,Slider,Slider,FoulBallNotFieldable,Undefined,Undefined,Undefined,0,0,,128.77005,1.840002,1.693775,2151.28438,219.366623,1:15,1.49126,-0.401386,1.855471,-84.5885,23.8358,17.2405,1.164579,0.248727,119.49752,-4.343583,2.914562,0.470238,,,,,,,,,,,,-7.9569,12.0754,0.360448,15.24,1.52908,-1.122466,-35.470526,0.839984,-1.329608,5.693075,-7.788827,WAS_EDA,MEI_MEI,JinguStadium,TeamExclusive,Team,20260516-JinguStadium-1,1369cac0-50e1-11f1-9189-39f1cca7bde1,128.99844,,,9.27253,,,,,,,afea34c9-bccf-4802-9e54-9cdb203d754b,2026/5/16,38:24.3,2026-05-16T13:38:24.3345920+09:00,2026-05-16T04:38:24.3345920Z,,v3,,,,"Ogata, Mikito",1000326132,Right,WAS_EDA,ae596619-a9ec-4036-ba50-deedf470a160,16.584905,-35.685733,2.846537,1.491763,1.134413,-3.894414,0.401929,-1.072205,-0.664804,,,,,,,,,,,,,,,,,,,,,,,,,,,,,,,,,,,,,,,,,,,,,,,,,,,High,High,High,,,,,
292,2026/5/16,38:44.2,4,3,"Kozai, Kazuki",1000422729,Left,WAS_EDA,"Tsuda, Motoki",1000338418,Left,MEI_MEI,Undefined,10,Top,1,0,1,Slider,Slider,BallCalled,Undefined,Undefined,Undefined,0,0,,131.84292,-0.801545,3.597032,2322.713941,165.277975,11:30,1.478261,-0.421818,1.887126,-77.398,26.1638,-6.1192,0.478264,0.530538,122.31388,-6.459662,3.163413,0.459573,,,,,,,,,,,,5.409,14.9605,0.339523,15.24,1.455076,-2.253373,-36.268214,-0.782553,0.942028,6.158465,-7.201156,WAS_EDA,MEI_MEI,JinguStadium,TeamExclusive,Team,20260516-JinguStadium-1,1f45ae40-50e1-11f1-9189-39f1cca7bde1,131.99215,,,9.52904,,,,,,,afea34c9-bccf-4802-9e54-9cdb203d754b,2026/5/16,38:44.2,2026-05-16T13:38:44.2208768+09:00,2026-05-16T04:38:44.2208768Z,,v3,,,,"Ogata, Mikito",1000326132,Right,WAS_EDA,b7341596-61a0-44e7-9b0e-8f8fc3926d92,16.553007,-36.490486,3.079232,1.47863,-0.522648,-3.600578,0.421465,-2.287373,0.471014,,,,,,,,,,,,,,,,,,,,,,,,,,,,,,,,,,,,,,,,,,,,,,,,,,,High,High,High,,,,,
293,2026/5/16,39:32.3,5,1,"Kozai, Kazuki",1000422729,Left,WAS_EDA,"Tanoue, Kai",1000338418,Left,MEI_MEI,Undefined,10,Top,1,1,1,Fastball,Changeup,InPlay,Undefined,LineDrive,Single,0,0,,133.60658,0.165129,3.849067,2251.854495,120.676294,10:00,1.491989,-0.4679,1.80955,-69.5662,33.2549,-50.6233,0.843124,0.115857,122.21412,-4.960318,0.277949,0.457926,130.49094,15.564021,6.139214,922.906429,33.328046,6.835472,3.655444,74.638594,74.344157,6.748365,2.708464,28.736,17.9014,0.377713,15.24,1.491288,-2.235398,-36.708938,-0.146752,5.074441,7.001998,-6.645479,WAS_EDA,MEI_MEI,JinguStadium,TeamExclusive,Team,20260516-JinguStadium-1,3be827d0-50e1-11f1-9189-39f1cca7bde1,132.46673,7.017683,,11.39247,,,,0.43081,0.840613,-0.115522,afea34c9-bccf-4802-9e54-9cdb203d754b,2026/5/16,39:32.3,2026-05-16T13:39:32.2834432+09:00,2026-05-16T04:39:32.2834432Z,LineDrive,v3,,,,"Ogata, Mikito",1000326132,Right,WAS_EDA,8634560d-57a0-43ca-8ad0-851575ae3aeb,16.630663,-36.973247,3.500999,1.492093,0.104099,-3.32274,0.465709,-2.426946,2.537221,187.398641,0.430817,34.717742,-4.339083,0.866232,-0.148532,0.017473,0.000406,-0.000635,8.40E-05,0.840605,9.726142,-3.926632,0.075982,-0.003335,0.006098,-0.00343,0.001017,-0.000114,-0.115522,3.73429,-0.18037,-0.003733,0.009122,-0.004637,0.001591,-0.000345,3.30E-05,,,,,,,,,,,,,,,,,,,,,,,High,High,High,High,Medium,,,
294,2026/5/16,40:21.4,6,1,"Kozai, Kazuki",1000188670,Left,WAS_EDA,"Okada, Keigo",1000242809,Left,MEI_MEI,Undefined,10,Top,1,0,0,Cutter,Changeup,FoulBallNotFieldable,Undefined,Undefined,Undefined,0,0,,130.23453,-0.45035,2.800452,2226.612414,151.602134,11:00,1.470825,-0.499141,1.864061,-75.3587,32.1618,-15.5513,0.590173,0.135157,119.29912,-6.004045,1.698464,0.468274,97.93002,66.762861,-149.127834,4725.157927,,,,37.096325,13.318992,-160.853278,4.120614,10.0727,17.9463,0.434676,15.24,1.455553,-1.683803,-35.811664,-0.542727,1.68881,6.814565,-6.797715,WAS_EDA,MEI_MEI,JinguStadium,TeamExclusive,Team,20260516-JinguStadium-1,592e0d50-50e1-11f1-9189-39f1cca7bde1,129.53947,23.117966,,10.93541,,,,0.552651,0.601759,-0.125358,afea34c9-bccf-4802-9e54-9cdb203d754b,2026/5/16,40:21.4,2026-05-16T13:40:21.3696000+09:00,2026-05-16T04:40:21.3696000Z,Popup,v3,,,,"Ogata, Mikito",1000326132,Right,WAS_EDA,d5102455-e33e-428b-b147-1ec5e5688143,16.575758,-36.064948,3.407282,1.47103,-0.290069,-3.398857,0.498426,-1.746573,0.844405,19.406872,0.551953,-9.19581,-1.05457,0.757984,-0.257196,0.047189,0.001703,-0.001933,0.000191,0.602623,24.97073,-8.144713,0.676511,0.154587,-0.164033,0.053308,-0.008034,0.000468,-0.125744,-5.495637,1.479752,-0.308381,-0.053193,0.069064,-0.023377,0.00359,-0.000212,,,,,,,,,,,,,,,,,,,,,,,High,High,High,High,Low,,,
295,2026/5/16,40:40.7,6,2,"Kozai, Kazuki",1000188670,Left,WAS_EDA,"Okada, Keigo",1000242809,Left,MEI_MEI,Undefined,10,Top,1,0,1,Fastball,Four-Seam,StrikeCalled,Undefined,Undefined,Undefined,0,0,,138.7392,-1.594652,4.08881,2288.717202,143.976255,10:45,1.484751,-0.415531,1.831051,-49.3865,46.0395,-31.237,0.53932,0.428667,126.7484,-5.282757,1.88458,0.441152,,,,,,,,,,,,18.9018,25.7074,0.319538,15.24,1.443222,-2.570517,-38.076938,-1.230135,3.586125,7.63618,-4.929343,WAS_EDA,MEI_MEI,JinguStadium,TeamExclusive,Team,20260516-JinguStadium-1,64b84e60-50e1-11f1-9189-39f1cca7bde1,137.50368,,,11.9908,,,,,,,afea34c9-bccf-4802-9e54-9cdb203d754b,2026/5/16,40:40.7,2026-05-16T13:40:40.7047168+09:00,2026-05-16T04:40:40.7047168Z,,v3,,,,"Ogata, Mikito",1000326132,Right,WAS_EDA,6ed39093-29d1-4dc9-b1db-eea537f08799,16.608481,-38.3504,3.81809,1.484114,-1.053609,-2.464671,0.413891,-2.698941,1.793063,,,,,,,,,,,,,,,,,,,,,,,,,,,,,,,,,,,,,,,,,,,,,,,,,,,High,High,High,,,,,
296,2026/5/16,40:57.2,6,3,"Kozai, Kazuki",1000188670,Left,WAS_EDA,"Okada, Keigo",1000242809,Left,MEI_MEI,Undefined,10,Top,1,0,2,Fastball,Four-Seam,InPlay,Undefined,GroundBall,Single,0,1,,137.65339,-0.897628,3.069415,2316.230574,152.849745,11:00,1.480896,-0.404809,1.855275,-45.7115,51.7613,-24.7781,0.770303,0.213687,124.35404,-4.366251,1.315805,0.445858,156.68271,-2.931785,-3.377427,1283.34391,,,,9.131711,8.921636,-5.370319,0.211672,15.195,28.389,0.33413,15.24,1.456873,-1.907748,-37.791139,-0.7342,2.805518,8.373812,-4.565079,WAS_EDA,MEI_MEI,JinguStadium,TeamExclusive,Team,20260516-JinguStadium-1,6e83c870-50e1-11f1-9189-39f1cca7bde1,136.05236,0.763805,,13.29935,,,,0.161442,0.763805,-0.228004,afea34c9-bccf-4802-9e54-9cdb203d754b,2026/5/16,40:57.2,2026-05-16T13:40:57.1798528+09:00,2026-05-16T04:40:57.1798528Z,GroundBall,v3,,,,"Ogata, Mikito",1000326132,Right,WAS_EDA,b05edac1-bfc2-4698-8e10-ea5faab3dd7c,16.583817,-38.08774,4.186906,1.480014,-0.572504,-2.28254,0.403463,-2.00712,1.402759,47.9244,0.161714,43.373464,-5.608421,,,,,,,0.764163,-2.248524,-6.440502,,,,,,,-0.227793,-2.573978,-1.83542,,,,,,,,,,,,,,,,,,,,,,,,,,,,,High,High,High,High,High,,,
297,2026/5/16,41:43.9,6,4,"Kozai, Kazuki",1000188670,Left,WAS_EDA,"Okada, Keigo",1000338425,Left,MEI_MEI,Undefined,10,Top,1,0,0,Slider,Slider,InPlay,Undefined,Bunt,Single,0,0,,129.31088,0.384447,2.208629,2293.760109,208.451205,1:00,1.475275,-0.449462,1.869806,-93.2627,14.9715,6.4072,0.651031,0.237101,119.34971,-6.422496,2.663073,0.469826,,,,,,,,,,,,-1.8725,8.3699,0.397671,15.24,1.478353,-1.400374,-35.601486,-0.09581,-0.312139,6.356233,-8.411388,WAS_EDA,MEI_MEI,JinguStadium,TeamExclusive,Team,20260516-JinguStadium-1,8a5f96a0-50e1-11f1-9189-39f1cca7bde1,129.11166,,,9.96117,,,,,,,afea34c9-bccf-4802-9e54-9cdb203d754b,2026/5/16,41:43.9,2026-05-16T13:41:43.9121920+09:00,2026-05-16T04:41:43.9121920Z,,v3,,,,"Ogata, Mikito",1000326132,Right,WAS_EDA,9307276a-17b5-486b-99f0-d3e1fc0a0ce7,16.570471,-35.838239,3.178117,1.476087,0.217492,-4.205694,0.449615,-1.388747,-0.15607,,,,,,,,,,,,,,,,,,,,,,,,,,,,,,,,,,,,,,,,,,,,,,,,,,,High,High,High,,,,,
298,2026/5/16,42:37.3,6,5,"Kozai, Kazuki",1000188670,Left,WAS_EDA,"Okada, Keigo",1000242813,Left,MEI_MEI,Undefined,10,Top,1,0,0,Slider,Slider,StrikeCalled,Undefined,Undefined,Undefined,0,0,,128.3219,-0.216589,2.377811,2260.155091,180.878092,12:00,1.480494,-0.450372,1.883562,-85.3378,24.6209,0.3269,0.566101,0.222552,118.20865,-6.472881,2.401012,0.473554,,,,,,,,,,,,1.4371,13.9255,0.3956,15.24,1.470299,-1.467704,-35.311476,-0.430508,0.235365,6.335775,-7.525966,WAS_EDA,MEI_MEI,JinguStadium,TeamExclusive,Team,20260516-JinguStadium-1,aa33c820-50e1-11f1-9189-39f1cca7bde1,128.0952,,,10.11325,,,,,,,afea34c9-bccf-4802-9e54-9cdb203d754b,2026/5/16,42:37.3,2026-05-16T13:42:37.2737024+09:00,2026-05-16T04:42:37.2737024Z,,v3,,,,"Ogata, Mikito",1000326132,Right,WAS_EDA,438a6bea-a3d7-4b99-b5be-5bb51f25b2a6,16.55609,-35.546832,3.167887,1.481099,-0.15094,-3.762983,0.450283,-1.476447,0.117682,,,,,,,,,,,,,,,,,,,,,,,,,,,,,,,,,,,,,,,,,,,,,,,,,,,High,High,High,,,,,
299,2026/5/16,42:52.1,6,6,"Kozai, Kazuki",1000188670,Left,WAS_EDA,"Okada, Keigo",1000242813,Left,MEI_MEI,Undefined,10,Top,1,0,1,Fastball,Sinker,FoulBallNotFieldable,Undefined,Undefined,Undefined,0,0,,139.02248,-1.367771,3.352414,2286.915826,140.844833,10:45,1.478585,-0.443698,1.821997,-44.0722,51.8735,-39.4717,0.650677,0.109857,125.65993,-4.708382,0.564663,0.442352,92.93184,59.343794,-94.661667,5645.952469,,,,,7.247781,,,22.8527,28.6692,0.365452,15.24,1.442667,-2.040486,-38.15144,-1.051794,4.304742,8.458559,-4.406257,WAS_EDA,MEI_MEI,JinguStadium,TeamExclusive,Team,20260516-JinguStadium-1,b307e9e0-50e1-11f1-9189-39f1cca7bde1,137.13075,11.415307,,13.36255,,,,0.184729,0.652648,-0.116409,afea34c9-bccf-4802-9e54-9cdb203d754b,2026/5/16,42:52.1,2026-05-16T13:42:52.1214976+09:00,2026-05-16T04:42:52.1214976Z,,v3,,,,"Ogata, Mikito",1000326132,Right,WAS_EDA,7563cab4-a13d-4a57-adb6-7733d1c47fd8,16.617262,-38.455581,4.22928,1.477638,-0.89336,-2.203128,0.441604,-2.19527,2.152371,31.171893,0.184729,-1.06973,-1.499625,0.382528,-0.089638,0.016416,-0.003004,-0.001021,0.000956,0.652648,22.206638,-6.016123,0.495394,-0.057205,0.005554,0.005539,-0.002951,0.003292,-0.116409,-13.118848,1.447824,-0.583259,0.140694,-0.025595,-0.001239,0.006459,-0.005873,,,,,,,,,,,,,,,,,,,,,,,High,High,High,High,Undefined,,,
300,2026/5/16,43:12.5,7,1,"Kozai, Kazuki",1000188670,Left,WAS_EDA,"Sakakibara, Nanato",1000242813,Left,MEI_MEI,Undefined,10,Top,1,0,2,Fastball,Sinker,BallCalled,Undefined,Undefined,Undefined,0,0,,138.4427,-1.973063,4.611793,2263.255928,141.287966,10:45,1.470442,-0.44582,1.855315,-43.9764,52.254,-39.2257,0.472329,0.465071,125.69049,-5.300429,1.842483,0.443007,,,,,,,,,,,,23.6268,29.366,0.339612,15.24,1.421085,-2.872394,-37.948326,-1.44765,4.42571,8.010846,-4.305895,WAS_EDA,MEI_MEI,JinguStadium,TeamExclusive,Team,20260516-JinguStadium-1,bf2c9630-50e1-11f1-9189-39f1cca7bde1,136.92779,,,12.75221,,,,,,,afea34c9-bccf-4802-9e54-9cdb203d754b,2026/5/16,43:12.5,2026-05-16T13:43:12.5128192+09:00,2026-05-16T04:43:12.5128192Z,,v3,,,,"Ogata, Mikito",1000326132,Right,WAS_EDA,4e0292b7-35b1-4916-b45c-11886cf5d16b,16.584147,-38.23102,4.005423,1.46949,-1.295699,-2.152947,0.443732,-3.028573,2.212855,,,,,,,,,,,,,,,,,,,,,,,,,,,,,,,,,,,,,,,,,,,,,,,,,,,High,High,High,,,,,
301,2026/5/16,43:31.1,7,2,"Kozai, Kazuki",1000188670,Left,WAS_EDA,"Sakakibara, Nanato",1000242813,Left,MEI_MEI,Undefined,10,Top,1,1,2,Slider,Slider,BallCalled,Undefined,Undefined,Undefined,0,0,,132.33952,1.238631,3.145318,2336.882133,163.54148,11:30,1.506338,-0.35331,1.847728,-86.2612,17.6269,-4.3055,0.993713,0.491792,121.68895,-5.067947,2.840954,0.460297,,,,,,,,,,,,4.3005,9.2354,0.279152,15.24,1.530139,-1.979656,-36.384283,0.466878,0.749002,6.618386,-8.198148,WAS_EDA,MEI_MEI,JinguStadium,TeamExclusive,Team,20260516-JinguStadium-1,ca4095d0-50e1-11f1-9189-39f1cca7bde1,131.78462,,,10.65057,,,,,,,afea34c9-bccf-4802-9e54-9cdb203d754b,2026/5/16,43:31.1,2026-05-16T13:43:31.0560256+09:00,2026-05-16T04:43:31.0560256Z,,v3,,,,"Ogata, Mikito",1000326132,Right,WAS_EDA,ef4b4b2c-2369-4ad5-9842-1915b5cdc93d,16.591927,-36.629377,3.309193,1.507228,0.770473,-4.099074,0.352976,-2.007393,0.374501,,,,,,,,,,,,,,,,,,,,,,,,,,,,,,,,,,,,,,,,,,,,,,,,,,,High,High,High,,,,,
302,2026/5/16,43:48.1,7,3,"Kozai, Kazuki",1000188670,Left,WAS_EDA,"Sakakibara, Nanato",1000242813,Left,MEI_MEI,Undefined,10,Top,1,2,2,Fastball,Sinker,FoulBallNotFieldable,Undefined,Undefined,Undefined,0,0,,138.87733,-0.88252,1.738712,2207.183823,141.669338,10:45,1.462884,-0.390645,1.83699,-49.142,46.1031,-33.94,0.722214,-0.239095,126.27966,-4.571264,-0.664931,0.440733,148.11187,11.623098,43.381331,2231.183074,22.883255,4.261164,24.504504,61.155319,60.899908,50.203833,1.848586,18.8226,25.3485,0.35143,15.24,1.438662,-0.996539,-38.189418,-0.753863,3.569372,8.140287,-4.999748,WAS_EDA,MEI_MEI,JinguStadium,TeamExclusive,Team,20260516-JinguStadium-1,d4697220-50e1-11f1-9189-39f1cca7bde1,137.63421,4.27427,,12.59768,,,,0.52075,0.73547,0.210913,afea34c9-bccf-4802-9e54-9cdb203d754b,2026/5/16,43:48.1,2026-05-16T13:43:48.1295360+09:00,2026-05-16T04:43:48.1295360Z,LineDrive,v3,,,,"Ogata, Mikito",1000326132,Right,WAS_EDA,0376866c-094b-45fe-8090-bfec2998070b,16.602632,-38.478774,4.070143,1.4623,-0.576141,-2.499874,0.389108,-1.123417,1.784686,250.3699,0.520755,29.288875,-6.676406,1.6696,-0.508007,0.293029,-0.165678,0.053005,-0.006928,0.735465,8.2891,-4.998338,0.133131,0.138911,-0.202246,0.13724,-0.045883,0.006108,0.21091,27.679139,-1.511179,0.081505,0.100791,-0.115951,0.07344,-0.024186,0.003211,,,,,,,,,,,,,,,,,,,,,,,High,High,High,High,High,,,
303,2026/5/16,44:16.0,8,1,"Kozai, Kazuki",1000188670,Left,WAS_EDA,"Utsumi, Yuta",1000242813,Left,MEI_MEI,Undefined,10,Top,1,2,2,Slider,Slider,InPlay,Undefined,LineDrive,Double,0,2,,124.86763,1.634507,1.653535,2351.59477,268.68103,3:00,1.482527,-0.37977,1.761831,-113.9674,4.3403,32.9904,0.806701,0.41919,114.74032,-6.618099,3.977365,0.491203,133.7285,11.215567,-11.62481,1935.454597,32.167763,3.271905,-9.453087,53.618056,52.312101,-18.449365,1.709635,-15.6919,2.1207,0.335764,15.24,1.515381,-1.137699,-34.343882,0.551145,-2.420918,6.238183,-9.479471,WAS_EDA,MEI_MEI,JinguStadium,TeamExclusive,Team,20260516-JinguStadium-1,e50e2850-50e1-11f1-9189-39f1cca7bde1,123.49269,3.490549,,10.1273,,,,0.216668,0.758218,-0.430259,afea34c9-bccf-4802-9e54-9cdb203d754b,2026/5/16,44:16.0,2026-05-16T13:44:16.0178688+09:00,2026-05-16T04:44:16.0178688Z,LineDrive,v3,,,,"Ogata, Mikito",1000326132,Right,WAS_EDA,884d8b8c-9e0d-4ca9-8a91-28291770e347,16.678316,-34.60415,3.119091,1.484136,0.946645,-4.739736,0.381124,-1.036694,-1.210459,103.846146,0.216668,35.689989,-4.539114,0.76776,-0.131928,0.014414,-0.001241,0.000208,-2.60E-05,0.758218,7.225085,-5.043559,0.374443,-0.038555,0.006334,2.70E-05,-8.00E-05,-5.00E-06,-0.430259,-7.342211,-2.222342,0.778873,-0.224654,0.050173,-0.01025,0.001646,-0.000136,,,,,,,,,,,,,,,,,,,,,,,High,High,High,High,High,,,
304,2026/5/16,45:03.6,8,2,"Kozai, Kazuki",1000188670,Left,WAS_EDA,"Utsumi, Yuta",1000242816,Left,MEI_MEI,Undefined,10,Top,1,0,0,Fastball,Sinker,StrikeCalled,Undefined,Undefined,Undefined,0,0,,138.43008,-1.990972,4.205097,2218.462198,134.633442,10:30,1.480672,-0.402481,1.881276,-47.5693,49.0952,-46.0988,0.442772,0.322417,124.6813,-5.597673,0.941027,0.444005,,,,,,,,,,,,27.122,27.9869,0.308027,15.24,1.431708,-2.565911,-37.937372,-1.469505,5.030777,8.65588,-4.615449,WAS_EDA,MEI_MEI,JinguStadium,TeamExclusive,Team,20260516-JinguStadium-1,01642f90-50e2-11f1-9189-39f1cca7bde1,136.61996,,,13.74879,,,,,,,afea34c9-bccf-4802-9e54-9cdb203d754b,2026/5/16,45:03.6,2026-05-16T13:45:03.6070912+09:00,2026-05-16T04:45:03.6070912Z,,v3,,,,"Ogata, Mikito",1000326132,Right,WAS_EDA,5738cc31-0550-40cd-a980-e222efd6c514,16.557775,-38.236856,4.32794,1.479789,-1.309815,-2.307725,0.399816,-2.73997,2.515388,,,,,,,,,,,,,,,,,,,,,,,,,,,,,,,,,,,,,,,,,,,,,,,,,,,High,High,High,,,,,
305,2026/5/16,45:16.8,8,3,"Kozai, Kazuki",1000188670,Left,WAS_EDA,"Utsumi, Yuta",1000242816,Left,MEI_MEI,Undefined,10,Top,1,0,1,Fastball,Four-Seam,StrikeSwinging,Undefined,Undefined,Undefined,0,0,,137.74234,-0.806078,3.408558,2288.744098,155.659894,11:15,1.482662,-0.384077,1.822961,-40.824,57.011,-24.2179,0.846268,0.337877,124.30472,-3.926121,1.69924,0.446685,,,,,,,,,,,,15.0145,30.8064,0.303468,15.24,1.460486,-2.130373,-37.788698,-0.650578,2.773037,8.341229,-4.116987,WAS_EDA,MEI_MEI,JinguStadium,TeamExclusive,Team,20260516-JinguStadium-1,094abd00-50e2-11f1-9189-39f1cca7bde1,135.80027,,,13.43763,,,,,,,afea34c9-bccf-4802-9e54-9cdb203d754b,2026/5/16,45:16.8,2026-05-16T13:45:16.8279040+09:00,2026-05-16T04:45:16.8279040Z,,v3,,,,"Ogata, Mikito",1000326132,Right,WAS_EDA,ea3c6ab6-2eac-4102-932a-dcd8f06f2723,16.615645,-38.091139,4.170614,1.481369,-0.501302,-2.058493,0.382535,-2.230919,1.386518,,,,,,,,,,,,,,,,,,,,,,,,,,,,,,,,,,,,,,,,,,,,,,,,,,,High,High,High,,,,,
306,2026/5/16,45:32.1,8,4,"Kozai, Kazuki",1000188670,Left,WAS_EDA,"Utsumi, Yuta",1000242816,Left,MEI_MEI,Undefined,10,Top,1,0,2,Fastball,Four-Seam,StrikeCalled,Strikeout,Undefined,Undefined,0,0,,136.72793,-1.858724,3.645313,2170.894319,153.028917,11:00,1.500128,-0.376763,1.833325,-41.264,58.2833,-27.7965,0.561444,0.375888,123.18148,-5.016016,1.68255,0.450577,,,,,,,,,,,,17.1684,32.4537,0.29132,15.24,1.452918,-2.252356,-37.481045,-1.336354,3.110005,8.413048,-3.927775,WAS_EDA,MEI_MEI,JinguStadium,TeamExclusive,Team,20260516-JinguStadium-1,126d4ce0-50e2-11f1-9189-39f1cca7bde1,134.62725,,,13.54644,,,,,,,afea34c9-bccf-4802-9e54-9cdb203d754b,2026/5/16,45:32.1,2026-05-16T13:45:32.1490944+09:00,2026-05-16T04:45:32.1490944Z,,v3,,,,"Ogata, Mikito",1000326132,Right,WAS_EDA,89734615-2371-4760-be55-b1e39b644c41,16.605414,-37.786285,4.206524,1.498818,-1.193847,-1.963888,0.375086,-2.365192,1.555002,,,,,,,,,,,,,,,,,,,,,,,,,,,,,,,,,,,,,,,,,,,,,,,,,,,High,High,High,,,,,
307,2026/5/16,45:59.5,9,1,"Kozai, Kazuki",1000188670,Left,WAS_EDA,"Mitsuhiro, Hotaka",1000188679,Left,MEI_MEI,Undefined,10,Top,1,0,2,Slider,Slider,StrikeCalled,Undefined,Undefined,Undefined,0,0,,130.00069,0.067347,1.731005,2230.39081,211.874301,1:00,1.501141,-0.398983,1.816363,-79.6351,30.6275,16.5544,0.723834,0.255957,117.22793,-5.820483,2.901357,0.474208,,,,,,,,,,,,-6.9793,16.8499,0.356045,15.24,1.497537,-1.156577,-35.691399,-0.241269,-1.142853,7.822084,-7.047521,WAS_EDA,MEI_MEI,JinguStadium,TeamExclusive,Team,20260516-JinguStadium-1,22b7d520-50e2-11f1-9189-39f1cca7bde1,127.91858,,,12.77276,,,,,,,afea34c9-bccf-4802-9e54-9cdb203d754b,2026/5/16,45:59.5,2026-05-16T13:45:59.4806784+09:00,2026-05-16T04:45:59.4806784Z,,v3,,,,"Ogata, Mikito",1000326132,Right,WAS_EDA,4d23cc3b-b894-4746-9bb7-fa7d98c1c4cd,16.621959,-35.992993,3.911042,1.501601,0.03046,-3.523761,0.39979,-1.112512,-0.571426,,,,,,,,,,,,,,,,,,,,,,,,,,,,,,,,,,,,,,,,,,,,,,,,,,,High,High,High,,,,,
308,2026/5/16,46:14.7,9,2,"Kozai, Kazuki",1000188670,Left,WAS_EDA,"Mitsuhiro, Hotaka",1000188679,Left,MEI_MEI,Undefined,10,Top,1,0,2,Slider,Slider,StrikeSwinging,Undefined,Undefined,Undefined,0,0,,128.96527,-0.278412,2.610003,2296.95488,220.976703,1:15,1.480003,-0.391138,1.835316,-84.4951,26.6665,19.8675,0.556373,0.544869,117.26693,-6.486973,4.014645,0.476137,,,,,,,,,,,,-8.137,15.0891,0.327575,15.24,1.467906,-1.704755,-35.420531,-0.472429,-1.320822,7.307356,-7.357338,WAS_EDA,MEI_MEI,JinguStadium,TeamExclusive,Team,20260516-JinguStadium-1,2bc8d8d0-50e2-11f1-9189-39f1cca7bde1,127.4003,,,11.69833,,,,,,,afea34c9-bccf-4802-9e54-9cdb203d754b,2026/5/16,46:14.7,2026-05-16T13:46:14.6822144+09:00,2026-05-16T04:46:14.6822144Z,,v3,,,,"Ogata, Mikito",1000326132,Right,WAS_EDA,069de0db-de63-4ea3-a5f7-f3096629c655,16.603655,-35.700748,3.653678,1.480613,-0.190295,-3.678669,0.391977,-1.654105,-0.660411,,,,,,,,,,,,,,,,,,,,,,,,,,,,,,,,,,,,,,,,,,,,,,,,,,,High,High,High,,,,,
309,2026/5/16,46:33.6,9,3,"Kozai, Kazuki",1000188670,Left,WAS_EDA,"Mitsuhiro, Hotaka",1000188679,Left,MEI_MEI,Undefined,10,Top,1,0,2,Fastball,Four-Seam,BallCalled,Undefined,Undefined,Undefined,0,0,,138.2428,-2.23757,4.954977,2228.325303,150.678873,11:00,1.488561,-0.367196,1.884025,-42.0767,54.4084,-28.6616,0.43533,0.744288,125.33094,-5.436285,2.93062,0.443593,,,,,,,,,,,,18.4667,30.7489,0.254536,15.24,1.434225,-3.143606,-37.857452,-1.606364,3.437116,8.084089,-4.083494,WAS_EDA,MEI_MEI,JinguStadium,TeamExclusive,Team,20260516-JinguStadium-1,3710b9b0-50e2-11f1-9189-39f1cca7bde1,136.74688,,,12.91186,,,,,,,afea34c9-bccf-4802-9e54-9cdb203d754b,2026/5/16,46:33.6,2026-05-16T13:46:33.6444416+09:00,2026-05-16T04:46:33.6444416Z,,v3,,,,"Ogata, Mikito",1000326132,Right,WAS_EDA,3ba688fd-708f-4afd-a4dc-738784d6bd0f,16.554883,-38.137199,4.042045,1.487368,-1.465056,-2.041747,0.365377,-3.262546,1.718558,,,,,,,,,,,,,,,,,,,,,,,,,,,,,,,,,,,,,,,,,,,,,,,,,,,High,High,High,,,,,
310,2026/5/16,46:53.4,9,4,"Kozai, Kazuki",1000188670,Left,WAS_EDA,"Mitsuhiro, Hotaka",1000188679,Left,MEI_MEI,Undefined,10,Top,1,1,2,Slider,Slider,InPlay,Undefined,LineDrive,Single,0,2,,132.31466,-0.021591,1.763035,2307.998777,188.814367,12:15,1.481497,-0.426121,1.867568,-85.4343,17.6722,2.285,0.621067,0.093611,122.34095,-6.260648,1.925189,0.458562,140.99434,15.627877,27.976252,1985.529179,28.777157,5.359708,17.204281,61.537581,61.537581,34.639463,1.991736,-0.0507,10.0056,0.384897,15.24,1.475596,-1.131794,-36.445462,-0.326425,-0.008879,6.489036,-8.054138,WAS_EDA,MEI_MEI,JinguStadium,TeamExclusive,Team,20260516-JinguStadium-1,42d19b20-50e2-11f1-9189-39f1cca7bde1,132.2832,5.368487,,9.97371,,,,0.708151,0.655451,-0.082174,afea34c9-bccf-4802-9e54-9cdb203d754b,2026/5/16,46:53.4,2026-05-16T13:46:53.3828608+09:00,2026-05-16T04:46:53.3828608Z,LineDrive,v3,,,,"Ogata, Mikito",1000326132,Right,WAS_EDA,15d5d9ea-1a75-47d5-af3c-d3c13b1ee8fd,16.57271,-36.681981,3.244518,1.482144,-0.03286,-4.027069,0.426144,-1.13147,-0.004439,267.325327,0.708151,33.309666,-5.146638,0.739957,-0.158746,0.027971,-0.004999,0.000768,-5.70E-05,0.655451,10.550619,-6.406294,0.64988,-0.130352,0.028393,-0.004787,0.000664,-5.20E-05,-0.082174,17.693362,0.284943,-0.23902,0.059694,-0.015948,0.003028,-0.000487,4.20E-05,,,,,,,,,,,,,,,,,,,,,,,High,High,High,High,High,,,
311,2026/5/16,47:42.2,9,5,"Kozai, Kazuki",1000188670,Left,WAS_EDA,"Mitsuhiro, Hotaka",1000188673,Left,MEI_MEI,Undefined,10,Top,1,0,0,Fastball,Changeup,BallCalled,Undefined,Undefined,Undefined,0,0,,134.83242,-1.358361,4.782818,2234.450496,150.13458,11:00,1.51216,-0.403151,1.867342,-45.8231,56.5223,-30.2603,0.669803,0.644934,121.18878,-4.85621,2.646887,0.456866,,,,,,,,,,,,19.3745,31.255,0.293205,15.24,1.477488,-2.94247,-36.912239,-1.007826,3.399067,8.253679,-4.323259,WAS_EDA,MEI_MEI,JinguStadium,TeamExclusive,Team,20260516-JinguStadium-1,5ff0e5d0-50e2-11f1-9189-39f1cca7bde1,132.77416,,,13.64364,,,,,,,afea34c9-bccf-4802-9e54-9cdb203d754b,2026/5/16,47:42.2,2026-05-16T13:47:42.1683200+09:00,2026-05-16T04:47:42.1683200Z,,v3,,,,"Ogata, Mikito",1000326132,Right,WAS_EDA,9d70d0b2-ad8c-4a57-a1bf-3d22dc939784,16.571,-37.208665,4.12684,1.510895,-0.852559,-2.161629,0.401074,-3.064545,1.699534,,,,,,,,,,,,,,,,,,,,,,,,,,,,,,,,,,,,,,,,,,,,,,,,,,,High,High,High,,,,,
312,2026/5/16,47:55.5,1,1,"Matsumoto, Nao",1000188670,Right,MEI_MEI,"Tokumaru, Kaisei",1000188673,Left,WAS_EDA,Undefined,10,Bottom,1,1,0,Fastball,Splitter,BallCalled,Undefined,Undefined,Undefined,0,0,,136.4952,-2.249891,3.919288,2282.271989,133.789352,10:30,1.503633,-0.391439,1.818885,-48.1553,51.8291,-50.2468,0.384457,0.215391,123.21101,-5.886025,0.372799,0.451566,,,,,,,,,,,,28.8007,29.408,0.299962,15.24,1.445969,-2.317846,-37.410242,-1.626043,5.205498,8.276182,-4.491404,WAS_EDA,MEI_MEI,JinguStadium,TeamExclusive,Team,20260516-JinguStadium-1,67d85da0-50e2-11f1-9189-39f1cca7bde1,134.33267,,,13.28419,,,,,,,afea34c9-bccf-4802-9e54-9cdb203d754b,2026/5/16,47:55.5,2026-05-16T13:47:55.4729984+09:00,2026-05-16T04:47:55.4729984Z,,v3,,,,"Ogata, Mikito",1000326132,Right,WAS_EDA,103235d4-d534-430c-b7e1-04a3e6fcd87e,16.620337,-37.714375,4.138091,1.50269,-1.460994,-2.245702,0.388653,-2.509137,2.602749,,,,,,,,,,,,,,,,,,,,,,,,,,,,,,,,,,,,,,,,,,,,,,,,,,,High,High,High,,,,,
313,2026/5/16,48:10.2,1,2,"Matsumoto, Nao",1000188670,Right,MEI_MEI,"Tokumaru, Kaisei",1000188673,Left,WAS_EDA,Undefined,10,Bottom,1,2,0,Fastball,Splitter,FoulBallNotFieldable,Undefined,Undefined,Undefined,0,0,,135.57225,-0.650994,2.967786,2243.857702,131.879671,10:30,1.503444,-0.39962,1.830626,-50.5,50.6031,-52.3181,0.814355,-0.08398,122.02585,-4.472573,-0.732221,0.454085,159.9597,10.010458,42.495823,2687.715668,23.293918,3.804699,24.114604,63.093999,62.429685,49.959369,1.759995,29.3814,27.6106,0.331974,15.24,1.484577,-1.680851,-37.219109,-0.584404,5.239803,8.403799,-4.882662,WAS_EDA,MEI_MEI,JinguStadium,TeamExclusive,Team,20260516-JinguStadium-1,709bdd90-50e2-11f1-9189-39f1cca7bde1,133.58739,3.809019,,13.5464,,,,0.459588,0.818623,0.161938,afea34c9-bccf-4802-9e54-9cdb203d754b,2026/5/16,48:10.2,2026-05-16T13:48:10.1960192+09:00,2026-05-16T04:48:10.1960192Z,LineDrive,v3,,,,"Ogata, Mikito",1000326132,Right,WAS_EDA,80bc931f-0019-4fb3-a1c1-97d0861ab899,16.608836,-37.52691,4.201899,1.502707,-0.40557,-2.441331,0.397052,-1.872765,2.619902,,0.459592,32.26268,-6.920295,1.212687,-0.235157,0.018463,0.006654,-0.001128,-0.000225,0.818624,7.723704,-5.331916,0.50948,-0.098655,0.020499,-0.003237,0.000613,-0.0001,0.161934,29.559669,-1.241725,-0.016718,-0.010349,0.031576,-0.020638,0.005092,-0.00035,,,,,,,,,,,,,,,,,,,,,,,High,High,High,Medium,High,,,
314,2026/5/16,48:33.9,1,3,"Matsumoto, Nao",1000188670,Right,MEI_MEI,"Tokumaru, Kaisei",1000188673,Left,WAS_EDA,Undefined,10,Bottom,1,2,1,Cutter,Changeup,InPlay,Undefined,Undefined,Undefined,0,0,,128.80816,-0.917847,2.327056,2342.556352,149.674044,11:00,1.484282,-0.367712,1.840399,-84.2525,25.2472,-12.8742,0.382488,0.160645,118.97005,-7.068775,1.414985,0.472565,,,,,,,,,,,,8.186,14.6115,0.313211,15.24,1.456953,-1.384023,-35.445466,-0.869823,1.353949,6.241695,-7.38992,WAS_EDA,MEI_MEI,JinguStadium,TeamExclusive,Team,20260516-JinguStadium-1,7ebd6b50-50e2-11f1-9189-39f1cca7bde1,128.3634,,,9.83811,,,,,,,afea34c9-bccf-4802-9e54-9cdb203d754b,2026/5/16,48:33.8,2026-05-16T13:48:33.8512896+09:00,2026-05-16T04:48:33.8512896Z,,v3,,,,"Ogata, Mikito",1000326132,Right,WAS_EDA,0609aba8-08ac-4481-a7c9-1aef244e5420,16.599487,-35.684059,3.120848,1.484804,-0.587338,-3.69496,0.367106,-1.435779,0.676975,,,,,,,,,,,,,,,,,,,,,,,,,,,,,,,,,,,,,,,,,,,,,,,,,,,High,High,High,,,,,
315,2026/5/16,48:49.9,2,1,"Matsumoto, Nao",1000188670,Right,MEI_MEI,"Sato, Kanya",1000188673,Left,WAS_EDA,Undefined,10,Bottom,1,2,1,Fastball,Four-Seam,BallCalled,Undefined,GroundBall,Out,1,0,,136.37505,-1.178728,3.58938,2330.025683,158.527894,11:15,1.46582,-0.450576,1.791527,-39.5142,60.7661,-22.4915,0.736311,0.341891,123.07212,-4.204702,2.005649,0.452233,119.27251,-18.706033,22.503515,,,,,2.514092,2.483461,11.816775,0.07051,14.3697,33.0656,0.363672,15.24,1.434075,-2.237018,-37.402485,-0.885509,2.597884,8.226678,-3.828749,WAS_EDA,MEI_MEI,JinguStadium,TeamExclusive,Team,20260516-JinguStadium-1,884796a0-50e2-11f1-9189-39f1cca7bde1,134.13435,0.751532,,13.30293,,,,0.410281,0.751532,-0.334663,afea34c9-bccf-4802-9e54-9cdb203d754b,2026/5/16,48:49.9,2026-05-16T13:48:49.9085312+09:00,2026-05-16T04:48:49.9085312Z,GroundBall,v3,,,,"Ogata, Mikito",1000326132,Right,WAS_EDA,6b7561f7-5f87-4379-977d-d97175a09a61,16.647586,-37.710813,4.113339,1.464574,-0.742011,-1.914375,0.449338,-2.334384,1.298942,180,0.409263,29.081303,,,,,,,,0.751905,-10.658469,,,,,,,,-0.335084,12.047961,,,,,,,,,,,,,,,,,,,,,,,,,,,,,,High,High,High,High,High,,,
316,2026/5/16,50:55.3,2,2,"Matsumoto, Nao",1000329771,Right,MEI_MEI,"Sato, Kanya",1000422696,Left,WAS_EDA,Undefined,10,Bottom,2,0,0,Slider,Slider,FoulBallNotFieldable,Undefined,Undefined,Undefined,0,0,,128.44095,-0.005194,-0.855491,2245.666231,74.431333,8:30,1.68909,0.412705,1.805399,-108.5773,-0.4362,-10.2136,0.601848,0.068593,121.34335,-7.802202,-1.578709,0.469624,,,,,,,,,,,,4.8502,0.5107,-0.391138,15.24,1.681394,0.573332,-35.454237,-0.418282,0.82023,4.865419,-9.720287,WAS_EDA,MEI_MEI,JinguStadium,TeamExclusive,Team,20260516-JinguStadium-1,d30a13c0-50e2-11f1-9189-39f1cca7bde1,129.16719,,,7.09759,,,,,,,afea34c9-bccf-4802-9e54-9cdb203d754b,2026/5/16,50:55.3,2026-05-16T13:50:55.2973312+09:00,2026-05-16T04:50:55.2973312Z,,v3,,,,"Fukuhara, Seiya",1000242807,Right,MEI_MEI,a1db1df1-06d4-48a8-af94-ea6aa2fea691,16.635668,-35.645251,2.432709,1.690325,-0.036667,-4.860144,-0.413014,0.541131,0.410115,,,,,,,,,,,,,,,,,,,,,,,,,,,,,,,,,,,,,,,,,,,,,,,,,,,High,High,High,,,,,
317,2026/5/16,51:09.7,2,3,"Matsumoto, Nao",1000329771,Right,MEI_MEI,"Sato, Kanya",1000422696,Left,WAS_EDA,Undefined,10,Bottom,2,0,1,ChangeUp,Changeup,StrikeSwinging,Undefined,Undefined,Undefined,0,0,,135.99338,-3.380004,-2.240429,1349.537937,249.848795,2:15,1.702815,0.275718,1.797731,-80.8751,17.5556,40.3577,-0.064196,0.045014,126.77277,-9.204434,0.616887,0.448043,,,,,,,,,,,,-22.3923,11.8518,-0.223711,15.24,1.61412,1.28103,-37.398918,-2.526397,-4.146994,6.544694,-7.611728,WAS_EDA,MEI_MEI,JinguStadium,TeamExclusive,Team,20260516-JinguStadium-1,db98a100-50e2-11f1-9189-39f1cca7bde1,135.38871,,,9.22061,,,,,,,afea34c9-bccf-4802-9e54-9cdb203d754b,2026/5/16,51:09.7,2026-05-16T13:51:09.7355776+09:00,2026-05-16T04:51:09.7355776Z,,v3,,,,"Fukuhara, Seiya",1000242807,Right,MEI_MEI,668ae56a-709b-4b3e-adc7-54681f6fbab8,16.643199,-37.643673,3.272347,1.703278,-2.241738,-3.805864,-0.274518,1.436117,-2.073497,,,,,,,,,,,,,,,,,,,,,,,,,,,,,,,,,,,,,,,,,,,,,,,,,,,High,High,High,,,,,
318,2026/5/16,51:26.0,2,4,"Matsumoto, Nao",1000329771,Right,MEI_MEI,"Sato, Kanya",1000422696,Left,WAS_EDA,Undefined,10,Bottom,2,0,2,Fastball,Sinker,FoulBallNotFieldable,Undefined,LineDrive,Single,0,0,,146.90184,-2.306619,-1.732169,2281.946833,232.655205,1:45,1.677114,0.310554,1.919719,-45.8492,37.9586,46.2901,0.570198,0.286855,134.6002,-5.731355,1.56466,0.413425,115.3071,22.943844,-0.124028,1730.589423,33.457903,9.321464,-2.165298,70.485617,70.485617,-6.814022,3.028892,-25.4408,22.2036,-0.274421,15.24,1.622756,1.000026,-40.42189,-1.789087,-5.437928,8.6295,-5.060664,WAS_EDA,MEI_MEI,JinguStadium,TeamExclusive,Team,20260516-JinguStadium-1,e54a2a70-50e2-11f1-9189-39f1cca7bde1,146.72548,9.454403,,12.30164,,,,0.499284,0.598573,-0.284725,afea34c9-bccf-4802-9e54-9cdb203d754b,2026/5/16,51:26.0,2026-05-16T13:51:25.9864576+09:00,2026-05-16T04:51:25.9864576Z,LineDrive,v3,,,,"Fukuhara, Seiya",1000242807,Right,MEI_MEI,8f916911-b368-42af-a097-beffec6f486f,16.520566,-40.694354,4.31475,1.676722,-1.629304,-2.530332,-0.308706,1.171721,-2.718964,140.923242,0.499256,29.49677,-3.560338,0.748953,-0.159927,0.039399,-0.009807,0.001583,-0.000101,0.598595,12.48531,-4.622803,0.167795,-0.002961,-0.007946,0.003034,-0.000239,-2.50E-05,-0.284734,-0.063515,-1.431328,0.323829,-0.076237,0.018553,-0.004299,0.000665,-4.30E-05,,,,,,,,,,,,,,,,,,,,,,,High,High,High,High,High,,,
319,2026/5/16,52:12.8,2,5,"Matsumoto, Nao",1000329771,Right,MEI_MEI,"Sato, Kanya",1000326140,Left,WAS_EDA,Undefined,10,Bottom,2,0,0,Fastball,Sinker,InPlay,Undefined,Undefined,Undefined,0,0,,142.06527,-2.48449,-1.893798,2148.571907,237.262764,2:00,1.677224,0.36578,1.892342,-55.3793,35.1821,49.9872,0.423694,0.33271,129.49155,-6.598942,1.661199,0.42976,,,,,,,,,,,,-27.2053,21.004,-0.325295,15.24,1.617022,1.046936,-39.045126,-1.89141,-5.391047,8.53345,-5.644466,WAS_EDA,MEI_MEI,JinguStadium,TeamExclusive,Team,20260516-JinguStadium-1,013f7410-50e3-11f1-9189-39f1cca7bde1,141.14845,,,12.57371,,,,,,,afea34c9-bccf-4802-9e54-9cdb203d754b,2026/5/16,52:12.8,2026-05-16T13:52:12.8385536+09:00,2026-05-16T04:52:12.8385536Z,,v3,,,,"Fukuhara, Seiya",1000242807,Right,MEI_MEI,2fadff29-8805-4526-8b40-45ceb038e984,16.547271,-39.329797,4.266725,1.676978,-1.703114,-2.822233,-0.363219,1.226778,-2.695523,,,,,,,,,,,,,,,,,,,,,,,,,,,,,,,,,,,,,,,,,,,,,,,,,,,High,High,High,,,,,
320,2026/5/16,54:35.8,4,1,"Matsumoto, Nao",1000329771,Right,MEI_MEI,"Ogata, Mikito",1000326132,Left,WAS_EDA,Undefined,10,Bottom,2,0,0,Fastball,Sinker,BallCalled,Undefined,Undefined,Undefined,0,0,,144.17403,-1.124108,-1.159313,2195.627624,228.855201,1:45,1.682365,0.370905,1.890966,-49.1563,38.0704,40.4515,0.874445,0.449219,131.96201,-4.793044,1.716456,0.421773,,,,,,,,,,,,-21.7279,21.3421,-0.346697,15.24,1.65363,0.604778,-39.688273,-0.951411,-4.478053,8.305389,-5.408109,WAS_EDA,MEI_MEI,JinguStadium,TeamExclusive,Team,20260516-JinguStadium-1,56765570-50e3-11f1-9189-39f1cca7bde1,143.82129,,,12.21202,,,,,,,afea34c9-bccf-4802-9e54-9cdb203d754b,2026/5/16,54:35.8,2026-05-16T13:54:35.8148608+09:00,2026-05-16T04:54:35.8148608Z,,v3,,,,"Fukuhara, Seiya",1000242807,Right,MEI_MEI,4f0bab5f-f867-4653-bb76-6c85242cef2f,16.5488,-39.961221,4.152694,1.681977,-0.773679,-2.704054,-0.36899,0.751945,-2.239027,,,,,,,,,,,,,,,,,,,,,,,,,,,,,,,,,,,,,,,,,,,,,,,,,,,High,High,High,,,,,
321,2026/5/16,54:53.2,4,2,"Matsumoto, Nao",1000329771,Right,MEI_MEI,"Ogata, Mikito",1000326132,Left,WAS_EDA,Undefined,10,Bottom,2,1,0,Slider,Curveball,InPlay,Undefined,LineDrive,Single,0,0,,126.6835,0.82029,-1.177323,2330.287929,55.311703,7:45,1.673745,0.391198,1.774537,-114.2432,0.859,-4.0779,0.763821,0.016757,115.99807,-7.460446,-1.465328,0.484503,122.81642,24.881312,18.881672,1084.449795,31.870396,11.772434,10.411714,77.364804,77.191282,17.863396,3.445,1.2331,0.7361,-0.361556,15.24,1.685973,0.734145,-34.850882,0.066529,0.194992,6.704169,-9.69026,WAS_EDA,MEI_MEI,JinguStadium,TeamExclusive,Team,20260516-JinguStadium-1,60d276c0-50e3-11f1-9189-39f1cca7bde1,125.20045,12.476019,,10.68543,,,,0.891494,0.837904,-0.031306,afea34c9-bccf-4802-9e54-9cdb203d754b,2026/5/16,54:53.2,2026-05-16T13:54:53.1849216+09:00,2026-05-16T04:54:53.1849216Z,LineDrive,v3,,,,"Fukuhara, Seiya",1000242807,Right,MEI_MEI,2dd846e1-a690-4d1a-b719-ac867fab0286,16.665693,-35.124069,3.352084,1.675217,0.461394,-4.84513,-0.39131,0.726199,0.097496,177.698082,0.891454,29.284313,-4.536361,1.057876,-0.192818,0.032179,-0.006218,0.001003,-7.00E-05,0.837946,14.353807,-4.605579,0.138755,-0.034072,0.015589,-0.004641,0.00095,-9.00E-05,-0.031329,10.016167,-1.655554,0.369731,-0.073162,0.01573,-0.003709,0.0006,-4.00E-05,,,,,,,,,,,,,,,,,,,,,,,High,High,High,High,High,,,
322,2026/5/16,55:49.0,4,1,"Matsumoto, Nao",1000329771,Right,MEI_MEI,"Sakaguchi, Yuta",1000242775,Right,WAS_EDA,Undefined,10,Bottom,2,0,0,Fastball,Four-Seam,BallCalled,Undefined,Undefined,Undefined,0,0,,142.64454,-2.873583,-2.412276,2219.403733,197.435401,12:30,1.69256,0.297009,1.966252,-43.7811,45.139,13.2511,0.448693,-0.246369,130.18771,-6.17501,-1.466926,0.425848,,,,,,,,,,,,-8.7125,26.6229,-0.245615,15.24,1.628053,1.589625,-39.193946,-2.104799,-1.74368,8.425379,-4.478447,WAS_EDA,MEI_MEI,JinguStadium,TeamExclusive,Team,20260516-JinguStadium-1,82155370-50e3-11f1-9189-39f1cca7bde1,142.44522,,,12.45683,,,,,,,afea34c9-bccf-4802-9e54-9cdb203d754b,2026/5/16,55:49.0,2026-05-16T13:55:49.0244096+09:00,2026-05-16T04:55:49.0244096Z,,v3,,,,"Fukuhara, Seiya",1000242807,Right,MEI_MEI,8956fa23-90e1-4065-a17c-fa8afad1ff38,16.473277,-39.458168,4.212689,1.691857,-1.964353,-2.239224,-0.296324,1.644307,-0.87184,,,,,,,,,,,,,,,,,,,,,,,,,,,,,,,,,,,,,,,,,,,,,,,,,,,High,High,High,,,,,
323,2026/5/16,56:08.4,4,2,"Matsumoto, Nao",1000329771,Right,MEI_MEI,"Sakaguchi, Yuta",1000242775,Right,WAS_EDA,Undefined,10,Bottom,2,1,0,Slider,Curveball,InPlay,Undefined,GroundBall,Out,2,0,,126.86001,0.256764,-1.421248,2276.202865,4.606928,6:15,1.666428,0.361153,1.83024,-121.4802,-10.2964,-1.0444,0.524158,-0.050728,119.31672,-8.476223,-1.49533,0.476185,102.13131,1.071895,-6.246346,1299.846793,,,,11.784753,11.58847,-4.757037,0.41006,-0.2381,-4.796,-0.327045,15.24,1.664366,0.872764,-35.001588,-0.29723,-0.038991,5.159088,-10.591876,WAS_EDA,MEI_MEI,JinguStadium,TeamExclusive,Team,20260516-JinguStadium-1,8da47680-50e3-11f1-9189-39f1cca7bde1,127.38755,0.573747,,7.54329,,,,0.580462,0.558785,0.048515,afea34c9-bccf-4802-9e54-9cdb203d754b,2026/5/16,56:08.4,2026-05-16T13:56:08.4017664+09:00,2026-05-16T04:56:08.4017664Z,GroundBall,v3,,,,"Fukuhara, Seiya",1000242807,Right,MEI_MEI,cd446cd2-eaff-4a33-8da4-8644dba81a6a,16.611017,-35.203091,2.579544,1.667896,0.116464,-5.295938,-0.361163,0.874287,-0.019495,259.81387,0.581244,28.17096,-2.317025,,,,,,,0.55954,0.506319,-4.566856,,,,,,,0.047798,-3.062811,1.376793,,,,,,,,,,,,,,,,,,,,,,,,,,,,,High,High,High,High,High,,,