PitchNo,Date,Time,PAofInning,PitchofPA,Pitcher,PitcherId,PitcherThrows,PitcherTeam,Batter,BatterId,BatterSide,BatterTeam,PitcherSet,Inning,Top/Bottom,Outs,Balls,Strikes,TaggedPitchType,AutoPitchType,PitchCall,KorBB,TaggedHitType,PlayResult,OutsOnPlay,RunsScored,Notes,RelSpeed,VertRelAngle,HorzRelAngle,SpinRate,SpinAxis,Tilt,RelHeight,RelSide,Extension,VertBreak,InducedVertBreak,HorzBreak,PlateLocHeight,PlateLocSide,ZoneSpeed,VertApprAngle,HorzApprAngle,ZoneTime,ExitSpeed,Angle,Direction,HitSpinRate,PositionAt110X,PositionAt110Y,PositionAt110Z,Distance,LastTrackedDistance,Bearing,HangTime,pfxx,pfxz,x0,y0,z0,vx0,vy0,vz0,ax0,ay0,az0,HomeTeam,AwayTeam,Stadium,Level,League,GameID,PitchUID,EffectiveVelo,MaxHeight,MeasuredDuration,SpeedDrop,PitchLastMeasuredX,PitchLastMeasuredY,PitchLastMeasuredZ,ContactPositionX,ContactPositionY,ContactPositionZ,GameUID,UTCDate,UTCTime,LocalDateTime,UTCDateTime,AutoHitType,System,HomeTeamForeignID,AwayTeamForeignID,GameForeignID,Catcher,CatcherId,CatcherThrows,CatcherTeam,PlayID,PitchTrajectoryXc0,PitchTrajectoryXc1,PitchTrajectoryXc2,PitchTrajectoryYc0,PitchTrajectoryYc1,PitchTrajectoryYc2,PitchTrajectoryZc0,PitchTrajectoryZc1,PitchTrajectoryZc2,HitSpinAxis,HitTrajectoryXc0,HitTrajectoryXc1,HitTrajectoryXc2,HitTrajectoryXc3,HitTrajectoryXc4,HitTrajectoryXc5,HitTrajectoryXc6,HitTrajectoryXc7,HitTrajectoryXc8,HitTrajectoryYc0,HitTrajectoryYc1,HitTrajectoryYc2,HitTrajectoryYc3,HitTrajectoryYc4,HitTrajectoryYc5,HitTrajectoryYc6,HitTrajectoryYc7,HitTrajectoryYc8,HitTrajectoryZc0,HitTrajectoryZc1,HitTrajectoryZc2,HitTrajectoryZc3,HitTrajectoryZc4,HitTrajectoryZc5,HitTrajectoryZc6,HitTrajectoryZc7,HitTrajectoryZc8,ThrowSpeed,PopTime,ExchangeTime,TimeToBase,CatchPositionX,CatchPositionY,CatchPositionZ,ThrowPositionX,ThrowPositionY,ThrowPositionZ,BasePositionX,BasePositionY,BasePositionZ,ThrowTrajectoryXc0,ThrowTrajectoryXc1,ThrowTrajectoryXc2,ThrowTrajectoryYc0,ThrowTrajectoryYc1,ThrowTrajectoryYc2,ThrowTrajectoryZc0,ThrowTrajectoryZc1,ThrowTrajectoryZc2,PitchReleaseConfidence,PitchLocationConfidence,PitchMovementConfidence,HitLaunchConfidence,HitLandingConfidence,CatcherThrowCatchConfidence,CatcherThrowReleaseConfidence,CatcherThrowLocationConfidence
1,2026/10/6,01:31.2,1,1,"Takahashi, Koki",1000326144,Right,WAS_EDA,"Okada, Keigo",1000242813,Left,MEI_MEI,Undefined,1,Top,0,0,0,Fastball,Four-Seam,BallCalled,Undefined,Undefined,Undefined,0,0,,152.8064,-0.5389,-1.688721,2681.621318,210.214318,1:00,1.701484,0.770152,1.90848,-29.7372,48.0804,26.526,1.252595,0.560693,138.92546,-2.829289,0.197772,0.398376,,,,,,,,,,,,-14.9011,26.0249,-0.733433,15.24,1.687448,1.099679,-42.039143,-0.480403,-3.431928,9.667019,-3.812766,WAS_EDA,MEI_MEI,JinguStadium,TeamExclusive,Team,20261006-JinguStadium-1,9d2c5bf0-c13a-11f1-a3c0-e9a65f64b74e,152.26813,,,13.88094,,,,,,,70b076e0-976d-4b15-a51a-1ed58523581a,2026/10/6,01:31.2,2026-10-06T13:01:31.2230000+09:00,2026-10-06T04:01:31.2230000Z,,v3,,,,"Ogata, Mikito",1000326132,Right,WAS_EDA,8cad07b2-c14d-43e2-825f-7577755d6bc1,16.530732,-42.33491,4.83351,1.700362,-0.363749,-1.906383,-0.768684,1.20468,-1.715964,,,,,,,,,,,,,,,,,,,,,,,,,,,,,,,,,,,,,,,,,,,,,,,,,,,High,High,High,,,,,
2,2026/10/6,01:44.0,1,2,"Takahashi, Koki",1000326144,Right,WAS_EDA,"Okada, Keigo",1000242813,Left,MEI_MEI,Undefined,1,Top,0,1,0,Fastball,Four-Seam,StrikeCalled,Undefined,Undefined,Undefined,0,0,,150.47855,-2.621872,-3.81847,2635.191175,208.690338,1:00,1.661572,0.741285,1.958599,-36.3817,43.1399,22.2687,0.561075,-0.107379,138.1103,-5.36909,-2.234189,0.402715,,,,,,,,,,,,-14.1594,25.0344,-0.659394,15.24,1.602415,2.648186,-41.329241,-2.012333,-3.178739,8.626261,-4.186528,WAS_EDA,MEI_MEI,JinguStadium,TeamExclusive,Team,20261006-JinguStadium-1,a4ccdfb0-c13a-11f1-a3c0-e9a65f64b74e,150.6278,,,12.36825,,,,,,,70b076e0-976d-4b15-a51a-1ed58523581a,2026/10/6,01:44.0,2026-10-06T13:01:43.9630000+09:00,2026-10-06T04:01:43.9630000Z,,v3,,,,"Ogata, Mikito",1000326132,Right,WAS_EDA,4cf5c1e9-3950-40de-a671-a36036307059,16.481105,-41.587478,4.313131,1.66078,-1.887005,-2.093264,-0.740095,2.743345,-1.589369,,,,,,,,,,,,,,,,,,,,,,,,,,,,,,,,,,,,,,,,,,,,,,,,,,,High,High,High,,,,,
3,2026/10/6,01:57.7,1,3,"Takahashi, Koki",1000326144,Right,WAS_EDA,"Okada, Keigo",1000242813,Left,MEI_MEI,Undefined,1,Top,0,1,1,Fastball,Four-Seam,StrikeCalled,Undefined,Undefined,Undefined,0,0,,151.9121,-1.81088,-4.733738,2607.59778,214.466549,1:15,1.657262,0.731058,2.02284,-32.3755,45.5093,29.5055,0.826311,-0.297776,138.47538,-4.296397,-2.630417,0.398548,,,,,,,,,,,,-18.8176,25.9563,-0.634639,15.24,1.618097,3.307212,-41.69042,-1.412356,-4.274539,9.262119,-3.910501,WAS_EDA,MEI_MEI,JinguStadium,TeamExclusive,Team,20261006-JinguStadium-1,acff9150-c13a-11f1-a3c0-e9a65f64b74e,152.20233,,,13.43673,,,,,,,70b076e0-976d-4b15-a51a-1ed58523581a,2026/10/6,01:57.7,2026-10-06T13:01:57.7310000+09:00,2026-10-06T04:01:57.7310000Z,,v3,,,,"Ogata, Mikito",1000326132,Right,WAS_EDA,a0565708-1bb0-4f06-b899-c4a2bf31f23d,16.416693,-41.951025,4.631059,1.656288,-1.302328,-1.955251,-0.729384,3.427483,-2.137269,,,,,,,,,,,,,,,,,,,,,,,,,,,,,,,,,,,,,,,,,,,,,,,,,,,High,High,High,,,,,
4,2026/10/6,02:15.3,1,4,"Takahashi, Koki",1000326144,Right,WAS_EDA,"Okada, Keigo",1000242813,Left,MEI_MEI,Undefined,1,Top,0,1,2,Fastball,Four-Seam,FoulBallNotFieldable,Undefined,Undefined,Undefined,0,0,,153.32529,-3.0938,-4.230056,2642.054031,214.211024,1:15,1.664186,0.726075,2.015846,-30.0914,46.3711,29.8474,0.496416,-0.158448,140.07893,-5.405464,-2.100581,0.394893,96.25413,34.027122,-131.538818,4217.612661,-25.165388,6.815462,-22.154634,43.931003,31.992747,-141.259683,2.446355,-18.7171,27.3524,-0.639698,15.24,1.598287,2.967474,-42.077645,-2.364751,-4.335044,9.355138,-3.471604,WAS_EDA,MEI_MEI,JinguStadium,TeamExclusive,Team,20261006-JinguStadium-1,b77a3720-c13a-11f1-a3c0-e9a65f64b74e,153.61137,8.749166,,13.24635,,,,0.260508,0.455979,0.179655,70b076e0-976d-4b15-a51a-1ed58523581a,2026/10/6,02:15.3,2026-10-06T13:02:15.3460000+09:00,2026-10-06T04:02:15.3460000Z,Popup,v3,,,,"Ogata, Mikito",1000326132,Right,WAS_EDA,513cc131-bd81-4d6e-b872-6e110791920e,16.424114,-42.340091,4.677569,1.663261,-2.267359,-1.735802,-0.724652,3.089088,-2.167522,45.753312,0.2605,-14.694022,-0.357055,0.314387,-0.049946,0.001909,0.011242,-0.005178,0.000688,0.455992,14.960954,-7.364848,0.639253,-0.076946,-0.025237,0.025529,-0.007056,0.000667,0.179622,-16.584682,2.33721,-0.132313,0.007937,0.009828,0.007193,-0.005841,0.000957,,,,,,,,,,,,,,,,,,,,,,,High,High,High,High,Medium,,,
5,2026/10/6,02:37.8,1,5,"Takahashi, Koki",1000326144,Right,WAS_EDA,"Okada, Keigo",1000242813,Left,MEI_MEI,Undefined,1,Top,0,1,2,Cutter,Slider,StrikeSwinging,Strikeout,Undefined,Undefined,0,0,,139.07245,-1.146609,-3.728273,2553.402643,117.537973,10:00,1.65055,0.775242,1.869992,-86.0564,8.0391,-10.0637,0.466256,-0.377141,128.32823,-7.393773,-4.440594,0.438065,,,,,,,,,,,,2.6707,5.7822,-0.687819,15.24,1.618475,2.537338,-38.220165,-1.103829,0.511843,7.506274,-8.698496,WAS_EDA,MEI_MEI,JinguStadium,TeamExclusive,Team,20261006-JinguStadium-1,c4dc1e60-c13a-11f1-a3c0-e9a65f64b74e,138.47247,,,10.74422,,,,,,,70b076e0-976d-4b15-a51a-1ed58523581a,2026/10/6,02:37.8,2026-10-06T13:02:37.7540000+09:00,2026-10-06T04:02:37.7540000Z,,v3,,,,"Ogata, Mikito",1000326132,Right,WAS_EDA,51ca557c-3878-448d-925e-06928c84a62b,16.570086,-38.480501,3.753137,1.651527,-0.802144,-4.349248,-0.775512,2.519586,0.255921,,,,,,,,,,,,,,,,,,,,,,,,,,,,,113.53821,,,0.977905,,,,0.126006,1.56086,0.90344,21.398662,1.893452,-16.632578,0.13216,23.054329,-1.339838,1.571451,4.614112,-4.386859,0.880152,-20.58655,2.749685,High,High,High,,,High,Medium,Medium
6,2026/10/6,03:07.3,2,1,"Takahashi, Koki",1000326144,Right,WAS_EDA,"Yoshida, Shoki",1000423715,Left,MEI_MEI,Undefined,1,Top,1,0,0,Cutter,Slider,BallCalled,Undefined,Undefined,Undefined,0,0,,136.25158,2.335164,-1.397544,2723.941672,38.20598,7:15,1.649797,0.784251,1.760385,-109.9203,-10.7707,-10.7988,1.213446,0.27982,125.06338,-5.604771,-2.158515,0.449676,,,,,,,,,,,,4.5177,-6.0345,-0.748309,15.24,1.700712,0.967736,-37.472701,1.060515,0.83259,7.189193,-10.918784,WAS_EDA,MEI_MEI,JinguStadium,TeamExclusive,Team,20261006-JinguStadium-1,d6771b70-c13a-11f1-a3c0-e9a65f64b74e,134.89703,,,11.1882,,,,,,,70b076e0-976d-4b15-a51a-1ed58523581a,2026/10/6,03:07.3,2026-10-06T13:03:07.2850000+09:00,2026-10-06T04:03:07.2850000Z,,v3,,,,"Ogata, Mikito",1000326132,Right,WAS_EDA,93bf61cf-87fe-463c-bb91-3b81be19c254,16.679662,-37.747891,3.594596,1.652118,1.478468,-5.459392,-0.784743,0.935865,0.416295,,,,,,,,,,,,,,,,,,,,,,,,,,,,,,,,,,,,,,,,,,,,,,,,,,,High,High,High,,,,,
7,2026/10/6,03:20.2,2,2,"Takahashi, Koki",1000326144,Right,WAS_EDA,"Yoshida, Shoki",1000423715,Left,MEI_MEI,Undefined,1,Top,1,1,0,Cutter,Slider,FoulBallNotFieldable,Undefined,Undefined,Undefined,0,0,,135.66278,0.104877,-2.344132,2613.323369,68.639443,8:15,1.618418,0.777621,1.865115,-97.7677,1.45,-4.2883,0.670319,0.073823,124.30233,-7.015534,-2.648341,0.449831,117.76076,6.066166,-175.686703,3190.468407,,,,20.952119,17.50337,-177.868532,0.704792,0.5121,1.5737,-0.722623,15.24,1.614761,1.547368,-37.318592,-0.311528,0.092979,7.586587,-9.5209,WAS_EDA,MEI_MEI,JinguStadium,TeamExclusive,Team,20261006-JinguStadium-1,de244960-c13a-11f1-a3c0-e9a65f64b74e,134.85065,1.145451,,11.36045,,,,0.797029,0.687637,-0.051164,70b076e0-976d-4b15-a51a-1ed58523581a,2026/10/6,03:20.1,2026-10-06T13:03:20.1560000+09:00,2026-10-06T04:03:20.1560000Z,GroundBall,v3,,,,"Ogata, Mikito",1000326132,Right,WAS_EDA,704ca015-a761-4646-a11c-dd5868f9f6bf,16.57486,-37.588979,3.793294,1.619817,0.027799,-4.76045,-0.777712,1.544054,0.046489,,0.797029,-32.436025,2.381368,-0.178535,0.0205,0.003454,-0.000423,-0.000205,9.90E-05,0.687637,3.45683,-6.689194,0.647754,-0.13014,0.026222,-0.004441,0.000909,-0.000132,-0.051164,-2.446447,2.28827,-0.467799,0.106006,-0.018871,0.003555,-0.000706,7.80E-05,,,,,,,,,,,,,,,,,,,,,,,High,High,High,High,High,,,
8,2026/10/6,03:38.7,2,3,"Takahashi, Koki",1000326144,Right,WAS_EDA,"Yoshida, Shoki",1000423715,Left,MEI_MEI,Undefined,1,Top,1,1,1,Fastball,Four-Seam,FoulBallNotFieldable,Undefined,Undefined,Undefined,0,0,,152.20268,-2.996559,-4.302333,2594.331078,221.854434,1:30,1.64071,0.73344,2.09569,-40.1833,35.6897,30.0544,0.403431,-0.163295,140.92056,-6.014912,-2.146747,0.393367,95.59621,48.672193,-115.094008,4348.315948,-18.02673,15.204654,-28.269366,52.631114,22.558127,-125.795269,3.487969,-18.6429,21.5146,-0.651338,15.24,1.58077,3.010708,-41.831422,-2.323037,-4.323419,8.108386,-4.817252,WAS_EDA,MEI_MEI,JinguStadium,TeamExclusive,Team,20261006-JinguStadium-1,e9275910-c13a-11f1-a3c0-e9a65f64b74e,154.20698,15.979292,,11.28211,,,,0.087332,0.373581,0.172495,70b076e0-976d-4b15-a51a-1ed58523581a,2026/10/6,03:38.7,2026-10-06T13:03:38.6770000+09:00,2026-10-06T04:03:38.6770000Z,Popup,v3,,,,"Ogata, Mikito",1000326132,Right,WAS_EDA,aab636f4-6496-44da-9665-3525328492de,16.344704,-42.045007,4.054193,1.64029,-2.196144,-2.408626,-0.732143,3.124592,-2.161709,32.226223,0.086964,-7.424365,-1.455622,0.676855,-0.338438,0.149184,-0.036958,0.004459,-0.000199,0.373344,19.946839,-7.218935,0.709606,-0.094503,-0.058776,0.043494,-0.010342,0.000855,0.172103,-15.86478,0.673893,0.426737,-0.462534,0.302843,-0.102101,0.016989,-0.001122,,,,,,,,,,,,,,,,,,,,,,,High,High,High,High,Low,,,
9,2026/10/6,04:01.6,2,4,"Takahashi, Koki",1000326144,Right,WAS_EDA,"Yoshida, Shoki",1000423715,Left,MEI_MEI,Undefined,1,Top,1,1,2,Fastball,Four-Seam,StrikeSwinging,Strikeout,Undefined,Undefined,0,0,,153.63912,-2.002325,-3.231274,2526.307719,225.547121,1:30,1.663028,0.752392,2.034561,-35.2691,40.6918,38.9215,0.750912,0.239675,139.85189,-4.696381,-0.444799,0.393595,,,,,,,,,,,,-22.7464,23.625,-0.688032,15.24,1.620304,2.190492,-42.232836,-1.584079,-5.286976,9.759813,-4.315455,WAS_EDA,MEI_MEI,JinguStadium,TeamExclusive,Team,20261006-JinguStadium-1,f6d73940-c13a-11f1-a3c0-e9a65f64b74e,154.11773,,,13.78723,,,,,,,70b076e0-976d-4b15-a51a-1ed58523581a,2026/10/6,04:01.6,2026-10-06T13:04:01.6290000+09:00,2026-10-06T04:04:01.6290000Z,,v3,,,,"Ogata, Mikito",1000326132,Right,WAS_EDA,e270be90-0c86-4d5b-843a-e8667174f93b,16.404973,-42.501204,4.879907,1.662231,-1.465417,-2.157728,-0.750263,2.335869,-2.643488,,,,,,,,,,,,,,,,,,,,,,,,,,,,,109.91714,2.588317,1.591808,0.996509,-0.634421,0.661298,-0.233127,-0.591414,1.589565,-0.625792,20.151973,2.16239,-17.878708,-0.579819,22.326876,-1.52976,1.601605,4.850194,-4.304483,-0.651603,-19.724,2.449464,High,High,High,,,High,Medium,Medium
10,2026/10/6,04:35.2,3,1,"Takahashi, Koki",1000326144,Right,WAS_EDA,"Sakakibara, Nanato",1000242816,Left,MEI_MEI,Undefined,1,Top,2,0,0,OneSeamFastBall,Changeup,BallCalled,Undefined,Undefined,Undefined,0,0,,143.99002,-2.031067,-2.616782,1552.964739,238.238135,2:00,1.626646,0.805984,1.8809,-63.8619,22.3421,32.4876,0.415422,0.393693,134.39198,-6.687934,-0.309337,0.419294,,,,,,,,,,,,-18.3511,13.4536,-0.747559,15.24,1.575768,1.65819,-39.658604,-1.657176,-3.849805,6.777088,-6.984271,WAS_EDA,MEI_MEI,JinguStadium,TeamExclusive,Team,20261006-JinguStadium-1,0ad6b330-c13b-11f1-a3c0-e9a65f64b74e,144.67188,,,9.59804,,,,,,,70b076e0-976d-4b15-a51a-1ed58523581a,2026/10/6,04:35.2,2026-10-06T13:04:35.1630000+09:00,2026-10-06T04:04:35.1630000Z,,v3,,,,"Ogata, Mikito",1000326132,Right,WAS_EDA,6aff3637-b29e-49a0-b243-b98874ae2738,16.559672,-39.883479,3.388544,1.626911,-1.425426,-3.492135,-0.8047,1.785933,-1.924903,,,,,,,,,,,,,,,,,,,,,,,,,,,,,,,,,,,,,,,,,,,,,,,,,,,High,High,High,,,,,
11,2026/10/6,04:49.3,3,2,"Takahashi, Koki",1000326144,Right,WAS_EDA,"Sakakibara, Nanato",1000242816,Left,MEI_MEI,Undefined,1,Top,2,1,0,Fastball,Four-Seam,InPlay,Undefined,LineDrive,Out,1,0,,152.46966,-2.600723,-3.652071,2631.772029,211.271675,1:00,1.626465,0.713414,2.092894,-32.459,43.3858,24.9855,0.577396,-0.052695,140.39024,-5.078387,-1.858902,0.393294,164.30656,17.53366,-2.827396,1931.075571,33.409714,9.55337,-2.81372,104.563287,101.579973,-11.042943,3.619369,-15.6885,25.4833,-0.64357,15.24,1.574418,2.562116,-41.932104,-1.999751,-3.63608,8.624596,-3.900464,WAS_EDA,MEI_MEI,JinguStadium,TeamExclusive,Team,20261006-JinguStadium-1,133b7150-c13b-11f1-a3c0-e9a65f64b74e,154.23567,12.399172,,12.07941,,,,0.147382,0.560181,0.059331,70b076e0-976d-4b15-a51a-1ed58523581a,2026/10/6,04:49.3,2026-10-06T13:04:49.2580000+09:00,2026-10-06T04:04:49.2580000Z,LineDrive,v3,,,,"Ogata, Mikito",1000326132,Right,WAS_EDA,da682a62-4456-48ad-a4ef-d8a364d63292,16.347313,-42.159241,4.312298,1.625731,-1.897029,-1.950232,-0.712307,2.657875,-1.81804,149.158517,0.147395,43.467327,-7.970867,1.879301,-0.406083,0.079744,-0.012421,0.001273,-6.20E-05,0.560193,13.748602,-4.044242,-0.038406,0.066485,-0.021507,0.00424,-0.000459,2.10E-05,0.05934,-2.147248,-1.420592,0.220785,-0.037226,0.005481,-0.000672,3.70E-05,1.00E-06,,,,,,,,,,,,,,,,,,,,,,,High,High,High,High,Medium,,,
12,2026/10/6,07:10.7,1,1,"Yuda, Toma",1000338410,Right,MEI_MEI,"Nakamura, Shunei",1000422721,Left,WAS_EDA,Undefined,1,Bottom,0,0,0,Slider,Slider,StrikeCalled,Undefined,Undefined,Undefined,0,0,,127.52162,0.621999,-2.421184,3072.815738,59.010942,8:00,1.769164,0.748596,1.662474,-127.8167,-12.7194,-27.0571,0.668633,-0.213208,117.42532,-8.51653,-4.316772,0.484493,,,,,,,,,,,,11.8797,-5.7484,-0.681217,15.24,1.77536,1.610403,-35.051605,-0.148723,1.905188,6.62227,-10.72854,WAS_EDA,MEI_MEI,JinguStadium,TeamExclusive,Team,20261006-JinguStadium-1,679d2860-c13b-11f1-a3c0-e9a65f64b74e,125.20313,,,10.0963,,,,,,,70b076e0-976d-4b15-a51a-1ed58523581a,2026/10/6,07:10.7,2026-10-06T13:07:10.6940000+09:00,2026-10-06T04:07:10.6940000Z,,v3,,,,"Fukuhara, Seiya",1000242807,Right,MEI_MEI,01d37e54-975b-43ee-b979-35649bdb66cf,16.77783,-35.340952,3.311135,1.771617,0.320039,-5.36427,-0.749762,1.527159,0.952594,,,,,,,,,,,,,,,,,,,,,,,,,,,,,,,,,,,,,,,,,,,,,,,,,,,High,High,High,,,,,
13,2026/10/6,07:21.0,1,2,"Yuda, Toma",1000338410,Right,MEI_MEI,"Nakamura, Shunei",1000422721,Left,WAS_EDA,Undefined,1,Bottom,0,0,1,ChangeUp,Changeup,BallCalled,Undefined,Undefined,Undefined,0,0,,128.22897,-2.313153,-5.403638,1551.20982,248.747012,2:15,1.751588,0.802902,1.648586,-95.1798,18.6645,39.23,0.135922,-0.352485,118.83537,-9.1203,-2.668597,0.481848,,,,,,,,,,,,-23.3908,11.8378,-0.659437,15.24,1.680496,3.140666,-35.124217,-1.805159,-3.808823,5.969838,-7.879052,WAS_EDA,MEI_MEI,JinguStadium,TeamExclusive,Team,20261006-JinguStadium-1,6dc0a910-c13b-11f1-a3c0-e9a65f64b74e,125.89021,,,9.3936,,,,,,,70b076e0-976d-4b15-a51a-1ed58523581a,2026/10/6,07:21.0,2026-10-06T13:07:21.0430000+09:00,2026-10-06T04:07:21.0430000Z,,v3,,,,"Fukuhara, Seiya",1000242807,Right,MEI_MEI,aaf3a922-5db3-4589-b7af-d6da184794cd,16.791949,-35.387008,2.984919,1.752325,-1.458324,-3.939526,-0.801379,3.30833,-1.904411,,,,,,,,,,,,,,,,,,,,,,,,,,,,,,,,,,,,,,,,,,,,,,,,,,,High,High,High,,,,,
14,2026/10/6,07:34.5,1,3,"Yuda, Toma",1000338410,Right,MEI_MEI,"Nakamura, Shunei",1000422721,Left,WAS_EDA,Undefined,1,Bottom,0,1,1,Slider,Curveball,BallCalled,Undefined,Undefined,Undefined,0,0,,126.92941,-0.757466,-2.557993,3084.723013,53.485101,7:45,1.775261,0.734226,1.668102,-127.0581,-11.3411,-19.9505,0.288403,-0.195369,117.65406,-9.806123,-3.957972,0.485795,,,,,,,,,,,,8.3404,-4.2408,-0.664002,15.24,1.744476,1.651148,-34.899584,-0.980378,1.33069,6.35239,-10.483261,WAS_EDA,MEI_MEI,JinguStadium,TeamExclusive,Team,20261006-JinguStadium-1,75ce6d90-c13b-11f1-a3c0-e9a65f64b74e,124.86743,,,9.27535,,,,,,,70b076e0-976d-4b15-a51a-1ed58523581a,2026/10/6,07:34.5,2026-10-06T13:07:34.5480000+09:00,2026-10-06T04:07:34.5480000Z,,v3,,,,"Fukuhara, Seiya",1000242807,Right,MEI_MEI,de9163a9-1611-4a1e-b1de-20b13e41b448,16.772453,-35.177414,3.176195,1.777327,-0.52188,-5.24163,-0.734944,1.592949,0.665345,,,,,,,,,,,,,,,,,,,,,,,,,,,,,,,,,,,,,,,,,,,,,,,,,,,High,High,High,,,,,
15,2026/10/6,07:48.2,1,4,"Yuda, Toma",1000338410,Right,MEI_MEI,"Nakamura, Shunei",1000422721,Left,WAS_EDA,Undefined,1,Bottom,0,2,1,Fastball,Four-Seam,FoulBallNotFieldable,Undefined,Undefined,Undefined,0,0,,146.53319,-1.329171,-4.024004,2562.714144,201.300983,12:45,1.77061,0.644062,1.830886,-41.3242,43.6446,16.029,0.981036,-0.333835,134.67519,-4.414273,-2.893552,0.416279,,,,,,,,,,,,-10.9311,24.1474,-0.548671,15.24,1.735988,2.75197,-40.253878,-1.083198,-2.332729,8.017693,-4.653536,WAS_EDA,MEI_MEI,JinguStadium,TeamExclusive,Team,20261006-JinguStadium-1,7de9edb0-c13b-11f1-a3c0-e9a65f64b74e,145.71956,,,11.85799,,,,,,,70b076e0-976d-4b15-a51a-1ed58523581a,2026/10/6,07:48.2,2026-10-06T13:07:48.2400000+09:00,2026-10-06T04:07:48.2400000Z,,v3,,,,"Fukuhara, Seiya",1000242807,Right,MEI_MEI,d1d4c500-6565-4411-bab7-9c6e4758b49d,16.609152,-40.525665,4.008846,1.770033,-0.92545,-2.326768,-0.643299,2.831046,-1.166364,,,,,,,,,,,,,,,,,,,,,,,,,,,,,,,,,,,,,,,,,,,,,,,,,,,High,High,High,,,,,
16,2026/10/6,08:04.9,1,5,"Yuda, Toma",1000338410,Right,MEI_MEI,"Nakamura, Shunei",1000422721,Left,WAS_EDA,Undefined,1,Bottom,0,2,2,Fastball,Four-Seam,FoulBallNotFieldable,Undefined,Undefined,Undefined,0,0,,144.60039,-0.270234,-1.933366,2578.926404,197.484771,12:30,1.792676,0.67814,1.802236,-40.6508,47.0552,13.9615,1.309679,0.270629,132.09655,-3.327566,-0.947346,0.422931,,,,,,,,,,,,-8.4896,25.1149,-0.631833,15.24,1.783282,1.271267,-39.772872,-0.326879,-1.758756,8.269435,-4.603721,WAS_EDA,MEI_MEI,JinguStadium,TeamExclusive,Team,20261006-JinguStadium-1,87dfac10-c13b-11f1-a3c0-e9a65f64b74e,143.42776,,,12.50384,,,,,,,70b076e0-976d-4b15-a51a-1ed58523581a,2026/10/6,08:04.9,2026-10-06T13:08:04.9250000+09:00,2026-10-06T04:08:04.9250000Z,,v3,,,,"Fukuhara, Seiya",1000242807,Right,MEI_MEI,f202dd5e-abac-4465-8c9d-60dd3e69d64a,16.637206,-40.062321,4.134718,1.791903,-0.165738,-2.301861,-0.677408,1.332828,-0.879378,,,,,,,,,,,,,,,,,,,,,,,,,,,,,,,,,,,,,,,,,,,,,,,,,,,High,High,High,,,,,
17,2026/10/6,08:23.1,1,6,"Yuda, Toma",1000338410,Right,MEI_MEI,"Nakamura, Shunei",1000422721,Left,WAS_EDA,Undefined,1,Bottom,0,2,2,ChangeUp,Changeup,BallCalled,Undefined,Undefined,Undefined,0,0,,128.27088,-2.952723,-5.807098,1560.111698,236.711806,2:00,1.736388,0.758655,1.776516,-80.0682,32.6708,44.2724,0.094041,-0.449623,118.14867,-8.768566,-2.700898,0.479503,,,,,,,,,,,,-26.7916,19.7601,-0.616964,15.24,1.656765,3.374443,-35.096819,-2.108684,-4.3336,6.274231,-6.610409,WAS_EDA,MEI_MEI,JinguStadium,TeamExclusive,Team,20261006-JinguStadium-1,92bf0720-c13b-11f1-a3c0-e9a65f64b74e,126.50589,,,10.12221,,,,,,,70b076e0-976d-4b15-a51a-1ed58523581a,2026/10/6,08:23.1,2026-10-06T13:08:23.1470000+09:00,2026-10-06T04:08:23.1470000Z,,v3,,,,"Fukuhara, Seiya",1000242807,Right,MEI_MEI,77bc074d-afc8-4ee4-ac8b-a2e9d49c39c2,16.663865,-35.350445,3.137115,1.736604,-1.841468,-3.305205,-0.756912,3.549622,-2.1668,,,,,,,,,,,,,,,,,,,,,,,,,,,,,,,,,,,,,,,,,,,,,,,,,,,High,High,High,,,,,
18,2026/10/6,08:42.4,1,7,"Yuda, Toma",1000338410,Right,MEI_MEI,"Nakamura, Shunei",1000422721,Left,WAS_EDA,Undefined,1,Bottom,0,3,2,Fastball,Four-Seam,StrikeCalled,Strikeout,Undefined,Undefined,0,0,,145.36206,-3.012891,-4.03086,2521.296189,201.453663,12:45,1.75961,0.67941,1.868667,-38.4862,48.0821,17.8061,0.523052,-0.28,133.08595,-5.908235,-2.771905,0.420179,,,,,,,,,,,,-11.9815,27.7656,-0.586518,15.24,1.686806,2.720988,-39.869319,-2.228158,-2.495417,8.270897,-4.023827,WAS_EDA,MEI_MEI,JinguStadium,TeamExclusive,Team,20261006-JinguStadium-1,9e363560-c13b-11f1-a3c0-e9a65f64b74e,144.36713,,,12.27612,,,,,,,70b076e0-976d-4b15-a51a-1ed58523581a,2026/10/6,08:42.4,2026-10-06T13:08:42.3980000+09:00,2026-10-06T04:08:42.3980000Z,,v3,,,,"Fukuhara, Seiya",1000242807,Right,MEI_MEI,d64dab7b-872b-4981-88b3-a2ac9fed3416,16.570885,-40.144462,4.135449,1.758702,-2.094299,-2.011914,-0.678416,2.804001,-1.247708,,,,,,,,,,,,,,,,,,,,,,,,,,,,,107.92926,2.766621,1.715302,1.051318,-0.042188,0.473521,0.302796,-1.147783,1.058187,0.152604,21.623958,1.784251,-16.406954,-1.14693,22.763205,-1.04998,1.079829,5.940985,-5.013218,0.127909,-18.198982,2.350378,High,High,High,,,High,Medium,Medium
19,2026/10/6,09:11.8,2,1,"Yuda, Toma",1000338410,Right,MEI_MEI,"Yuasa, Osuke",1000422710,Right,WAS_EDA,Undefined,1,Bottom,1,0,0,Slider,Slider,BallCalled,Undefined,Undefined,Undefined,0,0,,127.90722,0.378804,-3.543311,3161.852542,54.449887,7:45,1.755256,0.765172,1.706484,-133.707,-20.109,-32.7496,0.526184,-0.571881,118.52609,-9.15537,-5.839496,0.481327,,,,,,,,,,,,14.063,-9.2822,-0.670029,15.24,1.754836,2.330115,-35.150441,-0.317701,2.275476,6.460325,-11.308571,WAS_EDA,MEI_MEI,JinguStadium,TeamExclusive,Team,20261006-JinguStadium-1,afcd61e0-c13b-11f1-a3c0-e9a65f64b74e,126.02661,,,9.38113,,,,,,,70b076e0-976d-4b15-a51a-1ed58523581a,2026/10/6,09:11.8,2026-10-06T13:09:11.8060000+09:00,2026-10-06T04:09:11.8060000Z,,v3,,,,"Fukuhara, Seiya",1000242807,Right,MEI_MEI,8e47e3dd-ffe3-4adc-8b1d-9623798496c9,16.73419,-35.423995,3.230163,1.758151,0.161145,-5.654285,-0.766655,2.233764,1.137738,,,,,,,,,,,,,,,,,,,,,,,,,,,,,,,,,,,,,,,,,,,,,,,,,,,High,High,High,,,,,
20,2026/10/6,09:22.6,2,2,"Yuda, Toma",1000338410,Right,MEI_MEI,"Yuasa, Osuke",1000422710,Right,WAS_EDA,Undefined,1,Bottom,1,1,0,Fastball,Four-Seam,BallCalled,Undefined,Undefined,Undefined,0,0,,142.71634,-0.444848,-5.327158,2594.748168,200.446825,12:45,1.78993,0.692957,1.783431,-41.7073,48.7945,17.1737,1.246322,-0.648387,130.84534,-3.561806,-4.123926,0.429619,,,,,,,,,,,,-12.2387,26.0211,-0.561851,15.24,1.775904,3.559861,-39.118796,-0.447225,-2.466073,7.586803,-4.563461,WAS_EDA,MEI_MEI,JinguStadium,TeamExclusive,Team,20261006-JinguStadium-1,b6305c90-c13b-11f1-a3c0-e9a65f64b74e,141.19496,,,11.871,,,,,,,70b076e0-976d-4b15-a51a-1ed58523581a,2026/10/6,09:22.6,2026-10-06T13:09:22.5720000+09:00,2026-10-06T04:09:22.5720000Z,,v3,,,,"Fukuhara, Seiya",1000242807,Right,MEI_MEI,6275cfad-151c-4a91-a7d3-cbe12754c4f5,16.655959,-39.392453,3.793401,1.789067,-0.28262,-2.281731,-0.69186,3.648813,-1.233036,,,,,,,,,,,,,,,,,,,,,,,,,,,,,,,,,,,,,,,,,,,,,,,,,,,High,High,High,,,,,
21,2026/10/6,09:42.3,2,3,"Yuda, Toma",1000338410,Right,MEI_MEI,"Yuasa, Osuke",1000422710,Right,WAS_EDA,Undefined,1,Bottom,1,2,0,Fastball,Four-Seam,StrikeCalled,Undefined,Undefined,Undefined,0,0,,143.84502,-2.902694,-3.510251,2496.248632,200.256287,12:45,1.773465,0.711127,1.911887,-38.8882,48.3194,16.8735,0.566779,-0.107651,132.6187,-5.822456,-2.312787,0.421727,,,,,,,,,,,,-11.0168,27.7861,-0.632924,15.24,1.705559,2.343378,-39.515738,-2.13038,-2.26999,7.574649,-4.081374,WAS_EDA,MEI_MEI,JinguStadium,TeamExclusive,Team,20261006-JinguStadium-1,c1e975d0-c13b-11f1-a3c0-e9a65f64b74e,143.83704,,,11.22632,,,,,,,70b076e0-976d-4b15-a51a-1ed58523581a,2026/10/6,09:42.3,2026-10-06T13:09:42.2960000+09:00,2026-10-06T04:09:42.2960000Z,,v3,,,,"Fukuhara, Seiya",1000242807,Right,MEI_MEI,99813b4b-7334-474b-ae85-40bf90dd95c2,16.527949,-39.761854,3.787324,1.772625,-1.997768,-2.040687,-0.710263,2.417135,-1.134995,,,,,,,,,,,,,,,,,,,,,,,,,,,,,,,,,,,,,,,,,,,,,,,,,,,High,High,High,,,,,
22,2026/10/6,09:56.3,2,4,"Yuda, Toma",1000338410,Right,MEI_MEI,"Yuasa, Osuke",1000422710,Right,WAS_EDA,Undefined,1,Bottom,1,2,1,Fastball,Four-Seam,InPlay,Undefined,LineDrive,Single,0,0,,143.865,-2.839601,-3.09237,2623.681975,194.387686,12:30,1.80174,0.675122,1.782683,-43.9493,44.4935,10.7488,0.556166,-0.09408,132.86185,-6.08888,-2.335064,0.424704,170.19204,8.093155,-2.370617,2529.239647,33.523513,2.862445,-0.534418,59.464939,59.464939,0.012462,1.545505,-7.4884,25.4149,-0.599213,15.24,1.728142,2.081776,-39.523341,-2.124551,-1.545261,7.492277,-4.562187,WAS_EDA,MEI_MEI,JinguStadium,TeamExclusive,Team,20261006-JinguStadium-1,ca5056d0-c13b-11f1-a3c0-e9a65f64b74e,142.82902,2.88952,,11.00315,,,,0.171946,0.544238,0.099025,70b076e0-976d-4b15-a51a-1ed58523581a,2026/10/6,09:56.3,2026-10-06T13:09:56.3540000+09:00,2026-10-06T04:09:56.3540000Z,LineDrive,v3,,,,"Fukuhara, Seiya",1000242807,Right,MEI_MEI,f20b7aa3-6864-4e98-8218-ba3de1411d4d,16.657376,-39.79112,3.746139,1.801161,-1.961495,-2.281094,-0.674604,2.137005,-0.77263,235.046742,0.171946,46.764667,-7.283991,1.611404,-0.36295,0.082677,-0.018104,0.00311,-0.000284,0.544238,6.655594,-4.916414,0.300795,-0.041948,0.00503,-0.00018,-1.50E-05,4.00E-06,0.099025,-1.935995,1.759876,-0.501788,0.136651,-0.035264,0.008273,-0.001481,0.000139,,,,,,,,,,,,,,,,,,,,,,,High,High,High,High,High,,,
23,2026/10/6,10:35.9,3,1,"Yuda, Toma",1000338410,Right,MEI_MEI,"Okanishi, Yuya",1000242774,Left,WAS_EDA,Undefined,1,Bottom,1,0,0,Fastball,Four-Seam,FoulBallNotFieldable,Undefined,Undefined,Undefined,0,0,,145.11637,-1.895064,-3.280369,2529.946295,192.454229,12:30,1.757461,0.623983,1.935627,-39.586,46.3227,9.6309,0.828862,-0.201043,132.76568,-4.886237,-2.595802,0.418575,144.26458,-31.234505,90.519488,,,,,1.585939,0.45579,78.91298,0.039889,-7.3446,26.3311,-0.55192,15.24,1.713202,2.240195,-39.882204,-1.446324,-1.528579,8.384258,-4.326548,WAS_EDA,MEI_MEI,JinguStadium,TeamExclusive,Team,20261006-JinguStadium-1,e1e21f40-c13b-11f1-a3c0-e9a65f64b74e,144.92025,0.830865,,12.35069,,,,0.317397,0.830865,0.186338,70b076e0-976d-4b15-a51a-1ed58523581a,2026/10/6,10:35.9,2026-10-06T13:10:35.8890000+09:00,2026-10-06T04:10:35.8890000Z,GroundBall,v3,,,,"Fukuhara, Seiya",1000242807,Right,MEI_MEI,c35eb355-76fd-4f8e-9d3d-1af1465a04c3,16.504138,-40.147078,4.192129,1.756735,-1.30964,-2.163274,-0.623455,2.288486,-0.76429,,0.317402,-0.31141,,,,,,,,0.831183,-20.829391,,,,,,,,0.185813,34.345302,,,,,,,,,,,,,,,,,,,,,,,,,,,,,,High,High,High,Low,Low,,,
24,2026/10/6,10:58.0,3,2,"Yuda, Toma",1000338410,Right,MEI_MEI,"Okanishi, Yuya",1000242774,Left,WAS_EDA,Undefined,1,Bottom,1,0,1,ChangeUp,Changeup,StrikeCalled,Undefined,Undefined,Undefined,0,0,,125.88043,-0.029297,-4.314295,1533.761879,232.834848,1:45,1.754088,0.756109,1.737741,-82.8376,33.8948,39.9731,0.917368,-0.071784,115.62733,-6.074151,-1.509868,0.487922,,,,,,,,,,,,-23.0737,18.3587,-0.648607,15.24,1.747169,2.422484,-34.550376,-0.318513,-3.623244,5.976553,-6.923797,WAS_EDA,MEI_MEI,JinguStadium,TeamExclusive,Team,20261006-JinguStadium-1,ef1afab0-c13b-11f1-a3c0-e9a65f64b74e,124.32318,,,10.2531,,,,,,,70b076e0-976d-4b15-a51a-1ed58523581a,2026/10/6,10:58.0,2026-10-06T13:10:58.0140000+09:00,2026-10-06T04:10:58.0140000Z,,v3,,,,"Fukuhara, Seiya",1000242807,Right,MEI_MEI,f6631e29-cd97-41ca-be14-34fafeec6699,16.701813,-34.802323,2.988277,1.754444,-0.026634,-3.461899,-0.753948,2.575225,-1.811622,,,,,,,,,,,,,,,,,,,,,,,,,,,,,,,,,,,,,,,,,,,,,,,,,,,High,High,High,,,,,
25,2026/10/6,11:44.7,3,3,"Yuda, Toma",1000338410,Right,MEI_MEI,"Okanishi, Yuya",1000242774,Left,WAS_EDA,Undefined,1,Bottom,1,0,2,Fastball,Four-Seam,FoulBallNotFieldable,Undefined,Undefined,Undefined,0,0,,145.7984,-1.776799,-2.530764,2527.775988,201.130033,12:45,1.789917,0.625136,1.881966,-41.8527,43.4087,15.7709,0.870584,0.06999,133.83484,-4.913088,-1.411879,0.416995,119.3365,63.96028,-41.618073,,15.347334,27.552883,-29.809107,44.271286,19.333429,-63.554655,5.188744,-9.8977,24.4971,-0.56774,15.24,1.746331,1.695524,-40.102295,-1.388075,-2.090948,8.164125,-4.631505,WAS_EDA,MEI_MEI,JinguStadium,TeamExclusive,Team,20261006-JinguStadium-1,0ae27d90-c13c-11f1-a3c0-e9a65f64b74e,145.46936,34.154162,,11.96356,,,,0.038443,0.962721,-0.095729,70b076e0-976d-4b15-a51a-1ed58523581a,2026/10/6,11:44.7,2026-10-06T13:11:44.6770000+09:00,2026-10-06T04:11:44.6770000Z,Popup,v3,,,,"Fukuhara, Seiya",1000242807,Right,MEI_MEI,c842a176-3e0a-4f31-a566-853a19c4cc7e,16.557914,-40.369707,4.082063,1.789313,-1.236372,-2.315752,-0.624398,1.764012,-1.045474,157.713745,0.035584,10.904154,-4.554184,1.26948,-0.018807,-0.146492,0.055007,-0.008346,0.000466,0.959305,29.848751,-8.414951,1.228384,-0.359593,0.0878,-0.01207,0.000599,8.00E-06,-0.096177,-9.664602,0.300646,0.070493,0.04647,-0.054243,0.018966,-0.002911,0.000167,,,,,,,,,,,,,,,,,,,,,,,High,High,High,High,Low,,,
26,2026/10/6,12:13.4,3,4,"Yuda, Toma",1000338410,Right,MEI_MEI,"Okanishi, Yuya",1000242774,Left,WAS_EDA,Undefined,1,Bottom,1,0,2,Fastball,Four-Seam,HitByPitch,Undefined,Undefined,Undefined,0,0,,145.93655,-1.657231,-4.058407,2443.479021,180.678572,12:00,1.789441,0.594729,1.922387,-42.3461,41.4565,0.4651,0.899351,-0.542079,135.80854,-4.799857,-4.025438,0.413412,,,,,,,,,,,,-2.5895,23.3546,-0.503958,15.24,1.749833,2.846264,-40.145687,-1.311662,-0.555679,7.089344,-4.794987,WAS_EDA,MEI_MEI,JinguStadium,TeamExclusive,Team,20261006-JinguStadium-1,1bf64940-c13c-11f1-a3c0-e9a65f64b74e,146.7301,,,10.12801,,,,,,,70b076e0-976d-4b15-a51a-1ed58523581a,2026/10/6,12:13.3,2026-10-06T13:12:13.3510000+09:00,2026-10-06T04:12:13.3510000Z,,v3,,,,"Fukuhara, Seiya",1000242807,Right,MEI_MEI,b5b97ef5-0cfd-4509-a718-4cc620cc85e4,16.518304,-40.370792,3.544672,1.789064,-1.159409,-2.397494,-0.594615,2.863909,-0.277839,,,,,,,,,,,,,,,,,,,,,,,,,,,,,,,,,,,,,,,,,,,,,,,,,,,High,High,High,,,,,
27,2026/10/6,12:59.3,4,1,"Yuda, Toma",1000338410,Right,MEI_MEI,"Terao, Kensei",1000242786,Right,WAS_EDA,Undefined,1,Bottom,1,0,0,Fastball,Four-Seam,BallCalled,Undefined,Undefined,Undefined,0,0,,146.4843,-2.732732,-5.023866,2536.199092,191.564716,12:30,1.780512,0.584017,1.904813,-39.6575,45.0116,8.6857,0.612234,-0.744936,134.76431,-5.699305,-4.410224,0.415544,,,,,,,,,,,,-7.7909,25.9271,-0.470448,15.24,1.71591,3.486723,-40.152547,-2.053454,-1.654059,7.986024,-4.302159,WAS_EDA,MEI_MEI,JinguStadium,TeamExclusive,Team,20261006-JinguStadium-1,37601bc0-c13c-11f1-a3c0-e9a65f64b74e,145.97722,,,11.71998,,,,,,,70b076e0-976d-4b15-a51a-1ed58523581a,2026/10/6,12:59.3,2026-10-06T13:12:59.3190000+09:00,2026-10-06T04:12:59.3190000Z,,v3,,,,"Fukuhara, Seiya",1000242807,Right,MEI_MEI,75ad2630-504a-45c9-a71c-1fc8e4ab2eda,16.534669,-40.409226,3.993012,1.779688,-1.915179,-2.151079,-0.583369,3.539886,-0.827029,,,,,,,,,,,,,,,,,,,,,,,,,,,,,,,,,,,,,,,,,,,,,,,,,,,High,High,High,,,,,
28,2026/10/6,13:18.0,4,2,"Yuda, Toma",1000338410,Right,MEI_MEI,"Terao, Kensei",1000242786,Right,WAS_EDA,Undefined,1,Bottom,1,1,0,Slider,Slider,BallCalled,Undefined,Undefined,Undefined,0,0,,130.07913,-0.769721,-3.890709,3012.098522,57.924003,8:00,1.741174,0.709996,1.616377,-121.2877,-10.4785,-21.7447,0.307537,-0.622407,120.90231,-9.362346,-5.406817,0.475382,,,,,,,,,,,,8.4057,-3.9645,-0.60015,15.24,1.709078,2.532874,-35.724062,-0.997071,1.410255,6.429549,-10.471783,WAS_EDA,MEI_MEI,JinguStadium,TeamExclusive,Team,20261006-JinguStadium-1,42853260-c13c-11f1-a3c0-e9a65f64b74e,127.60271,,,9.17682,,,,,,,70b076e0-976d-4b15-a51a-1ed58523581a,2026/10/6,13:18.0,2026-10-06T13:13:18.0020000+09:00,2026-10-06T04:13:18.0020000Z,,v3,,,,"Fukuhara, Seiya",1000242807,Right,MEI_MEI,e7e35352-c965-4884-bb9a-3c5a7d232064,16.824394,-36.008089,3.214775,1.742906,-0.534476,-5.235892,-0.710665,2.470576,0.705127,,,,,,,,,,,,,,,,,,,,,,,,,,,,,,,,,,,,,,,,,,,,,,,,,,,High,High,High,,,,,
29,2026/10/6,13:43.2,4,3,"Yuda, Toma",1000338410,Right,MEI_MEI,"Terao, Kensei",1000242786,Right,WAS_EDA,Undefined,1,Bottom,1,2,0,Fastball,Four-Seam,BallCalled,Undefined,Undefined,Undefined,0,0,,145.86065,-3.117568,-4.080866,2568.242719,195.1952,12:30,1.760975,0.6584,1.85855,-43.6295,42.1021,10.7278,0.442727,-0.386675,134.29079,-6.356223,-3.322961,0.418143,,,,,,,,,,,,-8.2324,24.6098,-0.563208,15.24,1.684812,2.80185,-40.016199,-2.339027,-1.73542,7.956112,-4.618828,WAS_EDA,MEI_MEI,JinguStadium,TeamExclusive,Team,20261006-JinguStadium-1,5185ae70-c13c-11f1-a3c0-e9a65f64b74e,145.06987,,,11.56987,,,,,,,70b076e0-976d-4b15-a51a-1ed58523581a,2026/10/6,13:43.2,2026-10-06T13:13:43.2070000+09:00,2026-10-06T04:13:43.2070000Z,,v3,,,,"Fukuhara, Seiya",1000242807,Right,MEI_MEI,6a384b0e-89e1-4265-bae4-96a0ec9048d0,16.581218,-40.281981,3.978056,1.760372,-2.18473,-2.309414,-0.657775,2.859824,-0.86771,,,,,,,,,,,,,,,,,,,,,,,,,,,,,,,,,,,,,,,,,,,,,,,,,,,High,High,High,,,,,
30,2026/10/6,14:06.0,4,4,"Yuda, Toma",1000338410,Right,MEI_MEI,"Terao, Kensei",1000242786,Right,WAS_EDA,Undefined,1,Bottom,1,3,0,Fastball,Four-Seam,StrikeCalled,Undefined,Undefined,Undefined,0,0,,145.26567,-2.683349,-3.957189,2542.905217,196.079575,12:30,1.775148,0.602901,1.923346,-42.5828,43.3652,11.7227,0.593561,-0.392705,133.21449,-5.87349,-3.125479,0.418671,,,,,,,,,,,,-8.8074,25.2256,-0.515072,15.24,1.712553,2.701294,-39.870783,-2.012865,-1.836023,8.205375,-4.548038,WAS_EDA,MEI_MEI,JinguStadium,TeamExclusive,Team,20261006-JinguStadium-1,5f2031e0-c13c-11f1-a3c0-e9a65f64b74e,144.88712,,,12.05119,,,,,,,70b076e0-976d-4b15-a51a-1ed58523581a,2026/10/6,14:06.0,2026-10-06T13:14:06.0100000+09:00,2026-10-06T04:14:06.0100000Z,,v3,,,,"Fukuhara, Seiya",1000242807,Right,MEI_MEI,1461007e-b744-4425-84db-2d45c0305f2f,16.516189,-40.132562,4.102687,1.774456,-1.867768,-2.274019,-0.602187,2.75987,-0.918012,,,,,,,,,,,,,,,,,,,,,,,,,,,,,,,,,,,,,,,,,,,,,,,,,,,High,High,High,,,,,
31,2026/10/6,14:42.9,4,5,"Yuda, Toma",1000338410,Right,MEI_MEI,"Terao, Kensei",1000242786,Right,WAS_EDA,Undefined,1,Bottom,1,3,1,Fastball,Four-Seam,StrikeCalled,Undefined,Undefined,Undefined,0,0,,146.03224,-3.240547,-3.183661,2530.003386,195.35729,12:30,1.774201,0.639911,1.981527,-37.7589,46.0916,11.9776,0.487681,-0.131876,134.75127,-6.082,-2.329492,0.41353,,,,,,,,,,,,-8.3192,27.0274,-0.572597,15.24,1.702884,2.176128,-40.131329,-2.391189,-1.76802,7.810501,-4.06271,WAS_EDA,MEI_MEI,JinguStadium,TeamExclusive,Team,20261006-JinguStadium-1,75220b80-c13c-11f1-a3c0-e9a65f64b74e,146.6881,,,11.28097,,,,,,,70b076e0-976d-4b15-a51a-1ed58523581a,2026/10/6,14:42.9,2026-10-06T13:14:42.9460000+09:00,2026-10-06T04:14:42.9460000Z,,v3,,,,"Fukuhara, Seiya",1000242807,Right,MEI_MEI,9d990853-fee3-487f-81e1-7226fc42cedb,16.45834,-40.36775,3.90525,1.773403,-2.268212,-2.031355,-0.639278,2.229645,-0.88401,,,,,,,,,,,,,,,,,,,,,,,,,,,,,,,,,,,,,,,,,,,,,,,,,,,High,High,High,,,,,
32,2026/10/6,15:06.3,4,6,"Yuda, Toma",1000338410,Right,MEI_MEI,"Terao, Kensei",1000242786,Right,WAS_EDA,Undefined,1,Bottom,1,3,2,Fastball,Four-Seam,InPlay,Undefined,GroundBall,Single,0,0,,146.55155,-3.193376,-2.874753,2403.835081,188.083164,12:15,1.748486,0.592781,2.05001,-41.4657,40.7158,5.4543,0.442239,-0.15414,135.85216,-6.297728,-2.483907,0.409394,132.44812,-1.865363,-23.833399,,,,,8.519563,8.462538,-21.698581,0.225259,-4.6894,24.3201,-0.53517,15.24,1.682087,2.000852,-40.320194,-2.38226,-1.009173,7.62824,-4.572887,WAS_EDA,MEI_MEI,JinguStadium,TeamExclusive,Team,20261006-JinguStadium-1,8309eba0-c13c-11f1-a3c0-e9a65f64b74e,148.17014,0.471099,,10.6994,,,,0.56616,0.471099,0.161132,70b076e0-976d-4b15-a51a-1ed58523581a,2026/10/6,15:06.3,2026-10-06T13:15:06.2840000+09:00,2026-10-06T04:15:06.2840000Z,GroundBall,v3,,,,"Fukuhara, Seiya",1000242807,Right,MEI_MEI,7cf49b12-72d6-49d0-a831-4ba02941af72,16.390388,-40.537253,3.81412,1.748022,-2.25214,-2.286444,-0.592512,2.029567,-0.504587,118.399568,0.566548,33.61309,-4.388895,,,,,,,0.471198,-1.203376,-3.945991,,,,,,,0.161111,-14.857431,0.705461,,,,,,,,,,,,,,,,,,,,,,,,,,,,,High,High,High,High,High,,,
33,2026/10/6,15:48.9,5,1,"Yuda, Toma",1000338410,Right,MEI_MEI,"Tokumaru, Kaisei",1000422696,Left,WAS_EDA,Undefined,1,Bottom,1,0,0,ChangeUp,Changeup,BallCalled,Undefined,Undefined,Undefined,0,0,,130.32788,-1.07215,-4.992756,1574.062273,238.557257,2:00,1.737226,0.756654,1.74023,-85.5963,22.2646,31.627,0.575613,-0.348453,121.32666,-7.245979,-2.775987,0.469015,,,,,,,,,,,,-19.0227,12.8863,-0.631347,15.24,1.70332,2.980198,-35.780418,-1.003411,-3.241474,5.654315,-7.610829,WAS_EDA,MEI_MEI,JinguStadium,TeamExclusive,Team,20261006-JinguStadium-1,9c870950-c13c-11f1-a3c0-e9a65f64b74e,129.33492,,,9.00122,,,,,,,70b076e0-976d-4b15-a51a-1ed58523581a,2026/10/6,15:48.9,2026-10-06T13:15:48.9330000+09:00,2026-10-06T04:15:48.9330000Z,,v3,,,,"Fukuhara, Seiya",1000242807,Right,MEI_MEI,f65a3a1e-5ee8-4a06-b74e-ae489a380e9a,16.700119,-36.010419,2.827157,1.737839,-0.693825,-3.805414,-0.755254,3.112051,-1.620737,,,,,,,,,,,,,,,,,,,,,,,,,,,,,,,,,,,,,,,,,,,,,,,,,,,High,High,High,,,,,
34,2026/10/6,16:06.5,5,2,"Yuda, Toma",1000338410,Right,MEI_MEI,"Tokumaru, Kaisei",1000422696,Left,WAS_EDA,Undefined,1,Bottom,1,1,0,Slider,Slider,StrikeCalled,Undefined,Undefined,Undefined,0,0,,130.15967,0.353228,-1.762455,3075.349798,45.42416,7:30,1.731142,0.707805,1.674051,-129.6346,-20.1694,-23.6458,0.535557,-0.031325,120.69636,-8.892307,-3.423081,0.47249,,,,,,,,,,,,10.7804,-9.484,-0.658814,15.24,1.729957,1.214932,-35.82744,-0.327771,1.818629,6.484819,-11.406572,WAS_EDA,MEI_MEI,JinguStadium,TeamExclusive,Team,20261006-JinguStadium-1,a6f775f0-c13c-11f1-a3c0-e9a65f64b74e,128.38365,,,9.46331,,,,,,,70b076e0-976d-4b15-a51a-1ed58523581a,2026/10/6,16:06.5,2026-10-06T13:16:06.4610000+09:00,2026-10-06T04:16:06.4610000Z,,v3,,,,"Fukuhara, Seiya",1000242807,Right,MEI_MEI,f91bcb0e-3dcc-4802-917c-3b1dbd0bb7b0,16.766788,-36.102733,3.24241,1.733593,0.156461,-5.703286,-0.708751,1.137727,0.909314,,,,,,,,,,,,,,,,,,,,,,,,,,,,,,,,,,,,,,,,,,,,,,,,,,,High,High,High,,,,,
35,2026/10/6,16:24.1,5,3,"Yuda, Toma",1000338410,Right,MEI_MEI,"Tokumaru, Kaisei",1000422696,Left,WAS_EDA,Undefined,1,Bottom,1,1,1,ChangeUp,Changeup,BallCalled,Undefined,Undefined,Undefined,0,0,,130.15364,-2.259553,-4.260478,1481.309162,231.379346,1:45,1.720871,0.795651,1.757356,-86.5945,21.663,23.2942,0.211854,-0.1822,121.10025,-8.498311,-2.622405,0.469876,,,,,,,,,,,,-14.5907,13.3554,-0.689783,15.24,1.657322,2.557784,-35.73804,-1.744653,-2.469062,5.935271,-7.54663,WAS_EDA,MEI_MEI,JinguStadium,TeamExclusive,Team,20261006-JinguStadium-1,b17242d0-c13c-11f1-a3c0-e9a65f64b74e,129.09776,,,9.05339,,,,,,,70b076e0-976d-4b15-a51a-1ed58523581a,2026/10/6,16:24.1,2026-10-06T13:16:24.0680000+09:00,2026-10-06T04:16:24.0680000Z,,v3,,,,"Fukuhara, Seiya",1000242807,Right,MEI_MEI,1e5ea31e-ca1f-4a7a-aaf7-e5946cd5e3d0,16.683051,-35.9769,2.967636,1.721422,-1.440946,-3.773315,-0.794718,2.65715,-1.234531,,,,,,,,,,,,,,,,,,,,,,,,,,,,,,,,,,,,,,,,,,,,,,,,,,,High,High,High,,,,,
36,2026/10/6,17:01.3,5,4,"Yuda, Toma",1000338410,Right,MEI_MEI,"Tokumaru, Kaisei",1000422696,Left,WAS_EDA,Undefined,1,Bottom,1,2,1,Fastball,Four-Seam,InPlay,Undefined,GroundBall,Out,1,0,,147.45911,-1.565001,-2.63789,2527.005934,189.991551,12:15,1.750425,0.614714,1.98781,-36.1525,46.2198,7.6958,0.950681,-0.046524,135.11598,-4.31383,-2.088563,0.409869,108.11408,-23.805229,9.980715,,,,,2.203864,2.203864,11.043998,0.075971,-5.8584,26.1145,-0.559139,15.24,1.715232,1.832925,-40.573045,-1.217426,-1.264395,8.514225,-4.170464,WAS_EDA,MEI_MEI,JinguStadium,TeamExclusive,Team,20261006-JinguStadium-1,c7a6c530-c13c-11f1-a3c0-e9a65f64b74e,147.99838,0.925246,,12.34312,,,,0.097494,0.925246,0.058682,70b076e0-976d-4b15-a51a-1ed58523581a,2026/10/6,17:01.3,2026-10-06T13:17:01.3450000+09:00,2026-10-06T04:17:01.3450000Z,GroundBall,v3,,,,"Fukuhara, Seiya",1000242807,Right,MEI_MEI,8ae6f903-9f4b-4489-9717-ed8fc97ef7c9,16.451938,-40.826578,4.257113,1.749635,-1.09324,-2.085232,-0.614279,1.870576,-0.632198,,0.095928,27.188893,,,,,,,,0.925947,-12.17901,,,,,,,,0.058406,4.7847,,,,,,,,,,,,,,,,,,,,,,,,,,,,,,High,High,High,Estimated,Estimated,,,
37,2026/10/6,17:45.4,6,1,"Yuda, Toma",1000338410,Right,MEI_MEI,"Takahashi, Hiroto",1000326145,Right,WAS_EDA,Undefined,1,Bottom,2,0,0,Fastball,Four-Seam,FoulBallNotFieldable,Undefined,Undefined,Undefined,0,0,,146.28931,-0.710204,-2.70384,2416.369846,203.730797,12:45,1.733759,0.585691,2.028467,-41.9901,40.7076,16.8546,1.115525,-0.000522,134.80471,-3.876498,-1.497526,0.410678,,,,,,,,,,,,-10.6595,22.6977,-0.531027,15.24,1.717051,1.826826,-40.295538,-0.631517,-2.283944,7.876084,-4.943382,WAS_EDA,MEI_MEI,JinguStadium,TeamExclusive,Team,20261006-JinguStadium-1,e1e78100-c13c-11f1-a3c0-e9a65f64b74e,147.70697,,,11.4846,,,,,,,70b076e0-976d-4b15-a51a-1ed58523581a,2026/10/6,17:45.4,2026-10-06T13:17:45.3700000+09:00,2026-10-06T04:17:45.3700000Z,,v3,,,,"Fukuhara, Seiya",1000242807,Right,MEI_MEI,f5fd11e5-9cdc-4d2e-817c-fde9bc038822,16.411678,-40.523905,3.938042,1.733284,-0.488184,-2.471691,-0.584956,1.893048,-1.141972,,,,,,,,,,,,,,,,,,,,,,,,,,,,,,,,,,,,,,,,,,,,,,,,,,,High,High,High,,,,,
38,2026/10/6,18:19.5,6,2,"Yuda, Toma",1000338410,Right,MEI_MEI,"Takahashi, Hiroto",1000326145,Right,WAS_EDA,Undefined,1,Bottom,2,0,1,Fastball,Four-Seam,InPlay,Undefined,FlyBall,Out,1,0,,147.24732,-0.814461,-3.413339,2562.736108,199.827998,12:45,1.773705,0.585568,1.880573,-38.2726,45.489,15.4765,1.161271,-0.22172,134.82947,-3.70134,-2.317274,0.413311,142.79016,56.204141,24.527639,5087.887045,26.222972,41.92007,20.892119,58.233554,22.800787,43.036723,5.876075,-10.3523,24.897,-0.507677,15.24,1.752501,2.337563,-40.478488,-0.703115,-2.22597,8.398356,-4.453243,WAS_EDA,MEI_MEI,JinguStadium,TeamExclusive,Team,20261006-JinguStadium-1,f6362c60-c13c-11f1-a3c0-e9a65f64b74e,146.76599,41.983591,,12.41784,,,,0.097443,1.139073,0.231449,70b076e0-976d-4b15-a51a-1ed58523581a,2026/10/6,18:19.5,2026-10-06T13:18:19.4670000+09:00,2026-10-06T04:18:19.4670000Z,FlyBall,v3,,,,"Fukuhara, Seiya",1000242807,Right,MEI_MEI,2eab1a9e-ac88-41bc-855a-cf21c61ff455,16.559211,-40.751274,4.199178,1.772989,-0.558469,-2.226621,-0.584777,2.409865,-1.112985,198.489291,0.09677,20.066873,-7.497248,2.224996,-0.398594,0.016179,0.00935,-0.001773,9.70E-05,1.134164,33.045787,-8.452275,1.117819,-0.292888,0.067898,-0.008651,0.000367,7.00E-06,0.23176,9.15802,-0.398232,-0.122866,0.041332,0.001207,-0.002818,0.000519,-3.00E-05,,,,,,,,,,,,,,,,,,,,,,,High,High,High,High,Low,,,
39,2026/10/6,20:34.8,1,1,"Takahashi, Koki",1000326144,Right,WAS_EDA,"Utsumi, Yuta",1000188679,Left,MEI_MEI,Undefined,2,Top,0,0,0,Fastball,Four-Seam,BallCalled,Undefined,Undefined,Undefined,0,0,,151.96492,-0.679294,-2.664585,2638.786655,214.737612,1:15,1.687525,0.760244,1.966255,-29.2746,49.2922,32.319,1.204347,0.336754,137.48095,-2.95546,-0.359836,0.400289,,,,,,,,,,,,-18.7346,26.9332,-0.704191,15.24,1.671091,1.77604,-41.772104,-0.569603,-4.239664,9.958498,-3.711641,WAS_EDA,MEI_MEI,JinguStadium,TeamExclusive,Team,20261006-JinguStadium-1,46e20760-c13d-11f1-a3c0-e9a65f64b74e,151.54036,,,14.48397,,,,,,,70b076e0-976d-4b15-a51a-1ed58523581a,2026/10/6,20:34.8,2026-10-06T13:20:34.7790000+09:00,2026-10-06T04:20:34.7790000Z,,v3,,,,"Ogata, Mikito",1000326132,Right,WAS_EDA,30c17d17-ee7d-4961-80b1-fbb3cc31d196,16.472642,-42.06494,4.979249,1.686236,-0.46046,-1.85582,-0.758249,1.90071,-2.119832,,,,,,,,,,,,,,,,,,,,,,,,,,,,,,,,,,,,,,,,,,,,,,,,,,,High,High,High,,,,,
40,2026/10/6,20:46.5,1,2,"Takahashi, Koki",1000326144,Right,WAS_EDA,"Utsumi, Yuta",1000188679,Left,MEI_MEI,Undefined,2,Top,0,1,0,Cutter,Slider,FoulBallNotFieldable,Undefined,Undefined,Undefined,0,0,,135.34471,-0.297555,-2.552838,2506.425059,183.86974,12:15,1.620679,0.837731,1.875558,-88.0939,9.3615,0.4691,0.655862,0.123054,126.59723,-6.685489,-2.519555,0.445818,146.27218,55.137501,-24.873205,5869.268342,25.541325,36.972683,-21.720167,67.699763,29.815427,-48.219507,5.442507,-1.6783,5.731,-0.778616,15.24,1.608239,1.661161,-37.304568,-0.528527,-0.311639,5.969969,-8.742456,WAS_EDA,MEI_MEI,JinguStadium,TeamExclusive,Team,20261006-JinguStadium-1,4ddc11f0-c13d-11f1-a3c0-e9a65f64b74e,136.06444,38.533139,,8.74749,,,,0.416361,0.673418,-0.127729,70b076e0-976d-4b15-a51a-1ed58523581a,2026/10/6,20:46.5,2026-10-06T13:20:46.5080000+09:00,2026-10-06T04:20:46.5080000Z,FlyBall,v3,,,,"Ogata, Mikito",1000326132,Right,WAS_EDA,20547f64-9020-4668-8b94-2165248aff61,16.56516,-37.516038,2.984985,1.621476,-0.218849,-4.371228,-0.837654,1.6722,-0.15582,142.877199,0.433101,20.727757,-5.539299,-0.229129,1.337825,-0.686258,0.165722,-0.019615,0.000914,0.685343,33.128955,-8.497888,0.023058,0.590258,-0.257582,0.051996,-0.00509,0.000192,-0.126722,-9.822373,-1.482856,0.405465,0.317851,-0.255736,0.075863,-0.010299,0.000532,,,,,,,,,,,,,,,,,,,,,,,High,High,High,High,Low,,,
41,2026/10/6,21:25.9,1,3,"Takahashi, Koki",1000326144,Right,WAS_EDA,"Utsumi, Yuta",1000188679,Left,MEI_MEI,Undefined,2,Top,0,1,1,Cutter,Slider,FoulBallNotFieldable,Undefined,Undefined,Undefined,0,0,,138.21386,-0.20331,-2.787834,2630.662477,131.862461,10:30,1.620958,0.798194,1.864438,-85.3859,9.3166,-7.3966,0.709738,-0.062001,127.80781,-6.415393,-3.311927,0.439476,,,,,,,,,,,,2.0429,5.6815,-0.732579,15.24,1.610774,1.886251,-38.045827,-0.466361,0.38965,7.12331,-8.722977,WAS_EDA,MEI_MEI,JinguStadium,TeamExclusive,Team,20261006-JinguStadium-1,655c7540-c13d-11f1-a3c0-e9a65f64b74e,138.02797,,,10.40605,,,,,,,70b076e0-976d-4b15-a51a-1ed58523581a,2026/10/6,21:25.9,2026-10-06T13:21:25.9210000+09:00,2026-10-06T04:21:25.9210000Z,,v3,,,,"Ogata, Mikito",1000326132,Right,WAS_EDA,91ddad92-442f-4ab5-8db3-fb9254f7a171,16.576028,-38.295154,3.561655,1.621754,-0.161043,-4.361489,-0.798362,1.872612,0.194825,,,,,,,,,,,,,,,,,,,,,,,,,,,,,,,,,,,,,,,,,,,,,,,,,,,High,High,High,,,,,
42,2026/10/6,21:44.5,1,4,"Takahashi, Koki",1000326144,Right,WAS_EDA,"Utsumi, Yuta",1000188679,Left,MEI_MEI,Undefined,2,Top,0,1,2,Fastball,Four-Seam,FoulBallNotFieldable,Undefined,Undefined,Undefined,0,0,,151.72049,-1.568037,-4.673007,2610.863902,208.448997,1:00,1.633374,0.762569,2.119836,-41.7665,35.4796,17.8613,0.779268,-0.357717,138.27645,-4.738518,-3.392159,0.396911,79.24473,-12.313226,82.627363,,,,,3.568756,2.894662,78.547513,0.146744,-12.99,20.8445,-0.674736,15.24,1.601824,3.324837,-41.665285,-1.270897,-2.938223,9.512372,-5.091805,WAS_EDA,MEI_MEI,JinguStadium,TeamExclusive,Team,20261006-JinguStadium-1,706c7d40-c13d-11f1-a3c0-e9a65f64b74e,152.83032,0.768513,,13.44404,,,,0.33111,0.768513,0.370419,70b076e0-976d-4b15-a51a-1ed58523581a,2026/10/6,21:44.5,2026-10-06T13:21:44.5310000+09:00,2026-10-06T04:21:44.5310000Z,GroundBall,v3,,,,"Ogata, Mikito",1000326132,Right,WAS_EDA,0e1644f8-b838-4ecb-9cf0-3b5ca83db7c3,16.319998,-41.911128,4.756186,1.632969,-1.139302,-2.545903,-0.761646,3.400775,-1.469111,275.752297,0.331108,2.759876,-1.277329,,,,,,,0.768525,-4.695343,-3.692963,,,,,,,0.37043,21.327247,-0.110869,,,,,,,,,,,,,,,,,,,,,,,,,,,,,High,High,High,High,High,,,
43,2026/10/6,22:28.0,1,5,"Takahashi, Koki",1000326144,Right,WAS_EDA,"Utsumi, Yuta",1000188679,Left,MEI_MEI,Undefined,2,Top,0,1,2,Fastball,Four-Seam,StrikeCalled,Strikeout,Undefined,Undefined,0,0,,151.76794,-2.211183,-2.908794,2648.893562,216.350043,1:15,1.662635,0.761265,2.01851,-30.4066,47.5103,33.084,0.740303,0.279534,138.2659,-4.557498,-0.542213,0.398631,,,,,,,,,,,,-19.4074,27.3079,-0.702511,15.24,1.615194,1.956439,-41.722707,-1.693124,-4.407093,9.437573,-3.605502,WAS_EDA,MEI_MEI,JinguStadium,TeamExclusive,Team,20261006-JinguStadium-1,8a581430-c13d-11f1-a3c0-e9a65f64b74e,152.17099,,,13.50204,,,,,,,70b076e0-976d-4b15-a51a-1ed58523581a,2026/10/6,22:28.0,2026-10-06T13:22:27.9860000+09:00,2026-10-06T04:22:27.9860000Z,,v3,,,,"Ogata, Mikito",1000326132,Right,WAS_EDA,692a09bc-08e6-4c66-ac3d-d23593b3280f,16.420973,-41.98899,4.718786,1.661531,-1.591394,-1.802751,-0.759467,2.080786,-2.203547,,,,,,,,,,,,,,,,,,,,,,,,,,,,,106.61345,2.480448,1.471488,1.00896,-0.393858,0.673405,-0.2726,-0.411687,1.559592,-0.912796,20.671419,1.667081,-17.359225,-0.397143,22.355895,-1.458872,1.570793,4.205652,-4.071458,-0.939483,-18.412065,2.11471,High,High,High,,,High,Medium,High
44,2026/10/6,22:56.1,2,1,"Takahashi, Koki",1000326144,Right,WAS_EDA,"Mitsuhiro, Hotaka",1000188673,Left,MEI_MEI,Undefined,2,Top,1,0,0,Fastball,Four-Seam,StrikeCalled,Undefined,Undefined,Undefined,0,0,,150.91905,-2.286521,-3.002581,2655.981293,212.2247,1:00,1.635114,0.758765,2.025701,-40.4567,38.0753,22.4304,0.591427,0.144628,138.06205,-5.342018,-1.397466,0.400201,,,,,,,,,,,,-13.891,22.4174,-0.698008,15.24,1.585998,2.068175,-41.494359,-1.788129,-3.129078,9.086988,-4.756941,WAS_EDA,MEI_MEI,JinguStadium,TeamExclusive,Team,20261006-JinguStadium-1,9b2057f0-c13d-11f1-a3c0-e9a65f64b74e,151.57391,,,12.857,,,,,,,70b076e0-976d-4b15-a51a-1ed58523581a,2026/10/6,22:56.1,2026-10-06T13:22:56.1400000+09:00,2026-10-06T04:22:56.1400000Z,,v3,,,,"Ogata, Mikito",1000326132,Right,WAS_EDA,87f6234b-0c1a-4319-aaf7-6411add61280,16.413888,-41.750641,4.543494,1.634537,-1.653968,-2.378471,-0.757582,2.156425,-1.564539,,,,,,,,,,,,,,,,,,,,,,,,,,,,,,,,,,,,,,,,,,,,,,,,,,,High,High,High,,,,,
45,2026/10/6,23:10.1,2,2,"Takahashi, Koki",1000326144,Right,WAS_EDA,"Mitsuhiro, Hotaka",1000188673,Left,MEI_MEI,Undefined,2,Top,1,0,1,Fastball,Four-Seam,InPlay,Undefined,FlyBall,Out,0,0,,153.36411,-1.402378,-3.633836,2715.300304,205.188244,12:45,1.666469,0.731042,2.035931,-35.5517,40.4034,17.8795,0.919095,-0.104658,140.14203,-4.108734,-2.355564,0.39358,111.55023,70.703666,-25.772794,,,,,,10.173609,,,-12.0093,23.045,-0.657754,15.24,1.636052,2.591973,-42.167003,-1.143292,-2.793221,9.396211,-4.446647,WAS_EDA,MEI_MEI,JinguStadium,TeamExclusive,Team,20261006-JinguStadium-1,a36cd320-c13d-11f1-a3c0-e9a65f64b74e,154.12367,28.759672,,13.22207,,,,-0.252842,1.140183,0.075666,70b076e0-976d-4b15-a51a-1ed58523581a,2026/10/6,23:10.1,2026-10-06T13:23:10.1010000+09:00,2026-10-06T04:23:10.1010000Z,,v3,,,,"Ogata, Mikito",1000326132,Right,WAS_EDA,b888ecf8-4bd8-4828-a97d-bf0a94a18bc1,16.403882,-42.425562,4.698105,1.665829,-1.020932,-2.223324,-0.730136,2.668835,-1.39661,166.158374,-0.252842,9.220933,-4.073875,1.39209,-0.355782,0.082575,-0.017867,0.003045,-0.000297,1.140183,29.245437,-8.11509,0.870875,-0.119827,0.007907,0.001019,-0.000523,7.60E-05,0.075666,-4.452174,-0.425395,0.30948,-0.104489,0.028346,-0.00674,0.00121,-0.000116,,,,,,,,,,,,,,,,,,,,,,,High,High,High,High,Undefined,,,
46,2026/10/6,23:44.3,2,3,"Takahashi, Koki",1000326144,Right,WAS_EDA,"Fukuhara, Seiya",1000242807,Right,MEI_MEI,Undefined,2,Top,2,0,0,Cutter,Slider,StrikeCalled,Undefined,Undefined,Undefined,0,0,,138.48331,0.103671,-3.329555,2694.709516,85.075675,8:45,1.625567,0.779322,1.864199,-94.1681,1.6286,-17.2198,0.713151,-0.332213,126.43371,-6.754239,-4.548219,0.442008,,,,,,,,,,,,6.3244,1.7767,-0.700462,15.24,1.622207,2.295876,-38.041368,-0.307042,1.188413,8.174093,-9.472793,WAS_EDA,MEI_MEI,JinguStadium,TeamExclusive,Team,20261006-JinguStadium-1,b7da2a10-c13d-11f1-a3c0-e9a65f64b74e,137.2374,,,12.0496,,,,,,,70b076e0-976d-4b15-a51a-1ed58523581a,2026/10/6,23:44.3,2026-10-06T13:23:44.2870000+09:00,2026-10-06T04:23:44.2870000Z,,v3,,,,"Ogata, Mikito",1000326132,Right,WAS_EDA,4c5ac4a6-7ef6-4594-bc62-624d0aa509ae,16.575301,-38.327215,4.087046,1.627153,0.024221,-4.736397,-0.780022,2.254317,0.594206,,,,,,,,,,,,,,,,,,,,,,,,,,,,,,,,,,,,,,,,,,,,,,,,,,,High,High,High,,,,,
47,2026/10/6,23:58.1,3,1,"Takahashi, Koki",1000326144,Right,WAS_EDA,"Fukuhara, Seiya",1000242807,Right,MEI_MEI,Undefined,2,Top,2,0,1,Fastball,Four-Seam,BallCalled,Undefined,Undefined,Undefined,0,0,,153.60589,-2.215391,-4.799186,2743.615816,207.209572,1:00,1.673259,0.702633,2.124986,-34.0323,40.7757,19.7963,0.716247,-0.433106,141.01048,-4.812575,-3.379617,0.390597,,,,,,,,,,,,-13.7054,23.8984,-0.612811,15.24,1.629845,3.448756,-42.181752,-1.731472,-3.206414,8.947982,-4.215551,WAS_EDA,MEI_MEI,JinguStadium,TeamExclusive,Team,20261006-JinguStadium-1,c009a760-c13d-11f1-a3c0-e9a65f64b74e,155.30077,,,12.59541,,,,,,,70b076e0-976d-4b15-a51a-1ed58523581a,2026/10/6,23:58.1,2026-10-06T13:23:58.0550000+09:00,2026-10-06T04:23:58.0550000Z,,v3,,,,"Ogata, Mikito",1000326132,Right,WAS_EDA,c8751e87-7d71-46a1-9ff5-680fdd737bd7,16.314684,-42.409111,4.473991,1.672479,-1.624359,-2.107776,-0.701475,3.530227,-1.603207,,,,,,,,,,,,,,,,,,,,,,,,,,,,,,,,,,,,,,,,,,,,,,,,,,,High,High,High,,,,,
48,2026/10/6,24:11.8,3,2,"Takahashi, Koki",1000326144,Right,WAS_EDA,"Fukuhara, Seiya",1000242807,Right,MEI_MEI,Undefined,2,Top,2,1,1,Fastball,Four-Seam,BallCalled,Undefined,Undefined,Undefined,0,0,,149.91375,-2.74299,-4.409439,2664.438717,211.375425,1:00,1.623465,0.737935,2.140425,-40.2367,37.5248,21.553,0.458502,-0.270287,138.83724,-5.775488,-2.860304,0.398233,,,,,,,,,,,,-14.2418,22.4665,-0.656779,15.24,1.5707,3.083756,-41.209982,-2.099427,-3.205046,7.878195,-4.750682,WAS_EDA,MEI_MEI,JinguStadium,TeamExclusive,Team,20261006-JinguStadium-1,c83f8d50-c13d-11f1-a3c0-e9a65f64b74e,152.32305,,,11.07652,,,,,,,70b076e0-976d-4b15-a51a-1ed58523581a,2026/10/6,24:11.8,2026-10-06T13:24:11.8130000+09:00,2026-10-06T04:24:11.8130000Z,,v3,,,,"Ogata, Mikito",1000326132,Right,WAS_EDA,edc31118-e5f2-4793-a8fc-0300d83c01e8,16.299848,-41.412099,3.939097,1.622998,-1.977546,-2.375341,-0.736949,3.165982,-1.602523,,,,,,,,,,,,,,,,,,,,,,,,,,,,,,,,,,,,,,,,,,,,,,,,,,,High,High,High,,,,,
49,2026/10/6,24:30.7,3,3,"Takahashi, Koki",1000326144,Right,WAS_EDA,"Fukuhara, Seiya",1000242807,Right,MEI_MEI,Undefined,2,Top,2,2,1,Cutter,Slider,FoulBallNotFieldable,Undefined,Undefined,Undefined,0,0,,136.31328,0.055064,-2.287479,2648.953052,75.112505,8:30,1.596748,0.801615,1.878083,-98.9308,-2.0038,-17.5395,0.622957,-0.018186,126.51598,-7.11618,-3.532567,0.444608,139.92959,4.887111,-55.513568,3702.780412,,,,28.334712,27.679842,-59.091634,0.809347,7.7049,-0.3817,-0.747629,15.24,1.591852,1.57805,-37.552633,-0.347267,1.434312,6.813367,-9.877702,WAS_EDA,MEI_MEI,JinguStadium,TeamExclusive,Team,20261006-JinguStadium-1,d3859970-c13d-11f1-a3c0-e9a65f64b74e,136.43484,1.165013,,9.7973,,,,0.738921,0.650651,0.005355,70b076e0-976d-4b15-a51a-1ed58523581a,2026/10/6,24:30.7,2026-10-06T13:24:30.7350000+09:00,2026-10-06T04:24:30.7350000Z,GroundBall,v3,,,,"Ogata, Mikito",1000326132,Right,WAS_EDA,2c5c5970-178f-4064-996c-8183dc30adcc,16.562643,-37.791845,3.406684,1.597957,-0.000468,-4.938851,-0.802149,1.527692,0.717156,93.319806,0.738921,21.928234,-6.995978,1.458232,-0.331222,0.066211,-0.013137,0.0025,-0.000314,0.650651,3.311387,-5.500398,0.592081,-0.115421,0.02651,-0.005341,0.00103,-0.000135,0.005355,-31.92197,2.254592,0.152815,-0.119036,0.045748,-0.012599,0.002786,-0.000357,,,,,,,,,,,,,,,,,,,,,,,High,High,High,Low,High,,,
50,2026/10/6,24:53.1,3,4,"Takahashi, Koki",1000326144,Right,WAS_EDA,"Fukuhara, Seiya",1000242807,Right,MEI_MEI,Undefined,2,Top,2,2,2,Fastball,Four-Seam,InPlay,Undefined,GroundBall,Out,1,0,,153.81358,-1.829007,-4.199512,2664.442797,218.800375,1:15,1.65443,0.690934,2.104477,-38.8406,35.9848,27.0644,0.756735,-0.206339,140.85002,-4.775645,-2.257567,0.390642,112.45567,-55.497545,-15.820015,,,,,0.698144,0.698144,6.327522,0.028556,-17.3457,21.1452,-0.611336,15.24,1.617523,2.979487,-42.27991,-1.473313,-4.063656,9.280504,-4.852846,WAS_EDA,MEI_MEI,JinguStadium,TeamExclusive,Team,20261006-JinguStadium-1,e0d223f0-c13d-11f1-a3c0-e9a65f64b74e,155.28283,0.73776,,12.96356,,,,0.206004,0.73776,0.215186,70b076e0-976d-4b15-a51a-1ed58523581a,2026/10/6,24:53.0,2026-10-06T13:24:53.0510000+09:00,2026-10-06T04:24:53.0510000Z,GroundBall,v3,,,,"Ogata, Mikito",1000326132,Right,WAS_EDA,cea6a59d-692b-4d9a-b0ea-61a8b2371688,16.335588,-42.519713,4.640252,1.653973,-1.347918,-2.426423,-0.689681,3.084489,-2.031828,,0.205723,17.085241,,,,,,,,0.738184,-25.835473,,,,,,,,0.215266,-4.841083,,,,,,,,,,,,,,,,,,,,,,,,,,,,,,High,High,High,Estimated,Estimated,,,
51,2026/10/6,27:05.9,1,1,"Yuda, Toma",1000338410,Right,MEI_MEI,"Ogata, Mikito",1000326132,Left,WAS_EDA,Undefined,2,Bottom,0,0,0,Fastball,Four-Seam,FoulBallNotFieldable,Undefined,Undefined,Undefined,0,0,,144.51283,-0.998289,-3.13418,2565.354751,192.446971,12:30,1.7987,0.768014,1.81749,-44.0681,43.4399,9.0049,1.075433,-0.028597,132.61563,-4.284611,-2.498681,0.422453,111.10304,24.951808,-168.761713,2964.620216,-33.179344,5.954697,-4.821942,48.964992,20.343603,-172.840591,2.039908,-6.7435,23.816,-0.692807,15.24,1.771577,2.130527,-39.727862,-0.850517,-1.398807,7.972461,-4.86646,WAS_EDA,MEI_MEI,JinguStadium,TeamExclusive,Team,20261006-JinguStadium-1,300a98d0-c13e-11f1-a3c0-e9a65f64b74e,143.5899,6.834349,,11.8972,,,,0.121588,1.055582,0.046392,70b076e0-976d-4b15-a51a-1ed58523581a,2026/10/6,27:05.9,2026-10-06T13:27:05.9400000+09:00,2026-10-06T04:27:05.9400000Z,LineDrive,v3,,,,"Fukuhara, Seiya",1000242807,Right,MEI_MEI,485e7c82-88f9-430f-af74-a4fc46b411fa,16.62232,-40.004299,3.98623,1.798143,-0.681777,-2.43323,-0.767521,2.179029,-0.699403,29.726274,0.121605,-27.446107,1.49641,0.163029,0.025112,-0.094651,0.06939,-0.021253,0.002346,1.055579,13.019566,-8.120262,1.041425,-0.241862,0.076156,-0.030567,0.009769,-0.001332,0.046398,-5.453762,1.733076,-0.411283,0.132878,-0.066618,0.034123,-0.010374,0.001247,,,,,,,,,,,,,,,,,,,,,,,High,High,High,High,Low,,,
52,2026/10/6,27:18.2,1,2,"Yuda, Toma",1000338410,Right,MEI_MEI,"Ogata, Mikito",1000326132,Left,WAS_EDA,Undefined,2,Bottom,0,0,1,ChangeUp,Changeup,InPlay,Undefined,LineDrive,Single,0,0,,129.35747,-0.147797,-3.611899,1564.171304,255.626474,2:30,1.743508,0.80431,1.675909,-98.9039,14.2511,39.8018,0.712249,0.171248,117.11262,-7.322268,-0.823883,0.480387,114.67084,23.196302,-1.872711,1740.925109,33.469307,9.111213,-1.982934,65.563307,65.563307,-4.463732,2.906248,-23.0147,8.4481,-0.711324,15.24,1.731609,2.047209,-35.468666,-0.48635,-3.736648,7.480285,-8.435021,WAS_EDA,MEI_MEI,JinguStadium,TeamExclusive,Team,20261006-JinguStadium-1,375beb20-c13e-11f1-a3c0-e9a65f64b74e,126.2731,9.140303,,12.24485,,,,0.459329,0.716736,-0.16959,70b076e0-976d-4b15-a51a-1ed58523581a,2026/10/6,27:18.2,2026-10-06T13:27:18.1760000+09:00,2026-10-06T04:27:18.1760000Z,LineDrive,v3,,,,"Fukuhara, Seiya",1000242807,Right,MEI_MEI,9349bb85-8f15-4c28-9809-8d3312ef0d53,16.763614,-35.788552,3.740143,1.744695,-0.125636,-4.217511,-0.802288,2.207002,-1.868324,159.486188,0.459328,29.262373,-3.765618,0.74817,-0.136833,0.01799,-9.80E-05,-0.000643,0.000102,0.716733,12.546538,-4.999065,0.297355,-0.058873,0.01857,-0.006443,0.001648,-0.000179,-0.169591,-0.956776,-0.446152,0.110103,-0.02525,0.005352,-0.000964,0.000133,-9.00E-06,,,,,,,,,,,,,,,,,,,,,,,High,High,High,High,High,,,
53,2026/10/6,27:55.0,2,1,"Yuda, Toma",1000338410,Right,MEI_MEI,"Abe, Yota",1000547801,Left,WAS_EDA,Undefined,2,Bottom,0,0,0,Fastball,Four-Seam,BallCalled,Undefined,Undefined,Undefined,0,0,,142.10239,0.913024,-2.008639,2356.486169,190.892408,12:15,1.776371,0.687788,1.914803,-49.0396,40.8405,7.3093,1.542641,0.196383,129.3463,-2.775652,-1.488993,0.428141,,,,,,,,,,,,-5.2229,21.3769,-0.643027,15.24,1.793983,1.335075,-39.082353,0.461083,-1.040973,8.25938,-5.54607,WAS_EDA,MEI_MEI,JinguStadium,TeamExclusive,Team,20261006-JinguStadium-1,4d47f2d0-c13e-11f1-a3c0-e9a65f64b74e,141.68239,,,12.7561,,,,,,,70b076e0-976d-4b15-a51a-1ed58523581a,2026/10/6,27:55.0,2026-10-06T13:27:54.9960000+09:00,2026-10-06T04:27:54.9960000Z,,v3,,,,"Fukuhara, Seiya",1000242807,Right,MEI_MEI,87597fbc-65b2-4b9b-a189-d794e05a9290,16.524204,-39.352812,4.12969,1.775911,0.642692,-2.773035,-0.687303,1.369163,-0.520486,,,,,,,,,,,,,,,,,,,,,,,,,,,,,,,,,,,,,,,,,,,,,,,,,,,High,High,High,,,,,
54,2026/10/6,28:17.9,2,2,"Yuda, Toma",1000338410,Right,MEI_MEI,"Abe, Yota",1000547801,Left,WAS_EDA,Undefined,2,Bottom,0,1,0,Fastball,Four-Seam,FoulBallNotFieldable,Undefined,Undefined,Undefined,0,0,,141.81759,-0.813444,-2.612414,2388.433728,194.181384,12:30,1.757634,0.720263,1.926336,-48.4513,41.5011,9.77,1.044519,0.084101,129.62602,-4.448361,-1.917592,0.428313,,,,,,,,,,,,-6.9874,23.0868,-0.66261,15.24,1.736705,1.735084,-39.013853,-0.715656,-1.389863,8.117554,-5.214487,WAS_EDA,MEI_MEI,JinguStadium,TeamExclusive,Team,20261006-JinguStadium-1,5aeb4fe0-c13e-11f1-a3c0-e9a65f64b74e,141.62543,,,12.19157,,,,,,,70b076e0-976d-4b15-a51a-1ed58523581a,2026/10/6,28:17.9,2026-10-06T13:28:17.9000000+09:00,2026-10-06T04:28:17.9000000Z,,v3,,,,"Fukuhara, Seiya",1000242807,Right,MEI_MEI,01297202-770f-4ed9-9978-5b73876d82d8,16.51358,-39.277951,4.058777,1.757229,-0.546007,-2.607244,-0.719795,1.780302,-0.694932,,,,,,,,,,,,,,,,,,,,,,,,,,,,,,,,,,,,,,,,,,,,,,,,,,,High,High,High,,,,,
55,2026/10/6,28:52.3,2,3,"Yuda, Toma",1000338410,Right,MEI_MEI,"Abe, Yota",1000547801,Left,WAS_EDA,Undefined,2,Bottom,0,1,1,Slider,Curveball,BallCalled,Undefined,Undefined,Undefined,0,0,,126.79092,3.308396,-1.705826,3002.003748,64.334254,8:15,1.719768,0.731152,1.585569,-125.549,-8.0592,-24.1784,1.414159,0.000222,116.11097,-5.674058,-3.38912,0.489502,,,,,,,,,,,,10.8265,-5.1602,-0.680745,15.24,1.801872,1.155229,-34.801363,1.478646,1.717814,6.310425,-10.6254,WAS_EDA,MEI_MEI,JinguStadium,TeamExclusive,Team,20261006-JinguStadium-1,6f729770-c13e-11f1-a3c0-e9a65f64b74e,123.92179,,,10.67995,,,,,,,70b076e0-976d-4b15-a51a-1ed58523581a,2026/10/6,28:52.3,2026-10-06T13:28:52.2630000+09:00,2026-10-06T04:28:52.2630000Z,,v3,,,,"Fukuhara, Seiya",1000242807,Right,MEI_MEI,22195e68-a1b7-419b-aa8b-53940d32dccc,16.854518,-35.092897,3.155213,1.722222,1.969527,-5.3127,-0.732283,1.075868,0.858907,,,,,,,,,,,,,,,,,,,,,,,,,,,,,,,,,,,,,,,,,,,,,,,,,,,High,High,High,,,,,
56,2026/10/6,29:14.4,2,4,"Yuda, Toma",1000338410,Right,MEI_MEI,"Abe, Yota",1000547801,Left,WAS_EDA,Undefined,2,Bottom,0,2,1,Fastball,Four-Seam,FoulBallNotFieldable,Undefined,Undefined,Undefined,0,0,,146.36436,-1.766182,-3.319331,2542.483971,194.468864,12:30,1.752278,0.707403,1.903888,-36.8061,47.6508,11.6325,0.886733,-0.110415,134.33473,-4.546449,-2.494187,0.415023,163.37442,3.605374,44.518737,2796.813766,,,,32.051831,30.014711,46.086462,0.781116,-8.3298,26.8012,-0.632803,15.24,1.709978,2.278264,-40.239215,-1.361345,-1.771705,8.221384,-4.106201,WAS_EDA,MEI_MEI,JinguStadium,TeamExclusive,Team,20261006-JinguStadium-1,7c9e2c70-c13e-11f1-a3c0-e9a65f64b74e,146.16058,1.313105,,12.02963,,,,0.833422,0.943257,0.051272,70b076e0-976d-4b15-a51a-1ed58523581a,2026/10/6,29:14.4,2026-10-06T13:29:14.4210000+09:00,2026-10-06T04:29:14.4210000Z,GroundBall,v3,,,,"Fukuhara, Seiya",1000242807,Right,MEI_MEI,302e8c7e-195b-46e2-b72f-c74965c22036,16.536231,-40.503185,4.110692,1.751571,-1.229504,-2.0531,-0.706866,2.335149,-0.885852,271.756835,0.86087,31.81322,-5.744992,,,,,,,0.954842,2.651609,-4.977036,,,,,,,0.057745,31.644896,-2.77389,,,,,,,,,,,,,,,,,,,,,,,,,,,,,High,High,High,High,High,,,
57,2026/10/6,29:43.0,2,5,"Yuda, Toma",1000338410,Right,MEI_MEI,"Abe, Yota",1000547801,Left,WAS_EDA,Undefined,2,Bottom,0,2,2,Fastball,Four-Seam,InPlay,Undefined,Bunt,Out,1,0,,145.79606,-1.159669,-2.046384,2497.195628,211.793692,1:00,1.74593,0.715789,1.9907,-41.3642,42.7334,24.8911,1.007799,0.392298,133.61746,-4.287319,-0.267304,0.414139,,,,,,,,,,,,-14.5601,24.0656,-0.673748,15.24,1.719187,1.320343,-40.148307,-0.943568,-3.076659,8.345872,-4.721423,WAS_EDA,MEI_MEI,JinguStadium,TeamExclusive,Team,20261006-JinguStadium-1,8da32b10-c13e-11f1-a3c0-e9a65f64b74e,146.47251,,,12.1786,,,,,,,70b076e0-976d-4b15-a51a-1ed58523581a,2026/10/6,29:43.0,2026-10-06T13:29:42.9960000+09:00,2026-10-06T04:29:42.9960000Z,,v3,,,,"Fukuhara, Seiya",1000242807,Right,MEI_MEI,983994bf-f631-4a7b-91b8-8ff637e5e374,16.449418,-40.398933,4.172936,1.745393,-0.801784,-2.360712,-0.714785,1.412735,-1.53833,,,,,,,,,,,,,,,,,,,,,,,,,,,,,,,,,,,,,,,,,,,,,,,,,,,High,High,High,,,,,
58,2026/10/6,30:26.6,3,1,"Yuda, Toma",1000338410,Right,MEI_MEI,"Ouchi, Aoma",1000242767,Left,WAS_EDA,Undefined,2,Bottom,1,0,0,Fastball,Four-Seam,BallCalled,Undefined,Undefined,Undefined,0,0,,146.75416,-0.720402,-2.996377,2484.788891,208.44586,1:00,1.77676,0.657663,1.93851,-41.9777,41.285,21.0487,1.154619,0.026881,135.00497,-3.872413,-1.498865,0.412078,,,,,,,,,,,,-12.8549,22.7169,-0.5926,15.24,1.758389,2.011039,-40.385141,-0.647425,-2.76523,7.950936,-4.920001,WAS_EDA,MEI_MEI,JinguStadium,TeamExclusive,Team,20261006-JinguStadium-1,a7a4e210-c13e-11f1-a3c0-e9a65f64b74e,147.20498,,,11.74919,,,,,,,70b076e0-976d-4b15-a51a-1ed58523581a,2026/10/6,30:26.6,2026-10-06T13:30:26.5630000+09:00,2026-10-06T04:30:26.5630000Z,,v3,,,,"Fukuhara, Seiya",1000242807,Right,MEI_MEI,b50ec6cb-3c10-495c-acbb-66e6fe6e84e1,16.501171,-40.632679,3.975468,1.776161,-0.49425,-2.46,-0.65655,2.097129,-1.382615,,,,,,,,,,,,,,,,,,,,,,,,,,,,,,,,,,,,,,,,,,,,,,,,,,,High,High,High,,,,,
59,2026/10/6,30:43.8,3,2,"Yuda, Toma",1000338410,Right,MEI_MEI,"Ouchi, Aoma",1000242767,Left,WAS_EDA,Undefined,2,Bottom,1,1,0,Fastball,Four-Seam,InPlay,Undefined,GroundBall,Single,0,1,,145.75053,-1.789442,-2.576096,2517.528758,203.033199,12:45,1.755121,0.677086,1.975504,-44.3766,40.0058,15.9098,0.809891,0.114751,133.75908,-5.121886,-1.440686,0.41484,148.89039,-0.724213,6.040533,1381.231031,,,,12.082943,11.750501,5.722896,0.303637,-10.0915,22.9759,-0.622683,15.24,1.714332,1.729377,-40.101365,-1.399141,-2.129816,8.236349,-4.957571,WAS_EDA,MEI_MEI,JinguStadium,TeamExclusive,Team,20261006-JinguStadium-1,b1e40580-c13e-11f1-a3c0-e9a65f64b74e,146.22508,0.770207,,11.99145,,,,0.052948,0.770207,-0.105249,70b076e0-976d-4b15-a51a-1ed58523581a,2026/10/6,30:43.8,2026-10-06T13:30:43.7930000+09:00,2026-10-06T04:30:43.7930000Z,GroundBall,v3,,,,"Fukuhara, Seiya",1000242807,Right,MEI_MEI,ab3180c5-3a45-4c19-b215-fa3449efbc32,16.464264,-40.352031,4.118175,1.754617,-1.248261,-2.478786,-0.676302,1.794196,-1.064908,346.298744,0.05391,41.08337,-5.494259,,,,,,,0.771355,-0.573121,-6.491029,,,,,,,-0.105303,4.354295,-0.128965,,,,,,,,,,,,,,,,,,,,,,,,,,,,,High,High,High,High,High,,,
60,2026/10/6,31:57.0,4,1,"Yuda, Toma",1000338410,Right,MEI_MEI,"Nakamura, Shunei",1000422721,Left,WAS_EDA,Undefined,2,Bottom,1,0,0,Fastball,Four-Seam,InPlay,Undefined,Bunt,Out,1,0,,142.86232,-0.046419,-2.417433,2483.709638,201.448878,12:45,1.767552,0.729706,1.825955,-45.5301,43.6377,16.111,1.299127,0.207557,131.18756,-3.444949,-1.278522,0.426441,39.43395,8.707764,-17.201838,4797.834962,,,,7.629344,7.629344,-17.373331,0.70564,-9.9103,23.3052,-0.672688,15.24,1.763409,1.580899,-39.312966,-0.192682,-2.016243,7.682839,-5.065218,WAS_EDA,MEI_MEI,JinguStadium,TeamExclusive,Team,20261006-JinguStadium-1,dd8e7530-c13e-11f1-a3c0-e9a65f64b74e,142.24714,1.399245,,11.67476,,,,0.262381,1.261461,-0.197447,70b076e0-976d-4b15-a51a-1ed58523581a,2026/10/6,31:57.0,2026-10-06T13:31:57.0200000+09:00,2026-10-06T04:31:57.0200000Z,GroundBall,v3,,,,"Fukuhara, Seiya",1000242807,Right,MEI_MEI,4c3daf00-743c-4ac4-af44-6ab4db746e20,16.613973,-39.580567,3.841419,1.767047,-0.016255,-2.532609,-0.728976,1.651127,-1.008121,275.266898,0.262381,10.343303,-0.632477,0.156701,-0.162952,0.36008,-0.716482,0.72464,-0.278642,1.261461,1.658346,-5.020782,0.198156,0.020453,-0.142436,0.29723,-0.276327,0.096475,-0.197447,-3.202158,0.385556,-0.045616,0.062859,-0.225969,0.456561,-0.465418,0.18041,,,,,,,,,,,,,,,,,,,,,,,High,High,High,High,High,,,
61,2026/10/6,32:39.0,5,1,"Yuda, Toma",1000338410,Right,MEI_MEI,"Yuasa, Osuke",1000422710,Right,WAS_EDA,Undefined,2,Bottom,2,0,0,Slider,Slider,BallCalled,Undefined,Undefined,Undefined,0,0,,131.9127,3.291021,-2.265739,3024.948663,77.367679,8:30,1.737964,0.713362,1.632976,-110.1701,-2.7432,-25.9155,1.578736,-0.193766,121.29934,-4.611567,-4.073302,0.468071,,,,,,,,,,,,11.438,-2.463,-0.649036,15.24,1.818868,1.563491,-36.219666,1.608622,1.976757,6.471269,-10.232319,WAS_EDA,MEI_MEI,JinguStadium,TeamExclusive,Team,20261006-JinguStadium-1,f69b1dd0-c13e-11f1-a3c0-e9a65f64b74e,129.59583,,,10.61336,,,,,,,70b076e0-976d-4b15-a51a-1ed58523581a,2026/10/6,32:39.0,2026-10-06T13:32:39.0270000+09:00,2026-10-06T04:32:39.0270000Z,,v3,,,,"Fukuhara, Seiya",1000242807,Right,MEI_MEI,803cb50f-2aa9-4c9e-9ff7-1d9e25071982,16.80705,-36.498572,3.235635,1.740035,2.049627,-5.11616,-0.714586,1.478294,0.988379,,,,,,,,,,,,,,,,,,,,,,,,,,,,,,,,,,,,,,,,,,,,,,,,,,,High,High,High,,,,,
62,2026/10/6,33:00.0,5,2,"Yuda, Toma",1000338410,Right,MEI_MEI,"Yuasa, Osuke",1000422710,Right,WAS_EDA,Undefined,2,Bottom,2,1,0,Fastball,Four-Seam,BallCalled,Undefined,Undefined,Undefined,0,0,,141.69437,0.540602,-2.761242,2370.551138,210.878174,1:00,1.764182,0.670881,1.890311,-48.4187,41.1886,23.1208,1.432273,0.124619,130.54619,-3.070916,-1.120906,0.427491,,,,,,,,,,,,-13.6376,21.7675,-0.608912,15.24,1.773561,1.769176,-39.000265,0.203306,-2.743507,7.202226,-5.427643,WAS_EDA,MEI_MEI,JinguStadium,TeamExclusive,Team,20261006-JinguStadium-1,0320fcf0-c13f-11f1-a3c0-e9a65f64b74e,141.89787,,,11.14818,,,,,,,70b076e0-976d-4b15-a51a-1ed58523581a,2026/10/6,33:00.0,2026-10-06T13:33:00.0230000+09:00,2026-10-06T04:33:00.0230000Z,,v3,,,,"Fukuhara, Seiya",1000242807,Right,MEI_MEI,ac4e7088-6755-4335-a254-3a96955c25c4,16.549337,-39.241317,3.601113,1.763716,0.384964,-2.713822,-0.669662,1.860999,-1.371753,,,,,,,,,,,,,,,,,,,,,,,,,,,,,,,,,,,,,,,,,,,,,,,,,,,High,High,High,,,,,
63,2026/10/6,33:24.7,5,3,"Yuda, Toma",1000338410,Right,MEI_MEI,"Yuasa, Osuke",1000422710,Right,WAS_EDA,Undefined,2,Bottom,2,2,0,Curveball,Curveball,StrikeCalled,Undefined,Undefined,Undefined,0,0,,114.79369,4.436208,-1.28774,2852.256564,34.035538,7:15,1.711611,0.70421,1.692672,-188.7966,-45.2637,-33.8794,1.089913,-0.00139,104.34891,-9.099092,-3.66494,0.541041,,,,,,,,,,,,15.8616,-24.507,-0.667619,15.24,1.814021,0.856984,-31.480971,1.721286,2.026852,5.938214,-12.938239,WAS_EDA,MEI_MEI,JinguStadium,TeamExclusive,Team,20261006-JinguStadium-1,11ecfb80-c13f-11f1-a3c0-e9a65f64b74e,112.11715,,,10.44478,,,,,,,70b076e0-976d-4b15-a51a-1ed58523581a,2026/10/6,33:24.7,2026-10-06T13:33:24.7420000+09:00,2026-10-06T04:33:24.7420000Z,,v3,,,,"Fukuhara, Seiya",1000242807,Right,MEI_MEI,4d960f06-9fe0-4dd0-bfce-edb692f74870,16.748619,-31.764265,2.969107,1.71718,2.33853,-6.469119,-0.706197,0.760289,1.013426,,,,,,,,,,,,,,,,,,,,,,,,,,,,,,,,,,,,,,,,,,,,,,,,,,,High,High,High,,,,,
64,2026/10/6,33:40.9,5,4,"Yuda, Toma",1000338410,Right,MEI_MEI,"Yuasa, Osuke",1000422710,Right,WAS_EDA,Undefined,2,Bottom,2,2,1,Slider,Slider,StrikeCalled,Undefined,Undefined,Undefined,0,0,,130.7343,0.750494,-2.341005,3023.556545,59.439955,8:00,1.732652,0.726245,1.63589,-119.0041,-10.1861,-22.3888,0.757284,-0.167046,121.25328,-7.736554,-3.906651,0.471091,,,,,,,,,,,,9.7396,-4.637,-0.660257,15.24,1.742986,1.579423,-35.965975,-0.039515,1.661681,6.305739,-10.597773,WAS_EDA,MEI_MEI,JinguStadium,TeamExclusive,Team,20261006-JinguStadium-1,1b7aa940-c13f-11f1-a3c0-e9a65f64b74e,128.76487,,,9.48103,,,,,,,70b076e0-976d-4b15-a51a-1ed58523581a,2026/10/6,33:40.9,2026-10-06T13:33:40.9130000+09:00,2026-10-06T04:33:40.9130000Z,,v3,,,,"Fukuhara, Seiya",1000242807,Right,MEI_MEI,11329fb2-0aa7-4cfc-bbb5-d3395d12f6a0,16.804651,-36.239259,3.15287,1.734746,0.419782,-5.298887,-0.727147,1.507407,0.83084,,,,,,,,,,,,,,,,,,,,,,,,,,,,,,,,,,,,,,,,,,,,,,,,,,,High,High,High,,,,,
65,2026/10/6,34:03.4,5,5,"Yuda, Toma",1000338410,Right,MEI_MEI,"Yuasa, Osuke",1000422710,Right,WAS_EDA,Undefined,2,Bottom,2,2,2,Slider,Slider,FoulBallNotFieldable,Undefined,Undefined,Undefined,0,0,,134.27249,0.923122,-2.108395,3079.989768,52.445514,7:45,1.744553,0.669143,1.679627,-109.7733,-7.7126,-13.553,0.910134,-0.067603,124.86978,-6.931151,-3.058847,0.45623,117.845,36.671935,115.527953,4927.81598,-19.136545,17.090213,27.530219,78.8494,23.42428,132.959719,3.804234,5.5896,-3.6513,-0.611963,15.24,1.760136,1.426924,-36.968956,0.124089,1.01291,6.300583,-10.468305,WAS_EDA,MEI_MEI,JinguStadium,TeamExclusive,Team,20261006-JinguStadium-1,28e4a6d0-c13f-11f1-a3c0-e9a65f64b74e,132.95925,17.51906,,9.40272,,,,-0.133386,0.770133,0.050973,70b076e0-976d-4b15-a51a-1ed58523581a,2026/10/6,34:03.4,2026-10-06T13:34:03.3690000+09:00,2026-10-06T04:34:03.3690000Z,FlyBall,v3,,,,"Fukuhara, Seiya",1000242807,Right,MEI_MEI,d849a594-9a14-415c-a8ed-1500713aba2b,16.761058,-37.227286,3.150291,1.746249,0.553299,-5.234152,-0.669617,1.385393,0.506455,297.703522,-0.133413,-11.313862,-1.093687,0.221714,-0.082049,0.033433,-0.010752,0.001919,-0.000135,0.76999,19.555624,-6.358171,0.469053,-0.114068,0.062541,-0.023486,0.004309,-0.000306,0.050666,23.700522,-5.365859,1.621925,-0.421497,0.098584,-0.0154,0.001084,-5.00E-06,,,,,,,,,,,,,,,,,,,,,,,High,High,High,High,Low,,,
66,2026/10/6,34:33.4,5,6,"Yuda, Toma",1000338410,Right,MEI_MEI,"Yuasa, Osuke",1000422710,Right,WAS_EDA,Undefined,2,Bottom,2,2,2,Slider,Slider,BallCalled,Undefined,Undefined,Undefined,0,0,,133.0698,1.900859,-2.047004,2976.891076,76.104911,8:30,1.727293,0.64845,1.705959,-106.4972,-2.5603,-21.8231,1.203783,-0.152534,123.17257,-5.756839,-3.578278,0.460404,,,,,,,,,,,,9.7466,-1.5365,-0.59326,15.24,1.768661,1.414709,-36.61268,0.768493,1.727834,6.354439,-10.079029,WAS_EDA,MEI_MEI,JinguStadium,TeamExclusive,Team,20261006-JinguStadium-1,3ac908f0-c13f-11f1-a3c0-e9a65f64b74e,131.75373,,,9.89723,,,,,,,70b076e0-976d-4b15-a51a-1ed58523581a,2026/10/6,34:33.4,2026-10-06T13:34:33.3650000+09:00,2026-10-06T04:34:33.3650000Z,,v3,,,,"Fukuhara, Seiya",1000242807,Right,MEI_MEI,1333451d-31ca-419e-b4e8-b354b3e72fe4,16.734354,-36.871125,3.17722,1.729068,1.178424,-5.039515,-0.64937,1.344435,0.863917,,,,,,,,,,,,,,,,,,,,,,,,,,,,,,,,,,,,,,,,,,,,,,,,,,,High,High,High,,,,,
67,2026/10/6,34:58.1,5,7,"Yuda, Toma",1000338410,Right,MEI_MEI,"Yuasa, Osuke",1000422710,Right,WAS_EDA,Undefined,2,Bottom,2,3,2,Fastball,Cutter,BallCalled,Walk,Undefined,Undefined,0,0,,145.66756,0.143569,-1.704631,2568.692977,176.61236,12:00,1.78092,0.628703,1.857446,-36.6874,48.9818,-2.7458,1.454539,0.120533,133.28667,-2.636325,-1.899185,0.417991,,,,,,,,,,,,0.2425,25.8929,-0.588523,15.24,1.781872,1.206906,-40.08319,-0.014558,0.051128,8.239794,-4.347632,WAS_EDA,MEI_MEI,JinguStadium,TeamExclusive,Team,20261006-JinguStadium-1,4981cda0-c13f-11f1-a3c0-e9a65f64b74e,145.12267,,,12.38089,,,,,,,70b076e0-976d-4b15-a51a-1ed58523581a,2026/10/6,34:58.1,2026-10-06T13:34:58.1470000+09:00,2026-10-06T04:34:58.1470000Z,,v3,,,,"Fukuhara, Seiya",1000242807,Right,MEI_MEI,6beb4e47-5992-45cf-8b4f-8fcbc56739e1,16.581699,-40.358057,4.119897,1.779938,0.130472,-2.173816,-0.628755,1.205201,0.025564,,,,,,,,,,,,,,,,,,,,,,,,,,,,,,,,,,,,,,,,,,,,,,,,,,,High,High,High,,,,,
68,2026/10/6,35:39.4,6,1,"Yuda, Toma",1000338410,Right,MEI_MEI,"Okanishi, Yuya",1000242774,Left,WAS_EDA,Undefined,2,Bottom,2,0,0,ChangeUp,Changeup,StrikeCalled,Undefined,Undefined,Undefined,0,0,,129.21102,-0.147338,-4.602201,1558.768995,245.216437,2:15,1.720374,0.77174,1.715117,-88.1469,21.9997,41.0158,0.796866,-0.129813,119.83144,-6.515022,-1.729335,0.473959,,,,,,,,,,,,-23.5221,12.2224,-0.655253,15.24,1.709708,2.665155,-35.489944,-0.434777,-3.934563,5.704715,-7.762203,WAS_EDA,MEI_MEI,JinguStadium,TeamExclusive,Team,20261006-JinguStadium-1,62204b20-c13f-11f1-a3c0-e9a65f64b74e,127.98588,,,9.37958,,,,,,,70b076e0-976d-4b15-a51a-1ed58523581a,2026/10/6,35:39.4,2026-10-06T13:35:39.3660000+09:00,2026-10-06T04:35:39.3660000Z,,v3,,,,"Fukuhara, Seiya",1000242807,Right,MEI_MEI,ee695ff3-29b4-4bbc-84ed-94940bff4a0f,16.725183,-35.727877,2.852357,1.72109,-0.111029,-3.881102,-0.769834,2.829259,-1.967281,,,,,,,,,,,,,,,,,,,,,,,,,,,,,,,,,,,,,,,,,,,,,,,,,,,High,High,High,,,,,
69,2026/10/6,35:56.0,6,2,"Yuda, Toma",1000338410,Right,MEI_MEI,"Okanishi, Yuya",1000242774,Left,WAS_EDA,Undefined,2,Bottom,2,0,1,Fastball,Four-Seam,FoulBallNotFieldable,Undefined,Undefined,Undefined,0,0,,146.10778,-1.72278,-3.75952,2614.652728,193.77595,12:30,1.785434,0.678626,1.778807,-40.012,45.9449,10.6393,0.896062,-0.28156,134.42923,-4.703644,-3.011323,0.418693,97.69497,-10.926781,81.281002,,,,,4.207791,4.134309,79.042315,0.146851,-7.9063,25.4334,-0.585869,15.24,1.739717,2.582989,-40.132762,-1.35414,-1.678519,7.901525,-4.407079,WAS_EDA,MEI_MEI,JinguStadium,TeamExclusive,Team,20261006-JinguStadium-1,6bfeb0f0-c13f-11f1-a3c0-e9a65f64b74e,144.87958,0.866744,,11.67855,,,,0.249765,0.866744,0.273174,70b076e0-976d-4b15-a51a-1ed58523581a,2026/10/6,35:56.0,2026-10-06T13:35:56.0000000+09:00,2026-10-06T04:35:56.0000000Z,GroundBall,v3,,,,"Fukuhara, Seiya",1000242807,Right,MEI_MEI,eec31c6d-8b98-40c4-8b2f-70e62d3b497f,16.661147,-40.411596,3.950763,1.784758,-1.198621,-2.20354,-0.678064,2.642221,-0.839259,282.639705,0.249762,4.039416,-1.999426,,,,,,,0.866759,-5.145408,-5.154844,,,,,,,0.273155,26.339253,-0.464369,,,,,,,,,,,,,,,,,,,,,,,,,,,,,High,High,High,High,High,,,
70,2026/10/6,36:33.9,6,3,"Yuda, Toma",1000338410,Right,MEI_MEI,"Okanishi, Yuya",1000242774,Left,WAS_EDA,Undefined,2,Bottom,2,0,2,ChangeUp,Changeup,FoulBallNotFieldable,Undefined,Undefined,Undefined,0,0,,136.12456,-1.505922,-4.356071,1697.057007,235.430491,1:45,1.706332,0.733466,1.767302,-70.6585,28.4916,37.0816,0.571492,-0.133024,125.61238,-6.653713,-1.748742,0.449677,,,,,,,,,,,,-21.9152,16.3967,-0.626962,15.24,1.663386,2.673399,-37.380001,-1.258645,-4.039934,6.79076,-6.784027,WAS_EDA,MEI_MEI,JinguStadium,TeamExclusive,Team,20261006-JinguStadium-1,8298d2f0-c13f-11f1-a3c0-e9a65f64b74e,134.89668,,,10.51218,,,,,,,70b076e0-976d-4b15-a51a-1ed58523581a,2026/10/6,36:33.9,2026-10-06T13:36:33.8980000+09:00,2026-10-06T04:36:33.8980000Z,,v3,,,,"Fukuhara, Seiya",1000242807,Right,MEI_MEI,da5e2772-f614-4555-848e-c0df42509ef1,16.673162,-37.639461,3.39538,1.706525,-0.999443,-3.392013,-0.732055,2.827755,-2.019967,,,,,,,,,,,,,,,,,,,,,,,,,,,,,,,,,,,,,,,,,,,,,,,,,,,High,High,High,,,,,
71,2026/10/6,36:57.9,6,4,"Yuda, Toma",1000338410,Right,MEI_MEI,"Okanishi, Yuya",1000242774,Left,WAS_EDA,Undefined,2,Bottom,2,0,2,Fastball,Four-Seam,FoulBallNotFieldable,Undefined,Undefined,Undefined,0,0,,145.10825,-1.585627,-1.502921,2465.576616,190.063,12:15,1.764683,0.655177,1.952642,-43.6892,41.7696,6.9388,0.883137,0.303261,132.87585,-4.872691,-1.007973,0.417478,134.78637,26.831995,-41.86261,4181.278215,22.418456,13.789043,-24.930512,81.639841,56.128418,-55.951847,3.785961,-4.6792,23.7496,-0.622755,15.24,1.72762,1.015022,-39.940591,-1.248367,-0.977134,8.373315,-4.847124,WAS_EDA,MEI_MEI,JinguStadium,TeamExclusive,Team,20261006-JinguStadium-1,90dd2af0-c13f-11f1-a3c0-e9a65f64b74e,145.30123,15.221294,,12.2324,,,,-0.089237,0.850072,-0.299127,70b076e0-976d-4b15-a51a-1ed58523581a,2026/10/6,36:57.9,2026-10-06T13:36:57.8600000+09:00,2026-10-06T04:36:57.8600000Z,LineDrive,v3,,,,"Fukuhara, Seiya",1000242807,Right,MEI_MEI,657c77bb-8fe2-441b-ab0b-c43a9848387d,16.487008,-40.201169,4.186658,1.764122,-1.097524,-2.423562,-0.654816,1.04543,-0.488567,132.245958,-0.089392,24.887119,-6.667681,1.725806,-0.439775,0.110295,-0.024413,0.003478,-0.000209,0.850221,16.894919,-5.341438,0.176951,0.065693,-0.041051,0.012029,-0.001634,8.00E-05,-0.299045,-22.297788,1.507711,-0.024652,-0.028844,-0.001086,0.00378,-0.000971,7.70E-05,,,,,,,,,,,,,,,,,,,,,,,High,High,High,High,Medium,,,
72,2026/10/6,38:17.5,6,5,"Yuda, Toma",1000338410,Right,MEI_MEI,"Okanishi, Yuya",1000242774,Left,WAS_EDA,Undefined,2,Bottom,2,0,2,Fastball,Four-Seam,BallCalled,Undefined,Undefined,Undefined,0,0,,148.25244,-1.617017,-0.907501,2487.485074,208.367608,1:00,1.757918,0.605546,1.980312,-33.7459,47.8052,24.4372,0.967879,0.595999,135.63594,-4.196098,0.839111,0.407821,,,,,,,,,,,,-13.3333,26.8755,-0.587298,15.24,1.721477,0.526218,-40.816335,-1.247473,-2.908766,8.716411,-3.943544,WAS_EDA,MEI_MEI,JinguStadium,TeamExclusive,Team,20261006-JinguStadium-1,c0591500-c13f-11f1-a3c0-e9a65f64b74e,148.74168,,,12.61649,,,,,,,70b076e0-976d-4b15-a51a-1ed58523581a,2026/10/6,38:17.5,2026-10-06T13:38:17.4770000+09:00,2026-10-06T04:38:17.4770000Z,,v3,,,,"Fukuhara, Seiya",1000242807,Right,MEI_MEI,b5cd356c-72c2-45cd-b7f0-fd589fb2f9fe,16.459028,-41.075836,4.358206,1.756868,-1.130068,-1.971772,-0.604253,0.612817,-1.454383,,,,,,,,,,,,,,,,,,,,,,,,,,,,,,,,,,,,,,,,,,,,,,,,,,,High,High,High,,,,,
73,2026/10/6,38:38.8,6,6,"Yuda, Toma",1000338410,Right,MEI_MEI,"Okanishi, Yuya",1000242774,Left,WAS_EDA,Undefined,2,Bottom,2,1,2,Slider,Slider,InPlay,Undefined,Popup,Out,1,0,,132.46207,0.417932,-1.931244,3019.056515,83.464388,8:45,1.737239,0.656632,1.688738,-104.015,0.5482,-19.035,0.816213,-0.084071,123.45488,-7.033076,-3.267193,0.461789,92.20146,44.672655,0.976154,4314.415916,33.389491,15.731697,-3.043819,48.514819,47.593352,-8.27133,3.953199,8.5423,0.804,-0.604021,15.24,1.739863,1.320147,-36.483255,-0.167116,1.509791,6.036799,-9.664549,WAS_EDA,MEI_MEI,JinguStadium,TeamExclusive,Team,20261006-JinguStadium-1,cd1175d0-c13f-11f1-a3c0-e9a65f64b74e,131.35856,17.303237,,9.0072,,,,0.183077,0.795809,0.095035,70b076e0-976d-4b15-a51a-1ed58523581a,2026/10/6,38:38.8,2026-10-06T13:38:38.8100000+09:00,2026-10-06T04:38:38.8100000Z,Popup,v3,,,,"Fukuhara, Seiya",1000242807,Right,MEI_MEI,bbf75c9f-049e-47ac-bc31-f84d4bb763bd,16.75196,-36.732584,3.018399,1.738522,0.232044,-4.832275,-0.657257,1.25779,0.754895,162.640591,0.183284,18.205127,-3.338598,0.751039,-0.083551,-0.005222,0.002376,-4.70E-05,-2.10E-05,0.795787,18.005828,-5.337855,0.288941,-0.010897,-0.030173,0.014803,-0.002848,0.000199,0.095093,0.308966,-0.926309,0.176106,-0.030465,0.007502,-0.002924,0.000645,-5.20E-05,,,,,,,,,,,,,,,,,,,,,,,High,High,High,High,High,,,
74,2026/10/6,40:46.6,1,1,"Takahashi, Koki",1000326144,Right,WAS_EDA,"Tamenaga, Hikaru",1000419475,Left,MEI_MEI,Undefined,3,Top,0,0,0,OneSeamFastBall,Sinker,BallCalled,Undefined,Undefined,Undefined,0,0,,141.93289,-1.193475,-2.509037,1926.296112,238.311889,2:00,1.65145,0.804407,1.833484,-64.9951,25.3021,36.629,0.664163,0.461845,130.6944,-5.958837,0.084606,0.429133,,,,,,,,,,,,-20.3971,14.6616,-0.746733,15.24,1.618648,1.528975,-39.049238,-1.068175,-4.095183,7.563291,-6.862994,WAS_EDA,MEI_MEI,JinguStadium,TeamExclusive,Team,20261006-JinguStadium-1,1946e3e0-c140-11f1-a3c0-e9a65f64b74e,141.35483,,,11.23849,,,,,,,70b076e0-976d-4b15-a51a-1ed58523581a,2026/10/6,40:46.6,2026-10-06T13:40:46.6450000+09:00,2026-10-06T04:40:46.6450000Z,,v3,,,,"Ogata, Mikito",1000326132,Right,WAS_EDA,9b2f166a-3fc3-4dab-8587-5190d7e9ca8e,16.606324,-39.312985,3.781645,1.651724,-0.828849,-3.431497,-0.802542,1.671782,-2.047592,,,,,,,,,,,,,,,,,,,,,,,,,,,,,,,,,,,,,,,,,,,,,,,,,,,High,High,High,,,,,
75,2026/10/6,40:58.3,1,2,"Takahashi, Koki",1000326144,Right,WAS_EDA,"Tamenaga, Hikaru",1000419475,Left,MEI_MEI,Undefined,3,Top,0,1,0,Cutter,Slider,FoulBallNotFieldable,Undefined,Undefined,Undefined,0,0,,137.89553,-0.352637,-3.451413,2555.37521,144.710735,10:45,1.628542,0.796024,1.864914,-83.5299,12.3482,-6.6725,0.693691,-0.244454,126.71752,-6.444902,-3.923606,0.442196,128.64658,40.708185,38.850509,4127.628338,24.35417,24.229713,23.043346,81.641153,75.221894,50.909551,5.08904,1.0512,7.4507,-0.714951,15.24,1.615029,2.316855,-37.907065,-0.554741,0.197704,7.555627,-8.405405,WAS_EDA,MEI_MEI,JinguStadium,TeamExclusive,Team,20261006-JinguStadium-1,20361900-c140-11f1-a3c0-e9a65f64b74e,137.17913,27.483272,,11.17802,,,,0.786335,0.740053,0.21805,70b076e0-976d-4b15-a51a-1ed58523581a,2026/10/6,40:58.3,2026-10-06T13:40:58.3270000+09:00,2026-10-06T04:40:58.3270000Z,FlyBall,v3,,,,"Ogata, Mikito",1000326132,Right,WAS_EDA,073e3185-8ade-4575-8fc9-58f2b8bd891c,16.575204,-38.172269,3.777814,1.629323,-0.259709,-4.202703,-0.796152,2.309916,0.098852,204.83197,0.787234,21.078637,-5.264474,1.210679,-0.203743,0.024644,-0.002554,0.000287,-1.80E-05,0.740028,23.304459,-5.729373,0.318773,0.023794,-0.03805,0.012215,-0.001721,9.10E-05,0.218365,16.986326,-1.937568,0.364177,-0.041191,0.000559,0.000336,4.00E-06,-3.00E-06,,,,,,,,,,,,,,,,,,,,,,,High,High,High,High,Medium,,,
76,2026/10/6,41:41.4,1,3,"Takahashi, Koki",1000326144,Right,WAS_EDA,"Tamenaga, Hikaru",1000419475,Left,MEI_MEI,Undefined,3,Top,0,1,1,Fastball,Four-Seam,InPlay,Undefined,LineDrive,Single,0,0,,149.49496,-1.689956,-4.292182,2647.239679,224.429067,1:30,1.673601,0.78127,2.016897,-42.3099,38.2541,34.8875,0.777307,-0.070212,136.07659,-4.89259,-1.802388,0.405345,164.40164,12.720623,20.652324,1318.694413,30.675833,5.43813,13.531924,71.592747,71.520056,27.135151,2.121188,-21.5559,22.1806,-0.69391,15.24,1.63637,2.915772,-41.052707,-1.350132,-4.733063,9.241275,-4.936406,WAS_EDA,MEI_MEI,JinguStadium,TeamExclusive,Team,20261006-JinguStadium-1,39e1c0c0-c140-11f1-a3c0-e9a65f64b74e,149.65019,5.524767,,13.41836,,,,0.417154,0.77216,0.070667,70b076e0-976d-4b15-a51a-1ed58523581a,2026/10/6,41:41.4,2026-10-06T13:41:41.4420000+09:00,2026-10-06T04:41:41.4420000Z,LineDrive,v3,,,,"Ogata, Mikito",1000326132,Right,WAS_EDA,362772db-1a5a-4651-8bdb-ea68702ede6a,16.422989,-41.318148,4.620637,1.673114,-1.208341,-2.468203,-0.779614,3.051722,-2.366531,253.517483,0.417154,41.683591,-8.293653,1.911782,-0.419838,0.079402,-0.013996,0.001894,-0.000132,0.77216,10.055783,-5.72558,0.461765,-0.043137,0.001138,0.001267,-0.000216,8.00E-06,0.070667,15.711336,0.853842,-0.933047,0.354512,-0.101998,0.023086,-0.003576,0.000268,,,,,,,,,,,,,,,,,,,,,,,High,High,High,High,High,,,
77,2026/10/6,42:23.0,2,1,"Takahashi, Koki",1000326144,Right,WAS_EDA,"Wakasa, Ryonosuke",1000242817,Right,MEI_MEI,Undefined,3,Top,0,0,0,Cutter,Slider,InPlay,Undefined,Bunt,Out,1,0,,134.8355,0.410812,-3.187536,2624.640253,90.890051,9:00,1.643911,0.800456,1.83114,-96.691,2.9842,-19.0332,0.793188,-0.290902,125.22565,-6.58226,-4.531833,0.450867,,,,,,,,,,,,7.8995,1.9849,-0.722812,15.24,1.647282,2.15198,-37.111782,-0.110444,1.438532,6.543394,-9.445184,WAS_EDA,MEI_MEI,JinguStadium,TeamExclusive,Team,20261006-JinguStadium-1,52b57f10-c140-11f1-a3c0-e9a65f64b74e,134.5409,,,9.60985,,,,,,,70b076e0-976d-4b15-a51a-1ed58523581a,2026/10/6,42:23.0,2026-10-06T13:42:23.0340000+09:00,2026-10-06T04:42:23.0340000Z,,v3,,,,"Ogata, Mikito",1000326132,Right,WAS_EDA,612fd4d4-88f8-457e-8444-b1aabd7fa7c4,16.60957,-37.352478,3.271697,1.644955,0.236993,-4.722592,-0.800998,2.099064,0.719266,,,,,,,,,,,,,,,,,,,,,,,,,,,,,,,,,,,,,,,,,,,,,,,,,,,High,High,High,,,,,
78,2026/10/6,43:22.0,3,1,"Takahashi, Koki",1000326144,Right,WAS_EDA,"Tsuda, Motoki",1000242809,Left,MEI_MEI,Undefined,3,Top,1,0,0,OneSeamFastBall,Changeup,InPlay,Undefined,Popup,Out,1,0,,143.17683,-1.798697,-4.259733,1832.096016,240.867195,2:00,1.623962,0.776765,1.915457,-62.3208,25.9887,41.7507,0.493919,-0.004533,131.54084,-6.393526,-1.29595,0.424383,131.67655,79.233507,-10.807721,,,,,,10.488193,,,-24.6762,15.5517,-0.683323,15.24,1.579789,2.733223,-39.328981,-1.469522,-5.01319,7.861725,-6.647194,WAS_EDA,MEI_MEI,JinguStadium,TeamExclusive,Team,20261006-JinguStadium-1,75decf00-c140-11f1-a3c0-e9a65f64b74e,142.93676,39.581524,,11.636,,,,,,,70b076e0-976d-4b15-a51a-1ed58523581a,2026/10/6,43:22.0,2026-10-06T13:43:22.0260000+09:00,2026-10-06T04:43:22.0260000Z,,v3,,,,"Ogata, Mikito",1000326132,Right,WAS_EDA,3a22ed7b-8d5c-49c3-a773-5f11b7bc5da9,16.524853,-39.584985,3.930862,1.624118,-1.253067,-3.323597,-0.774984,2.896469,-2.506595,164.499146,1.576723,6.712335,-1.493559,0.367432,-0.078714,-0.042696,0.090166,-0.049471,0.009165,0.02028,35.932842,-8.705946,1.184624,-0.253905,0.046413,-0.008613,0.002125,-0.000377,0.085326,-1.280264,-0.878102,0.245203,-0.059232,-0.062677,0.117811,-0.064366,0.011938,,,,,,,,,,,,,,,,,,,,,,,High,High,High,Low,Undefined,,,
79,2026/10/6,44:04.2,4,1,"Takahashi, Koki",1000326144,Right,WAS_EDA,"Okada, Keigo",1000242813,Left,MEI_MEI,Undefined,3,Top,2,0,0,Fastball,Four-Seam,BallCalled,Undefined,Undefined,Undefined,0,0,,149.61792,-0.207183,-4.403191,2699.242378,219.753067,1:15,1.644298,0.739419,2.047057,-44.1128,36.0699,27.8044,1.145275,-0.211737,135.89594,-3.549792,-2.416667,0.404385,,,,,,,,,,,,-17.7957,19.943,-0.65152,15.24,1.637923,3.028466,-41.086905,-0.287801,-3.911877,9.300492,-5.422747,WAS_EDA,MEI_MEI,JinguStadium,TeamExclusive,Team,20261006-JinguStadium-1,8ef71060-c140-11f1-a3c0-e9a65f64b74e,150.00557,,,13.72198,,,,,,,70b076e0-976d-4b15-a51a-1ed58523581a,2026/10/6,44:04.2,2026-10-06T13:44:04.1570000+09:00,2026-10-06T04:44:04.1570000Z,,v3,,,,"Ogata, Mikito",1000326132,Right,WAS_EDA,100a8e2e-6029-4500-aab5-cc644dd01398,16.392108,-41.346875,4.650246,1.643849,-0.136223,-2.711374,-0.7377,3.137812,-1.955938,,,,,,,,,,,,,,,,,,,,,,,,,,,,,,,,,,,,,,,,,,,,,,,,,,,High,High,High,,,,,
80,2026/10/6,44:26.2,4,2,"Takahashi, Koki",1000326144,Right,WAS_EDA,"Okada, Keigo",1000242813,Left,MEI_MEI,Undefined,3,Top,2,1,0,Cutter,Slider,InPlay,Undefined,GroundBall,Out,1,0,,135.41145,0.928643,-2.86,2626.785682,64.000179,8:15,1.602396,0.821397,1.803553,-100.9764,-1.1147,-8.3338,0.85566,-0.071598,124.65626,-6.383661,-3.448082,0.451288,115.37394,11.242815,0.177109,1111.098169,,,,37.261537,37.049055,-2.130168,1.348594,2.3448,-0.3884,-0.750946,15.24,1.618134,1.899436,-37.243076,0.198734,0.426792,7.110868,-9.877352,WAS_EDA,MEI_MEI,JinguStadium,TeamExclusive,Team,20261006-JinguStadium-1,9c24ef50-c140-11f1-a3c0-e9a65f64b74e,134.41515,2.675901,,10.75519,,,,0.31144,0.850545,0.079651,70b076e0-976d-4b15-a51a-1ed58523581a,2026/10/6,44:26.2,2026-10-06T13:44:26.2250000+09:00,2026-10-06T04:44:26.2250000Z,GroundBall,v3,,,,"Ogata, Mikito",1000326132,Right,WAS_EDA,569c81e6-f14f-4f1f-9398-ff304c935b59,16.63676,-37.508813,3.555434,1.60381,0.567856,-4.938676,-0.821631,1.883487,0.213396,91.137457,0.31144,31.433151,-3.451208,0.433427,-0.093229,0.015347,-0.002642,0.000461,-4.40E-05,0.850545,6.248375,-5.574079,0.422996,-0.071265,0.015911,-0.002419,0.000339,-3.50E-05,0.079651,0.097164,-1.044485,0.155686,-0.029597,0.005397,-0.000863,0.000156,-1.70E-05,,,,,,,,,,,,,,,,,,,,,,,High,High,High,High,High,,,
81,2026/10/6,46:30.4,1,1,"Yuda, Toma",1000338410,Right,MEI_MEI,"Terao, Kensei",1000242786,Right,WAS_EDA,Undefined,3,Bottom,0,0,0,Curveball,Curveball,BallCalled,Undefined,Undefined,Undefined,0,0,,113.76177,2.637808,0.020538,2963.337286,38.60098,7:15,1.750091,0.699376,1.605666,-196.8908,-49.9903,-43.7987,0.536962,0.267269,104.35663,-11.353726,-3.04875,0.547352,,,,,,,,,,,,21.8405,-25.5076,-0.695958,15.24,1.806205,0.181441,-31.267197,0.672469,2.755372,5.818251,-13.024664,WAS_EDA,MEI_MEI,JinguStadium,TeamExclusive,Team,20261006-JinguStadium-1,e6405700-c140-11f1-a3c0-e9a65f64b74e,110.82456,,,9.40514,,,,,,,70b076e0-976d-4b15-a51a-1ed58523581a,2026/10/6,46:30.4,2026-10-06T13:46:30.4240000+09:00,2026-10-06T04:46:30.4240000Z,,v3,,,,"Fukuhara, Seiya",1000242807,Right,MEI_MEI,435eef9c-4e9f-41c9-9b8a-b5ea0c914f90,16.836287,-31.562839,2.909125,1.75522,1.33429,-6.512332,-0.70162,0.041432,1.377686,,,,,,,,,,,,,,,,,,,,,,,,,,,,,,,,,,,,,,,,,,,,,,,,,,,High,High,High,,,,,
82,2026/10/6,46:40.1,1,2,"Yuda, Toma",1000338410,Right,MEI_MEI,"Terao, Kensei",1000242786,Right,WAS_EDA,Undefined,3,Bottom,0,1,0,Slider,Curveball,BallCalled,Undefined,Undefined,Undefined,0,0,,128.12625,2.534387,0.122338,3018.675519,55.914658,7:45,1.766919,0.791794,1.605455,-124.5154,-12.0586,-21.9494,1.247883,0.607328,119.5506,-6.332985,-1.410976,0.478903,,,,,,,,,,,,11.189,-6.8565,-0.793126,15.24,1.826272,0.027168,-35.290745,1.036024,1.859227,5.349361,-10.94596,WAS_EDA,MEI_MEI,JinguStadium,TeamExclusive,Team,20261006-JinguStadium-1,ebedbd50-c140-11f1-a3c0-e9a65f64b74e,126.66446,,,8.57566,,,,,,,70b076e0-976d-4b15-a51a-1ed58523581a,2026/10/6,46:40.1,2026-10-06T13:46:40.0790000+09:00,2026-10-06T04:46:40.0790000Z,,v3,,,,"Fukuhara, Seiya",1000242807,Right,MEI_MEI,fb2c424a-d3b4-4155-a905-177b1191efd7,16.83584,-35.531819,2.67468,1.768467,1.529313,-5.47298,-0.792463,-0.056619,0.929613,,,,,,,,,,,,,,,,,,,,,,,,,,,,,,,,,,,,,,,,,,,,,,,,,,,High,High,High,,,,,
83,2026/10/6,47:02.0,1,3,"Yuda, Toma",1000338410,Right,MEI_MEI,"Terao, Kensei",1000242786,Right,WAS_EDA,Undefined,3,Bottom,0,2,0,Fastball,Four-Seam,StrikeCalled,Undefined,Undefined,Undefined,0,0,,142.89037,-1.666697,-3.529577,2471.322683,210.12405,1:00,1.772048,0.701963,1.919091,-46.217,41.2134,22.5516,0.840773,-0.06504,132.71992,-5.099059,-1.928137,0.422266,,,,,,,,,,,,-13.7516,23.1629,-0.624053,15.24,1.731867,2.318837,-39.318372,-1.303687,-2.830065,6.814817,-5.039759,WAS_EDA,MEI_MEI,JinguStadium,TeamExclusive,Team,20261006-JinguStadium-1,f9038060-c140-11f1-a3c0-e9a65f64b74e,143.65365,,,10.17045,,,,,,,70b076e0-976d-4b15-a51a-1ed58523581a,2026/10/6,47:02.0,2026-10-06T13:47:02.0130000+09:00,2026-10-06T04:47:02.0130000Z,,v3,,,,"Fukuhara, Seiya",1000242807,Right,MEI_MEI,d1d9e69f-edde-4a11-abcd-f0e677b1da41,16.520982,-39.539773,3.407409,1.771561,-1.139954,-2.51988,-0.700882,2.410781,-1.415032,,,,,,,,,,,,,,,,,,,,,,,,,,,,,,,,,,,,,,,,,,,,,,,,,,,High,High,High,,,,,
84,2026/10/6,47:14.0,1,4,"Yuda, Toma",1000338410,Right,MEI_MEI,"Terao, Kensei",1000242786,Right,WAS_EDA,Undefined,3,Bottom,0,2,1,Slider,Slider,FoulBallNotFieldable,Undefined,Undefined,Undefined,0,0,,130.17548,-1.152932,-2.816387,2828.993928,82.474197,8:45,1.743318,0.773383,1.679366,-108.2101,0.2861,-18.9861,0.332156,-0.219877,121.95909,-8.854962,-4.147969,0.470394,,,,,,,,,,,,8.0232,1.5866,-0.696868,15.24,1.703747,1.849912,-35.827531,-1.165844,1.36837,5.782414,-9.536051,WAS_EDA,MEI_MEI,JinguStadium,TeamExclusive,Team,20261006-JinguStadium-1,002c8a30-c141-11f1-a3c0-e9a65f64b74e,128.95571,,,8.21639,,,,,,,70b076e0-976d-4b15-a51a-1ed58523581a,2026/10/6,47:14.0,2026-10-06T13:47:14.0150000+09:00,2026-10-06T04:47:14.0150000Z,,v3,,,,"Fukuhara, Seiya",1000242807,Right,MEI_MEI,6b0b1ada-5b10-46be-8a0d-c13a20161123,16.761466,-36.072253,2.891207,1.744547,-0.762261,-4.768025,-0.773934,1.792,0.684185,,,,,,,,,,,,,,,,,,,,,,,,,,,,,,,,,,,,,,,,,,,,,,,,,,,High,High,High,,,,,
85,2026/10/6,47:36.2,1,5,"Yuda, Toma",1000338410,Right,MEI_MEI,"Terao, Kensei",1000242786,Right,WAS_EDA,Undefined,3,Bottom,0,2,2,Fastball,Four-Seam,InPlay,Undefined,LineDrive,Out,1,0,,145.01607,-1.233573,-2.67226,2562.831377,192.183346,12:30,1.801741,0.609114,1.856891,-37.6158,48.2745,9.8965,1.077369,-0.045859,133.84744,-4.057482,-1.971609,0.41853,161.14666,17.972761,-6.627978,2390.32842,33.445758,10.696761,-2.345458,109.184832,107.30563,1.294512,4.039293,-6.8123,26.5212,-0.546962,15.24,1.770328,1.814997,-39.913509,-0.9861,-1.435209,7.552472,-4.21917,WAS_EDA,MEI_MEI,JinguStadium,TeamExclusive,Team,20261006-JinguStadium-1,0d56bfa0-c141-11f1-a3c0-e9a65f64b74e,144.93583,14.541489,,11.16863,,,,0.279847,1.07114,0.053243,70b076e0-976d-4b15-a51a-1ed58523581a,2026/10/6,47:36.2,2026-10-06T13:47:36.1610000+09:00,2026-10-06T04:47:36.1610000Z,LineDrive,v3,,,,"Fukuhara, Seiya",1000242807,Right,MEI_MEI,2d154cec-cd71-4ee5-9d1c-7db6b54acf58,16.583273,-40.166881,3.776236,1.801036,-0.844555,-2.109585,-0.60866,1.863145,-0.717605,210.400178,0.279904,42.292378,-7.297621,1.547727,-0.283265,0.045176,-0.006225,0.000632,-3.00E-05,1.070919,13.818393,-3.368312,-0.161212,0.034963,0.004535,-0.002882,0.000596,-4.80E-05,0.053073,-4.90989,3.144769,-0.856152,0.170757,-0.024882,0.002854,-0.000271,1.40E-05,,,,,,,,,,,,,,,,,,,,,,,High,High,High,High,High,,,
86,2026/10/6,48:07.1,2,1,"Yuda, Toma",1000338410,Right,MEI_MEI,"Tokumaru, Kaisei",1000422696,Left,WAS_EDA,Undefined,3,Bottom,1,0,0,Slider,Slider,BallCalled,Undefined,Undefined,Undefined,0,0,,131.10884,1.551074,-2.637069,2998.312961,81.786738,8:45,1.739465,0.777098,1.656557,-107.2763,-0.1889,-20.0461,1.109998,-0.176585,122.24767,-6.119905,-4.038363,0.46733,,,,,,,,,,,,8.5709,-0.0796,-0.704216,15.24,1.772387,1.758787,-36.081127,0.524937,1.485985,5.712229,-9.820455,WAS_EDA,MEI_MEI,JinguStadium,TeamExclusive,Team,20261006-JinguStadium-1,1fc97f10-c141-11f1-a3c0-e9a65f64b74e,129.80111,,,8.86117,,,,,,,70b076e0-976d-4b15-a51a-1ed58523581a,2026/10/6,48:07.1,2026-10-06T13:48:07.0670000+09:00,2026-10-06T04:48:07.0670000Z,,v3,,,,"Fukuhara, Seiya",1000242807,Right,MEI_MEI,2009b212-b0e6-4e33-a0f4-72354e8a40fd,16.783954,-36.324737,2.856114,1.741069,0.943752,-4.910227,-0.777872,1.695414,0.742992,,,,,,,,,,,,,,,,,,,,,,,,,,,,,,,,,,,,,,,,,,,,,,,,,,,High,High,High,,,,,
87,2026/10/6,48:17.1,2,2,"Yuda, Toma",1000338410,Right,MEI_MEI,"Tokumaru, Kaisei",1000422696,Left,WAS_EDA,Undefined,3,Bottom,1,1,0,ChangeUp,Changeup,StrikeCalled,Undefined,Undefined,Undefined,0,0,,127.87794,-0.506345,-3.261346,1574.016176,230.652024,1:45,1.725669,0.794654,1.721854,-81.1582,30.3669,33.4818,0.769903,0.201309,119.25223,-6.37896,-0.909709,0.476915,,,,,,,,,,,,-18.8343,16.6579,-0.712902,15.24,1.706314,1.852117,-35.191281,-0.618445,-3.112794,5.303387,-7.053558,WAS_EDA,MEI_MEI,JinguStadium,TeamExclusive,Team,20261006-JinguStadium-1,25d05000-c141-11f1-a3c0-e9a65f64b74e,127.1925,,,8.6257,,,,,,,70b076e0-976d-4b15-a51a-1ed58523581a,2026/10/6,48:17.1,2026-10-06T13:48:17.1420000+09:00,2026-10-06T04:48:17.1420000Z,,v3,,,,"Fukuhara, Seiya",1000242807,Right,MEI_MEI,52232f54-d8c9-4974-8dba-a4a915764080,16.71838,-35.413375,2.651694,1.726028,-0.323058,-3.526779,-0.793194,1.982474,-1.556397,,,,,,,,,,,,,,,,,,,,,,,,,,,,,,,,,,,,,,,,,,,,,,,,,,,High,High,High,,,,,
88,2026/10/6,48:27.7,2,3,"Yuda, Toma",1000338410,Right,MEI_MEI,"Tokumaru, Kaisei",1000422696,Left,WAS_EDA,Undefined,3,Bottom,1,1,1,Fastball,Four-Seam,BallCalled,Undefined,Undefined,Undefined,0,0,,143.71544,-0.299901,-2.878368,2604.966666,194.521618,12:30,1.766796,0.723943,1.835311,-39.9946,47.7671,11.7265,1.282078,0.02794,132.42434,-3.297535,-2.049579,0.423065,,,,,,,,,,,,-7.8093,25.5127,-0.655955,15.24,1.756937,1.929269,-39.54056,-0.340627,-1.614466,7.421439,-4.532259,WAS_EDA,MEI_MEI,JinguStadium,TeamExclusive,Team,20261006-JinguStadium-1,2c0c13a0-c141-11f1-a3c0-e9a65f64b74e,143.3822,,,11.2911,,,,,,,70b076e0-976d-4b15-a51a-1ed58523581a,2026/10/6,48:27.7,2026-10-06T13:48:27.6710000+09:00,2026-10-06T04:48:27.6710000Z,,v3,,,,"Fukuhara, Seiya",1000242807,Right,MEI_MEI,08df0fa2-a977-444c-ae35-cf918e627d96,16.604247,-39.795794,3.710719,1.765971,-0.184756,-2.266129,-0.72326,1.984792,-0.807233,,,,,,,,,,,,,,,,,,,,,,,,,,,,,,,,,,,,,,,,,,,,,,,,,,,High,High,High,,,,,
89,2026/10/6,48:38.2,2,4,"Yuda, Toma",1000338410,Right,MEI_MEI,"Tokumaru, Kaisei",1000422696,Left,WAS_EDA,Undefined,3,Bottom,1,2,1,Curveball,Curveball,StrikeCalled,Undefined,Undefined,Undefined,0,0,,116.84762,3.540545,-1.24559,2902.747225,37.149322,7:15,1.760116,0.733259,1.644916,-185.8759,-47.0738,-39.1543,0.914172,-0.014118,106.72386,-9.724048,-3.988077,0.53205,,,,,,,,,,,,18.5397,-24.814,-0.696049,15.24,1.840893,0.873473,-32.081322,1.250374,2.464603,6.079145,-13.105332,WAS_EDA,MEI_MEI,JinguStadium,TeamExclusive,Team,20261006-JinguStadium-1,326a2c50-c141-11f1-a3c0-e9a65f64b74e,114.01177,,,10.12375,,,,,,,70b076e0-976d-4b15-a51a-1ed58523581a,2026/10/6,48:38.2,2026-10-06T13:48:38.1830000+09:00,2026-10-06T04:48:38.1830000Z,,v3,,,,"Fukuhara, Seiya",1000242807,Right,MEI_MEI,7c0b5871-df8a-4598-97a5-f8efa50855d5,16.796661,-32.374953,3.039572,1.76521,1.883378,-6.552666,-0.735364,0.75443,1.232302,,,,,,,,,,,,,,,,,,,,,,,,,,,,,,,,,,,,,,,,,,,,,,,,,,,High,High,High,,,,,
90,2026/10/6,48:49.7,2,5,"Yuda, Toma",1000338410,Right,MEI_MEI,"Tokumaru, Kaisei",1000422696,Left,WAS_EDA,Undefined,3,Bottom,1,2,2,Fastball,Four-Seam,BallCalled,Undefined,Undefined,Undefined,0,0,,146.59115,-0.384343,-0.840201,2639.608116,189.720639,12:15,1.803129,0.686038,1.855392,-38.3314,45.7298,7.4208,1.311433,0.523329,134.96089,-3.264762,-0.314004,0.41405,,,,,,,,,,,,-4.3496,24.5647,-0.666739,15.24,1.79158,0.554589,-40.377538,-0.399548,-0.936179,7.870205,-4.519478,WAS_EDA,MEI_MEI,JinguStadium,TeamExclusive,Team,20261006-JinguStadium-1,392691a0-c141-11f1-a3c0-e9a65f64b74e,146.50415,,,11.63026,,,,,,,70b076e0-976d-4b15-a51a-1ed58523581a,2026/10/6,48:49.7,2026-10-06T13:48:49.6680000+09:00,2026-10-06T04:48:49.6680000Z,,v3,,,,"Fukuhara, Seiya",1000242807,Right,MEI_MEI,f994bb54-8f7e-4f1f-b2b6-32c677405048,16.584194,-40.638698,3.935102,1.80235,-0.249577,-2.259739,-0.685657,0.585654,-0.468089,,,,,,,,,,,,,,,,,,,,,,,,,,,,,,,,,,,,,,,,,,,,,,,,,,,High,High,High,,,,,
91,2026/10/6,49:05.6,2,6,"Yuda, Toma",1000338410,Right,MEI_MEI,"Tokumaru, Kaisei",1000422696,Left,WAS_EDA,Undefined,3,Bottom,1,3,2,ChangeUp,Changeup,StrikeCalled,Strikeout,Undefined,Undefined,0,0,,130.86693,-1.114036,-4.888991,1505.008854,223.451822,1:30,1.733305,0.779878,1.749394,-77.4352,30.5079,25.796,0.641587,-0.353068,120.52723,-6.747696,-3.080532,0.469194,,,,,,,,,,,,-16.3235,17.2893,-0.657523,15.24,1.699258,2.948663,-35.889413,-0.991917,-2.768826,6.378399,-6.873995,WAS_EDA,MEI_MEI,JinguStadium,TeamExclusive,Team,20261006-JinguStadium-1,42b35500-c141-11f1-a3c0-e9a65f64b74e,129.28563,,,10.3397,,,,,,,70b076e0-976d-4b15-a51a-1ed58523581a,2026/10/6,49:05.6,2026-10-06T13:49:05.6150000+09:00,2026-10-06T04:49:05.6150000Z,,v3,,,,"Fukuhara, Seiya",1000242807,Right,MEI_MEI,b286d37c-3f95-400f-8f43-e8cae4b32ee0,16.690258,-36.146239,3.189199,1.733625,-0.715136,-3.436997,-0.778495,3.060149,-1.384413,,,,,,,,,,,,,,,,,,,,,,,,,,,,,103.2238,2.878213,1.767373,1.11084,-0.314756,0.551231,0.392702,-1.204246,1.159097,-0.263158,20.8548,1.512102,-17.176661,-1.1895,21.446906,-1.448374,1.169599,4.775623,-4.026163,-0.295762,-17.791669,2.349395,High,High,High,,,High,Medium,Medium
92,2026/10/6,49:27.6,3,1,"Yuda, Toma",1000338410,Right,MEI_MEI,"Takahashi, Hiroto",1000326145,Right,WAS_EDA,Undefined,3,Bottom,2,0,0,Fastball,Cutter,StrikeCalled,Undefined,Undefined,Undefined,0,0,,146.13315,-1.164062,-3.548677,2683.51954,180.51311,12:00,1.744733,0.691586,1.831684,-44.6165,39.5977,0.3356,0.969195,-0.308383,136.23032,-4.450551,-3.524997,0.414426,,,,,,,,,,,,-2.1304,21.7375,-0.60662,15.24,1.713823,2.492276,-40.21494,-0.984749,-0.460386,6.821991,-5.109189,WAS_EDA,MEI_MEI,JinguStadium,TeamExclusive,Team,20261006-JinguStadium-1,4fc01760-c141-11f1-a3c0-e9a65f64b74e,146.37105,,,9.90283,,,,,,,70b076e0-976d-4b15-a51a-1ed58523581a,2026/10/6,49:27.6,2026-10-06T13:49:27.5780000+09:00,2026-10-06T04:49:27.5780000Z,,v3,,,,"Fukuhara, Seiya",1000242807,Right,MEI_MEI,13fe0346-a572-44e1-84c7-a02dd215631f,16.608421,-40.446411,3.410996,1.744294,-0.811394,-2.554594,-0.691448,2.507897,-0.230193,,,,,,,,,,,,,,,,,,,,,,,,,,,,,,,,,,,,,,,,,,,,,,,,,,,High,High,High,,,,,
93,2026/10/6,49:36.2,3,2,"Yuda, Toma",1000338410,Right,MEI_MEI,"Takahashi, Hiroto",1000326145,Right,WAS_EDA,Undefined,3,Bottom,2,0,1,Fastball,Four-Seam,InPlay,Undefined,FlyBall,HomeRun,0,1,,146.67482,-1.150366,-3.125483,2574.812299,197.166302,12:30,1.778524,0.695077,1.844551,-39.8662,43.8225,12.8483,1.054763,-0.059158,136.08954,-4.116372,-2.21708,0.413131,163.253,26.549925,-17.885724,2433.948982,31.658231,17.027109,-11.040055,114.88833,113.642054,-24.393735,5.317455,-8.4924,24.0394,-0.621793,15.24,1.748611,2.141911,-40.375814,-0.954369,-1.841684,7.245445,-4.59344,WAS_EDA,MEI_MEI,JinguStadium,TeamExclusive,Team,20261006-JinguStadium-1,54e6e890-c141-11f1-a3c0-e9a65f64b74e,146.82982,26.378522,,10.58527,,,,0.311713,1.047079,0.061179,70b076e0-976d-4b15-a51a-1ed58523581a,2026/10/6,49:36.2,2026-10-06T13:49:36.2210000+09:00,2026-10-06T04:49:36.2210000Z,FlyBall,v3,,,,"Fukuhara, Seiya",1000242807,Right,MEI_MEI,75f2efc1-9b81-4023-b80a-327d6c452fb3,16.59583,-40.61839,3.622722,1.777988,-0.800582,-2.29672,-0.694535,2.20357,-0.920842,166.232479,0.31188,38.602622,-8.616528,2.095547,-0.466288,0.09584,-0.01563,0.001597,-7.10E-05,1.047716,20.255558,-4.04347,-0.195984,0.181797,-0.070982,0.015543,-0.001745,7.80E-05,0.06119,-12.458852,1.480426,-0.308299,0.058032,-0.011183,0.00194,-0.000218,1.10E-05,,,,,,,,,,,,,,,,,,,,,,,High,High,High,High,Medium,,,
94,2026/10/6,50:30.1,4,1,"Yuda, Toma",1000338410,Right,MEI_MEI,"Ogata, Mikito",1000326132,Left,WAS_EDA,Undefined,3,Bottom,2,0,0,ChangeUp,Changeup,BallCalled,Undefined,Undefined,Undefined,0,0,,130.40701,-1.964308,-4.375042,1471.901438,226.084505,1:30,1.728441,0.760958,1.805427,-80.8084,26.1992,24.124,0.362952,-0.237601,121.35588,-7.81907,-2.674832,0.467156,,,,,,,,,,,,-15.0523,15.5609,-0.655769,15.24,1.674826,2.633104,-35.818968,-1.530693,-2.563606,5.838998,-7.156419,WAS_EDA,MEI_MEI,JinguStadium,TeamExclusive,Team,20261006-JinguStadium-1,750e9140-c141-11f1-a3c0-e9a65f64b74e,129.84952,,,9.05113,,,,,,,70b076e0-976d-4b15-a51a-1ed58523581a,2026/10/6,50:30.1,2026-10-06T13:50:30.1010000+09:00,2026-10-06T04:50:30.1010000Z,,v3,,,,"Fukuhara, Seiya",1000242807,Right,MEI_MEI,d2955649-ada0-47a6-ba6d-c041251e8020,16.634835,-36.045629,2.919499,1.728853,-1.252892,-3.57821,-0.759914,2.732619,-1.281803,,,,,,,,,,,,,,,,,,,,,,,,,,,,,,,,,,,,,,,,,,,,,,,,,,,High,High,High,,,,,
95,2026/10/6,50:43.0,4,2,"Yuda, Toma",1000338410,Right,MEI_MEI,"Ogata, Mikito",1000326132,Left,WAS_EDA,Undefined,3,Bottom,2,1,0,Slider,Slider,StrikeCalled,Undefined,Undefined,Undefined,0,0,,133.28844,0.686922,-3.193451,3124.84164,65.288236,8:15,1.744025,0.740493,1.657059,-108.4624,-4.376,-15.5224,0.855776,-0.327146,123.99798,-7.057315,-4.278502,0.460735,,,,,,,,,,,,5.8757,-1.7204,-0.652971,15.24,1.753519,2.12157,-36.659068,-0.027212,1.04677,6.208634,-10.113136,WAS_EDA,MEI_MEI,JinguStadium,TeamExclusive,Team,20261006-JinguStadium-1,7cc3fc90-c141-11f1-a3c0-e9a65f64b74e,131.65908,,,9.29047,,,,,,,70b076e0-976d-4b15-a51a-1ed58523581a,2026/10/6,50:43.0,2026-10-06T13:50:43.0410000+09:00,2026-10-06T04:50:43.0410000Z,,v3,,,,"Fukuhara, Seiya",1000242807,Right,MEI_MEI,aecbe3c0-45fc-4e45-8fde-62961c6e5c13,16.783407,-36.919536,3.104317,1.745761,0.397061,-5.056568,-0.741055,2.077656,0.523385,,,,,,,,,,,,,,,,,,,,,,,,,,,,,,,,,,,,,,,,,,,,,,,,,,,High,High,High,,,,,
96,2026/10/6,50:55.0,4,3,"Yuda, Toma",1000338410,Right,MEI_MEI,"Ogata, Mikito",1000326132,Left,WAS_EDA,Undefined,3,Bottom,2,1,1,ChangeUp,Changeup,BallCalled,Undefined,Undefined,Undefined,0,0,,131.53419,-1.461286,-4.084295,1665.118871,234.372381,1:45,1.705957,0.798391,1.767798,-78.9482,27.9173,34.2167,0.501076,-0.019246,120.71775,-7.216809,-1.676649,0.466846,,,,,,,,,,,,-20.3059,16.293,-0.698457,15.24,1.663617,2.417786,-36.099241,-1.220193,-3.46698,6.784122,-7.024828,WAS_EDA,MEI_MEI,JinguStadium,TeamExclusive,Team,20261006-JinguStadium-1,83df71d0-c141-11f1-a3c0-e9a65f64b74e,129.93583,,,10.81644,,,,,,,70b076e0-976d-4b15-a51a-1ed58523581a,2026/10/6,50:55.0,2026-10-06T13:50:54.9570000+09:00,2026-10-06T04:50:54.9570000Z,,v3,,,,"Fukuhara, Seiya",1000242807,Right,MEI_MEI,2ceeb7e2-3147-4cd3-b855-4c8dee410438,16.671978,-36.367357,3.392061,1.706354,-0.942565,-3.512414,-0.796718,2.554805,-1.73349,,,,,,,,,,,,,,,,,,,,,,,,,,,,,,,,,,,,,,,,,,,,,,,,,,,High,High,High,,,,,
97,2026/10/6,51:07.1,4,4,"Yuda, Toma",1000338410,Right,MEI_MEI,"Ogata, Mikito",1000326132,Left,WAS_EDA,Undefined,3,Bottom,2,2,1,Fastball,Four-Seam,FoulBallNotFieldable,Undefined,Undefined,Undefined,0,0,,144.71034,-1.160178,-2.968023,2541.473774,198.798936,12:45,1.767564,0.677647,1.870029,-42.3734,44.4387,14.2171,1.016523,-0.017027,132.57935,-4.339842,-1.960921,0.42077,117.11739,64.969366,-101.058632,5383.54013,,,,,11.245125,,,-9.3892,24.5922,-0.609451,15.24,1.737882,1.993331,-39.789742,-0.950317,-1.950253,8.135579,-4.698532,WAS_EDA,MEI_MEI,JinguStadium,TeamExclusive,Team,20261006-JinguStadium-1,8b117c50-c141-11f1-a3c0-e9a65f64b74e,144.16431,20.235504,,12.131,,,,0.06781,1.018923,0.018008,70b076e0-976d-4b15-a51a-1ed58523581a,2026/10/6,51:07.1,2026-10-06T13:51:07.0850000+09:00,2026-10-06T04:51:07.0850000Z,,v3,,,,"Fukuhara, Seiya",1000242807,Right,MEI_MEI,b5e8a6bd-c395-4e0b-9404-6ecccd03d377,16.569694,-40.060694,4.067789,1.766926,-0.793834,-2.349266,-0.676919,2.058283,-0.975127,23.720289,0.06781,-2.640242,-2.82164,0.934531,-0.244627,0.058006,-0.012699,0.002659,-0.000244,1.018923,29.477202,-8.654043,1.030154,-0.198275,0.028744,-0.00422,0.00041,8.40E-05,0.018008,-13.509047,0.92548,0.206761,-0.096632,0.032653,-0.007521,0.001933,-0.000228,,,,,,,,,,,,,,,,,,,,,,,High,High,High,High,Undefined,,,
98,2026/10/6,51:26.3,4,5,"Yuda, Toma",1000338410,Right,MEI_MEI,"Ogata, Mikito",1000326132,Left,WAS_EDA,Undefined,3,Bottom,2,2,2,Fastball,Four-Seam,BallCalled,Undefined,Undefined,Undefined,0,0,,147.50671,-3.486179,-1.606584,2584.023448,198.981332,12:45,1.748511,0.718895,2.052581,-34.1871,47.8654,15.5486,0.434104,0.426805,134.90892,-6.099856,-0.490537,0.409073,,,,,,,,,,,,-9.3232,28.5605,-0.687255,15.24,1.676673,1.064466,-40.550095,-2.562315,-2.002936,8.787935,-3.670914,WAS_EDA,MEI_MEI,JinguStadium,TeamExclusive,Team,20261006-JinguStadium-1,968acd70-c141-11f1-a3c0-e9a65f64b74e,148.28657,,,12.59779,,,,,,,70b076e0-976d-4b15-a51a-1ed58523581a,2026/10/6,51:26.3,2026-10-06T13:51:26.3130000+09:00,2026-10-06T04:51:26.3130000Z,,v3,,,,"Fukuhara, Seiya",1000242807,Right,MEI_MEI,8cc6aaa1-00ae-4290-b2ce-35cf909f1166,16.3868,-40.797871,4.393968,1.747458,-2.458814,-1.835457,-0.718063,1.120938,-1.001468,,,,,,,,,,,,,,,,,,,,,,,,,,,,,,,,,,,,,,,,,,,,,,,,,,,High,High,High,,,,,
99,2026/10/6,51:42.2,4,6,"Yuda, Toma",1000338410,Right,MEI_MEI,"Ogata, Mikito",1000326132,Left,WAS_EDA,Undefined,3,Bottom,2,3,2,Slider,Slider,StrikeSwinging,Strikeout,Undefined,Undefined,0,0,,134.9725,-1.317041,-3.220772,2992.651287,88.33624,9:00,1.765061,0.690322,1.678535,-100.0026,2.6383,-17.9646,0.388961,-0.408352,124.36377,-8.47552,-4.479368,0.457525,,,,,,,,,,,,6.8194,3.182,-0.603085,15.24,1.721875,2.17376,-37.063939,-1.277926,1.224256,7.324958,-9.235394,WAS_EDA,MEI_MEI,JinguStadium,TeamExclusive,Team,20261006-JinguStadium-1,a0073d20-c141-11f1-a3c0-e9a65f64b74e,132.58288,,,10.60873,,,,,,,70b076e0-976d-4b15-a51a-1ed58523581a,2026/10/6,51:42.2,2026-10-06T13:51:42.1870000+09:00,2026-10-06T04:51:42.1870000Z,,v3,,,,"Fukuhara, Seiya",1000242807,Right,MEI_MEI,bba51177-953f-4b8b-b345-9d21351fff2d,16.761514,-37.363427,3.662479,1.766405,-0.900329,-4.617697,-0.690938,2.123705,0.612128,,,,,,,,,,,,,,,,,,,,,,,,,,,,,75.99482,,,1.55415,,,,-1.171913,1.480328,0.126962,21.074084,0.762268,16.95897,-1.153739,15.919962,-1.060975,1.501412,6.713667,-4.6552,0.134697,11.675655,-0.555391,High,High,High,,,High,Medium,Medium
100,2026/10/6,53:48.3,1,1,"Takahashi, Koki",1000326144,Right,WAS_EDA,"Yoshida, Shoki",1000423715,Left,MEI_MEI,Undefined,4,Top,0,0,0,Cutter,Slider,BallCalled,Undefined,Undefined,Undefined,0,0,,137.18227,-1.360358,-4.184735,2634.092982,181.87387,12:00,1.617927,0.804398,1.902472,-82.3519,12.9452,0.3417,0.41087,-0.370758,127.95603,-7.335172,-4.160539,0.440854,,,,,,,,,,,,-2.6622,8.2938,-0.709326,15.24,1.582027,2.758777,-37.725527,-1.207594,-0.50338,6.418207,-8.23844,WAS_EDA,MEI_MEI,JinguStadium,TeamExclusive,Team,20261006-JinguStadium-1,eb25e400-c141-11f1-a3c0-e9a65f64b74e,137.59669,,,9.22624,,,,,,,70b076e0-976d-4b15-a51a-1ed58523581a,2026/10/6,53:48.3,2026-10-06T13:53:48.2600000+09:00,2026-10-06T04:53:48.2600000Z,,v3,,,,"Ogata, Mikito",1000326132,Right,WAS_EDA,83762246-aa8a-4caf-8464-0aed27603647,16.538046,-37.94572,3.209103,1.618608,-0.924954,-4.11922,-0.804269,2.776046,-0.25169,,,,,,,,,,,,,,,,,,,,,,,,,,,,,,,,,,,,,,,,,,,,,,,,,,,High,High,High,,,,,
101,2026/10/6,54:03.1,1,2,"Takahashi, Koki",1000326144,Right,WAS_EDA,"Yoshida, Shoki",1000423715,Left,MEI_MEI,Undefined,4,Top,0,1,0,Fastball,Four-Seam,BallCalled,Undefined,Undefined,Undefined,0,0,,150.25364,-3.15808,-4.239983,2727.329018,205.224394,12:45,1.646936,0.720283,2.153242,-33.3977,44.5374,19.8512,0.435647,-0.256802,138.01012,-5.716653,-2.811862,0.398677,,,,,,,,,,,,-13.4951,26.7358,-0.643139,15.24,1.587412,2.972136,-41.270332,-2.369155,-3.019311,8.648388,-3.824957,WAS_EDA,MEI_MEI,JinguStadium,TeamExclusive,Team,20261006-JinguStadium-1,f3faf020-c141-11f1-a3c0-e9a65f64b74e,152.15321,,,12.24351,,,,,,,70b076e0-976d-4b15-a51a-1ed58523581a,2026/10/6,54:03.1,2026-10-06T13:54:03.0990000+09:00,2026-10-06T04:54:03.0990000Z,,v3,,,,"Ogata, Mikito",1000326132,Right,WAS_EDA,46191e79-304e-4e70-9b8c-bf080815a9ef,16.286712,-41.489096,4.324194,1.646117,-2.272402,-1.912479,-0.719286,3.04851,-1.509656,,,,,,,,,,,,,,,,,,,,,,,,,,,,,,,,,,,,,,,,,,,,,,,,,,,High,High,High,,,,,
102,2026/10/6,54:19.3,1,3,"Takahashi, Koki",1000326144,Right,WAS_EDA,"Yoshida, Shoki",1000423715,Left,MEI_MEI,Undefined,4,Top,0,2,0,Fastball,Four-Seam,InPlay,Undefined,FlyBall,Out,1,0,,148.60531,-1.361265,-3.446913,2698.53416,201.371741,12:45,1.620554,0.744452,2.106709,-35.2386,44.7768,16.5535,0.889565,-0.047931,136.03528,-4.062691,-2.257855,0.403963,114.09489,45.052242,31.447559,3724.471587,27.323252,25.737799,19.431013,63.915366,60.767765,38.253903,4.912616,-11.2112,25.5499,-0.679064,15.24,1.592816,2.388354,-40.88618,-1.067964,-2.455246,8.710548,-4.211228,WAS_EDA,MEI_MEI,JinguStadium,TeamExclusive,Team,20261006-JinguStadium-1,fda80cc0-c141-11f1-a3c0-e9a65f64b74e,150.1623,26.006802,,12.57003,,,,0.207525,0.914408,0.057035,70b076e0-976d-4b15-a51a-1ed58523581a,2026/10/6,54:19.3,2026-10-06T13:54:19.3090000+09:00,2026-10-06T04:54:19.3090000Z,Popup,v3,,,,"Ogata, Mikito",1000326132,Right,WAS_EDA,bbd63d2b-1ea2-457e-ab2a-204b3476ce0f,16.333109,-41.118401,4.355274,1.619792,-0.955694,-2.105614,-0.74361,2.45381,-1.227623,192.648351,0.208396,19.081494,-4.656546,1.121641,-0.136264,-0.014051,0.008353,-0.00119,5.90E-05,0.9137,22.444286,-5.526918,0.275224,-0.022474,-0.006677,0.0045,-0.000877,5.60E-05,0.057415,11.672767,-1.742713,0.359762,-0.023554,-0.012731,0.004331,-0.000547,2.50E-05,,,,,,,,,,,,,,,,,,,,,,,High,High,High,High,Medium,,,
103,2026/10/6,54:57.4,2,1,"Takahashi, Koki",1000326144,Right,WAS_EDA,"Sakakibara, Nanato",1000242816,Left,MEI_MEI,Undefined,4,Top,1,0,0,OneSeamFastBall,Changeup,InPlay,Undefined,GroundBall,Out,1,0,,142.79327,-1.423852,-3.439745,1779.643645,241.836367,2:00,1.575428,0.796751,1.898712,-64.3383,24.0078,40.0629,0.530852,0.228958,131.86683,-6.149714,-0.59462,0.424471,95.82476,-48.207669,28.084771,,,,,0.695686,0.695686,-0.874176,0.025882,-23.055,14.1594,-0.720765,15.24,1.539093,2.172457,-39.282724,-1.221541,-4.697434,7.438796,-6.921697,WAS_EDA,MEI_MEI,JinguStadium,TeamExclusive,Team,20261006-JinguStadium-1,1459ae60-c142-11f1-a3c0-e9a65f64b74e,142.90713,0.515421,,10.92644,,,,0.289137,0.515421,-0.227508,70b076e0-976d-4b15-a51a-1ed58523581a,2026/10/6,54:57.4,2026-10-06T13:54:57.3690000+09:00,2026-10-06T04:54:57.3690000Z,GroundBall,v3,,,,"Ogata, Mikito",1000326132,Right,WAS_EDA,d34c59c4-cff8-4cb4-a646-b593ece222dc,16.541706,-39.528454,3.719398,1.575669,-0.992893,-3.460848,-0.795092,2.32763,-2.348717,,0.288912,15.704523,,,,,,,,0.515707,-19.914134,,,,,,,,-0.227629,8.380071,,,,,,,,,,,,,,,,,,,,,,,,,,,,,,High,High,High,Estimated,Estimated,,,
104,2026/10/6,55:34.3,3,1,"Takahashi, Koki",1000326144,Right,WAS_EDA,"Utsumi, Yuta",1000188679,Left,MEI_MEI,Undefined,4,Top,2,0,0,Curveball,Curveball,BallCalled,Undefined,Undefined,Undefined,0,0,,118.85448,1.432857,-1.920604,2834.638345,56.875503,8:00,1.534268,0.829471,1.741478,-153.4718,-23.0707,-41.0427,0.406716,-0.126506,110.41532,-9.550851,-4.812319,0.515698,,,,,,,,,,,,19.64,-11.6478,-0.77738,15.24,1.559335,1.270329,-32.720915,0.246503,2.758247,5.511646,-11.442472,WAS_EDA,MEI_MEI,JinguStadium,TeamExclusive,Team,20261006-JinguStadium-1,2a6f1000-c142-11f1-a3c0-e9a65f64b74e,117.62703,,,8.43917,,,,,,,70b076e0-976d-4b15-a51a-1ed58523581a,2026/10/6,55:34.3,2026-10-06T13:55:34.3220000+09:00,2026-10-06T04:55:34.3220000Z,,v3,,,,"Ogata, Mikito",1000326132,Right,WAS_EDA,7daf68d9-a97f-48fc-8c7f-ec4f165639c0,16.699841,-32.965899,2.755823,1.537075,0.755104,-5.721236,-0.831119,1.14773,1.379123,,,,,,,,,,,,,,,,,,,,,,,,,,,,,,,,,,,,,,,,,,,,,,,,,,,High,High,High,,,,,
105,2026/10/6,55:47.5,3,2,"Takahashi, Koki",1000326144,Right,WAS_EDA,"Utsumi, Yuta",1000188679,Left,MEI_MEI,Undefined,4,Top,2,1,0,Cutter,Slider,StrikeCalled,Undefined,Undefined,Undefined,0,0,,141.45952,-0.399992,-1.920433,2687.353094,217.689288,1:15,1.590514,0.791881,1.909179,-80.991,8.818,4.826,0.668134,0.300262,130.67827,-6.31616,-1.576969,0.427971,,,,,,,,,,,,-3.7427,5.7075,-0.748791,15.24,1.576781,1.28341,-38.960513,-0.590235,-0.748971,7.431878,-8.664479,WAS_EDA,MEI_MEI,JinguStadium,TeamExclusive,Team,20261006-JinguStadium-1,323c2200-c142-11f1-a3c0-e9a65f64b74e,141.73852,,,10.78125,,,,,,,70b076e0-976d-4b15-a51a-1ed58523581a,2026/10/6,55:47.5,2026-10-06T13:55:47.4980000+09:00,2026-10-06T04:55:47.4980000Z,,v3,,,,"Ogata, Mikito",1000326132,Right,WAS_EDA,d2a60229-8135-4bc2-aaf2-7e402fbcce68,16.530686,-39.205944,3.715939,1.591549,-0.304099,-4.332239,-0.791583,1.308144,-0.374485,,,,,,,,,,,,,,,,,,,,,,,,,,,,,,,,,,,,,,,,,,,,,,,,,,,High,High,High,,,,,
106,2026/10/6,56:03.4,3,3,"Takahashi, Koki",1000326144,Right,WAS_EDA,"Utsumi, Yuta",1000188679,Left,MEI_MEI,Undefined,4,Top,2,1,1,Curveball,Curveball,BallCalled,Undefined,Undefined,Undefined,0,0,,115.60426,4.991547,1.531891,2864.89778,48.927793,7:45,1.545769,0.870172,1.685649,-170.8665,-31.6976,-40.9696,1.263411,0.897045,106.42808,-7.236581,-1.339055,0.532753,,,,,,,,,,,,21.4864,-17.7228,-0.907442,15.24,1.664619,-0.669251,-31.73095,2.121122,2.849173,4.981393,-12.156759,WAS_EDA,MEI_MEI,JinguStadium,TeamExclusive,Team,20261006-JinguStadium-1,3bcc8ee0-c142-11f1-a3c0-e9a65f64b74e,113.86143,,,9.17618,,,,,,,70b076e0-976d-4b15-a51a-1ed58523581a,2026/10/6,56:03.4,2026-10-06T13:56:03.4460000+09:00,2026-10-06T04:56:03.4460000Z,,v3,,,,"Ogata, Mikito",1000326132,Right,WAS_EDA,524eba41-4175-4b13-9352-05dc96ff4850,16.756002,-31.968059,2.490697,1.549885,2.699771,-6.078379,-0.872359,-0.804869,1.424587,,,,,,,,,,,,,,,,,,,,,,,,,,,,,,,,,,,,,,,,,,,,,,,,,,,High,High,High,,,,,
107,2026/10/6,56:18.4,3,4,"Takahashi, Koki",1000326144,Right,WAS_EDA,"Utsumi, Yuta",1000188679,Left,MEI_MEI,Undefined,4,Top,2,2,1,OneSeamFastBall,Changeup,FoulBallNotFieldable,Undefined,Undefined,Undefined,0,0,,142.73141,-0.987689,-4.123017,1703.416296,242.563401,2:00,1.592097,0.803407,1.903728,-65.3354,23.1645,39.6517,0.660342,0.038885,131.63845,-5.789597,-1.31031,0.424841,144.17887,-22.698023,65.444566,,,,,1.987027,1.987027,47.473207,0.045145,-23.3952,13.4346,-0.712185,15.24,1.565733,2.644842,-39.243634,-0.924547,-4.754715,7.465331,-7.076283,WAS_EDA,MEI_MEI,JinguStadium,TeamExclusive,Team,20261006-JinguStadium-1,44a56b90-c142-11f1-a3c0-e9a65f64b74e,142.7829,0.69905,,11.09296,,,,0.648555,0.69905,-0.05578,70b076e0-976d-4b15-a51a-1ed58523581a,2026/10/6,56:18.4,2026-10-06T13:56:18.4240000+09:00,2026-10-06T04:56:18.4240000Z,GroundBall,v3,,,,"Ogata, Mikito",1000326132,Right,WAS_EDA,7203d0b1-d50d-4cc2-bd4c-8f2d963c681d,16.536847,-39.489564,3.732666,1.59235,-0.691434,-3.538141,-0.801893,2.801476,-2.377357,180,0.648335,15.384812,,,,,,,,0.699271,-15.484585,,,,,,,,-0.056261,33.672517,,,,,,,,,,,,,,,,,,,,,,,,,,,,,,High,High,High,Low,Low,,,
108,2026/10/6,56:50.2,3,5,"Takahashi, Koki",1000326144,Right,WAS_EDA,"Utsumi, Yuta",1000188679,Left,MEI_MEI,Undefined,4,Top,2,2,2,Fastball,Four-Seam,InPlay,Undefined,GroundBall,Out,1,0,,152.60191,-1.247609,-3.40495,2695.397712,204.278231,12:45,1.62022,0.731609,2.128649,-38.8811,36.8791,15.5682,0.884921,-0.057631,139.53974,-4.20774,-2.284908,0.393075,109.32033,-4.716996,5.038356,1827.453127,,,,6.91319,6.909316,5.477554,0.22756,-10.7329,21.3058,-0.66827,15.24,1.595094,2.427612,-41.990792,-1.031087,-2.474943,9.339426,-4.893681,WAS_EDA,MEI_MEI,JinguStadium,TeamExclusive,Team,20261006-JinguStadium-1,579a7a60-c142-11f1-a3c0-e9a65f64b74e,154.32179,0.851674,,13.06217,,,,0.182305,0.851674,0.080867,70b076e0-976d-4b15-a51a-1ed58523581a,2026/10/6,56:50.2,2026-10-06T13:56:50.2350000+09:00,2026-10-06T04:56:50.2350000Z,GroundBall,v3,,,,"Ogata, Mikito",1000326132,Right,WAS_EDA,612acbe5-a8f1-49e2-aad1-646d5b979d25,16.311208,-42.228374,4.669713,1.61974,-0.906599,-2.44684,-0.730825,2.490571,-1.237471,13.894922,0.182446,30.138767,-3.076934,,,,,,,0.851918,-2.511372,-5.420079,,,,,,,0.080901,2.655892,-0.490588,,,,,,,,,,,,,,,,,,,,,,,,,,,,,High,High,High,Medium,Medium,,,
109,2026/10/6,59:11.5,1,1,"Miura, Koku",1000242805,Right,MEI_MEI,"Abe, Yota",1000547801,Right,WAS_EDA,Undefined,4,Bottom,0,0,0,Fastball,Four-Seam,FoulBallNotFieldable,Undefined,Undefined,Undefined,0,0,,148.78656,-1.766355,-3.007201,2227.65777,219.489718,1:15,1.661792,0.610121,1.983898,-34.9808,46.1217,35.8949,0.817072,0.12714,136.02575,-4.435022,-0.445229,0.406698,119.7982,43.227811,-147.515051,3859.165916,-29.33316,17.225345,-16.238544,64.887725,31.332642,-155.392821,3.355836,-20.9356,26.1984,-0.547872,15.24,1.622246,1.977723,-40.923318,-1.367612,-4.58987,8.787238,-4.062981,WAS_EDA,MEI_MEI,JinguStadium,TeamExclusive,Team,20261006-JinguStadium-1,abd39ad0-c142-11f1-a3c0-e9a65f64b74e,149.15253,17.238718,,12.7608,,,,0.071326,0.810075,-0.131979,70b076e0-976d-4b15-a51a-1ed58523581a,2026/10/6,59:11.5,2026-10-06T13:59:11.5050000+09:00,2026-10-06T04:59:11.5050000Z,FlyBall,v3,,,,"Fukuhara, Seiya",1000242807,Right,MEI_MEI,28884b0d-ccde-453d-8a46-fef56872b3e3,16.456068,-41.18361,4.393619,1.660974,-1.24726,-2.031491,-0.608469,2.113682,-2.294935,20.74136,0.071326,-20.45389,0.238135,0.287988,-0.036314,-0.0166,0.014008,-0.003693,0.000334,0.810263,22.784967,-9.203022,1.082594,-0.14344,-0.011145,0.011936,-0.002278,0.000141,-0.132018,-13.021893,1.625197,-0.09325,0.034354,-0.024298,0.014209,-0.003711,0.000343,,,,,,,,,,,,,,,,,,,,,,,High,High,High,High,Medium,,,
110,2026/10/6,59:30.6,1,2,"Miura, Koku",1000242805,Right,MEI_MEI,"Abe, Yota",1000547801,Left,WAS_EDA,Undefined,4,Bottom,0,0,1,Fastball,Four-Seam,BallCalled,Undefined,Undefined,Undefined,0,0,,149.53631,-3.72765,-3.906364,2192.509003,215.170399,1:15,1.656526,0.590133,2.047674,-46.6482,32.801,21.4686,0.147628,-0.285186,138.21243,-7.198211,-2.369727,0.402531,,,,,,,,,,,,-13.946,20.5078,-0.512256,15.24,1.578869,2.707479,-41.065729,-2.838586,-3.102956,8.192246,-5.243704,WAS_EDA,MEI_MEI,JinguStadium,TeamExclusive,Team,20261006-JinguStadium-1,b7354540-c142-11f1-a3c0-e9a65f64b74e,150.69642,,,11.32388,,,,,,,70b076e0-976d-4b15-a51a-1ed58523581a,2026/10/6,59:30.6,2026-10-06T13:59:30.6410000+09:00,2026-10-06T04:59:30.6410000Z,,v3,,,,"Fukuhara, Seiya",1000242807,Right,MEI_MEI,f511ff73-a76e-47b1-869f-aa0a416677bc,16.392703,-41.295042,4.096123,1.656271,-2.691807,-2.621852,-0.589259,2.794336,-1.551478,,,,,,,,,,,,,,,,,,,,,,,,,,,,,,,,,,,,,,,,,,,,,,,,,,,High,High,High,,,,,
111,2026/10/6,59:46.2,1,3,"Miura, Koku",1000242805,Right,MEI_MEI,"Abe, Yota",1000547801,Left,WAS_EDA,Undefined,4,Bottom,0,1,1,Splitter,Changeup,StrikeSwinging,Undefined,Undefined,Undefined,0,0,,141.68409,-1.806665,-2.106422,1301.261644,254.814476,2:30,1.622504,0.683958,1.882188,-84.6804,5.6944,10.905,0.266631,0.199806,130.61208,-7.962936,-1.330927,0.429317,,,,,,,,,,,,-7.1185,5.0148,-0.636065,15.24,1.575674,1.382237,-38.983183,-1.568507,-1.41808,7.871976,-8.807638,WAS_EDA,MEI_MEI,JinguStadium,TeamExclusive,Team,20261006-JinguStadium-1,c07fcf80-c142-11f1-a3c0-e9a65f64b74e,141.2941,,,11.07201,,,,,,,70b076e0-976d-4b15-a51a-1ed58523581a,2026/10/6,59:46.2,2026-10-06T13:59:46.1930000+09:00,2026-10-06T04:59:46.1930000Z,,v3,,,,"Fukuhara, Seiya",1000242807,Right,MEI_MEI,ee4854f1-f2b8-4bf6-8f9b-65c5a3f76170,16.557902,-39.248409,3.935988,1.623521,-1.271757,-4.403819,-0.683441,1.430016,-0.70904,,,,,,,,,,,,,,,,,,,,,,,,,,,,,,,,,,,,,,,,,,,,,,,,,,,High,High,High,,,,,
112,2026/10/6,00:05.4,1,4,"Miura, Koku",1000242805,Right,MEI_MEI,"Abe, Yota",1000547801,Left,WAS_EDA,Undefined,4,Bottom,0,1,2,Fastball,Four-Seam,InPlay,Undefined,GroundBall,Out,1,0,,150.30874,-1.824002,-2.756809,2290.777559,204.009533,12:45,1.640636,0.611394,1.94725,-34.9577,45.0094,18.9093,0.778928,0.027009,137.23988,-4.483169,-1.410253,0.403841,161.34311,2.157969,10.315807,1465.791142,,,,19.918616,19.343159,11.964714,0.473583,-11.8342,25.5633,-0.551959,15.24,1.598617,1.896614,-41.328818,-1.426211,-2.641674,9.105929,-4.100323,WAS_EDA,MEI_MEI,JinguStadium,TeamExclusive,Team,20261006-JinguStadium-1,cbea0570-c142-11f1-a3c0-e9a65f64b74e,150.20767,0.869977,,13.06886,,,,0.168258,0.774096,-0.021037,70b076e0-976d-4b15-a51a-1ed58523581a,2026/10/6,00:05.4,2026-10-06T14:00:05.3720000+09:00,2026-10-06T05:00:05.3720000Z,GroundBall,v3,,,,"Fukuhara, Seiya",1000242807,Right,MEI_MEI,41e2ce49-8cee-4903-a7a4-e7d94e9003a1,16.492429,-41.603849,4.552964,1.639824,-1.302367,-2.050162,-0.610448,1.976402,-1.320837,306.207593,0.173164,43.922918,-6.657119,,,,,,,0.77923,1.541721,-6.751346,,,,,,,-0.024102,8.107458,1.412144,,,,,,,,,,,,,,,,,,,,,,,,,,,,,High,High,High,High,High,,,
113,2026/10/6,00:36.4,2,1,"Miura, Koku",1000242805,Right,MEI_MEI,"Ouchi, Aoma",1000242767,Right,WAS_EDA,Undefined,4,Bottom,1,0,0,Slider,Curveball,StrikeCalled,Undefined,Undefined,Undefined,0,0,,134.21223,2.222951,-2.501795,2286.060967,39.041399,7:15,1.601309,0.716435,1.684558,-127.0643,-23.4318,-21.5612,0.964992,-0.212488,123.12379,-6.880255,-4.012388,0.45973,,,,,,,,,,,,9.0351,-12.2531,-0.648404,15.24,1.650167,1.719869,-36.874283,0.87207,1.605804,7.236392,-11.984391,WAS_EDA,MEI_MEI,JinguStadium,TeamExclusive,Team,20261006-JinguStadium-1,de761940-c142-11f1-a3c0-e9a65f64b74e,131.94703,,,11.08844,,,,,,,70b076e0-976d-4b15-a51a-1ed58523581a,2026/10/6,00:36.4,2026-10-06T14:00:36.4370000+09:00,2026-10-06T05:00:36.4370000Z,,v3,,,,"Fukuhara, Seiya",1000242807,Right,MEI_MEI,416bf5d0-7b35-44af-9c66-5de94488ffe5,16.755813,-37.170563,3.618196,1.604417,1.362748,-5.992195,-0.717475,1.654122,0.802902,,,,,,,,,,,,,,,,,,,,,,,,,,,,,,,,,,,,,,,,,,,,,,,,,,,High,High,High,,,,,
114,2026/10/6,00:48.9,2,2,"Miura, Koku",1000242805,Right,MEI_MEI,"Ouchi, Aoma",1000242767,Right,WAS_EDA,Undefined,4,Bottom,1,0,1,Fastball,Four-Seam,InPlay,Undefined,FlyBall,Out,1,0,,148.95769,-0.239919,-3.172052,2194.892686,205.938874,12:45,1.656976,0.639196,1.881485,-42.276,39.7252,18.0751,1.166575,-0.073903,136.00214,-3.41452,-1.891173,0.408945,139.30003,44.23633,-17.600511,3755.639577,30.436007,30.049019,-14.063168,75.479256,73.804372,-31.025871,5.476917,-11.5909,21.5075,-0.567088,15.24,1.648822,2.178366,-40.951975,-0.320195,-2.543773,8.830082,-5.08654,WAS_EDA,MEI_MEI,JinguStadium,TeamExclusive,Team,20261006-JinguStadium-1,e5e46970-c142-11f1-a3c0-e9a65f64b74e,148.33303,33.084196,,12.95555,,,,0.000566,1.172239,0.077796,70b076e0-976d-4b15-a51a-1ed58523581a,2026/10/6,00:48.9,2026-10-06T14:00:48.9380000+09:00,2026-10-06T05:00:48.9380000Z,FlyBall,v3,,,,"Fukuhara, Seiya",1000242807,Right,MEI_MEI,45723c89-add7-4681-a9be-11176c4d937a,16.558194,-41.235225,4.415041,1.656477,-0.157029,-2.54327,-0.638274,2.259964,-1.271886,156.708568,0.002454,26.383159,-7.578803,1.894468,-0.238434,-0.027345,0.016241,-0.00236,0.000119,1.169277,27.047085,-6.711128,0.589868,-0.137265,0.033778,-0.004075,9.60E-05,1.00E-05,0.078288,-8.393855,-0.208446,0.282152,-0.067822,0.002763,0.001936,-0.000368,2.00E-05,,,,,,,,,,,,,,,,,,,,,,,High,High,High,High,Medium,,,
115,2026/10/6,01:18.2,3,1,"Miura, Koku",1000242805,Right,MEI_MEI,"Nakamura, Shunei",1000422721,Left,WAS_EDA,Undefined,4,Bottom,2,0,0,Slider,Curveball,StrikeCalled,Undefined,Undefined,Undefined,0,0,,135.49278,1.937287,-1.065835,2322.137414,49.423515,7:45,1.593776,0.700791,1.677933,-121.0921,-18.4646,-25.6138,0.935393,0.140797,122.99708,-6.775264,-2.862962,0.457495,,,,,,,,,,,,11.9639,-9.584,-0.670371,15.24,1.635692,0.824861,-37.213246,0.719299,2.142967,8.085145,-11.523324,WAS_EDA,MEI_MEI,JinguStadium,TeamExclusive,Team,20261006-JinguStadium-1,f759dd20-c142-11f1-a3c0-e9a65f64b74e,132.59155,,,12.4957,,,,,,,70b076e0-976d-4b15-a51a-1ed58523581a,2026/10/6,01:18.2,2026-10-06T14:01:18.1870000+09:00,2026-10-06T05:01:18.1870000Z,,v3,,,,"Fukuhara, Seiya",1000242807,Right,MEI_MEI,247a9027-f533-4a62-9eb7-a3f768bc9542,16.761753,-37.542414,4.042573,1.596857,1.188445,-5.761662,-0.702177,0.737615,1.071483,,,,,,,,,,,,,,,,,,,,,,,,,,,,,,,,,,,,,,,,,,,,,,,,,,,High,High,High,,,,,
116,2026/10/6,01:30.5,3,2,"Miura, Koku",1000242805,Right,MEI_MEI,"Nakamura, Shunei",1000242774,Left,WAS_EDA,Undefined,4,Bottom,2,0,1,Splitter,Changeup,StrikeSwinging,Undefined,Undefined,Undefined,0,0,,142.37049,-1.166364,-3.436516,1316.636318,241.923292,2:00,1.606702,0.685182,1.919107,-77.8594,10.5348,15.191,0.499905,-0.129194,132.13547,-6.841314,-2.356624,0.424587,,,,,,,,,,,,-9.9999,7.0109,-0.608961,15.24,1.576047,2.281098,-39.177086,-1.103264,-2.033131,7.147897,-8.381221,WAS_EDA,MEI_MEI,JinguStadium,TeamExclusive,Team,20261006-JinguStadium-1,feb84ed0-c142-11f1-a3c0-e9a65f64b74e,142.86823,,,10.23502,,,,,,,70b076e0-976d-4b15-a51a-1ed58523581a,2026/10/6,01:30.5,2026-10-06T14:01:30.5310000+09:00,2026-10-06T05:01:30.5310000Z,,v3,,,,"Fukuhara, Seiya",1000242807,Right,MEI_MEI,34daab55-cd06-4bd0-8d0c-ca8e87c9fdce,16.521037,-39.410119,3.573948,1.607561,-0.830022,-4.190611,-0.684409,2.347381,-1.016566,,,,,,,,,,,,,,,,,,,,,,,,,,,,,,,,,,,,,,,,,,,,,,,,,,,High,High,High,,,,,
117,2026/10/6,01:45.5,3,3,"Miura, Koku",1000242805,Right,MEI_MEI,"Nakamura, Shunei",1000242774,Left,WAS_EDA,Undefined,4,Bottom,2,0,2,Fastball,Four-Seam,BallCalled,Undefined,Undefined,Undefined,0,0,,151.1007,-3.845825,-2.963642,2229.710037,216.85164,1:15,1.626078,0.595459,1.92786,-37.5803,42.1286,29.6053,0.167711,0.058898,138.02743,-6.675761,-0.857248,0.403188,,,,,,,,,,,,-17.5872,25.5216,-0.531123,15.24,1.538116,1.9992,-41.463496,-2.915963,-3.946415,9.274719,-4.079805,WAS_EDA,MEI_MEI,JinguStadium,TeamExclusive,Team,20261006-JinguStadium-1,0797e240-c143-11f1-a3c0-e9a65f64b74e,150.45074,,,13.07326,,,,,,,70b076e0-976d-4b15-a51a-1ed58523581a,2026/10/6,01:45.5,2026-10-06T14:01:45.4800000+09:00,2026-10-06T05:01:45.4800000Z,,v3,,,,"Fukuhara, Seiya",1000242807,Right,MEI_MEI,9a6a2297-3e90-410c-a63c-02cc79f64f02,16.511989,-41.74705,4.637359,1.625359,-2.791232,-2.039902,-0.594088,2.119853,-1.973207,,,,,,,,,,,,,,,,,,,,,,,,,,,,,,,,,,,,,,,,,,,,,,,,,,,High,High,High,,,,,
118,2026/10/6,02:01.9,3,4,"Miura, Koku",1000242805,Right,MEI_MEI,"Nakamura, Shunei",1000242774,Left,WAS_EDA,Undefined,4,Bottom,2,1,2,Splitter,Splitter,InPlay,Undefined,GroundBall,Out,1,0,,142.13571,0.834081,-1.291761,1236.483198,238.684521,2:00,1.609579,0.692095,1.793787,-83.831,6.8206,6.7209,1.007417,0.393633,130.39883,-5.265814,-0.816868,0.429974,132.1326,-20.409623,-39.162486,,,,,2.56913,2.519513,-51.738384,0.074489,-4.3183,3.7835,-0.6608,15.24,1.624295,0.848242,-39.117138,0.216648,-0.866827,7.868606,-9.047169,WAS_EDA,MEI_MEI,JinguStadium,TeamExclusive,Team,20261006-JinguStadium-1,1169c4f0-c143-11f1-a3c0-e9a65f64b74e,141.07822,0.956476,,11.73688,,,,-0.402167,0.956476,-0.393891,70b076e0-976d-4b15-a51a-1ed58523581a,2026/10/6,02:01.9,2026-10-06T14:02:01.9330000+09:00,2026-10-06T05:02:01.9330000Z,GroundBall,v3,,,,"Fukuhara, Seiya",1000242807,Right,MEI_MEI,d6ba00ad-4a6a-4b23-b3cb-57430db66277,16.646008,-39.398948,3.934303,1.610734,0.540668,-4.523584,-0.691735,0.879287,-0.433413,180,-0.40319,26.757226,,,,,,,,0.956967,-12.840568,,,,,,,,-0.393057,-21.793504,,,,,,,,,,,,,,,,,,,,,,,,,,,,,,High,High,High,High,High,,,
119,2026/10/6,04:06.1,1,1,"Takahashi, Koki",1000326144,Right,WAS_EDA,"Mitsuhiro, Hotaka",1000188673,Left,MEI_MEI,Undefined,5,Top,0,0,0,Fastball,Four-Seam,InPlay,Undefined,FlyBall,Out,1,0,,151.10246,-0.995536,-3.457265,2697.951272,221.707837,1:30,1.631726,0.775784,2.047421,-39.7258,38.8379,32.2692,0.956572,0.134093,137.16273,-4.023442,-1.146661,0.400282,154.18534,64.060237,35.853571,3835.723902,,,,,14.255175,,,-19.6957,22.0606,-0.707391,15.24,1.609672,2.356901,-41.542689,-0.845526,-4.415393,9.713856,-4.861074,WAS_EDA,MEI_MEI,JinguStadium,TeamExclusive,Team,20261006-JinguStadium-1,5b69b560-c143-11f1-a3c0-e9a65f64b74e,151.5433,33.176865,,13.93973,,,,0.340731,0.991563,-0.13103,70b076e0-976d-4b15-a51a-1ed58523581a,2026/10/6,04:06.1,2026-10-06T14:04:06.1120000+09:00,2026-10-06T05:04:06.1120000Z,,v3,,,,"Ogata, Mikito",1000326132,Right,WAS_EDA,eeeb366f-e74c-4ae6-831e-2c6d2d3b5966,16.392345,-41.811272,4.856928,1.631192,-0.71112,-2.430537,-0.774246,2.478984,-2.207697,190.058201,0.340731,15.184878,-7.259028,2.536032,-0.714119,0.181825,-0.037624,0.004258,6.20E-05,0.991563,38.514335,-9.129319,0.93544,-0.066948,-0.020022,0.008816,-0.001336,-1.60E-05,-0.13103,10.973197,-2.729412,0.762124,-0.179673,0.039356,-0.006993,0.00057,5.50E-05,,,,,,,,,,,,,,,,,,,,,,,High,High,High,High,Undefined,,,
120,2026/10/6,04:43.0,2,1,"Takahashi, Koki",1000326144,Right,WAS_EDA,"Fukuhara, Seiya",1000242807,Right,MEI_MEI,Undefined,5,Top,1,0,0,Fastball,Four-Seam,InPlay,Undefined,LineDrive,Out,1,0,,151.01587,-1.439294,-3.909907,2680.837063,222.541507,1:30,1.658678,0.7293,2.018104,-39.4322,40.0128,34.1466,0.861604,-0.022252,136.41066,-4.450435,-1.471145,0.40252,124.76857,9.020049,-22.220387,2467.819992,30.946483,2.042963,-12.90123,45.253004,41.903456,-22.975333,1.532202,-21.1006,23.0224,-0.649917,15.24,1.626846,2.668744,-41.465299,-1.166143,-4.688348,10.113816,-4.691278,WAS_EDA,MEI_MEI,JinguStadium,TeamExclusive,Team,20261006-JinguStadium-1,7161f210-c143-11f1-a3c0-e9a65f64b74e,150.70049,2.662211,,14.60521,,,,0.379999,0.851936,0.028833,70b076e0-976d-4b15-a51a-1ed58523581a,2026/10/6,04:43.0,2026-10-06T14:04:42.9620000+09:00,2026-10-06T05:04:42.9620000Z,GroundBall,v3,,,,"Ogata, Mikito",1000326132,Right,WAS_EDA,fe7f4331-df5a-4e82-ab76-63e7d186786f,16.42146,-41.752475,5.056908,1.658067,-1.032937,-2.345639,-0.727585,2.801867,-2.344174,161.669548,0.379999,31.687336,-3.810235,0.598164,-0.109633,0.019307,-0.00325,0.000498,-4.50E-05,0.851936,5.433674,-4.22854,0.249086,-0.037527,0.008873,-0.001323,0.000159,-1.40E-05,0.028833,-12.944517,1.111808,-0.169381,0.031846,-0.005311,0.000913,-0.000138,1.20E-05,,,,,,,,,,,,,,,,,,,,,,,High,High,High,High,Medium,,,
121,2026/10/6,05:13.0,3,1,"Takahashi, Koki",1000326144,Right,WAS_EDA,"Tamenaga, Hikaru",1000419475,Left,MEI_MEI,Undefined,5,Top,2,0,0,Fastball,Four-Seam,FoulBallNotFieldable,Undefined,Undefined,Undefined,0,0,,145.98914,-0.781939,-3.543338,2149.794482,208.631022,1:00,1.60177,0.797879,1.950954,-33.6787,51.1205,26.4264,1.04538,0.067717,133.06841,-3.367392,-1.663511,0.415863,117.00829,53.303003,-155.644566,4023.892406,-31.166806,22.610666,-12.359309,61.558625,28.025377,-159.573177,3.900723,-16.3258,28.0572,-0.721779,15.24,1.582715,2.357904,-40.128289,-0.643207,-3.434944,8.600949,-3.903409,WAS_EDA,MEI_MEI,JinguStadium,TeamExclusive,Team,20261006-JinguStadium-1,834f54e0-c143-11f1-a3c0-e9a65f64b74e,145.86523,22.620017,,12.92073,,,,0.13953,1.048496,-0.063973,70b076e0-976d-4b15-a51a-1ed58523581a,2026/10/6,05:13.0,2026-10-06T14:05:13.0300000+09:00,2026-10-06T05:05:13.0300000Z,Popup,v3,,,,"Ogata, Mikito",1000326132,Right,WAS_EDA,3e14cb6b-2956-414c-a1e7-8bc348399161,16.488748,-40.395055,4.300474,1.600787,-0.52214,-1.951704,-0.796564,2.464442,-1.717472,11.275456,0.139349,-17.690532,-0.163759,0.461792,-0.083876,-0.015348,0.014917,-0.003442,0.000267,1.048928,26.047336,-9.404848,1.080857,-0.051174,-0.067278,0.025949,-0.003978,0.000227,-0.064129,-8.005752,0.867819,-0.062184,-0.020947,0.010892,-0.000848,-0.000283,4.10E-05,,,,,,,,,,,,,,,,,,,,,,,High,High,High,High,Medium,,,
122,2026/10/6,05:29.7,3,2,"Takahashi, Koki",1000326144,Right,WAS_EDA,"Tamenaga, Hikaru",1000419475,Left,MEI_MEI,Undefined,5,Top,2,0,1,Fastball,Four-Seam,StrikeSwinging,Undefined,Undefined,Undefined,0,0,,151.78668,-2.092638,-3.765575,2698.500035,218.573329,1:15,1.624068,0.790801,2.053285,-30.0404,48.2175,36.2525,0.739337,0.10309,137.16729,-4.434599,-1.170231,0.399502,,,,,,,,,,,,-21.9299,27.8227,-0.716531,15.24,1.580384,2.563436,-41.672576,-1.59789,-4.928253,10.098504,-3.554143,WAS_EDA,MEI_MEI,JinguStadium,TeamExclusive,Team,20261006-JinguStadium-1,8d3f1fd0-c143-11f1-a3c0-e9a65f64b74e,151.83913,,,14.61939,,,,,,,70b076e0-976d-4b15-a51a-1ed58523581a,2026/10/6,05:29.7,2026-10-06T14:05:29.6800000+09:00,2026-10-06T05:05:29.6800000Z,,v3,,,,"Ogata, Mikito",1000326132,Right,WAS_EDA,62d2b280-eb5e-46a7-bfbb-d84793fc2a97,16.385833,-41.949327,5.049252,1.62284,-1.500488,-1.777072,-0.788633,2.698495,-2.464126,,,,,,,,,,,,,,,,,,,,,,,,,,,,,,,,,,,,,,,,,,,,,,,,,,,High,High,High,,,,,
123,2026/10/6,05:48.3,3,3,"Takahashi, Koki",1000326144,Right,WAS_EDA,"Tamenaga, Hikaru",1000419475,Left,MEI_MEI,Undefined,5,Top,2,0,2,Fastball,Four-Seam,BallCalled,Undefined,Undefined,Undefined,0,0,,148.36541,0.554262,-3.472353,2717.107687,222.927379,1:30,1.641616,0.794921,2.018616,-39.0121,42.7977,37.2742,1.406483,0.197313,134.39592,-2.43068,-0.808671,0.408467,,,,,,,,,,,,-22.0019,22.8121,-0.724595,15.24,1.650999,2.290277,-40.775267,0.281987,-4.754411,9.314501,-4.877157,WAS_EDA,MEI_MEI,JinguStadium,TeamExclusive,Team,20261006-JinguStadium-1,98665950-c143-11f1-a3c0-e9a65f64b74e,148.50635,,,13.96949,,,,,,,70b076e0-976d-4b15-a51a-1ed58523581a,2026/10/6,05:48.3,2026-10-06T14:05:48.3510000+09:00,2026-10-06T05:05:48.3510000Z,,v3,,,,"Ogata, Mikito",1000326132,Right,WAS_EDA,884c9878-af1e-4a5c-8c82-399de0485e80,16.420491,-41.044046,4.65725,1.640831,0.422723,-2.438579,-0.792663,2.427471,-2.377206,,,,,,,,,,,,,,,,,,,,,,,,,,,,,,,,,,,,,,,,,,,,,,,,,,,High,High,High,,,,,
124,2026/10/6,06:04.3,3,4,"Takahashi, Koki",1000326144,Right,WAS_EDA,"Tamenaga, Hikaru",1000419475,Left,MEI_MEI,Undefined,5,Top,2,1,2,Fastball,Four-Seam,FoulBallNotFieldable,Undefined,Undefined,Undefined,0,0,,154.45291,-1.596537,-2.444336,2757.352804,216.426236,1:15,1.612223,0.748954,2.052303,-29.3715,45.4392,31.7401,0.87332,0.385145,140.67182,-3.869166,-0.167878,0.390604,,,,,,,,,,,,-18.4244,25.8313,-0.70107,15.24,1.578571,1.656443,-42.498079,-1.261422,-4.33983,9.811927,-3.722144,WAS_EDA,MEI_MEI,JinguStadium,TeamExclusive,Team,20261006-JinguStadium-1,a1dfbbc0-c143-11f1-a3c0-e9a65f64b74e,155.29793,,,13.7811,,,,,,,70b076e0-976d-4b15-a51a-1ed58523581a,2026/10/6,06:04.3,2026-10-06T14:06:04.2980000+09:00,2026-10-06T05:06:04.2980000Z,,v3,,,,"Ogata, Mikito",1000326132,Right,WAS_EDA,235c7d5d-cf2f-4aa1-bd5e-179b23abf3af,16.387132,-42.762108,4.905964,1.611167,-1.161263,-1.861072,-0.747214,1.773223,-2.169915,,,,,,,,,,,,,,,,,,,,,,,,,,,,,,,,,,,,,,,,,,,,,,,,,,,High,High,High,,,,,
125,2026/10/6,06:31.1,3,5,"Takahashi, Koki",1000326144,Right,WAS_EDA,"Tamenaga, Hikaru",1000419475,Left,MEI_MEI,Undefined,5,Top,2,1,2,Cutter,Slider,InPlay,Undefined,LineDrive,Out,1,0,,134.41942,-0.473884,-2.244806,1292.065774,53.862366,7:45,1.577638,0.823631,1.849971,-104.7394,-3.1159,-8.7935,0.396479,0.102222,123.01534,-8.078062,-2.868533,0.455252,123.11081,10.423638,-9.053553,1846.222776,32.883664,2.836529,-6.541388,51.785145,42.989103,-12.473901,1.830342,2.8421,-0.2939,-0.77007,15.24,1.559782,1.489401,-36.963786,-0.715956,0.504264,7.714269,-9.858798,WAS_EDA,MEI_MEI,JinguStadium,TeamExclusive,Team,20261006-JinguStadium-1,b1d93dd0-c143-11f1-a3c0-e9a65f64b74e,133.24493,3.028627,,11.40407,,,,0.240627,0.378979,-0.097834,70b076e0-976d-4b15-a51a-1ed58523581a,2026/10/6,06:31.1,2026-10-06T14:06:31.0690000+09:00,2026-10-06T05:06:31.0690000Z,GroundBall,v3,,,,"Ogata, Mikito",1000326132,Right,WAS_EDA,71427aab-7047-4880-8d98-b16e4d70713a,16.589946,-37.244451,3.857134,1.579305,-0.357267,-4.929399,-0.823924,1.471054,0.252132,148.119412,0.240627,33.214026,-4.029948,0.654518,-0.111423,0.015458,-0.001668,0.000241,-3.40E-05,0.378978,6.186861,-3.737795,0.124731,0.115432,-0.187771,0.129159,-0.042918,0.005662,-0.097834,-5.292216,-0.550307,0.117576,-0.10769,0.130593,-0.085983,0.028347,-0.003733,,,,,,,,,,,,,,,,,,,,,,,High,High,High,High,Medium,,,
126,2026/10/6,08:38.2,1,1,"Miura, Koku",1000242805,Right,MEI_MEI,"Yuasa, Osuke",1000422710,Right,WAS_EDA,Undefined,5,Bottom,0,0,0,Fastball,Sinker,StrikeCalled,Undefined,Undefined,Undefined,0,0,,149.06283,-1.992184,-4.452022,2266.948627,231.224761,1:45,1.655489,0.623565,1.954761,-47.9696,33.2191,38.2079,0.615623,-0.244429,136.64547,-5.570489,-1.735813,0.406914,,,,,,,,,,,,-22.8639,19.4601,-0.528336,15.24,1.609284,2.997292,-40.926903,-1.597763,-5.028914,8.533509,-5.526407,WAS_EDA,MEI_MEI,JinguStadium,TeamExclusive,Team,20261006-JinguStadium-1,fd94c0f0-c143-11f1-a3c0-e9a65f64b74e,149.07325,,,12.41736,,,,,,,70b076e0-976d-4b15-a51a-1ed58523581a,2026/10/6,08:38.2,2026-10-06T14:08:38.1530000+09:00,2026-10-06T05:08:38.1530000Z,,v3,,,,"Fukuhara, Seiya",1000242807,Right,MEI_MEI,595b6faa-d299-4b2d-95c0-1ab6726d8241,16.485056,-41.185687,4.266755,1.655196,-1.430172,-2.763204,-0.621543,3.149796,-2.514457,,,,,,,,,,,,,,,,,,,,,,,,,,,,,,,,,,,,,,,,,,,,,,,,,,,High,High,High,,,,,
127,2026/10/6,08:54.2,1,2,"Miura, Koku",1000242805,Right,MEI_MEI,"Yuasa, Osuke",1000422710,Right,WAS_EDA,Undefined,5,Bottom,0,0,1,Slider,Curveball,BallCalled,Undefined,Undefined,Undefined,0,0,,136.22866,-0.094143,-2.785588,2073.85928,45.135004,7:30,1.593311,0.718003,1.692691,-121.1192,-20.6297,-23.7978,0.355275,-0.313926,125.53952,-8.742632,-4.456232,0.452705,,,,,,,,,,,,10.052,-9.466,-0.642631,15.24,1.581187,1.940167,-37.447812,-0.594157,1.839895,7.563243,-11.539277,WAS_EDA,MEI_MEI,JinguStadium,TeamExclusive,Team,20261006-JinguStadium-1,073114b0-c144-11f1-a3c0-e9a65f64b74e,133.99467,,,10.68914,,,,,,,70b076e0-976d-4b15-a51a-1ed58523581a,2026/10/6,08:54.2,2026-10-06T14:08:54.2180000+09:00,2026-10-06T05:08:54.2180000Z,,v3,,,,"Fukuhara, Seiya",1000242807,Right,MEI_MEI,725d3b5c-cb8c-48f6-90ea-394f0dde8044,16.747845,-37.751119,3.781621,1.595735,-0.1314,-5.769638,-0.718958,1.866382,0.919948,,,,,,,,,,,,,,,,,,,,,,,,,,,,,,,,,,,,,,,,,,,,,,,,,,,High,High,High,,,,,
128,2026/10/6,09:10.9,1,3,"Miura, Koku",1000242805,Right,MEI_MEI,"Yuasa, Osuke",1000422710,Right,WAS_EDA,Undefined,5,Bottom,0,1,1,Fastball,Four-Seam,StrikeCalled,Undefined,Undefined,Undefined,0,0,,148.50321,-2.075741,-4.485997,2303.503924,214.346006,1:15,1.64059,0.639023,1.98229,-39.9182,40.9098,26.3933,0.658697,-0.354537,137.29503,-5.068849,-2.60799,0.406009,,,,,,,,,,,,-16.5546,23.4356,-0.544587,15.24,1.594033,3.075761,-40.80569,-1.613503,-3.653481,7.708557,-4.63459,WAS_EDA,MEI_MEI,JinguStadium,TeamExclusive,Team,20261006-JinguStadium-1,111c4bc0-c144-11f1-a3c0-e9a65f64b74e,149.40555,,,11.20818,,,,,,,70b076e0-976d-4b15-a51a-1ed58523581a,2026/10/6,09:10.9,2026-10-06T14:09:10.8940000+09:00,2026-10-06T05:09:10.8940000Z,,v3,,,,"Fukuhara, Seiya",1000242807,Right,MEI_MEI,fc156910-f1f1-441b-b05a-7aa6c9ef155e,16.457815,-41.035101,3.854279,1.639999,-1.475575,-2.317295,-0.637741,3.184491,-1.826741,,,,,,,,,,,,,,,,,,,,,,,,,,,,,,,,,,,,,,,,,,,,,,,,,,,High,High,High,,,,,
129,2026/10/6,09:25.6,1,4,"Miura, Koku",1000242805,Right,MEI_MEI,"Yuasa, Osuke",1000422710,Right,WAS_EDA,Undefined,5,Bottom,0,1,2,Cutter,Slider,StrikeSwinging,Strikeout,Undefined,Undefined,0,0,,142.69287,-1.349055,-3.691045,2044.836786,172.183145,11:45,1.645148,0.644308,1.693052,-86.6033,3.5314,-0.1677,0.394048,-0.409998,133.34192,-7.534814,-3.702809,0.428747,,,,,,,,,,,,-2.0392,3.2197,-0.546944,15.24,1.602546,2.532305,-39.241256,-1.311575,-0.418201,6.755204,-9.146345,WAS_EDA,MEI_MEI,JinguStadium,TeamExclusive,Team,20261006-JinguStadium-1,19e12b40-c144-11f1-a3c0-e9a65f64b74e,141.48214,,,9.35094,,,,,,,70b076e0-976d-4b15-a51a-1ed58523581a,2026/10/6,09:25.6,2026-10-06T14:09:25.5970000+09:00,2026-10-06T05:09:25.5970000Z,,v3,,,,"Fukuhara, Seiya",1000242807,Right,MEI_MEI,90b67469-5950-4151-a1f0-0d235df0f496,16.747651,-39.499939,3.377602,1.646065,-0.961327,-4.573172,-0.644222,2.54832,-0.209101,,,,,,,,,,,,,,,,,,,,,,,,,,,,,102.94883,,,0.985645,,,,-0.061208,1.520597,1.682534,20.704657,1.110358,17.326658,-0.04434,23.142727,-2.122954,1.526986,3.550108,-4.030914,1.682337,16.102127,-0.233281,High,High,High,,,High,Medium,High
130,2026/10/6,09:53.4,2,1,"Miura, Koku",1000242805,Right,MEI_MEI,"Okanishi, Yuya",1000242774,Left,WAS_EDA,Undefined,5,Bottom,1,0,0,Splitter,Splitter,StrikeSwinging,Undefined,Undefined,Undefined,0,0,,137.92564,-0.445685,-2.842632,1093.621579,329.677472,5:00,1.627656,0.688776,1.870703,-104.8158,-9.6465,7.2443,0.453796,-0.040178,127.63965,-8.027989,-2.328316,0.440558,,,,,,,,,,,,-5.6454,-3.882,-0.62311,15.24,1.610778,1.851645,-37.964823,-0.716717,-1.070454,7.209714,-10.542731,WAS_EDA,MEI_MEI,JinguStadium,TeamExclusive,Team,20261006-JinguStadium-1,2a7ae4f0-c144-11f1-a3c0-e9a65f64b74e,137.689,,,10.28599,,,,,,,70b076e0-976d-4b15-a51a-1ed58523581a,2026/10/6,09:53.4,2026-10-06T14:09:53.4330000+09:00,2026-10-06T05:09:53.4330000Z,,v3,,,,"Fukuhara, Seiya",1000242807,Right,MEI_MEI,f447ceda-6610-4ebd-9201-7032a8d88699,16.5698,-38.216524,3.604857,1.629374,-0.348655,-5.271366,-0.688406,1.889016,-0.535227,,,,,,,,,,,,,,,,,,,,,,,,,,,,,,,,,,,,,,,,,,,,,,,,,,,High,High,High,,,,,
131,2026/10/6,10:06.1,2,2,"Miura, Koku",1000242805,Right,MEI_MEI,"Okanishi, Yuya",1000242774,Left,WAS_EDA,Undefined,5,Bottom,1,0,1,Fastball,Four-Seam,BallCalled,Undefined,Undefined,Undefined,0,0,,151.25936,-3.023253,-1.854613,2287.625258,215.5564,1:15,1.65899,0.652315,1.864885,-39.3363,40.4303,27.0753,0.412463,0.400272,138.42748,-5.967133,0.066505,0.403334,,,,,,,,,,,,-15.2189,23.7533,-0.610627,15.24,1.585817,1.204042,-41.563402,-2.33547,-3.440713,9.089596,-4.436446,WAS_EDA,MEI_MEI,JinguStadium,TeamExclusive,Team,20261006-JinguStadium-1,3203c200-c144-11f1-a3c0-e9a65f64b74e,150.39629,,,12.83187,,,,,,,70b076e0-976d-4b15-a51a-1ed58523581a,2026/10/6,10:06.1,2026-10-06T14:10:06.1150000+09:00,2026-10-06T05:10:06.1150000Z,,v3,,,,"Fukuhara, Seiya",1000242807,Right,MEI_MEI,d3c63fed-1102-4553-9d40-df9ed50fbda1,16.574609,-41.854253,4.544798,1.658277,-2.193512,-2.218223,-0.650915,1.314139,-1.720356,,,,,,,,,,,,,,,,,,,,,,,,,,,,,,,,,,,,,,,,,,,,,,,,,,,High,High,High,,,,,
132,2026/10/6,10:19.1,2,3,"Miura, Koku",1000242805,Right,MEI_MEI,"Okanishi, Yuya",1000242774,Left,WAS_EDA,Undefined,5,Bottom,1,1,1,Slider,Slider,StrikeSwinging,Undefined,Undefined,Undefined,0,0,,136.38165,-0.082622,-2.472487,2346.991706,56.892698,8:00,1.600367,0.71416,1.827267,-110.2029,-12.3695,-23.2123,0.474981,-0.216744,126.39466,-8.023,-4.11548,0.446682,,,,,,,,,,,,10.3243,-5.4774,-0.653268,15.24,1.591091,1.72941,-37.547401,-0.503582,1.914085,7.07989,-10.822143,WAS_EDA,MEI_MEI,JinguStadium,TeamExclusive,Team,20261006-JinguStadium-1,39c56250-c144-11f1-a3c0-e9a65f64b74e,135.80137,,,9.98699,,,,,,,70b076e0-976d-4b15-a51a-1ed58523581a,2026/10/6,10:19.1,2026-10-06T14:10:19.0870000+09:00,2026-10-06T05:10:19.0870000Z,,v3,,,,"Fukuhara, Seiya",1000242807,Right,MEI_MEI,2a958881-7c3e-4f08-ba40-05df709f2945,16.613368,-37.805474,3.539945,1.602258,-0.109097,-5.411071,-0.715036,1.659639,0.957042,,,,,,,,,,,,,,,,,,,,,,,,,,,,,,,,,,,,,,,,,,,,,,,,,,,High,High,High,,,,,
133,2026/10/6,10:36.4,2,4,"Miura, Koku",1000242805,Right,MEI_MEI,"Okanishi, Yuya",1000242774,Left,WAS_EDA,Undefined,5,Bottom,1,1,2,Fastball,Four-Seam,FoulBallNotFieldable,Undefined,Undefined,Undefined,0,0,,150.17012,-3.126549,-1.891358,2284.985092,204.363739,12:45,1.662516,0.608421,1.780176,-25.6283,56.793,24.4252,0.519214,0.316714,136.20216,-5.116603,-0.168413,0.409991,101.54108,-58.08778,122.37846,,,,,0.160682,0.160682,-17.55538,0.021214,-13.9175,32.2336,-0.563204,15.24,1.58305,1.230045,-41.213247,-2.321872,-3.069297,9.599635,-2.697996,WAS_EDA,MEI_MEI,JinguStadium,TeamExclusive,Team,20261006-JinguStadium-1,440a7930-c144-11f1-a3c0-e9a65f64b74e,147.95441,0.509464,,13.96796,,,,0.323096,0.509464,-0.316405,70b076e0-976d-4b15-a51a-1ed58523581a,2026/10/6,10:36.4,2026-10-06T14:10:36.3670000+09:00,2026-10-06T05:10:36.3670000Z,GroundBall,v3,,,,"Fukuhara, Seiya",1000242807,Right,MEI_MEI,6898c563-1804-4a1a-bcfa-94b7981c5f84,16.659245,-41.54251,4.799818,1.661102,-2.229332,-1.348998,-0.6072,1.33532,-1.534648,,0.323179,-8.008914,,,,,,,,0.509714,-24.01591,,,,,,,,-0.316536,12.630523,,,,,,,,,,,,,,,,,,,,,,,,,,,,,,High,High,High,Estimated,Estimated,,,
134,2026/10/6,11:03.9,2,5,"Miura, Koku",1000242805,Right,MEI_MEI,"Okanishi, Yuya",1000242774,Left,WAS_EDA,Undefined,5,Bottom,1,1,2,Splitter,Changeup,InPlay,Undefined,FlyBall,Out,1,0,,136.03604,0.326325,-2.541836,1209.918652,198.651881,12:30,1.605085,0.692136,1.792113,-87.3359,10.8462,2.7583,0.824187,-0.000249,126.14983,-6.002156,-2.347201,0.447477,135.35595,57.135453,-25.203889,5426.343337,26.625816,39.943717,-20.376269,57.73091,22.47821,-41.117726,5.747743,-2.9829,6.1412,-0.629739,15.24,1.606976,1.649802,-37.453684,-0.134697,-0.554269,6.535859,-8.665522,WAS_EDA,MEI_MEI,JinguStadium,TeamExclusive,Team,20261006-JinguStadium-1,547d7100-c144-11f1-a3c0-e9a65f64b74e,135.56002,39.943404,,9.88621,,,,0.269751,0.857292,-0.006345,70b076e0-976d-4b15-a51a-1ed58523581a,2026/10/6,11:03.9,2026-10-06T14:11:03.9260000+09:00,2026-10-06T05:11:03.9260000Z,Popup,v3,,,,"Fukuhara, Seiya",1000242807,Right,MEI_MEI,29f874f9-f799-435f-9483-255fdb30cf35,16.648276,-37.698635,3.26793,1.605939,0.190068,-4.332761,-0.691959,1.670575,-0.277135,162.16363,0.269877,18.447064,-6.284399,1.787006,-0.287785,8.70E-05,0.00997,-0.001659,8.70E-05,0.853977,31.638135,-7.932501,0.936367,-0.214525,0.040868,-0.003412,-0.000152,2.80E-05,-0.006569,-8.687618,0.410205,0.067675,-0.024781,-0.003198,0.002787,-0.000491,2.90E-05,,,,,,,,,,,,,,,,,,,,,,,High,High,High,High,Low,,,
135,2026/10/6,11:36.8,3,1,"Miura, Koku",1000242805,Right,MEI_MEI,"Terao, Kensei",1000242786,Right,WAS_EDA,Undefined,5,Bottom,2,0,0,Slider,Curveball,BallCalled,Undefined,Undefined,Undefined,0,0,,136.17335,-0.417059,-2.550926,2252.315439,44.689664,7:30,1.578901,0.685619,1.693882,-123.0266,-22.9137,-25.5361,0.229746,-0.296663,126.13553,-9.181833,-4.34506,0.451856,,,,,,,,,,,,11.2487,-10.5861,-0.616326,15.24,1.558037,1.793347,-37.460034,-0.810809,2.068483,7.292257,-11.753285,WAS_EDA,MEI_MEI,JinguStadium,TeamExclusive,Team,20261006-JinguStadium-1,681cc990-c144-11f1-a3c0-e9a65f64b74e,134.24637,,,10.03782,,,,,,,70b076e0-976d-4b15-a51a-1ed58523581a,2026/10/6,11:36.8,2026-10-06T14:11:36.8470000+09:00,2026-10-06T05:11:36.8470000Z,,v3,,,,"Fukuhara, Seiya",1000242807,Right,MEI_MEI,d0472c25-d6cd-4757-aee4-a576dd93f4f2,16.747048,-37.752268,3.646128,1.581092,-0.339802,-5.876643,-0.686533,1.710453,1.034241,,,,,,,,,,,,,,,,,,,,,,,,,,,,,,,,,,,,,,,,,,,,,,,,,,,High,High,High,,,,,
136,2026/10/6,11:57.0,3,2,"Miura, Koku",1000242805,Right,MEI_MEI,"Terao, Kensei",1000242786,Right,WAS_EDA,Undefined,5,Bottom,2,1,0,Slider,Curveball,BallCalled,Undefined,Undefined,Undefined,0,0,,136.56195,0.163168,-1.385512,2134.082152,48.897424,7:45,1.60339,0.719513,1.695527,-121.2017,-22.8055,-29.0857,0.437849,0.034059,127.45569,-8.473313,-3.431384,0.447965,,,,,,,,,,,,13.9721,-10.9864,-0.68069,15.24,1.597932,1.051604,-37.634666,-0.424919,2.620755,6.615723,-11.86737,WAS_EDA,MEI_MEI,JinguStadium,TeamExclusive,Team,20261006-JinguStadium-1,7428e4d0-c144-11f1-a3c0-e9a65f64b74e,135.41251,,,9.10626,,,,,,,70b076e0-976d-4b15-a51a-1ed58523581a,2026/10/6,11:57.0,2026-10-06T14:11:57.0290000+09:00,2026-10-06T05:11:57.0290000Z,,v3,,,,"Fukuhara, Seiya",1000242807,Right,MEI_MEI,985c95b7-ecf4-497a-8ff3-424534b7f1b8,16.745769,-37.898438,3.307862,1.605441,0.048239,-5.933685,-0.720535,0.947113,1.310377,,,,,,,,,,,,,,,,,,,,,,,,,,,,,,,,,,,,,,,,,,,,,,,,,,,High,High,High,,,,,
137,2026/10/6,12:13.0,3,3,"Miura, Koku",1000242805,Right,MEI_MEI,"Terao, Kensei",1000242786,Right,WAS_EDA,Undefined,5,Bottom,2,2,0,Slider,Slider,StrikeCalled,Undefined,Undefined,Undefined,0,0,,136.65367,0.485092,-1.755943,2022.636975,34.741163,7:15,1.587125,0.722933,1.667361,-114.4118,-15.6102,-12.6762,0.581443,0.095151,127.03082,-7.679897,-2.645315,0.448886,,,,,,,,,,,,5.3142,-7.3589,-0.674815,15.24,1.590654,1.216985,-37.630663,-0.190572,0.995723,6.675339,-11.185486,WAS_EDA,MEI_MEI,JinguStadium,TeamExclusive,Team,20261006-JinguStadium-1,7da72940-c144-11f1-a3c0-e9a65f64b74e,135.13439,,,9.62286,,,,,,,70b076e0-976d-4b15-a51a-1ed58523581a,2026/10/6,12:13.0,2026-10-06T14:12:12.9580000+09:00,2026-10-06T05:12:12.9580000Z,,v3,,,,"Fukuhara, Seiya",1000242807,Right,MEI_MEI,29733d0a-cfd4-40b0-ab4f-169c50aafcc9,16.773404,-37.901699,3.337669,1.589172,0.263588,-5.592743,-0.723407,1.176556,0.497862,,,,,,,,,,,,,,,,,,,,,,,,,,,,,,,,,,,,,,,,,,,,,,,,,,,High,High,High,,,,,
138,2026/10/6,12:28.7,3,4,"Miura, Koku",1000242805,Right,MEI_MEI,"Terao, Kensei",1000242786,Right,WAS_EDA,Undefined,5,Bottom,2,2,1,Slider,Slider,StrikeSwinging,Undefined,Undefined,Undefined,0,0,,135.02886,0.203525,-1.844527,1911.124922,58.578684,8:00,1.583896,0.719803,1.674177,-108.8053,-6.7805,-16.0871,0.553902,0.032839,124.44984,-7.595612,-2.973282,0.45615,,,,,,,,,,,,6.8534,-2.6261,-0.669258,15.24,1.580462,1.276152,-37.141994,-0.340025,1.239553,7.134793,-10.281635,WAS_EDA,MEI_MEI,JinguStadium,TeamExclusive,Team,20261006-JinguStadium-1,870821b0-c144-11f1-a3c0-e9a65f64b74e,132.98262,,,10.57901,,,,,,,70b076e0-976d-4b15-a51a-1ed58523581a,2026/10/6,12:28.7,2026-10-06T14:12:28.6880000+09:00,2026-10-06T05:12:28.6880000Z,,v3,,,,"Fukuhara, Seiya",1000242807,Right,MEI_MEI,c0f8011a-cc36-4f3a-9917-d712abbb04e0,16.766014,-37.433986,3.567397,1.585768,0.080752,-5.140817,-0.720446,1.225423,0.619776,,,,,,,,,,,,,,,,,,,,,,,,,,,,,,,,,,,,,,,,,,,,,,,,,,,High,High,High,,,,,
139,2026/10/6,12:45.3,3,5,"Miura, Koku",1000242805,Right,MEI_MEI,"Terao, Kensei",1000242786,Right,WAS_EDA,Undefined,5,Bottom,2,2,2,Fastball,Four-Seam,InPlay,Undefined,GroundBall,Single,0,0,,150.98396,-1.527887,-4.298466,2338.627984,219.728235,1:15,1.667531,0.59373,1.906133,-33.516,46.3616,36.3796,0.901613,-0.252921,137.60532,-4.083147,-1.72061,0.403615,136.04052,-30.86917,-2.385861,,,,,1.734034,1.734034,6.517868,0.045657,-21.9393,25.9212,-0.498395,15.24,1.630837,2.930988,-41.449762,-1.213606,-4.927344,9.13743,-3.985021,WAS_EDA,MEI_MEI,JinguStadium,TeamExclusive,Team,20261006-JinguStadium-1,90e1cc90-c144-11f1-a3c0-e9a65f64b74e,150.29182,0.887777,,13.37864,,,,0.238934,0.887777,0.258662,70b076e0-976d-4b15-a51a-1ed58523581a,2026/10/6,12:45.3,2026-10-06T14:12:45.2730000+09:00,2026-10-06T05:12:45.2730000Z,GroundBall,v3,,,,"Fukuhara, Seiya",1000242807,Right,MEI_MEI,b57cdc55-991b-4e82-aa43-fc252ccd9866,16.533732,-41.733985,4.568715,1.666659,-1.08965,-1.992511,-0.591948,3.084255,-2.463672,,0.23825,32.500925,,,,,,,,0.888186,-19.444514,,,,,,,,0.258691,-1.354158,,,,,,,,,,,,,,,,,,,,,,,,,,,,,,High,High,High,Estimated,Estimated,,,
140,2026/10/6,13:28.1,4,1,"Miura, Koku",1000242805,Right,MEI_MEI,"Tokumaru, Kaisei",1000422696,Left,WAS_EDA,Undefined,5,Bottom,2,0,0,Slider,Slider,FoulBallNotFieldable,Undefined,Undefined,Undefined,0,0,,134.6918,-0.341532,-2.0899,2297.627199,63.474826,8:00,1.578753,0.742188,1.753668,-112.2159,-11.4007,-28.3203,0.359625,-0.13425,125.3915,-8.378475,-4.086826,0.453438,,,,,,,,,,,,13.2516,-4.9363,-0.687173,15.24,1.561745,1.485043,-37.096589,-0.685637,2.40713,6.654289,-10.703313,WAS_EDA,MEI_MEI,JinguStadium,TeamExclusive,Team,20261006-JinguStadium-1,aa6a8300-c144-11f1-a3c0-e9a65f64b74e,133.77803,,,9.30031,,,,,,,70b076e0-976d-4b15-a51a-1ed58523581a,2026/10/6,13:28.1,2026-10-06T14:13:28.1070000+09:00,2026-10-06T05:13:28.1070000Z,,v3,,,,"Fukuhara, Seiya",1000242807,Right,MEI_MEI,d04c655e-ea34-4ad2-bb32-7cb836c0a3db,16.687334,-37.355306,3.327145,1.580312,-0.269495,-5.351657,-0.743092,1.391455,1.203565,,,,,,,,,,,,,,,,,,,,,,,,,,,,,,,,,,,,,,,,,,,,,,,,,,,High,High,High,,,,,
141,2026/10/6,13:53.0,4,2,"Miura, Koku",1000242805,Right,MEI_MEI,"Tokumaru, Kaisei",1000422696,Left,WAS_EDA,Undefined,5,Bottom,2,0,1,Splitter,Changeup,BallCalled,Undefined,Undefined,Undefined,0,0,,142.3548,-1.064866,-1.90295,1291.829946,226.872695,1:30,1.605115,0.739849,1.887994,-70.1477,18.7225,17.2653,0.603798,0.376839,131.5346,-6.200815,-0.675665,0.425728,,,,,,,,,,,,-10.1489,11.2114,-0.697184,15.24,1.576422,1.219516,-39.200319,-1.001406,-2.058033,7.449557,-7.533162,WAS_EDA,MEI_MEI,JinguStadium,TeamExclusive,Team,20261006-JinguStadium-1,b943a0f0-c144-11f1-a3c0-e9a65f64b74e,142.48523,,,10.8202,,,,,,,70b076e0-976d-4b15-a51a-1ed58523581a,2026/10/6,13:53.0,2026-10-06T14:13:53.0140000+09:00,2026-10-06T05:13:53.0140000Z,,v3,,,,"Fukuhara, Seiya",1000242807,Right,MEI_MEI,98ebbdab-de71-41d1-b1b8-14f7311e33b9,16.551903,-39.448843,3.724779,1.605637,-0.750093,-3.766581,-0.739013,1.288174,-1.029016,,,,,,,,,,,,,,,,,,,,,,,,,,,,,,,,,,,,,,,,,,,,,,,,,,,High,High,High,,,,,
142,2026/10/6,14:16.4,4,3,"Miura, Koku",1000242805,Right,MEI_MEI,"Tokumaru, Kaisei",1000422696,Left,WAS_EDA,Undefined,5,Bottom,2,1,1,Fastball,Four-Seam,InPlay,Undefined,GroundBall,Single,0,0,,149.01219,-1.973997,-2.922667,2287.194438,213.577183,1:00,1.62397,0.641131,1.985945,-37.5435,43.2982,27.0521,0.695513,0.093536,136.33753,-4.821621,-0.991558,0.406043,170.64141,2.552135,30.832638,3265.361999,,,,22.907394,21.790982,31.733273,0.525691,-16.2984,24.9013,-0.580388,15.24,1.579972,1.964267,-40.984076,-1.531762,-3.583542,8.8202,-4.331584,WAS_EDA,MEI_MEI,JinguStadium,TeamExclusive,Team,20261006-JinguStadium-1,c7340c90-c144-11f1-a3c0-e9a65f64b74e,149.39289,0.879681,,12.67466,,,,0.361802,0.722842,-0.125013,70b076e0-976d-4b15-a51a-1ed58523581a,2026/10/6,14:16.4,2026-10-06T14:14:16.4080000+09:00,2026-10-06T05:14:16.4080000Z,GroundBall,v3,,,,"Fukuhara, Seiya",1000242807,Right,MEI_MEI,df5a4bb7-e79d-4063-bfd5-f4199227d7ea,16.454082,-41.244531,4.4101,1.623315,-1.403853,-2.165792,-0.639954,2.070087,-1.791771,300.096415,0.373413,40.361836,-7.66844,,,,,,,0.730261,1.919229,-6.318204,,,,,,,-0.124306,24.252906,-2.089639,,,,,,,,,,,,,,,,,,,,,,,,,,,,,High,High,High,High,High,,,
143,2026/10/6,15:08.8,5,1,"Miura, Koku",1000242805,Right,MEI_MEI,"Takahashi, Hiroto",1000326145,Right,WAS_EDA,Undefined,5,Bottom,2,0,0,Slider,Slider,BallCalled,Undefined,Undefined,Undefined,0,0,,137.69578,0.547396,-0.840629,2154.221457,34.109872,7:15,1.631901,0.695987,1.584107,-119.2027,-18.5785,-14.9375,0.596829,0.305594,125.04975,-7.969534,-1.884434,0.453008,,,,,,,,,,,,6.7528,-8.6029,-0.670846,15.24,1.636566,0.6349,-37.813056,-0.197798,1.246419,8.483944,-11.39457,WAS_EDA,MEI_MEI,JinguStadium,TeamExclusive,Team,20261006-JinguStadium-1,e67c51c0-c144-11f1-a3c0-e9a65f64b74e,133.90491,,,12.64603,,,,,,,70b076e0-976d-4b15-a51a-1ed58523581a,2026/10/6,15:08.8,2026-10-06T14:15:08.8290000+09:00,2026-10-06T05:15:08.8290000Z,,v3,,,,"Fukuhara, Seiya",1000242807,Right,MEI_MEI,dfdad228-04ac-4135-ba7a-37312b79427a,16.855581,-38.173816,4.241972,1.634675,0.286729,-5.697285,-0.696716,0.581899,0.62321,,,,,,,,,,,,,,,,,,,,,,,,,,,,,,,,,,,,,,,,,,,,,,,,,,,High,High,High,,,,,
144,2026/10/6,15:28.3,5,2,"Miura, Koku",1000242805,Right,MEI_MEI,"Takahashi, Hiroto",1000326145,Right,WAS_EDA,Undefined,5,Bottom,2,1,0,Fastball,Four-Seam,StrikeCalled,Undefined,Undefined,Undefined,0,0,,148.87507,-2.298315,-2.800722,2230.109958,219.33061,1:15,1.626116,0.613656,1.921391,-37.1155,45.2242,34.7456,0.608465,0.174028,135.12216,-5.122244,-0.329497,0.409788,,,,,,,,,,,,-20.1445,26.0702,-0.552883,15.24,1.572457,1.825564,-40.892753,-1.759453,-4.373809,9.44969,-4.146235,WAS_EDA,MEI_MEI,JinguStadium,TeamExclusive,Team,20261006-JinguStadium-1,f20affa0-c144-11f1-a3c0-e9a65f64b74e,148.02778,,,13.75291,,,,,,,70b076e0-976d-4b15-a51a-1ed58523581a,2026/10/6,15:28.3,2026-10-06T14:15:28.2650000+09:00,2026-10-06T05:15:28.2650000Z,,v3,,,,"Fukuhara, Seiya",1000242807,Right,MEI_MEI,2b8d8813-45a5-4282-b571-52432f3789e0,16.518059,-41.187034,4.724845,1.62524,-1.630332,-2.073117,-0.611856,1.961773,-2.186904,,,,,,,,,,,,,,,,,,,,,,,,,,,,,,,,,,,,,,,,,,,,,,,,,,,High,High,High,,,,,
145,2026/10/6,15:51.4,5,3,"Miura, Koku",1000242805,Right,MEI_MEI,"Takahashi, Hiroto",1000326145,Right,WAS_EDA,Undefined,5,Bottom,2,1,1,Fastball,Four-Seam,StrikeSwinging,Undefined,Undefined,Undefined,0,0,,148.3614,-1.657879,-3.415837,2283.70849,216.783014,1:15,1.654825,0.632887,2.00103,-34.8613,46.9571,33.086,0.842022,0.008179,134.99699,-4.331483,-1.053532,0.408489,,,,,,,,,,,,-19.7217,26.5947,-0.562619,15.24,1.61806,2.271011,-40.769543,-1.279047,-4.273127,9.069833,-4.044355,WAS_EDA,MEI_MEI,JinguStadium,TeamExclusive,Team,20261006-JinguStadium-1,ffd322c0-c144-11f1-a3c0-e9a65f64b74e,148.49857,,,13.3644,,,,,,,70b076e0-976d-4b15-a51a-1ed58523581a,2026/10/6,15:51.4,2026-10-06T14:15:51.3610000+09:00,2026-10-06T05:15:51.3610000Z,,v3,,,,"Fukuhara, Seiya",1000242807,Right,MEI_MEI,1db32bc0-5cf7-4fb9-85a2-e9b05aa6d9de,16.438273,-41.035252,4.534917,1.653795,-1.160564,-2.022177,-0.630984,2.396197,-2.136563,,,,,,,,,,,,,,,,,,,,,,,,,,,,,,,,,,,,,,,,,,,,,,,,,,,High,High,High,,,,,
146,2026/10/6,16:21.2,5,4,"Miura, Koku",1000242805,Right,MEI_MEI,"Takahashi, Hiroto",1000326145,Right,WAS_EDA,Undefined,5,Bottom,2,1,2,Splitter,Changeup,BallCalled,Undefined,Undefined,Undefined,0,0,,141.60439,-1.418381,-1.915596,1314.936668,253.234599,2:30,1.582095,0.704486,1.807224,-82.2588,8.4298,19.4387,0.358086,0.356946,131.18578,-7.373227,-0.539662,0.430062,,,,,,,,,,,,-11.2072,6.0414,-0.659151,15.24,1.541921,1.208641,-38.982922,-1.307385,-2.248909,7.319938,-8.594341,WAS_EDA,MEI_MEI,JinguStadium,TeamExclusive,Team,20261006-JinguStadium-1,119d1f10-c145-11f1-a3c0-e9a65f64b74e,141.04943,,,10.41861,,,,,,,70b076e0-976d-4b15-a51a-1ed58523581a,2026/10/6,16:21.2,2026-10-06T14:16:21.2210000+09:00,2026-10-06T05:16:21.2210000Z,,v3,,,,"Fukuhara, Seiya",1000242807,Right,MEI_MEI,d259f6fa-13c1-43ac-9981-dec8beadc259,16.632981,-39.243615,3.659969,1.583032,-1.001305,-4.29717,-0.703622,1.288734,-1.124455,,,,,,,,,,,,,,,,,,,,,,,,,,,,,,,,,,,,,,,,,,,,,,,,,,,High,High,High,,,,,
147,2026/10/6,16:53.4,5,5,"Miura, Koku",1000242805,Right,MEI_MEI,"Takahashi, Hiroto",1000326145,Right,WAS_EDA,Undefined,5,Bottom,2,2,2,Fastball,Four-Seam,StrikeCalled,Strikeout,Undefined,Undefined,0,0,,150.5892,-2.184024,-4.511376,2304.594858,218.167433,1:15,1.646834,0.610954,1.912527,-36.4334,43.8943,32.4508,0.666673,-0.334678,137.38576,-4.943106,-2.212119,0.40475,,,,,,,,,,,,-19.9227,25.0674,-0.510942,15.24,1.595281,3.092329,-41.308786,-1.697353,-4.447065,9.018236,-4.211206,WAS_EDA,MEI_MEI,JinguStadium,TeamExclusive,Team,20261006-JinguStadium-1,24c41350-c145-11f1-a3c0-e9a65f64b74e,149.87021,,,13.20344,,,,,,,70b076e0-976d-4b15-a51a-1ed58523581a,2026/10/6,16:53.4,2026-10-06T14:16:53.3660000+09:00,2026-10-06T05:16:53.3660000Z,,v3,,,,"Fukuhara, Seiya",1000242807,Right,MEI_MEI,c89f129a-96ae-4737-9945-1263b5364b6a,16.526945,-41.588794,4.509118,1.645952,-1.566599,-2.105603,-0.609099,3.230406,-2.223533,,,,,,,,,,,,,,,,,,,,,,,,,,,,,,,,,,,,,,,,,,,,,,,,,,,High,High,High,,,,,
148,2026/10/6,21:20.7,1,1,"Takahashi, Koki",1000326144,Right,WAS_EDA,"Wakasa, Ryonosuke",1000242817,Right,MEI_MEI,Undefined,6,Top,0,0,0,Cutter,Slider,FoulBallNotFieldable,Undefined,Undefined,Undefined,0,0,,138.09808,0.362699,-2.867205,2670.720201,180.480733,12:00,1.61645,0.799302,1.854728,-74.691,18.6692,0.1386,0.971939,-0.008449,129.55983,-5.062305,-2.857399,0.436351,97.92208,52.851827,109.392117,5695.590905,-19.229559,18.35892,27.465351,53.777865,17.263208,128.046495,3.940653,-1.547,10.1524,-0.731828,15.24,1.620126,1.905929,-38.067184,-0.046508,-0.301105,5.731912,-7.830649,WAS_EDA,MEI_MEI,JinguStadium,TeamExclusive,Team,20261006-JinguStadium-1,c4277360-c145-11f1-a3c0-e9a65f64b74e,139.01662,19.663947,,8.53825,,,,0.035296,0.937711,0.031327,70b076e0-976d-4b15-a51a-1ed58523581a,2026/10/6,21:20.7,2026-10-06T14:21:20.7380000+09:00,2026-10-06T05:21:20.7380000Z,Popup,v3,,,,"Ogata, Mikito",1000326132,Right,WAS_EDA,e60ef3c8-f026-4942-80e2-f2812a476040,16.585972,-38.269315,2.865956,1.616897,0.229633,-3.915325,-0.799226,1.916548,-0.150552,320.540928,0.036661,-5.493194,-2.188865,0.470735,0.232106,-0.214686,0.071262,-0.011159,0.000679,0.937705,21.675889,-7.216942,0.509842,0.197765,-0.213812,0.08712,-0.016825,0.001239,0.032541,15.456787,-2.851658,0.424449,0.340624,-0.277969,0.092305,-0.014701,0.000911,,,,,,,,,,,,,,,,,,,,,,,High,High,High,High,Low,,,
149,2026/10/6,21:36.7,1,2,"Takahashi, Koki",1000326144,Right,WAS_EDA,"Wakasa, Ryonosuke",1000242817,Right,MEI_MEI,Undefined,6,Top,0,0,1,Fastball,Four-Seam,BallCalled,Undefined,Undefined,Undefined,0,0,,150.53665,-2.874114,-3.99537,2704.010338,217.978675,1:15,1.624605,0.709378,2.073425,-40.8674,36.7044,26.9854,0.413872,-0.133891,139.65811,-5.936643,-2.061606,0.397747,,,,,,,,,,,,-16.71,21.8865,-0.631614,15.24,1.565838,2.768557,-41.394138,-2.213556,-3.802395,7.762318,-4.826352,WAS_EDA,MEI_MEI,JinguStadium,TeamExclusive,Team,20261006-JinguStadium-1,cd9e16b0-c145-11f1-a3c0-e9a65f64b74e,152.5091,,,10.87854,,,,,,,70b076e0-976d-4b15-a51a-1ed58523581a,2026/10/6,21:36.7,2026-10-06T14:21:36.6610000+09:00,2026-10-06T05:21:36.6610000Z,,v3,,,,"Ogata, Mikito",1000326132,Right,WAS_EDA,283d626b-81b9-4f83-aba8-a0ab2b4ac7d9,16.36693,-41.604925,3.881159,1.624168,-2.082495,-2.413176,-0.708196,2.871812,-1.901197,,,,,,,,,,,,,,,,,,,,,,,,,,,,,,,,,,,,,,,,,,,,,,,,,,,High,High,High,,,,,
150,2026/10/6,21:49.4,1,3,"Takahashi, Koki",1000326144,Right,WAS_EDA,"Wakasa, Ryonosuke",1000242817,Right,MEI_MEI,Undefined,6,Top,0,1,1,Fastball,Four-Seam,BallCalled,Undefined,Undefined,Undefined,0,0,,148.342,-2.313606,-5.178197,2631.839893,219.398283,1:15,1.632995,0.730418,2.151146,-42.3177,37.9342,29.0825,0.56645,-0.41597,135.85851,-5.525635,-3.090076,0.404559,,,,,,,,,,,,-19.0786,22.66,-0.636026,15.24,1.588554,3.560012,-40.709763,-1.77195,-4.144514,8.590464,-4.884134,WAS_EDA,MEI_MEI,JinguStadium,TeamExclusive,Team,20261006-JinguStadium-1,d536f950-c145-11f1-a3c0-e9a65f64b74e,149.94092,,,12.48349,,,,,,,70b076e0-976d-4b15-a51a-1ed58523581a,2026/10/6,21:49.4,2026-10-06T14:21:49.4020000+09:00,2026-10-06T05:21:49.4020000Z,,v3,,,,"Ogata, Mikito",1000326132,Right,WAS_EDA,fe000021-d14b-4807-9db4-a28a601bd1da,16.288612,-40.93044,4.295232,1.632462,-1.646483,-2.442067,-0.728845,3.666479,-2.072257,,,,,,,,,,,,,,,,,,,,,,,,,,,,,,,,,,,,,,,,,,,,,,,,,,,High,High,High,,,,,
151,2026/10/6,22:03.6,1,4,"Takahashi, Koki",1000326144,Right,WAS_EDA,"Wakasa, Ryonosuke",1000242817,Right,MEI_MEI,Undefined,6,Top,0,2,1,Cutter,Slider,FoulBallNotFieldable,Undefined,Undefined,Undefined,0,0,,136.10583,0.452524,-1.59393,2622.793166,136.497939,10:30,1.574582,0.792651,1.755308,-90.1453,8.2611,-5.3102,0.801564,0.287228,126.26879,-6.061848,-1.968223,0.447988,,,,,,,,,,,,1.7469,4.7181,-0.751991,15.24,1.579346,1.068433,-37.489814,-0.072629,0.325294,6.533585,-8.928075,WAS_EDA,MEI_MEI,JinguStadium,TeamExclusive,Team,20261006-JinguStadium-1,ddaaab90-c145-11f1-a3c0-e9a65f64b74e,135.40544,,,9.83704,,,,,,,70b076e0-976d-4b15-a51a-1ed58523581a,2026/10/6,22:03.6,2026-10-06T14:22:03.5650000+09:00,2026-10-06T05:22:03.5650000Z,,v3,,,,"Ogata, Mikito",1000326132,Right,WAS_EDA,85032153-d68e-4bb3-91a1-7b68d5b494b1,16.685096,-37.74082,3.266792,1.575547,0.270368,-4.464037,-0.792798,1.055936,0.162647,,,,,,,,,,,,,,,,,,,,,,,,,,,,,,,,,,,,,,,,,,,,,,,,,,,High,High,High,,,,,
152,2026/10/6,22:28.5,1,5,"Takahashi, Koki",1000326144,Right,WAS_EDA,"Wakasa, Ryonosuke",1000242817,Right,MEI_MEI,Undefined,6,Top,0,2,2,Fastball,Four-Seam,BallCalled,Undefined,Undefined,Undefined,0,0,,151.27379,-2.058408,-5.10806,2709.713392,202.297916,12:45,1.609791,0.700748,2.157679,-34.3297,42.7911,16.5573,0.694455,-0.550737,138.4425,-4.691387,-3.919577,0.396589,,,,,,,,,,,,-12.3618,25.043,-0.607839,15.24,1.570548,3.636001,-41.519569,-1.586088,-2.791929,8.977593,-4.150671,WAS_EDA,MEI_MEI,JinguStadium,TeamExclusive,Team,20261006-JinguStadium-1,ec8fb060-c145-11f1-a3c0-e9a65f64b74e,152.95445,,,12.8313,,,,,,,70b076e0-976d-4b15-a51a-1ed58523581a,2026/10/6,22:28.5,2026-10-06T14:22:28.5330000+09:00,2026-10-06T05:22:28.5330000Z,,v3,,,,"Ogata, Mikito",1000326132,Right,WAS_EDA,73c42572-1f31-4343-b2aa-224ea45652c5,16.281822,-41.74423,4.488796,1.608939,-1.482219,-2.075335,-0.699703,3.705868,-1.395965,,,,,,,,,,,,,,,,,,,,,,,,,,,,,,,,,,,,,,,,,,,,,,,,,,,High,High,High,,,,,
153,2026/10/6,22:44.7,1,6,"Takahashi, Koki",1000326144,Right,WAS_EDA,"Wakasa, Ryonosuke",1000242817,Right,MEI_MEI,Undefined,6,Top,0,3,2,Cutter,Slider,StrikeCalled,Strikeout,Undefined,Undefined,0,0,,138.29208,-0.184752,-2.296775,2588.885528,137.255793,10:30,1.563098,0.802867,1.856143,-86.6142,7.5795,-4.653,0.644824,0.108429,128.43292,-6.473065,-2.626608,0.438294,,,,,,,,,,,,0.9988,4.8316,-0.748592,15.24,1.553228,1.549464,-38.092486,-0.465268,0.192002,6.749827,-8.877854,WAS_EDA,MEI_MEI,JinguStadium,TeamExclusive,Team,20261006-JinguStadium-1,f6326cc0-c145-11f1-a3c0-e9a65f64b74e,138.40023,,,9.85917,,,,,,,70b076e0-976d-4b15-a51a-1ed58523581a,2026/10/6,22:44.7,2026-10-06T14:22:44.7130000+09:00,2026-10-06T05:22:44.7130000Z,,v3,,,,"Ogata, Mikito",1000326132,Right,WAS_EDA,1fa74a1e-7605-4888-92c7-55ab2818ed5e,16.584145,-38.329923,3.374914,1.564102,-0.152974,-4.438927,-0.802978,1.54271,0.096001,,,,,,,,,,,,,,,,,,,,,,,,,,,,,,,,,,,,,,,,,,,,,,,,,,,High,High,High,,,,,
154,2026/10/6,23:12.6,2,1,"Takahashi, Koki",1000326144,Right,WAS_EDA,"Tsuda, Motoki",1000242809,Left,MEI_MEI,Undefined,6,Top,1,0,0,Fastball,Four-Seam,InPlay,Undefined,Bunt,Out,1,0,,151.50054,-1.570584,-4.920122,2700.294648,213.681173,1:00,1.608769,0.769714,2.060113,-34.4557,43.4155,27.2765,0.825261,-0.33058,138.27695,-4.20768,-2.972301,0.398513,39.71676,-11.21997,-16.631403,1292.6199,,,,2.856228,2.80402,-8.952554,0.255813,-17.9184,24.8382,-0.672512,15.24,1.575622,3.451698,-41.588055,-1.242628,-4.053273,9.154615,-4.188077,WAS_EDA,MEI_MEI,JinguStadium,TeamExclusive,Team,20261006-JinguStadium-1,06cf0ca0-c146-11f1-a3c0-e9a65f64b74e,152.21574,0.823644,,13.22359,,,,0.203291,0.823644,0.338908,70b076e0-976d-4b15-a51a-1ed58523581a,2026/10/6,23:12.6,2026-10-06T14:23:12.6050000+09:00,2026-10-06T05:23:12.6050000Z,GroundBall,v3,,,,"Ogata, Mikito",1000326132,Right,WAS_EDA,3d9abdec-28c8-4e4f-8c83-94205ce45e8d,16.379749,-41.838191,4.577307,1.608012,-1.128195,-2.094039,-0.768337,3.562448,-2.026637,177.875391,0.203391,10.363664,-0.507611,,,,,,,0.823785,-2.153842,-4.170984,,,,,,,0.338878,-3.095718,0.131427,,,,,,,,,,,,,,,,,,,,,,,,,,,,,High,High,High,High,High,,,
155,2026/10/6,23:47.5,3,1,"Takahashi, Koki",1000326144,Right,WAS_EDA,"Okada, Keigo",1000242813,Left,MEI_MEI,Undefined,6,Top,2,0,0,Curveball,Curveball,StrikeSwinging,Undefined,Undefined,Undefined,0,0,,115.53887,2.817014,-1.540261,2808.526931,59.362744,8:00,1.546517,0.811684,1.707531,-161.7732,-21.6424,-44.0426,0.731268,-0.067109,105.97044,-8.799429,-4.633472,0.534591,,,,,,,,,,,,21.0484,-11.6337,-0.768042,15.24,1.607573,1.042315,-31.745555,0.963206,2.754771,5.684938,-11.329237,WAS_EDA,MEI_MEI,JinguStadium,TeamExclusive,Team,20261006-JinguStadium-1,1bb452b0-c146-11f1-a3c0-e9a65f64b74e,113.46997,,,9.56844,,,,,,,70b076e0-976d-4b15-a51a-1ed58523581a,2026/10/6,23:47.5,2026-10-06T14:23:47.5240000+09:00,2026-10-06T05:23:47.5240000Z,,v3,,,,"Ogata, Mikito",1000326132,Right,WAS_EDA,749a02c7-36e9-4ecd-839a-41b0048b2455,16.733259,-32.011849,2.842469,1.550025,1.49389,-5.664619,-0.813844,0.913276,1.377385,,,,,,,,,,,,,,,,,,,,,,,,,,,,,,,,,,,,,,,,,,,,,,,,,,,High,High,High,,,,,
156,2026/10/6,24:03.8,3,2,"Takahashi, Koki",1000326144,Right,WAS_EDA,"Okada, Keigo",1000242813,Left,MEI_MEI,Undefined,6,Top,2,0,1,Fastball,Four-Seam,FoulBallNotFieldable,Undefined,Undefined,Undefined,0,0,,149.29297,-1.0888,-3.14683,2625.07063,216.087707,1:15,1.621202,0.790459,2.050082,-41.2645,38.6603,26.3447,0.904767,0.176447,136.41597,-4.217306,-1.259373,0.403734,127.09797,8.563075,-177.481019,1763.318642,,,,34.524694,19.138466,-175.534465,1.124554,-15.8023,21.8282,-0.727917,15.24,1.597128,2.124394,-41.055907,-0.905473,-3.488889,8.797495,-4.987332,WAS_EDA,MEI_MEI,JinguStadium,TeamExclusive,Team,20261006-JinguStadium-1,254cfcf0-c146-11f1-a3c0-e9a65f64b74e,150.24743,2.059618,,12.877,,,,0.689854,0.820267,-0.149999,70b076e0-976d-4b15-a51a-1ed58523581a,2026/10/6,24:03.8,2026-10-06T14:24:03.7730000+09:00,2026-10-06T05:24:03.7730000Z,GroundBall,v3,,,,"Ogata, Mikito",1000326132,Right,WAS_EDA,a35f4bc0-6cff-4c5d-a489-ee647c9acb0f,16.388504,-41.301276,4.398747,1.620442,-0.766372,-2.493666,-0.788525,2.221702,-1.744445,288.85343,0.689854,-34.877698,3.948543,-0.756534,0.147155,-0.027992,0.005776,-0.001038,0.000106,0.820267,5.256846,-5.791109,0.513235,-0.106872,0.021922,-0.004078,0.000772,-8.50E-05,-0.149999,-1.534369,-0.770868,0.140357,-0.028537,0.005676,-0.001146,0.0002,-1.90E-05,,,,,,,,,,,,,,,,,,,,,,,High,High,High,Medium,Medium,,,
157,2026/10/6,24:37.7,3,3,"Takahashi, Koki",1000326144,Right,WAS_EDA,"Okada, Keigo",1000242813,Left,MEI_MEI,Undefined,6,Top,2,0,2,Fastball,Four-Seam,StrikeCalled,Strikeout,Undefined,Undefined,0,0,,151.79897,-2.12757,-4.720147,2704.913762,210.759706,1:00,1.576004,0.78187,2.080811,-39.4371,37.2938,20.8612,0.587835,-0.324801,139.89645,-5.100906,-3.227767,0.395585,,,,,,,,,,,,-14.0861,21.8617,-0.690073,15.24,1.532324,3.346481,-41.700949,-1.677006,-3.232756,8.423126,-4.789381,WAS_EDA,MEI_MEI,JinguStadium,TeamExclusive,Team,20261006-JinguStadium-1,3981b7b0-c146-11f1-a3c0-e9a65f64b74e,153.34254,,,11.90252,,,,,,,70b076e0-976d-4b15-a51a-1ed58523581a,2026/10/6,24:37.7,2026-10-06T14:24:37.6650000+09:00,2026-10-06T05:24:37.6650000Z,,v3,,,,"Ogata, Mikito",1000326132,Right,WAS_EDA,13d218e7-a768-4c00-879d-4d4d965bf59d,16.359197,-41.926404,4.211563,1.575495,-1.548812,-2.394691,-0.780804,3.43301,-1.616378,,,,,,,,,,,,,,,,,,,,,,,,,,,,,76.58699,3.353275,1.761331,1.591943,-0.109053,0.538926,0.355063,-0.871784,1.516274,0.353868,22.586106,0.164174,-15.446487,-0.873112,15.740793,-0.628303,1.548982,6.860879,-4.8884,0.324195,-12.104876,1.404842,High,High,High,,,High,Medium,Medium
158,2026/10/6,26:40.5,1,1,"Miura, Koku",1000242805,Right,MEI_MEI,"Ogata, Mikito",1000326132,Left,WAS_EDA,Undefined,6,Bottom,0,0,0,Slider,Curveball,StrikeCalled,Undefined,Undefined,Undefined,0,0,,132.59725,2.134119,-1.405772,2229.273886,59.523051,8:00,1.608749,0.693772,1.670168,-119.4027,-13.4453,-28.212,1.023815,0.01066,121.84998,-6.432771,-3.382776,0.464858,,,,,,,,,,,,13.159,-7.1173,-0.653871,15.24,1.656166,1.035855,-36.458076,0.841097,2.292925,6.882069,-11.046822,WAS_EDA,MEI_MEI,JinguStadium,TeamExclusive,Team,20261006-JinguStadium-1,82c86a40-c146-11f1-a3c0-e9a65f64b74e,130.49143,,,10.74726,,,,,,,70b076e0-976d-4b15-a51a-1ed58523581a,2026/10/6,26:40.5,2026-10-06T14:26:40.5490000+09:00,2026-10-06T05:26:40.5490000Z,,v3,,,,"Fukuhara, Seiya",1000242807,Right,MEI_MEI,919ed599-1cdf-45f6-a2f9-a451217b4f80,16.770058,-36.745765,3.441035,1.611354,1.302884,-5.523411,-0.695169,0.940005,1.146463,,,,,,,,,,,,,,,,,,,,,,,,,,,,,,,,,,,,,,,,,,,,,,,,,,,High,High,High,,,,,
159,2026/10/6,26:52.5,1,2,"Miura, Koku",1000242805,Right,MEI_MEI,"Ogata, Mikito",1000326132,Left,WAS_EDA,Undefined,6,Bottom,0,0,1,Splitter,Splitter,StrikeCalled,Undefined,Undefined,Undefined,0,0,,139.65652,0.15839,-1.685397,1418.721899,254.332241,2:30,1.621216,0.716753,1.836862,-87.7491,4.7129,7.9194,0.788454,0.320056,129.63419,-6.207353,-1.124185,0.434247,,,,,,,,,,,,-5.0889,3.1823,-0.67708,15.24,1.619282,1.094081,-38.479844,-0.251716,-0.999148,6.821912,-9.181834,WAS_EDA,MEI_MEI,JinguStadium,TeamExclusive,Team,20261006-JinguStadium-1,89e2a700-c146-11f1-a3c0-e9a65f64b74e,139.69022,,,10.02234,,,,,,,70b076e0-976d-4b15-a51a-1ed58523581a,2026/10/6,26:52.5,2026-10-06T14:26:52.5020000+09:00,2026-10-06T05:26:52.5020000Z,,v3,,,,"Fukuhara, Seiya",1000242807,Right,MEI_MEI,f45b3466-0d17-4b82-a990-7b5b9ad7f16a,16.603293,-38.720782,3.410956,1.622445,0.07257,-4.590917,-0.716345,1.12937,-0.499574,,,,,,,,,,,,,,,,,,,,,,,,,,,,,,,,,,,,,,,,,,,,,,,,,,,High,High,High,,,,,
160,2026/10/6,27:08.2,1,3,"Miura, Koku",1000242805,Right,MEI_MEI,"Ogata, Mikito",1000326132,Left,WAS_EDA,Undefined,6,Bottom,0,0,2,Slider,Slider,FoulBallNotFieldable,Undefined,Undefined,Undefined,0,0,,134.43681,1.522806,-0.890032,2171.212567,64.137991,8:15,1.591227,0.732591,1.640061,-110.5965,-7.6746,-21.9197,0.920505,0.259078,124.03433,-6.399093,-2.424527,0.458151,127.4837,30.675214,-99.256145,1879.093206,,,,,15.17764,,,10.4316,-3.9406,-0.706406,15.24,1.623321,0.684827,-36.992886,0.497154,1.879963,6.774643,-10.516822,WAS_EDA,MEI_MEI,JinguStadium,TeamExclusive,Team,20261006-JinguStadium-1,9342dc20-c146-11f1-a3c0-e9a65f64b74e,132.40178,8.507178,,10.40248,,,,-0.232037,0.801551,-0.192142,70b076e0-976d-4b15-a51a-1ed58523581a,2026/10/6,27:08.2,2026-10-06T14:27:08.1740000+09:00,2026-10-06T05:27:08.1740000Z,,v3,,,,"Fukuhara, Seiya",1000242807,Right,MEI_MEI,11717acf-d470-4faf-9641-df354626f90f,16.800327,-37.27754,3.387321,1.593148,0.939044,-5.258411,-0.733521,0.605835,0.939982,61.187942,-0.232037,-4.898964,-2.828405,0.619112,-0.125204,0.030783,-0.003846,0.00033,0.000221,0.801551,18.066242,-6.351664,0.517283,-0.096531,0.020106,-0.002843,0.000879,-0.000147,-0.192142,-30.060448,3.647699,-0.24081,0.065287,-0.002109,0.00014,-1.70E-05,-0.000147,,,,,,,,,,,,,,,,,,,,,,,High,High,High,High,Undefined,,,
161,2026/10/6,27:31.6,1,4,"Miura, Koku",1000242805,Right,MEI_MEI,"Ogata, Mikito",1000326132,Left,WAS_EDA,Undefined,6,Bottom,0,0,2,Cutter,Slider,BallCalled,Undefined,Undefined,Undefined,0,0,,142.16467,-1.735332,-2.151209,2168.675417,208.370323,1:00,1.624366,0.700131,1.757887,-81.871,9.1028,3.4601,0.312916,0.124237,131.26105,-7.645972,-1.907132,0.430738,,,,,,,,,,,,-3.2134,6.6013,-0.646139,15.24,1.574586,1.451456,-39.099529,-1.533621,-0.645776,7.705611,-8.480011,WAS_EDA,MEI_MEI,JinguStadium,TeamExclusive,Team,20261006-JinguStadium-1,a12ae350-c146-11f1-a3c0-e9a65f64b74e,140.82816,,,10.90362,,,,,,,70b076e0-976d-4b15-a51a-1ed58523581a,2026/10/6,27:31.6,2026-10-06T14:27:31.5720000+09:00,2026-10-06T05:27:31.5720000Z,,v3,,,,"Fukuhara, Seiya",1000242807,Right,MEI_MEI,047bc771-d768-4fe2-8f67-1feb6ef8a410,16.682225,-39.382733,3.852805,1.625223,-1.221956,-4.240006,-0.69992,1.47519,-0.322888,,,,,,,,,,,,,,,,,,,,,,,,,,,,,,,,,,,,,,,,,,,,,,,,,,,High,High,High,,,,,
162,2026/10/6,27:58.2,1,5,"Miura, Koku",1000242805,Right,MEI_MEI,"Ogata, Mikito",1000326132,Left,WAS_EDA,Undefined,6,Bottom,0,1,2,Fastball,Four-Seam,InPlay,Undefined,GroundBall,Out,1,0,,149.51537,-0.934489,-3.44443,2289.724398,223.654365,1:30,1.651121,0.653195,1.97211,-44.2926,36.5837,32.3583,0.946116,0.011451,135.96499,-4.275168,-1.13815,0.40613,154.57804,-0.427933,42.729504,4585.242724,,,,16.454953,15.158405,40.778376,0.402926,-19.5271,20.6419,-0.580794,15.24,1.628618,2.31655,-41.096963,-0.820977,-4.292902,9.337681,-5.268666,WAS_EDA,MEI_MEI,JinguStadium,TeamExclusive,Team,20261006-JinguStadium-1,b104cf70-c146-11f1-a3c0-e9a65f64b74e,149.36092,0.970228,,13.55038,,,,0.514267,0.970228,-0.080388,70b076e0-976d-4b15-a51a-1ed58523581a,2026/10/6,27:58.2,2026-10-06T14:27:58.1680000+09:00,2026-10-06T05:27:58.1680000Z,GroundBall,v3,,,,"Fukuhara, Seiya",1000242807,Right,MEI_MEI,95c6a9d2-1168-4d8d-9beb-39ba3d713e4d,16.467687,-41.374967,4.668841,1.650726,-0.664117,-2.634333,-0.651665,2.44436,-2.146451,66.791458,0.516974,31.449953,-4.503644,,,,,,,0.972218,-0.387043,-5.039637,,,,,,,-0.076629,29.009062,-5.347195,,,,,,,,,,,,,,,,,,,,,,,,,,,,,High,High,High,Medium,Medium,,,
163,2026/10/6,28:39.8,2,1,"Miura, Koku",1000242805,Right,MEI_MEI,"Abe, Yota",1000547801,Left,WAS_EDA,Undefined,6,Bottom,1,0,0,Fastball,Sinker,BallCalled,Undefined,Undefined,Undefined,0,0,,147.95924,-2.362383,-1.649074,2213.714238,228.238902,1:30,1.643803,0.638666,2.004234,-43.2555,38.6068,40.3125,0.550648,0.58098,135.35427,-5.619631,1.237011,0.408598,,,,,,,,,,,,-22.1704,22.7238,-0.605883,15.24,1.592066,0.975601,-40.710951,-1.818775,-4.802534,8.828266,-4.884243,WAS_EDA,MEI_MEI,JinguStadium,TeamExclusive,Team,20261006-JinguStadium-1,c9d29a50-c146-11f1-a3c0-e9a65f64b74e,148.45873,,,12.60497,,,,,,,70b076e0-976d-4b15-a51a-1ed58523581a,2026/10/6,28:39.8,2026-10-06T14:28:39.7670000+09:00,2026-10-06T05:28:39.7670000Z,,v3,,,,"Fukuhara, Seiya",1000242807,Right,MEI_MEI,29e5fce4-1956-42dd-8bf2-b26b17e60e05,16.435272,-40.969328,4.414133,1.643204,-1.675827,-2.442122,-0.636493,1.116157,-2.401267,,,,,,,,,,,,,,,,,,,,,,,,,,,,,,,,,,,,,,,,,,,,,,,,,,,High,High,High,,,,,
164,2026/10/6,28:54.0,2,2,"Miura, Koku",1000242805,Right,MEI_MEI,"Abe, Yota",1000547801,Left,WAS_EDA,Undefined,6,Bottom,1,1,0,Fastball,Four-Seam,FoulBallNotFieldable,Undefined,Undefined,Undefined,0,0,,147.7713,-2.329513,-4.011807,2271.39081,198.280087,12:30,1.617285,0.672982,2.023047,-32.1591,49.8126,15.6056,0.643733,-0.292212,135.31074,-4.796229,-2.898078,0.408871,107.75634,79.7194,-139.988876,,,,,33.456687,32.803727,-149.441468,4.886527,-11.0295,28.6825,-0.590998,15.24,1.567507,2.774929,-40.593918,-1.742462,-2.381657,8.565467,-3.613074,WAS_EDA,MEI_MEI,JinguStadium,TeamExclusive,Team,20261006-JinguStadium-1,d24d5170-c146-11f1-a3c0-e9a65f64b74e,148.35968,31.350489,,12.46055,,,,0.343409,0.640454,0.289071,70b076e0-976d-4b15-a51a-1ed58523581a,2026/10/6,28:54.0,2026-10-06T14:28:54.0240000+09:00,2026-10-06T05:28:54.0240000Z,Popup,v3,,,,"Fukuhara, Seiya",1000242807,Right,MEI_MEI,d9f79c94-daec-42db-b0bf-52f1d0601fc7,16.416873,-40.841488,4.282734,1.61636,-1.638032,-1.806537,-0.672198,2.843766,-1.190828,2.959682,0.339397,-4.000753,-2.650759,1.732825,-0.913206,0.355803,-0.083526,0.010268,-0.000508,0.636109,29.546518,-9.232318,1.834607,-0.78629,0.293208,-0.068472,0.008421,-0.000416,0.286467,-3.373653,-1.12786,0.996037,-0.603344,0.251835,-0.061465,0.00777,-0.000393,,,,,,,,,,,,,,,,,,,,,,,High,High,High,High,Medium,,,
165,2026/10/6,29:31.1,2,3,"Miura, Koku",1000242805,Right,MEI_MEI,"Abe, Yota",1000547801,Left,WAS_EDA,Undefined,6,Bottom,1,1,1,Slider,Slider,InPlay,Undefined,GroundBall,Out,1,0,,135.90711,0.695518,-1.420665,2165.944387,75.364116,8:30,1.582663,0.75691,1.677263,-106.9382,-5.9014,-34.5429,0.71162,0.006415,124.71492,-6.987571,-3.844037,0.453936,162.62466,1.660739,17.79972,1497.357083,,,,19.453384,18.710195,19.276773,0.452569,16.5191,-2.6546,-0.716175,15.24,1.592456,1.097906,-37.380431,-0.008324,3.012151,7.549744,-10.290695,WAS_EDA,MEI_MEI,JinguStadium,TeamExclusive,Team,20261006-JinguStadium-1,e86d3a60-c146-11f1-a3c0-e9a65f64b74e,133.63123,0.765162,,11.19219,,,,0.306598,0.700715,-0.002033,70b076e0-976d-4b15-a51a-1ed58523581a,2026/10/6,29:31.1,2026-10-06T14:29:31.0860000+09:00,2026-10-06T05:29:31.0860000Z,GroundBall,v3,,,,"Fukuhara, Seiya",1000242807,Right,MEI_MEI,9d75593b-cbf9-4958-9e51-9d40b6d21211,16.763146,-37.686806,3.774872,1.58432,0.409281,-5.145347,-0.758248,0.97567,1.506076,294.657603,0.311061,42.860978,-6.591846,,,,,,,0.70419,1.20615,-6.119318,,,,,,,-0.004143,13.866304,0.746177,,,,,,,,,,,,,,,,,,,,,,,,,,,,,High,High,High,High,High,,,
166,2026/10/6,30:05.4,3,1,"Miura, Koku",1000242805,Right,MEI_MEI,"Ouchi, Aoma",1000242767,Left,WAS_EDA,Undefined,6,Bottom,2,0,0,Splitter,Changeup,StrikeCalled,Undefined,Undefined,Undefined,0,0,,140.84287,-1.045713,-2.650974,1276.220633,222.026369,1:30,1.599647,0.709473,1.824031,-75.723,15.3549,11.6353,0.54665,0.07638,130.956,-6.54162,-1.827843,0.430984,,,,,,,,,,,,-7.5767,9.3047,-0.646437,15.24,1.569389,1.739615,-38.77822,-1.013742,-1.512948,6.81766,-7.948635,WAS_EDA,MEI_MEI,JinguStadium,TeamExclusive,Team,20261006-JinguStadium-1,fcdd0250-c146-11f1-a3c0-e9a65f64b74e,140.74769,,,9.88687,,,,,,,70b076e0-976d-4b15-a51a-1ed58523581a,2026/10/6,30:05.4,2026-10-06T14:30:05.3840000+09:00,2026-10-06T05:30:05.3840000Z,,v3,,,,"Fukuhara, Seiya",1000242807,Right,MEI_MEI,35ee2cfa-297c-4883-90d1-2ec349150a67,16.616221,-39.019425,3.40883,1.60028,-0.732523,-3.974317,-0.70893,1.793142,-0.756474,,,,,,,,,,,,,,,,,,,,,,,,,,,,,,,,,,,,,,,,,,,,,,,,,,,High,High,High,,,,,
167,2026/10/6,30:17.6,3,2,"Miura, Koku",1000242805,Right,MEI_MEI,"Ouchi, Aoma",1000242767,Left,WAS_EDA,Undefined,6,Bottom,2,0,1,Slider,Slider,BallCalled,Undefined,Undefined,Undefined,0,0,,137.27584,0.488166,-0.163358,2207.971427,69.061751,8:15,1.589145,0.750319,1.67745,-107.1267,-9.0671,-30.9461,0.65704,0.39429,127.03159,-7.18693,-2.337361,0.447198,,,,,,,,,,,,15.441,-3.9044,-0.743469,15.24,1.593502,0.266086,-37.8022,-0.155374,2.908982,6.997513,-10.54221,WAS_EDA,MEI_MEI,JinguStadium,TeamExclusive,Team,20261006-JinguStadium-1,04329a60-c147-11f1-a3c0-e9a65f64b74e,135.64465,,,10.24426,,,,,,,70b076e0-976d-4b15-a51a-1ed58523581a,2026/10/6,30:17.6,2026-10-06T14:30:17.6480000+09:00,2026-10-06T05:30:17.6480000Z,,v3,,,,"Fukuhara, Seiya",1000242807,Right,MEI_MEI,de3fddf2-8333-47d4-97be-2b1077309b45,16.762928,-38.083064,3.498756,1.591247,0.267766,-5.271105,-0.751805,0.149326,1.454491,,,,,,,,,,,,,,,,,,,,,,,,,,,,,,,,,,,,,,,,,,,,,,,,,,,High,High,High,,,,,
168,2026/10/6,30:31.4,3,3,"Miura, Koku",1000242805,Right,MEI_MEI,"Ouchi, Aoma",1000242767,Left,WAS_EDA,Undefined,6,Bottom,2,1,1,Splitter,Changeup,InPlay,Undefined,LineDrive,Out,1,0,,140.79377,-0.638136,-2.765747,1250.671141,250.607408,2:15,1.601684,0.690015,1.870232,-80.2814,10.4782,22.7059,0.618891,0.137364,130.63375,-6.479927,-1.154727,0.43023,130.18736,19.531394,-18.004121,2980.456646,30.897779,8.697888,-13.017371,74.564256,71.266531,-28.664321,3.056669,-13.4708,6.5803,-0.627072,15.24,1.581799,1.766366,-38.771354,-0.750375,-2.683136,6.979938,-8.495973,WAS_EDA,MEI_MEI,JinguStadium,TeamExclusive,Team,20261006-JinguStadium-1,0c5e4720-c147-11f1-a3c0-e9a65f64b74e,140.99428,9.065658,,10.16001,,,,-0.002641,0.563752,-0.126851,70b076e0-976d-4b15-a51a-1ed58523581a,2026/10/6,30:31.4,2026-10-06T14:30:31.4030000+09:00,2026-10-06T05:30:31.4030000Z,LineDrive,v3,,,,"Fukuhara, Seiya",1000242807,Right,MEI_MEI,788c7c80-bd59-45e4-9c96-b157c052a730,16.570183,-39.01009,3.489969,1.602494,-0.459786,-4.247987,-0.689056,1.858137,-1.341568,130.075197,-0.002664,32.414571,-5.660344,1.104093,-0.2118,0.030978,-0.002572,-0.000174,6.00E-05,0.563768,12.089194,-4.523573,0.154854,0.000494,0.004682,-0.003502,0.001209,-0.000147,-0.12687,-10.532902,-1.125378,0.519068,-0.150267,0.030645,-0.004522,0.000389,-1.20E-05,,,,,,,,,,,,,,,,,,,,,,,High,High,High,High,High,,,